#VRML V2.0 utf8
# 3D model generated by easyeda2kicad.py (https://github.com/uPesy/easyeda2kicad.py)

Shape{
    appearance Appearance {
        material  Material 	{
            diffuseColor 1.0 1.0 1.0
            specularColor 0.5019607843137255 0.5019607843137255 0.5019607843137255
            ambientIntensity 1.0
            transparency 0.0
            shininess 0.5
        }
    }
    geometry IndexedFaceSet {
        ccw TRUE
        solid FALSE
        coord DEF co Coordinate {
            point [
                2.7122 1.3271 -1.4961, 2.7122 1.2484 -1.4961, 2.5547 1.3271 -1.4961, 2.5547 1.2484 -1.4961, 2.5547 1.2484 0.0787, 2.5547 1.1303 0.0787, 2.5547 0.9728 2.0472, 2.5547 0.9728 -1.4173, 2.5547 1.4059 2.0472, 2.5547 1.4059 -1.4173, 2.5547 1.1303 -1.4961, 2.5547 1.0515 -1.4961, 2.5547 1.3828 -1.473, 2.5547 1.3953 -1.4567, 2.5547 1.4032 -1.4377, 2.5547 1.3665 -1.4855, 2.5547 1.3475 -1.4934, 2.5547 1.0312 -1.4934, 2.5547 1.0122 -1.4855, 2.5547 0.9959 -1.473, 2.5547 0.9834 -1.4567, 2.5547 0.9755 -1.4377, 2.7122 0.9728 -1.4173, 2.7122 0.9728 2.0472, 2.7122 1.0515 -1.4961, 2.7122 1.1303 -1.4961, 2.7122 1.1303 0.0787, 2.7122 1.2484 0.0787, 2.7122 1.4059 2.0472, 2.7122 1.4059 -1.4173, 2.7122 0.9959 -1.473, 2.7122 0.9834 -1.4567, 2.7122 0.9755 -1.4377, 2.7122 1.0122 -1.4855, 2.7122 1.0312 -1.4934, 2.7122 1.3475 -1.4934, 2.7122 1.3665 -1.4855, 2.7122 1.3828 -1.473, 2.7122 1.3953 -1.4567, 2.7122 1.4032 -1.4377, -2.7602 1.2484 -1.4961, -2.7602 1.3271 -1.4961, -2.6027 1.2484 -1.4961, -2.6027 1.3271 -1.4961, -2.6027 1.0515 -1.4961, -2.6027 1.1303 -1.4961, -2.6027 1.1303 0.0787, -2.6027 1.2484 0.0787, -2.6027 1.4059 2.0472, -2.6027 1.4059 -1.4173, -2.6027 0.9728 2.0472, -2.6027 0.9728 -1.4173, -2.6027 0.9959 -1.473, -2.6027 0.9834 -1.4567, -2.6027 0.9755 -1.4377, -2.6027 1.0122 -1.4855, -2.6027 1.0312 -1.4934, -2.6027 1.3475 -1.4934, -2.6027 1.3665 -1.4855, -2.6027 1.3828 -1.473, -2.6027 1.3953 -1.4567, -2.6027 1.4032 -1.4377, -2.7602 0.9728 2.0472, -2.7602 0.9728 -1.4173, -2.7602 1.2484 0.0787, -2.7602 1.1303 0.0787, -2.7602 1.4059 2.0472, -2.7602 1.4059 -1.4173, -2.7602 1.1303 -1.4961, -2.7602 1.0515 -1.4961, -2.7602 1.3828 -1.473, -2.7602 1.3953 -1.4567, -2.7602 1.4032 -1.4377, -2.7602 1.3665 -1.4855, -2.7602 1.3475 -1.4934, -2.7602 1.0312 -1.4934, -2.7602 1.0122 -1.4855, -2.7602 0.9959 -1.473, -2.7602 0.9834 -1.4567, -2.7602 0.9755 -1.4377
            ]
        }
        coordIndex [
            0,1,2,-1,2,1,3,-1,2,3,4,-1,4,5,6,-1,6,5,7,-1,6,8,4,-1,4,8,9,-1,4,9,2,-1,5,10,11,-1,12,9,13,-1,13,9,14,-1,12,15,9,-1,9,15,16,-1,9,16,2,-1,5,11,7,-1,7,11,17,-1,7,17,18,-1,18,19,7,-1,7,19,20,-1,7,20,21,-1,22,23,7,-1,7,23,6,-1,24,25,26,-1,26,27,28,-1,28,27,29,-1,28,23,26,-1,26,23,22,-1,26,22,24,-1,27,1,0,-1,30,22,31,-1,31,22,32,-1,30,33,22,-1,22,33,34,-1,22,34,24,-1,27,0,29,-1,29,0,35,-1,29,35,36,-1,36,37,29,-1,29,37,38,-1,29,38,39,-1,9,8,29,-1,29,8,28,-1,23,28,6,-1,6,28,8,-1,11,10,24,-1,24,10,25,-1,27,26,4,-1,4,26,5,-1,1,27,3,-1,3,27,4,-1,26,25,5,-1,5,25,10,-1,22,7,21,-1,22,21,32,-1,32,21,20,-1,32,20,31,-1,31,20,19,-1,31,19,30,-1,30,19,18,-1,30,18,33,-1,33,18,17,-1,33,17,34,-1,34,17,11,-1,34,11,24,-1,9,29,39,-1,9,39,14,-1,14,39,38,-1,14,38,13,-1,13,38,37,-1,13,37,12,-1,12,37,36,-1,12,36,15,-1,15,36,35,-1,15,35,16,-1,16,35,0,-1,16,0,2,-1,40,41,42,-1,42,41,43,-1,44,45,46,-1,46,47,48,-1,48,47,49,-1,48,50,46,-1,46,50,51,-1,46,51,44,-1,47,42,43,-1,52,51,53,-1,53,51,54,-1,52,55,51,-1,51,55,56,-1,51,56,44,-1,47,43,49,-1,49,43,57,-1,49,57,58,-1,58,59,49,-1,49,59,60,-1,49,60,61,-1,62,63,50,-1,50,63,51,-1,41,40,64,-1,64,65,62,-1,62,65,63,-1,62,66,64,-1,64,66,67,-1,64,67,41,-1,65,68,69,-1,70,67,71,-1,71,67,72,-1,70,73,67,-1,67,73,74,-1,67,74,41,-1,65,69,63,-1,63,69,75,-1,63,75,76,-1,76,77,63,-1,63,77,78,-1,63,78,79,-1,48,49,66,-1,66,49,67,-1,66,62,48,-1,48,62,50,-1,45,44,68,-1,68,44,69,-1,65,64,46,-1,46,64,47,-1,64,40,47,-1,47,40,42,-1,68,65,45,-1,45,65,46,-1,69,44,56,-1,69,56,75,-1,75,56,55,-1,75,55,76,-1,76,55,52,-1,76,52,77,-1,77,52,53,-1,77,53,78,-1,78,53,54,-1,78,54,79,-1,79,54,51,-1,79,51,63,-1,43,41,74,-1,43,74,57,-1,57,74,73,-1,57,73,58,-1,58,73,70,-1,58,70,59,-1,59,70,71,-1,59,71,60,-1,60,71,72,-1,60,72,61,-1,61,72,67,-1,61,67,49,-1,
        ]
    }
}
Shape{
    appearance Appearance {
        material  Material 	{
            diffuseColor 0.9882352941176471 0.7372549019607844 0.5176470588235295
            specularColor 0.49411764705882355 0.3686274509803922 0.25882352941176473
            ambientIntensity 0.7873
            transparency 0.0
            shininess 0.5
        }
    }
    geometry IndexedFaceSet {
        ccw TRUE
        solid FALSE
        coord DEF co Coordinate {
            point [
                -3.0752 -0.7004 0.0787, -3.0752 -0.3041 0.0787, -1.9709 -0.3041 0.0787, 2.476 1.4059 0.0787, 2.476 1.0349 0.0787, 1.0923 1.0349 0.0787, -1.9715 0.3863 0.0787, -1.9808 0.3714 0.0787, -3.0752 0.7242 0.0787, -1.9709 0.3869 0.0787, -1.9867 0.3547 0.0787, -1.9886 0.3372 0.0787, -1.9886 0.1317 0.0787, -1.9867 0.1142 0.0787, -1.959 0.0701 0.0787, -1.9441 0.0607 0.0787, -1.9808 0.0975 0.0787, -1.9715 0.0826 0.0787, -1.9709 0.082 0.0787, -1.3807 0.0701 0.0787, -0.9096 -0.3041 0.0787, -1.3956 0.0607 0.0787, -1.4123 0.0549 0.0787, -1.3682 0.0826 0.0787, -1.3588 0.0975 0.0787, -1.353 0.1142 0.0787, -1.9274 0.0549 0.0787, -1.9099 0.0529 0.0787, -1.4298 0.0529 0.0787, -1.3588 0.3714 0.0787, -1.3682 0.3863 0.0787, -0.9096 0.7242 0.0787, -1.3807 0.3988 0.0787, -1.3956 0.4082 0.0787, -1.9274 0.414 0.0787, -1.9441 0.4082 0.0787, -1.9709 0.7242 0.0787, -1.959 0.3988 0.0787, -1.351 0.1317 0.0787, -1.351 0.3372 0.0787, -1.353 0.3547 0.0787, -1.4123 0.414 0.0787, -1.4298 0.416 0.0787, -1.9099 0.416 0.0787, -0.3775 0.416 0.0787, -0.395 0.414 0.0787, -0.52 0.7242 0.0787, -0.1504 0.416 0.0787, -0.4117 0.4082 0.0787, -0.4266 0.3988 0.0787, -0.4391 0.3863 0.0787, -0.4485 0.3714 0.0787, -0.4543 0.3547 0.0787, -0.4563 0.3372 0.0787, -0.4563 0.1317 0.0787, -0.4543 0.1142 0.0787, -0.52 -0.3041 0.0787, -0.4485 0.0975 0.0787, -0.4391 0.0826 0.0787, -0.4266 0.0701 0.0787, -0.4117 0.0607 0.0787, 0.347 0.0549 0.0787, 0.3637 0.0607 0.0787, 0.4858 -0.3041 0.0787, 0.4858 0.7242 0.0787, 0.347 0.414 0.0787, 0.3295 0.416 0.0787, 0.3786 0.0701 0.0787, 0.3911 0.0826 0.0787, 0.4005 0.0975 0.0787, 0.1377 0.7242 0.0787, 0.3911 0.3863 0.0787, 0.4005 0.3714 0.0787, 0.4063 0.3547 0.0787, 0.3786 0.3988 0.0787, 0.3637 0.4082 0.0787, 0.4063 0.1142 0.0787, 0.4083 0.1317 0.0787, 0.4083 0.3372 0.0787, -0.395 0.0549 0.0787, -0.3775 0.0529 0.0787, -0.1504 -0.3041 0.0787, -0.1504 0.0529 0.0787, 0.1377 -0.3041 0.0787, 0.1377 0.0529 0.0787, 0.3295 0.0529 0.0787, 3.0086 -0.9226 0.0787, 1.8877 -1.0404 0.0787, 3.0213 -0.8298 0.0787, 3.0272 -0.7004 0.0787, 1.0923 -0.7643 0.0787, 1.0923 -0.3041 0.0787, 1.1374 -0.7296 0.0787, 1.2609 -0.6785 0.0787, 3.0272 -0.3041 0.0787, 1.8366 -0.917 0.0787, 1.7552 -0.811 0.0787, 2.8237 -1.4197 0.0787, 2.7643 -1.5027 0.0787, 1.9051 -1.1729 0.0787, 2.7541 -1.517 0.0787, 2.6024 -1.6724 0.0787, 2.5162 -1.7361 0.0787, 2.5079 -1.7409 0.0787, 1.9051 -1.6847 0.0787, 2.4348 -1.7831 0.0787, 1.0923 -1.7831 0.0787, 1.6492 -0.7296 0.0787, 1.5258 -0.6785 0.0787, 1.3933 -0.6611 0.0787, 3.0039 -0.9565 0.0787, 2.975 -1.08 0.0787, 2.9611 -1.1215 0.0787, 2.9339 -1.2025 0.0787, 2.6834 -1.5975 0.0787, 2.6542 -1.6245 0.0787, 2.8831 -1.316 0.0787, 2.8774 -1.3259 0.0787, 0.7929 -0.3041 0.0787, 1.0314 -0.811 0.0787, 0.9501 -0.917 0.0787, 0.899 -1.0404 0.0787, 0.8815 -1.1729 0.0787, 0.7929 -1.7831 0.0787, 0.8815 -1.6847 0.0787, 1.0923 -1.6847 0.0787, 2.476 0.9728 0.0787, 2.791 0.9728 0.0787, 3.0272 0.7242 0.0787, 3.0272 1.0349 0.0787, 3.0272 1.2878 0.0787, 2.791 1.2878 0.0787, 3.0272 1.8586 0.0787, 2.791 1.4059 0.0787, 1.0923 1.8586 0.0787, -2.839 1.2878 0.0787, -3.0752 1.2878 0.0787, -2.839 1.4059 0.0787, -3.0752 1.8586 0.0787, -2.524 1.4059 0.0787, -1.9709 1.8586 0.0787, -2.524 1.0349 0.0787, -2.839 1.0349 0.0787, -2.839 0.9728 0.0787, -3.0752 1.0349 0.0787, -3.0752 1.0909 0.0787, -2.839 1.0909 0.0787, -2.9733 -1.224 0.0787, -3.0148 -1.1078 0.0787, -3.0242 -1.0713 0.0787, -3.0452 -0.99 0.0787, -3.0653 -0.8676 0.0787, -3.0657 -0.865 0.0787, -3.0747 -0.7373 0.0787, -2.7326 -1.5954 0.0787, -2.7986 -1.5214 0.0787, -2.8566 -1.4417 0.0787, -2.8636 -1.4322 0.0787, -2.5893 -1.7175 0.0787, -2.6446 -1.6772 0.0787, -2.7243 -1.6047 0.0787, -2.9225 -1.3327 0.0787, -2.9542 -1.2649 0.0787, -1.9709 -1.8815 0.0787, -2.0909 -1.8815 0.0787, -1.9709 -1.7831 0.0787, -2.1899 -1.8757 0.0787, -2.2601 -1.863 0.0787, -2.4305 -1.8075 0.0787, -2.4738 -1.7885 0.0787, -2.4832 -1.7831 0.0787, -2.5604 -1.7386 0.0787, -2.2867 -1.8582 0.0787, -2.3811 -1.8292 0.0787, 2.423 -1.79 0.0787, 2.3517 -1.8212 0.0787, 2.3345 -1.8288 0.0787, 2.2389 -1.8582 0.0787, 2.1918 -1.8667 0.0787, 2.1421 -1.8757 0.0787, 2.791 1.0349 0.0787, 2.791 1.0909 0.0787, 3.0272 1.0909 0.0787, 0.1761 1.1009 0.0787, 0.1761 1.0577 0.0787, 0.1377 1.0349 0.0787, 0.2181 1.0405 0.0787, 0.2216 1.4325 0.0787, 0.1761 1.4202 0.0787, 0.1377 1.8586 0.0787, 0.1761 1.3674 0.0787, 0.2205 1.3864 0.0787, 0.1832 1.097 0.0787, 0.2683 1.3926 0.0787, 0.3071 1.3882 0.0787, 0.3711 1.0507 0.0787, 0.4028 1.0709 0.0787, 0.4858 1.0349 0.0787, 0.4324 1.102 0.0787, 0.4533 1.1394 0.0787, 0.4482 1.3273 0.0787, 0.4252 1.3641 0.0787, 0.4858 1.8586 0.0787, 0.3896 1.3983 0.0787, 0.3366 1.3776 0.0787, 0.3638 1.3594 0.0787, 0.3876 1.3331 0.0787, 0.4162 1.2299 0.0787, 0.4122 1.1873 0.0787, 0.4015 1.1535 0.0787, 0.3139 1.0798 0.0787, 0.2772 1.0757 0.0787, 0.3426 1.0904 0.0787, 0.3668 1.1067 0.0787, 0.3852 1.1262 0.0787, 0.2249 1.0815 0.0787, 0.4038 1.3027 0.0787, 0.4143 1.2606 0.0787, 0.4652 1.1811 0.0787, 0.469 1.2267 0.0787, 0.4633 1.2827 0.0787, 0.3522 1.4198 0.0787, 0.3083 1.4326 0.0787, 0.2688 1.4358 0.0787, 0.2579 1.0349 0.0787, 0.2737 1.0327 0.0787, 0.2845 1.0325 0.0787, 0.3076 1.0349 0.0787, 0.333 1.0375 0.0787, 0.7929 -1.8815 0.0787, 1.0923 -1.8815 0.0787, 2.0429 -1.8815 0.0787, -0.9096 -1.8815 0.0787, -0.9096 -1.7831 0.0787, -0.52 -1.8815 0.0787, -0.52 -1.7831 0.0787, -0.1504 -1.8815 0.0787, -0.1504 -1.7831 0.0787, 0.1377 -1.8815 0.0787, 0.1377 -1.7831 0.0787, 0.4858 -1.8815 0.0787, 0.4858 -1.7831 0.0787, -0.9981 -0.917 0.0787, -1.0794 -0.811 0.0787, -1.8846 -0.917 0.0787, -1.9357 -1.0404 0.0787, -1.9531 -1.1729 0.0787, -1.9531 -1.6847 0.0787, -0.9295 -1.6847 0.0787, -0.9295 -1.1729 0.0787, -0.947 -1.0404 0.0787, -1.5738 -0.6785 0.0787, -1.6972 -0.7296 0.0787, -1.8032 -0.811 0.0787, -1.1854 -0.7296 0.0787, -1.3089 -0.6785 0.0787, -1.4413 -0.6611 0.0787, 1.303 0.1317 0.0787, 1.303 0.3372 0.0787, 1.0923 0.7242 0.0787, 1.305 0.3547 0.0787, 1.3818 0.416 0.0787, 1.3643 0.414 0.0787, 1.3476 0.4082 0.0787, 1.3327 0.3988 0.0787, 1.3202 0.3863 0.0787, 1.3108 0.3714 0.0787, 1.305 0.1142 0.0787, 1.3108 0.0975 0.0787, 1.3202 0.0826 0.0787, 1.3327 0.0701 0.0787, 1.3476 0.0607 0.0787, 1.3643 0.0549 0.0787, 1.8619 0.416 0.0787, 1.8961 0.0607 0.0787, 1.911 0.0701 0.0787, 1.9235 0.0826 0.0787, 1.9328 0.0975 0.0787, 1.9387 0.3547 0.0787, 1.9328 0.3714 0.0787, 1.9235 0.3863 0.0787, 1.911 0.3988 0.0787, 1.8961 0.4082 0.0787, 1.8794 0.414 0.0787, 1.3818 0.0529 0.0787, 1.8619 0.0529 0.0787, 1.8794 0.0549 0.0787, 1.9387 0.1142 0.0787, 1.9406 0.1317 0.0787, 1.9406 0.3372 0.0787, 0.7929 1.0349 0.0787, 0.7929 0.7242 0.0787, -0.1504 1.0349 0.0787, -2.524 0.9728 0.0787, -1.9709 1.0349 0.0787, -0.9096 1.0349 0.0787, 0.7929 1.8586 0.0787, 0.5026 1.0805 0.0787, 0.5026 1.0373 0.0787, 0.7043 1.0373 0.0787, 0.7043 1.431 0.0787, 0.6515 1.0805 0.0787, 0.6515 1.431 0.0787, 0.0993 1.431 0.0787, 0.0993 1.0373 0.0787, -0.1119 1.0373 0.0787, -0.1119 1.0805 0.0787, -0.1504 1.8586 0.0787, -0.1023 1.3878 0.0787, -0.1023 1.431 0.0787, 0.0465 1.2149 0.0787, 0.0465 1.0805 0.0787, -0.0927 1.2149 0.0787, -0.0927 1.2581 0.0787, 0.0465 1.2581 0.0787, 0.0465 1.3878 0.0787, -0.52 1.0349 0.0787, -0.486 1.1452 0.0787, -0.4634 1.11 0.0787, -0.431 1.0789 0.0787, -0.3899 1.0551 0.0787, -0.3445 1.0415 0.0787, -0.52 1.8586 0.0787, -0.4028 1.4087 0.0787, -0.4457 1.38 0.0787, -0.2958 1.0373 0.0787, -0.1888 1.0373 0.0787, -0.1888 1.431 0.0787, -0.2999 1.431 0.0787, -0.3567 1.4249 0.0787, -0.4461 1.3797 0.0787, -0.4739 1.3488 0.0787, -0.4922 1.3149 0.0787, -0.1504 0.7242 0.0787, 0.1377 0.416 0.0787, -0.5028 1.2761 0.0787, -0.5056 1.2391 0.0787, -0.5001 1.1864 0.0787, -0.5921 1.0373 0.0787, -0.5345 1.0373 0.0787, -0.6833 1.431 0.0787, -0.9096 1.8586 0.0787, -0.7361 1.431 0.0787, -0.8897 1.0373 0.0787, -0.8321 1.0373 0.0787, -0.7923 1.1477 0.0787, -0.6297 1.1477 0.0787, 3.0272 1.0909 2.9921, 3.0272 -0.7004 2.9921, -3.0752 1.2878 2.9921, -3.0752 1.8586 2.9921, -2.8783 1.2878 3.3331, -2.839 1.2878 3.353, -2.839 1.4059 3.353, -2.6815 1.8586 3.3858, -2.7834 1.8586 3.3724, -2.6815 1.4059 3.3858, -2.7834 1.4059 3.3724, -2.8783 1.8586 3.3331, -2.9599 1.8586 3.2705, -2.9599 1.2878 3.2705, -3.0224 1.8586 3.189, -3.0224 1.2878 3.189, -3.0618 1.8586 3.094, -3.0618 1.2878 3.094, 2.7923 1.0909 3.3524, 2.791 1.0909 3.353, 2.791 0.9728 3.353, 3.0216 1.0909 3.0581, 2.6994 0.9728 3.3803, 2.699 -0.7004 3.3772, 2.6335 0.9728 3.3858, 2.6335 -0.7004 3.3858, 2.7354 -0.7004 3.3724, 2.791 -0.7004 3.3494, 2.8303 -0.7004 3.3331, 2.8755 1.0909 3.3027, 2.8734 -0.7004 3.3, 2.9119 -0.7004 3.2705, 2.944 1.0909 3.2341, 2.9414 -0.7004 3.2321, 2.9744 -0.7004 3.189, 2.9937 1.0909 3.1509, 2.9907 -0.7004 3.1497, 3.0138 -0.7004 3.094, 3.0186 -0.7004 3.0577, -1.2597 4.772 2.4985, -1.2455 4.6145 2.495, -1.4413 4.6145 2.5197, -1.246 4.772 2.4935, -1.0879 4.772 2.4359, -1.062 4.6145 2.4223, -1.0636 4.772 2.4199, -0.9352 4.772 2.3355, -0.9023 4.6145 2.3063, -0.9051 4.772 2.3036, -0.8097 4.772 2.2025, -0.7765 4.6145 2.1542, -0.7805 4.772 2.1519, -0.7183 4.772 2.0442, -0.6925 4.6145 1.9756, -0.6974 4.772 1.9741, -0.6659 4.772 1.869, -0.6555 4.6145 1.7817, -0.6608 4.772 1.7814, -0.6553 4.772 1.6865, -0.6679 4.6145 1.5847, -0.673 4.772 1.5857, -0.687 4.772 1.5065, -0.7289 4.6145 1.397, -0.7334 4.772 1.399, -0.7594 4.772 1.3386, -0.8346 4.6145 1.2304, -0.8381 4.772 1.2329, -0.8686 4.772 1.1919, -0.9785 4.6145 1.0953, -0.9807 4.772 1.0979, -1.0086 4.772 1.0744, -1.1515 4.6145 1.0002, -1.1525 4.772 1.0022, -1.172 4.772 0.9924, -1.3426 4.6145 0.9511, -1.3428 4.772 0.9519, -1.3499 4.772 0.9502, -1.4413 4.6145 0.9449, -1.4413 4.772 0.9449, -1.54 4.6145 0.9511, -1.5327 4.772 0.9502, -1.5398 4.772 0.9519, -1.7106 4.772 0.9924, -1.7312 4.6145 1.0002, -1.7302 4.772 1.0022, -1.874 4.772 1.0744, -1.9041 4.6145 1.0953, -1.902 4.772 1.0979, -2.0141 4.772 1.1919, -2.048 4.6145 1.2304, -2.0446 4.772 1.2329, -2.1232 4.772 1.3386, -2.1538 4.6145 1.397, -2.1493 4.772 1.399, -2.1956 4.772 1.5065, -2.2148 4.6145 1.5847, -2.2096 4.772 1.5857, -2.2272 4.6145 1.7817, -2.2274 4.772 1.6865, -2.2219 4.772 1.7814, -2.2168 4.772 1.869, -2.1902 4.6145 1.9756, -2.1853 4.772 1.9741, -2.1643 4.772 2.0442, -2.1061 4.6145 2.1542, -2.1021 4.772 2.1519, -2.0729 4.772 2.2025, -1.9803 4.6145 2.3063, -1.9775 4.772 2.3036, -1.9475 4.772 2.3355, -1.8207 4.6145 2.4223, -1.8191 4.772 2.4199, -1.7947 4.772 2.4359, -1.6371 4.6145 2.495, -1.6366 4.772 2.4935, -1.6229 4.772 2.4985, -1.4413 4.772 2.5197, -2.2878 1.8586 0.4724, -2.2878 4.8901 0.4724, -0.3783 1.8586 0.4724, -0.3783 4.8901 0.4724, 3.0272 1.2878 2.9921, 3.0272 1.8586 2.9921, -3.0752 1.0909 2.9921, -3.0752 -0.7004 2.9921, 2.6335 1.4059 3.3858, 2.6335 1.8586 3.3858, 2.476 1.4059 3.3858, -0.9689 0.2051 3.3858, -0.9338 0.2011 3.3858, 2.476 0.9728 3.3858, -0.9006 0.1895 3.3858, -0.8707 0.1707 3.3858, -0.8458 0.1458 3.3858, -2.524 1.4059 3.3858, -1.6732 0.2011 3.3858, -1.6382 0.2051 3.3858, 1.7133 -0.1293 3.3858, 1.7321 -0.0995 3.3858, 1.7437 -0.0662 3.3858, 1.7477 0.0476 3.3858, 1.7477 -0.0311 3.3858, 1.6884 -0.1543 3.3858, 1.6585 -0.173 3.3858, 1.6252 -0.1847 3.3858, -1.7065 -0.173 3.3858, -1.7364 -0.1543 3.3858, -2.6815 -0.7004 3.3858, -1.7613 -0.1293 3.3858, -1.7801 -0.0995 3.3858, 0.8526 -0.173 3.3858, 0.8227 -0.1543 3.3858, 0.8858 0.2011 3.3858, 0.9209 0.2051 3.3858, 1.5902 0.2051 3.3858, 1.6252 0.2011 3.3858, -1.7917 0.0826 3.3858, -1.7801 0.1159 3.3858, -2.6815 0.9728 3.3858, -1.7613 0.1458 3.3858, -2.524 0.9728 3.3858, -1.7364 0.1707 3.3858, -1.7065 0.1895 3.3858, -0.8114 0.0476 3.3858, 0.8227 0.1707 3.3858, 0.8526 0.1895 3.3858, 1.6585 0.1895 3.3858, 1.6884 0.1707 3.3858, 1.7133 0.1458 3.3858, 1.7321 0.1159 3.3858, 1.7437 0.0826 3.3858, 1.5902 -0.1886 3.3858, 0.9209 -0.1886 3.3858, 0.8858 -0.1847 3.3858, 0.7674 0.0826 3.3858, 0.779 0.1159 3.3858, 0.7978 0.1458 3.3858, 0.7978 -0.1293 3.3858, -0.9338 -0.1847 3.3858, -0.9689 -0.1886 3.3858, -1.6382 -0.1886 3.3858, -1.6732 -0.1847 3.3858, -0.827 0.1159 3.3858, -0.8153 0.0826 3.3858, -1.7917 -0.0662 3.3858, -1.7957 -0.0311 3.3858, -1.7957 0.0476 3.3858, -0.8458 -0.1293 3.3858, -0.827 -0.0995 3.3858, -0.8153 -0.0662 3.3858, -0.8707 -0.1543 3.3858, -0.9006 -0.173 3.3858, 0.779 -0.0995 3.3858, 0.7674 -0.0662 3.3858, -0.8114 -0.0311 3.3858, 0.7634 -0.0311 3.3858, 0.7634 0.0476 3.3858, -2.839 0.9728 3.353, -2.839 1.0909 3.353, -2.8403 1.0909 3.3524, -2.7474 0.9728 3.3803, -2.747 -0.7004 3.3772, -2.7834 -0.7004 3.3724, -2.839 -0.7004 3.3494, -2.8783 -0.7004 3.3331, -2.9235 1.0909 3.3027, -2.9214 -0.7004 3.3, -2.9599 -0.7004 3.2705, -2.992 1.0909 3.2341, -2.9894 -0.7004 3.2321, -3.0224 -0.7004 3.189, -3.0417 1.0909 3.1509, -3.0387 -0.7004 3.1497, -3.0618 -0.7004 3.094, -3.0696 1.0909 3.0581, -3.0666 -0.7004 3.0577, 2.791 1.4059 3.353, 2.791 1.2878 3.353, 2.8303 1.2878 3.3331, 2.7354 1.4059 3.3724, 2.8303 1.8586 3.3331, 2.7354 1.8586 3.3724, 2.9119 1.2878 3.2705, 2.9119 1.8586 3.2705, 2.9744 1.2878 3.189, 2.9744 1.8586 3.189, 3.0138 1.2878 3.094, 3.0138 1.8586 3.094, -2.0909 -1.8815 2.4016, 2.0429 -1.8815 2.4016, 2.1128 -1.8786 2.4379, 2.0641 -1.8813 2.4126, 2.052 -1.8815 2.4063, 2.0512 -1.8815 2.4059, 2.0465 -1.8815 2.4034, 2.0481 -1.8815 2.4043, 2.6541 -1.6244 2.7417, 2.6244 -1.6534 2.7232, 2.5428 -1.7179 2.6741, 2.5074 -1.7401 2.6535, 2.4549 -1.7731 2.623, 2.3606 -1.8183 2.5702, 2.3518 -1.8215 2.5654, 2.3028 -1.8396 2.5386, 2.2003 -1.8663 2.4838, 2.192 -1.8675 2.4795, 2.7011 -1.5786 2.7709, 2.7648 -1.5031 2.8119, 2.7665 -1.5011 2.813, 2.8682 -1.3441 2.8806, 2.8247 -1.418 2.8514, 2.962 -1.1217 2.9456, 2.9345 -1.2009 2.9263, 2.9121 -1.2547 2.9107, 2.8772 -1.3258 2.8868, 2.9667 -1.1082 2.9489, 2.992 -1.0133 2.9669, 3.0094 -0.9227 2.9793, 3.0106 -0.9161 2.9802, 3.0139 -0.8942 2.9825, 3.0239 -0.7975 2.9897, 2.6239 -0.8942 3.3725, 2.6259 -0.8676 3.3753, -2.6739 -0.8676 3.3753, 2.6311 -0.7975 3.3825, -2.6791 -0.7975 3.3825, -2.6719 -0.8942 3.3725, -2.6696 -0.9161 3.3693, 2.6216 -0.9161 3.3693, -2.6562 -1.0133 3.3507, 2.6082 -1.0133 3.3507, -2.6452 -1.0714 3.3351, -2.6383 -1.1082 3.3253, 2.5521 -1.2547 3.2707, 2.5676 -1.2009 3.2931, 2.5903 -1.1082 3.3253, 2.5972 -1.0714 3.3351, -2.6156 -1.2009 3.2931, -2.6001 -1.2547 3.2707, 2.5485 -1.2652 3.2656, -2.5965 -1.2652 3.2656, 2.522 -1.3441 3.2268, 2.4927 -1.418 3.1834, -2.57 -1.3441 3.2268, -2.5407 -1.418 3.1834, 2.4819 -1.4415 3.1669, -2.5299 -1.4415 3.1669, 2.4543 -1.5011 3.1251, 2.4123 -1.5786 3.0597, -2.5023 -1.5011 3.1251, -2.4603 -1.5786 3.0597, 2.4018 -1.595 3.0429, -2.4498 -1.595 3.0429, 2.3645 -1.6534 2.983, 2.3154 -1.7179 2.9015, -2.4125 -1.6534 2.983, -2.3634 -1.7179 2.9015, 2.3149 -1.7184 2.9006, -2.3629 -1.7184 2.9006, 2.2644 -1.7731 2.8136, -2.3124 -1.7731 2.8136, 2.2239 -1.8077 2.7413, -2.2719 -1.8077 2.7413, -2.2595 -1.8183 2.7193, 2.2115 -1.8183 2.7193, -2.2279 -1.8396 2.6614, 2.1799 -1.8396 2.6614, -2.1795 -1.8632 2.5708, 2.1315 -1.8632 2.5708, 2.1252 -1.8663 2.559, 2.0472 -1.8815 2.4098, 2.0476 -1.8815 2.4106, 2.054 -1.8813 2.4228, 2.0793 -1.8786 2.4714, -2.1273 -1.8786 2.4714, -2.1732 -1.8663 2.559, 2.0448 -1.8815 2.4051, 2.0456 -1.8815 2.4068, -2.102 -1.8813 2.4228, -2.0956 -1.8815 2.4106, -2.0952 -1.8815 2.4098, -2.0936 -1.8815 2.4068, -2.0928 -1.8815 2.4051, -3.0646 -0.8676 2.9845, -3.0719 -0.7975 2.9897, -3.0586 -0.9161 2.9802, -3.0618 -0.8942 2.9825, -2.9601 -1.2547 2.9107, -2.9825 -1.2009 2.9263, -3.0147 -1.1082 2.9489, -3.0245 -1.0714 2.9559, -3.04 -1.0133 2.9669, -2.7491 -1.5786 2.7709, -2.8145 -1.5011 2.813, -2.8563 -1.4415 2.8405, -2.8727 -1.418 2.8514, -2.9162 -1.3441 2.8806, -2.9549 -1.2652 2.9072, -2.5908 -1.7179 2.6741, -2.6724 -1.6534 2.7232, -2.7323 -1.595 2.7605, -2.59 -1.7184 2.6736, -2.5029 -1.7731 2.623, -2.4307 -1.8077 2.5825, -2.4086 -1.8183 2.5702, -2.3508 -1.8396 2.5386, -2.2602 -1.8632 2.4902, -2.1608 -1.8786 2.4379, -2.2483 -1.8663 2.4838, -2.0961 -1.8815 2.4043, -2.0992 -1.8815 2.4059, -2.0945 -1.8815 2.4034, -2.1 -1.8815 2.4063, -2.1121 -1.8813 2.4126, -2.0942 -1.8815 2.4037, -2.0957 -1.8815 2.4047, -2.0985 -1.8815 2.4065, -2.0992 -1.8815 2.407, -2.1104 -1.8813 2.4143, -2.1552 -1.8789 2.4435, -2.236 -1.8683 2.4965, -2.093 -1.8815 2.4048, -2.0941 -1.8815 2.4064, -2.0959 -1.8815 2.4092, -2.0963 -1.8815 2.4099, -2.1037 -1.8813 2.4211, -2.1329 -1.8789 2.4658, -2.1859 -1.8683 2.5467, -2.2491 -1.8449 2.642, -2.3313 -1.8449 2.5597, -2.3857 -1.826 2.5962, -2.2856 -1.826 2.6963, -2.3468 -1.7853 2.7859, -2.4061 -1.7348 2.8708, -2.4753 -1.7853 2.6574, -2.5602 -1.7348 2.7167, -2.6403 -1.6747 2.7739, -2.4632 -1.6747 2.951, -2.5192 -1.6036 3.0278, -2.7171 -1.6036 2.8298, -2.7837 -1.5284 2.8792, -2.5686 -1.5284 3.0944, -2.614 -1.4464 3.1547, -2.8441 -1.4464 2.9247, -2.8897 -1.3724 2.9595, -2.6488 -1.3724 3.2003, -2.6848 -1.2817 3.247, -2.9363 -1.2817 2.9955, -2.9604 -1.2265 3.0142, -2.9953 -1.1306 3.0415, -2.7035 -1.2265 3.271, -2.7308 -1.1306 3.3059, -2.7526 -1.0315 3.3336, -3.0229 -1.0315 3.0633, -3.0434 -0.9291 3.0795, -3.047 -0.9059 3.0823, -2.7804 -0.8035 3.3687, -2.7716 -0.9059 3.3576, -2.7688 -0.9291 3.3541, -2.0933 -1.8815 2.4045, -2.0936 -1.8815 2.4043, -2.0945 -1.8815 2.406, -2.0949 -1.8815 2.4055, -2.0965 -1.8815 2.4085, -2.0972 -1.8815 2.4079, -2.0971 -1.8815 2.4092, -2.0978 -1.8815 2.4084, -2.1053 -1.8813 2.4194, -2.107 -1.8813 2.4177, -2.1385 -1.8792 2.4603, -2.144 -1.8793 2.4547, -2.1985 -1.8695 2.5343, -2.2111 -1.8699 2.5218, -2.2701 -1.848 2.622, -2.2909 -1.8491 2.6015, -2.3115 -1.8306 2.6724, -2.3369 -1.8321 2.6476, -2.3807 -1.7927 2.7561, -2.4138 -1.7952 2.7244, -2.4478 -1.7451 2.8363, -2.488 -1.7486 2.7986, -2.5126 -1.6877 2.913, -2.5594 -1.6921 2.8701, -2.5761 -1.6189 2.9874, -2.6292 -1.624 2.9398, -2.6322 -1.5453 3.0526, -2.6908 -1.551 3.0015, -2.684 -1.464 3.1123, -2.7475 -1.4699 3.0582, -2.7237 -1.39 3.1579, -2.791 -1.396 3.1016, -2.7649 -1.2986 3.2049, -2.836 -1.3043 3.1467, -2.7864 -1.2425 3.2292, -2.8594 -1.248 3.1701, -2.8177 -1.1446 3.2647, -2.8937 -1.1494 3.2043, -2.8428 -1.0429 3.2931, -2.9211 -1.0467 3.2317, -2.8615 -0.9373 3.3142, -2.9415 -0.9401 3.2522, -2.8648 -0.9133 3.3178, -2.9451 -0.9158 3.2557, -2.8749 -0.8073 3.3293, -2.9562 -0.8086 3.2668, -2.0939 -1.8815 2.404, -2.0953 -1.8815 2.4051, -2.0979 -1.8815 2.4072, -2.0985 -1.8815 2.4077, -2.1087 -1.8813 2.416, -2.1496 -1.8792 2.4491, -2.2236 -1.8695 2.5092, -2.3113 -1.848 2.5807, -2.3617 -1.8306 2.6221, -2.4454 -1.7927 2.6914, -2.5257 -1.7451 2.7585, -2.6024 -1.6877 2.8233, -2.6767 -1.6189 2.8867, -2.742 -1.5453 2.9429, -2.8017 -1.464 2.9947, -2.8472 -1.39 3.0344, -2.8942 -1.2986 3.0756, -2.9186 -1.2425 3.097, -2.9541 -1.1446 3.1284, -2.9824 -1.0429 3.1535, -3.0035 -0.9373 3.1722, -3.0072 -0.9133 3.1754, -3.0186 -0.8073 3.1856, -3.0581 -0.8035 3.0911, 2.0462 -1.8815 2.4037, 2.0477 -1.8815 2.4047, 2.0505 -1.8815 2.4065, 2.0512 -1.8815 2.407, 2.0624 -1.8813 2.4143, 2.1072 -1.8789 2.4435, 2.188 -1.8683 2.4965, 2.045 -1.8815 2.4048, 2.0461 -1.8815 2.4064, 2.0479 -1.8815 2.4092, 2.0483 -1.8815 2.4099, 2.0557 -1.8813 2.4211, 2.0849 -1.8789 2.4658, 2.1379 -1.8683 2.5467, 2.2833 -1.8449 2.5597, 2.3377 -1.826 2.5962, 2.2011 -1.8449 2.642, 2.2376 -1.826 2.6963, 2.4273 -1.7853 2.6574, 2.5122 -1.7348 2.7167, 2.2988 -1.7853 2.7859, 2.3581 -1.7348 2.8708, 2.4152 -1.6747 2.951, 2.6691 -1.6036 2.8298, 2.5923 -1.6747 2.7739, 2.7357 -1.5284 2.8792, 2.4712 -1.6036 3.0278, 2.5206 -1.5284 3.0944, 2.566 -1.4464 3.1547, 2.6008 -1.3724 3.2003, 2.7961 -1.4464 2.9247, 2.8417 -1.3724 2.9595, 2.8883 -1.2817 2.9955, 2.9124 -1.2265 3.0142, 2.9473 -1.1306 3.0415, 2.6368 -1.2817 3.247, 2.6555 -1.2265 3.271, 2.6828 -1.1306 3.3059, 2.9749 -1.0315 3.0633, 2.9954 -0.9291 3.0795, 2.7046 -1.0315 3.3336, 2.7208 -0.9291 3.3541, 2.7236 -0.9059 3.3576, 2.999 -0.9059 3.0823, 3.0101 -0.8035 3.0911, 2.0459 -1.8815 2.404, 2.0456 -1.8815 2.4043, 2.0473 -1.8815 2.4051, 2.0469 -1.8815 2.4055, 2.0499 -1.8815 2.4072, 2.0492 -1.8815 2.4079, 2.0505 -1.8815 2.4077, 2.0498 -1.8815 2.4084, 2.0607 -1.8813 2.416, 2.059 -1.8813 2.4177, 2.1016 -1.8792 2.4491, 2.096 -1.8793 2.4547, 2.1756 -1.8695 2.5092, 2.1631 -1.8699 2.5218, 2.2633 -1.848 2.5807, 2.2429 -1.8491 2.6015, 2.3137 -1.8306 2.6221, 2.2889 -1.8321 2.6476, 2.3974 -1.7927 2.6914, 2.3658 -1.7952 2.7244, 2.4777 -1.7451 2.7585, 2.44 -1.7486 2.7986, 2.5544 -1.6877 2.8233, 2.5114 -1.6921 2.8701, 2.6287 -1.6189 2.8867, 2.5812 -1.624 2.9398, 2.694 -1.5453 2.9429, 2.6428 -1.551 3.0015, 2.7537 -1.464 2.9947, 2.6995 -1.4699 3.0582, 2.7992 -1.39 3.0344, 2.743 -1.396 3.1016, 2.8462 -1.2986 3.0756, 2.788 -1.3043 3.1467, 2.8706 -1.2425 3.097, 2.8114 -1.248 3.1701, 2.9061 -1.1446 3.1284, 2.8457 -1.1494 3.2043, 2.9344 -1.0429 3.1535, 2.8731 -1.0467 3.2317, 2.9555 -0.9373 3.1722, 2.8935 -0.9401 3.2522, 2.9592 -0.9133 3.1754, 2.8971 -0.9158 3.2557, 2.9706 -0.8073 3.1856, 2.9082 -0.8086 3.2668, 2.0453 -1.8815 2.4045, 2.0465 -1.8815 2.406, 2.0485 -1.8815 2.4085, 2.0491 -1.8815 2.4092, 2.0573 -1.8813 2.4194, 2.0905 -1.8792 2.4603, 2.1505 -1.8695 2.5343, 2.2221 -1.848 2.622, 2.2635 -1.8306 2.6724, 2.3327 -1.7927 2.7561, 2.3998 -1.7451 2.8363, 2.4646 -1.6877 2.913, 2.5281 -1.6189 2.9874, 2.5842 -1.5453 3.0526, 2.636 -1.464 3.1123, 2.6757 -1.39 3.1579, 2.7169 -1.2986 3.2049, 2.7384 -1.2425 3.2292, 2.7697 -1.1446 3.2647, 2.7948 -1.0429 3.2931, 2.8135 -0.9373 3.3142, 2.8168 -0.9133 3.3178, 2.8269 -0.8073 3.3293, 2.7324 -0.8035 3.3687, -0.3783 1.8586 0.7874, 0.3303 1.8586 0.7874, 0.3303 1.8586 0.4724, 2.0736 1.8586 0.6848, 1.8558 1.8586 0.5683, 1.6194 1.8586 0.4967, -2.2878 1.8586 2.9921, 1.3736 1.8586 2.9921, -2.3754 1.8586 2.9823, -2.4586 1.8586 2.9531, -2.5332 1.8586 2.9062, -2.5956 1.8586 2.8439, -2.6425 1.8586 2.7692, 1.3736 1.8586 0.4724, -2.6716 1.8586 0.7785, -2.6425 1.8586 0.6953, -2.5956 1.8586 0.6207, -2.5332 1.8586 0.5583, -2.6716 1.8586 2.686, -2.6815 1.8586 2.5984, -2.6815 1.8586 0.8661, 2.2645 1.8586 0.8414, 2.4212 1.8586 1.0324, 2.5376 1.8586 1.2502, 2.0736 1.8586 2.7798, 1.8558 1.8586 2.8962, 1.6194 1.8586 2.9679, -2.4586 1.8586 0.5114, -2.3754 1.8586 0.4823, 2.2645 1.8586 2.6231, 2.6093 1.8586 1.4865, 2.6335 1.8586 1.7323, 2.6093 1.8586 1.9781, 2.5376 1.8586 2.2144, 2.4212 1.8586 2.4322, 1.3736 4.8901 2.9921, -2.2878 4.8901 2.9921, -2.3754 4.8901 2.9823, -2.4586 4.8901 2.9531, -2.5332 4.8901 2.9062, -2.5956 4.8901 2.8439, -2.6425 4.8901 2.7692, -2.6716 4.8901 2.686, -2.6815 4.8901 2.5984, -2.6815 4.8901 0.8661, -2.6716 4.8901 0.7785, -2.6425 4.8901 0.6953, -2.5956 4.8901 0.6207, -2.5332 4.8901 0.5583, -2.4586 4.8901 0.5114, -2.3754 4.8901 0.4823, 1.3736 4.8901 0.4724, 0.3303 4.8901 0.4724, -0.2866 4.8901 1.1811, -1.1316 4.8901 0.8814, -0.9437 4.8901 0.9757, -0.7827 4.8901 1.1109, -0.6571 4.8901 1.2795, -0.2036 4.8901 1.4079, -0.5739 4.8901 1.4726, -0.1647 4.8901 1.6462, -0.5373 4.8901 1.6796, -0.1713 4.8901 1.8876, -0.5496 4.8901 1.8895, -0.223 4.8901 2.1234, -0.3182 4.8901 2.3453, -0.8593 4.8901 2.4259, -0.6237 4.8901 2.7165, -0.715 4.8901 2.273, -0.6099 4.8901 2.0909, -1.0349 4.8901 2.5415, -1.2325 4.8901 2.6134, -1.4413 4.8901 2.6378, -1.4413 4.8901 0.8268, -1.3362 4.8901 0.8329, -0.3783 4.8901 0.7874, 1.3933 4.8901 2.6378, 1.1845 4.8901 2.6134, -0.4534 4.8901 2.5454, 0.2386 4.8901 1.1811, 0.3303 4.8901 0.7874, -2.1 4.8901 1.1109, 0.5757 4.8901 2.7165, 0.9869 4.8901 2.5415, 0.8113 4.8901 2.4259, 0.4054 4.8901 2.5454, 0.667 4.8901 2.273, 0.2702 4.8901 2.3453, 0.5619 4.8901 2.0909, 0.175 4.8901 2.1234, 0.5016 4.8901 1.8895, -2.1677 4.8901 2.273, -2.2728 4.8901 2.0909, -2.3331 4.8901 1.8895, -2.3453 4.8901 1.6796, -1.5464 4.8901 0.8329, -1.751 4.8901 0.8814, 0.6091 4.8901 1.2795, 0.5259 4.8901 1.4726, 0.1556 4.8901 1.4079, 0.4893 4.8901 1.6796, 0.1167 4.8901 1.6462, 0.1233 4.8901 1.8876, 1.0836 4.8901 0.8814, 0.8957 4.8901 0.9757, 0.7347 4.8901 1.1109, -1.6501 4.8901 2.6134, -1.8477 4.8901 2.5415, -2.0234 4.8901 2.4259, -2.3088 4.8901 1.4726, -2.2255 4.8901 1.2795, -1.9389 4.8901 0.9757, 1.6021 4.8901 2.6134, 1.6194 4.8901 2.9679, 1.7997 4.8901 2.5415, 1.8558 4.8901 2.8962, 2.0736 4.8901 2.7798, 1.9754 4.8901 2.4259, 2.2645 4.8901 2.6231, 2.1197 4.8901 2.273, 2.4212 4.8901 2.4322, 2.2248 4.8901 2.0909, 2.5376 4.8901 2.2144, 2.2851 4.8901 1.8895, 2.6093 4.8901 1.9781, 2.2973 4.8901 1.6796, 2.6335 4.8901 1.7323, 2.2608 4.8901 1.4726, 2.6093 4.8901 1.4865, 2.5376 4.8901 1.2502, 2.1775 4.8901 1.2795, 2.4212 4.8901 1.0324, 2.052 4.8901 1.1109, 2.2645 4.8901 0.8414, 1.8909 4.8901 0.9757, 2.0736 4.8901 0.6848, 1.703 4.8901 0.8814, 1.8558 4.8901 0.5683, 1.4984 4.8901 0.8329, 1.6194 4.8901 0.4967, 1.3933 4.8901 0.8268, 1.2882 4.8901 0.8329, 1.5749 4.772 2.4985, 1.5891 4.6145 2.495, 1.3933 4.6145 2.5197, 1.5886 4.772 2.4935, 1.7467 4.772 2.4359, 1.7727 4.6145 2.4223, 1.7711 4.772 2.4199, 1.8995 4.772 2.3355, 1.9323 4.6145 2.3063, 1.9295 4.772 2.3036, 2.0249 4.772 2.2025, 2.0581 4.6145 2.1542, 2.0541 4.772 2.1519, 2.1163 4.772 2.0442, 2.1422 4.6145 1.9756, 2.1373 4.772 1.9741, 2.1688 4.772 1.869, 2.1792 4.6145 1.7817, 2.1739 4.772 1.7814, 2.1794 4.772 1.6865, 2.1668 4.6145 1.5847, 2.1616 4.772 1.5857, 2.1476 4.772 1.5065, 2.1058 4.6145 1.397, 2.1013 4.772 1.399, 2.0752 4.772 1.3386, 2.0 4.6145 1.2304, 1.9966 4.772 1.2329, 1.9661 4.772 1.1919, 1.8561 4.6145 1.0953, 1.854 4.772 1.0979, 1.826 4.772 1.0744, 1.6832 4.6145 1.0002, 1.4918 4.772 0.9519, 1.492 4.6145 0.9511, 1.6626 4.772 0.9924, 1.6822 4.772 1.0022, 1.3019 4.772 0.9502, 1.2946 4.6145 0.9511, 1.3933 4.772 0.9449, 1.4847 4.772 0.9502, 1.2948 4.772 0.9519, 1.124 4.772 0.9924, 1.1035 4.6145 1.0002, 1.1045 4.772 1.0022, 0.9606 4.772 1.0744, 0.9305 4.6145 1.0953, 0.9327 4.772 1.0979, 0.8206 4.772 1.1919, 0.7866 4.6145 1.2304, 0.7901 4.772 1.2329, 0.7114 4.772 1.3386, 0.6809 4.6145 1.397, 0.6854 4.772 1.399, 0.639 4.772 1.5065, 0.6199 4.6145 1.5847, 0.625 4.772 1.5857, 0.6075 4.6145 1.7817, 0.6073 4.772 1.6865, 0.6128 4.772 1.7814, 0.6179 4.772 1.869, 0.6445 4.6145 1.9756, 0.6494 4.772 1.9741, 0.6703 4.772 2.0442, 0.7285 4.6145 2.1542, 0.7325 4.772 2.1519, 0.7617 4.772 2.2025, 0.8543 4.6145 2.3063, 0.8571 4.772 2.3036, 0.8872 4.772 2.3355, 1.014 4.6145 2.4223, 1.0156 4.772 2.4199, 1.0399 4.772 2.4359, 1.1975 4.6145 2.495, 1.198 4.772 2.4935, 1.2117 4.772 2.4985, 1.3933 4.772 2.5197, -0.2866 4.1027 1.1811, -0.2036 4.1027 1.4079, -0.1647 4.1027 1.6462, -0.1713 4.1027 1.8876, -0.223 4.1027 2.1234, -0.3182 4.1027 2.3453, -0.4534 4.1027 2.5454, -0.6237 4.1027 2.7165, 0.2386 4.1027 1.1811, 0.5757 4.1027 2.7165, 0.4054 4.1027 2.5454, 0.2702 4.1027 2.3453, 0.175 4.1027 2.1234, 0.1233 4.1027 1.8876, 0.1167 4.1027 1.6462, 0.1556 4.1027 1.4079
            ]
        }
        coordIndex [
            0,1,2,-1,3,4,5,-1,6,7,8,-1,6,8,9,-1,7,10,8,-1,8,10,11,-1,8,11,1,-1,1,11,12,-1,1,12,13,-1,14,15,2,-1,13,16,1,-1,1,16,17,-1,1,17,2,-1,2,17,18,-1,2,18,14,-1,19,20,21,-1,21,20,22,-1,19,23,20,-1,20,23,24,-1,20,24,25,-1,15,26,2,-1,2,26,27,-1,2,27,20,-1,20,27,28,-1,20,28,22,-1,29,30,31,-1,31,30,32,-1,31,32,33,-1,34,35,36,-1,36,35,37,-1,38,39,31,-1,31,39,40,-1,31,40,29,-1,33,41,31,-1,31,41,42,-1,31,42,36,-1,36,42,43,-1,36,43,34,-1,44,45,46,-1,44,46,47,-1,45,48,46,-1,46,48,49,-1,46,49,50,-1,50,51,46,-1,46,51,52,-1,46,52,53,-1,54,55,56,-1,56,55,57,-1,57,58,56,-1,56,58,59,-1,56,59,60,-1,61,62,63,-1,64,65,66,-1,62,67,63,-1,63,67,68,-1,63,68,69,-1,64,66,70,-1,71,64,72,-1,72,64,73,-1,71,74,64,-1,64,74,75,-1,64,75,65,-1,69,76,63,-1,63,76,77,-1,63,77,64,-1,64,77,78,-1,64,78,73,-1,60,79,56,-1,56,79,80,-1,56,80,81,-1,81,80,82,-1,81,82,83,-1,83,82,84,-1,83,84,63,-1,63,84,85,-1,63,85,61,-1,86,87,88,-1,88,87,89,-1,90,91,92,-1,92,91,93,-1,89,87,94,-1,94,87,95,-1,94,95,96,-1,97,98,99,-1,99,98,100,-1,101,102,99,-1,99,102,103,-1,99,103,104,-1,104,103,105,-1,104,105,106,-1,96,107,94,-1,94,107,108,-1,94,108,91,-1,91,108,109,-1,91,109,93,-1,86,110,87,-1,87,110,111,-1,87,111,99,-1,99,111,112,-1,99,112,113,-1,100,114,99,-1,99,114,115,-1,99,115,101,-1,113,116,99,-1,99,116,117,-1,99,117,97,-1,118,119,120,-1,120,121,118,-1,118,121,122,-1,118,122,123,-1,123,122,124,-1,123,124,106,-1,106,124,125,-1,106,125,104,-1,126,127,128,-1,128,127,129,-1,130,131,132,-1,132,131,133,-1,132,133,134,-1,135,136,137,-1,137,136,138,-1,137,138,139,-1,139,138,140,-1,139,140,141,-1,142,143,8,-1,8,143,36,-1,8,36,9,-1,9,36,37,-1,8,144,142,-1,142,144,145,-1,142,145,146,-1,147,148,2,-1,148,149,2,-1,2,149,150,-1,2,150,151,-1,151,152,2,-1,2,152,153,-1,2,153,0,-1,154,155,2,-1,2,155,156,-1,2,156,157,-1,158,159,2,-1,2,159,160,-1,2,160,154,-1,157,161,2,-1,2,161,162,-1,2,162,147,-1,163,164,165,-1,165,164,166,-1,165,166,167,-1,168,169,165,-1,165,169,170,-1,165,170,2,-1,2,170,171,-1,2,171,158,-1,167,172,165,-1,165,172,173,-1,165,173,168,-1,105,174,106,-1,106,174,175,-1,106,175,176,-1,176,177,106,-1,106,177,178,-1,106,178,179,-1,127,180,129,-1,129,180,181,-1,129,181,182,-1,183,184,185,-1,185,184,186,-1,187,188,189,-1,189,188,190,-1,189,190,183,-1,183,190,191,-1,183,191,192,-1,192,191,193,-1,192,193,194,-1,195,196,197,-1,197,196,198,-1,197,198,199,-1,200,201,202,-1,202,201,203,-1,194,204,192,-1,192,204,205,-1,192,205,206,-1,207,208,192,-1,192,208,209,-1,210,211,212,-1,212,211,213,-1,209,214,192,-1,192,214,213,-1,192,213,215,-1,215,213,211,-1,206,216,192,-1,192,216,217,-1,192,217,207,-1,199,218,197,-1,197,218,219,-1,197,219,202,-1,202,219,220,-1,202,220,200,-1,203,221,202,-1,202,221,222,-1,202,222,189,-1,189,222,223,-1,189,223,187,-1,224,225,70,-1,70,225,226,-1,70,226,64,-1,64,226,227,-1,64,227,197,-1,197,227,228,-1,197,228,195,-1,229,123,230,-1,230,123,106,-1,230,106,231,-1,231,106,179,-1,163,165,232,-1,232,165,233,-1,232,233,234,-1,234,233,235,-1,234,235,236,-1,236,235,237,-1,236,237,238,-1,238,237,239,-1,238,239,240,-1,240,239,241,-1,240,241,229,-1,233,20,235,-1,235,20,56,-1,235,56,237,-1,237,56,81,-1,237,81,239,-1,239,81,83,-1,239,83,241,-1,241,83,63,-1,242,243,20,-1,244,245,2,-1,2,245,246,-1,2,246,165,-1,165,246,247,-1,165,247,233,-1,247,248,233,-1,233,248,249,-1,233,249,20,-1,20,249,250,-1,20,250,242,-1,251,252,2,-1,2,252,253,-1,2,253,244,-1,243,254,20,-1,20,254,255,-1,20,255,2,-1,2,255,256,-1,2,256,251,-1,257,91,258,-1,258,91,259,-1,258,259,260,-1,261,262,259,-1,259,262,263,-1,259,263,264,-1,264,265,259,-1,259,265,266,-1,259,266,260,-1,257,267,91,-1,91,267,268,-1,91,268,269,-1,269,270,91,-1,91,270,271,-1,91,271,272,-1,126,128,259,-1,259,128,273,-1,259,273,261,-1,274,275,94,-1,94,275,276,-1,94,276,277,-1,278,279,128,-1,128,279,280,-1,128,280,281,-1,281,282,128,-1,128,282,283,-1,128,283,273,-1,272,284,91,-1,91,284,285,-1,91,285,94,-1,94,285,286,-1,94,286,274,-1,277,287,94,-1,94,287,288,-1,94,288,128,-1,128,288,289,-1,128,289,278,-1,290,259,291,-1,291,259,91,-1,291,91,118,-1,118,91,90,-1,118,90,119,-1,25,38,20,-1,20,38,31,-1,20,31,56,-1,56,31,46,-1,56,46,54,-1,54,46,53,-1,186,224,185,-1,185,224,70,-1,185,70,292,-1,143,293,36,-1,36,293,294,-1,36,294,31,-1,31,294,295,-1,31,295,46,-1,133,3,134,-1,134,3,5,-1,134,5,296,-1,202,297,197,-1,197,297,298,-1,197,298,299,-1,229,241,123,-1,123,241,63,-1,123,63,118,-1,118,63,64,-1,118,64,291,-1,291,64,197,-1,291,197,290,-1,290,197,299,-1,290,299,300,-1,301,297,302,-1,302,297,202,-1,302,202,300,-1,300,202,296,-1,300,296,290,-1,290,296,5,-1,290,5,259,-1,259,5,4,-1,259,4,126,-1,303,185,304,-1,304,185,292,-1,304,292,305,-1,305,292,306,-1,306,292,307,-1,306,307,308,-1,183,185,189,-1,189,185,303,-1,189,303,307,-1,307,303,309,-1,307,309,308,-1,310,311,312,-1,312,311,306,-1,312,306,313,-1,313,306,308,-1,313,308,314,-1,314,308,315,-1,316,317,318,-1,318,319,316,-1,316,319,320,-1,316,320,321,-1,322,323,324,-1,325,326,292,-1,292,326,327,-1,292,327,307,-1,307,327,328,-1,307,328,322,-1,322,328,329,-1,322,329,323,-1,324,330,322,-1,322,330,331,-1,322,331,332,-1,321,325,316,-1,316,325,292,-1,316,292,333,-1,333,292,70,-1,333,70,334,-1,334,70,66,-1,332,335,322,-1,322,335,336,-1,322,336,316,-1,316,336,337,-1,316,337,317,-1,338,339,316,-1,316,339,322,-1,322,339,340,-1,322,340,341,-1,342,343,295,-1,295,343,344,-1,345,346,344,-1,344,346,338,-1,344,338,295,-1,295,338,316,-1,295,316,46,-1,46,316,333,-1,46,333,47,-1,47,333,334,-1,293,141,294,-1,294,141,140,-1,294,140,295,-1,295,140,341,-1,295,341,342,-1,342,341,340,-1,129,182,347,-1,348,89,94,-1,348,94,347,-1,347,94,128,-1,347,128,129,-1,349,350,136,-1,136,350,138,-1,351,352,353,-1,354,355,356,-1,356,355,357,-1,357,355,353,-1,353,355,358,-1,353,358,351,-1,351,358,359,-1,351,359,360,-1,360,359,361,-1,360,361,362,-1,362,361,363,-1,362,363,364,-1,364,363,350,-1,364,350,349,-1,365,366,367,-1,348,347,368,-1,367,369,370,-1,370,369,371,-1,370,371,372,-1,370,373,367,-1,367,373,374,-1,367,374,365,-1,365,374,375,-1,365,375,376,-1,375,377,376,-1,376,377,378,-1,376,378,379,-1,378,380,379,-1,379,380,381,-1,379,381,382,-1,381,383,382,-1,382,383,384,-1,382,384,368,-1,368,384,385,-1,368,385,348,-1,386,387,388,-1,386,389,387,-1,387,389,390,-1,387,390,391,-1,390,392,391,-1,391,392,393,-1,391,393,394,-1,393,395,394,-1,394,395,396,-1,394,396,397,-1,396,398,397,-1,397,398,399,-1,397,399,400,-1,399,401,400,-1,400,401,402,-1,400,402,403,-1,402,404,403,-1,403,404,405,-1,403,405,406,-1,405,407,406,-1,406,407,408,-1,406,408,409,-1,408,410,409,-1,409,410,411,-1,409,411,412,-1,411,413,412,-1,412,413,414,-1,412,414,415,-1,414,416,415,-1,415,416,417,-1,415,417,418,-1,417,419,418,-1,418,419,420,-1,418,420,421,-1,420,422,421,-1,421,422,423,-1,421,423,424,-1,424,423,425,-1,424,425,426,-1,426,425,427,-1,427,428,426,-1,426,428,429,-1,426,429,430,-1,429,431,430,-1,430,431,432,-1,430,432,433,-1,432,434,433,-1,433,434,435,-1,433,435,436,-1,435,437,436,-1,436,437,438,-1,436,438,439,-1,438,440,439,-1,439,440,441,-1,439,441,442,-1,442,441,443,-1,442,443,444,-1,444,443,445,-1,445,446,444,-1,444,446,447,-1,444,447,448,-1,447,449,448,-1,448,449,450,-1,448,450,451,-1,450,452,451,-1,451,452,453,-1,451,453,454,-1,453,455,454,-1,454,455,456,-1,454,456,457,-1,456,458,457,-1,457,458,459,-1,457,459,460,-1,459,461,460,-1,460,461,462,-1,460,462,388,-1,388,462,463,-1,388,463,386,-1,464,465,466,-1,466,465,467,-1,130,132,468,-1,468,132,469,-1,470,145,144,-1,0,471,1,-1,1,471,470,-1,1,470,8,-1,8,470,144,-1,472,473,474,-1,474,473,354,-1,475,476,477,-1,476,478,477,-1,477,478,479,-1,477,479,480,-1,354,356,481,-1,354,481,474,-1,474,481,482,-1,474,482,477,-1,477,482,483,-1,477,483,475,-1,484,372,485,-1,485,372,486,-1,371,487,372,-1,372,487,488,-1,372,488,486,-1,484,489,372,-1,372,489,490,-1,372,490,491,-1,492,493,494,-1,494,493,495,-1,494,495,496,-1,494,497,498,-1,499,500,371,-1,371,500,501,-1,371,501,502,-1,503,504,505,-1,505,504,506,-1,505,506,507,-1,507,506,508,-1,507,508,481,-1,481,508,509,-1,481,509,482,-1,510,511,512,-1,502,513,371,-1,371,513,514,-1,371,514,515,-1,515,516,371,-1,371,516,517,-1,371,517,487,-1,491,518,372,-1,372,518,519,-1,372,519,494,-1,494,519,520,-1,494,520,497,-1,521,522,510,-1,510,522,523,-1,510,523,511,-1,498,524,494,-1,494,524,525,-1,494,525,526,-1,526,527,494,-1,494,527,528,-1,494,528,492,-1,480,529,477,-1,477,529,530,-1,477,530,371,-1,371,530,510,-1,371,510,499,-1,499,510,512,-1,496,531,494,-1,494,531,532,-1,494,532,505,-1,505,532,533,-1,505,533,503,-1,534,524,535,-1,535,524,536,-1,534,537,524,-1,524,537,538,-1,524,538,525,-1,524,539,536,-1,536,539,540,-1,536,540,541,-1,541,540,542,-1,541,542,510,-1,510,542,543,-1,510,543,521,-1,544,545,546,-1,505,547,494,-1,494,547,548,-1,548,547,549,-1,549,547,544,-1,549,544,550,-1,550,544,546,-1,550,546,551,-1,551,546,552,-1,551,552,553,-1,553,552,554,-1,554,552,555,-1,554,555,556,-1,556,555,557,-1,557,555,558,-1,557,558,559,-1,559,558,560,-1,560,558,561,-1,560,561,562,-1,562,561,470,-1,562,470,471,-1,563,564,565,-1,566,563,567,-1,567,568,566,-1,566,568,473,-1,566,473,472,-1,563,565,567,-1,567,565,569,-1,567,569,570,-1,570,569,571,-1,570,571,572,-1,572,571,573,-1,572,573,574,-1,574,573,468,-1,574,468,469,-1,164,163,575,-1,575,163,232,-1,232,234,575,-1,575,234,236,-1,575,236,576,-1,576,236,238,-1,576,238,240,-1,240,229,576,-1,576,229,230,-1,576,230,231,-1,179,178,577,-1,577,578,179,-1,179,578,579,-1,179,579,580,-1,576,231,581,-1,581,231,179,-1,581,179,582,-1,582,179,580,-1,583,584,102,-1,102,584,585,-1,102,585,103,-1,103,585,586,-1,103,586,105,-1,105,586,587,-1,105,587,174,-1,174,587,588,-1,174,588,175,-1,175,588,589,-1,175,589,176,-1,176,589,590,-1,176,590,177,-1,177,590,591,-1,177,591,178,-1,178,591,592,-1,178,592,577,-1,102,101,583,-1,583,101,115,-1,583,115,593,-1,115,114,593,-1,593,114,100,-1,593,100,594,-1,594,100,98,-1,594,98,595,-1,595,98,97,-1,117,596,97,-1,97,596,597,-1,97,597,595,-1,598,599,116,-1,116,599,600,-1,116,600,117,-1,117,600,601,-1,117,601,596,-1,116,113,598,-1,598,113,112,-1,598,112,602,-1,602,112,111,-1,602,111,603,-1,603,111,110,-1,603,110,604,-1,604,110,86,-1,604,86,605,-1,605,86,88,-1,605,88,606,-1,89,348,88,-1,88,348,607,-1,88,607,606,-1,608,609,610,-1,610,609,611,-1,610,611,612,-1,612,611,372,-1,612,372,494,-1,610,613,608,-1,608,613,614,-1,608,614,615,-1,615,614,616,-1,615,616,617,-1,617,616,618,-1,619,620,618,-1,618,620,621,-1,621,622,618,-1,618,622,623,-1,618,623,617,-1,619,624,620,-1,620,624,625,-1,620,625,626,-1,626,625,627,-1,626,627,628,-1,628,627,629,-1,627,630,629,-1,629,630,631,-1,629,631,632,-1,632,631,633,-1,632,633,634,-1,634,633,635,-1,633,636,635,-1,635,636,637,-1,635,637,638,-1,638,637,639,-1,638,639,640,-1,640,639,641,-1,639,642,641,-1,641,642,643,-1,641,643,644,-1,644,643,645,-1,644,645,646,-1,646,645,647,-1,646,647,648,-1,647,649,648,-1,648,649,650,-1,648,650,651,-1,651,650,652,-1,651,652,653,-1,653,652,654,-1,653,654,655,-1,655,654,656,-1,654,657,658,-1,658,659,654,-1,654,659,660,-1,654,660,656,-1,661,576,662,-1,662,576,663,-1,662,663,654,-1,654,663,664,-1,654,664,657,-1,661,665,576,-1,576,665,666,-1,576,666,667,-1,667,668,576,-1,576,668,669,-1,576,669,575,-1,151,670,152,-1,152,670,671,-1,152,671,153,-1,153,671,471,-1,153,471,0,-1,150,672,151,-1,151,672,673,-1,151,673,670,-1,162,674,147,-1,147,674,675,-1,147,675,148,-1,148,675,676,-1,148,676,149,-1,149,676,677,-1,149,677,150,-1,150,677,678,-1,150,678,672,-1,154,679,155,-1,155,679,680,-1,155,680,156,-1,156,680,681,-1,156,681,157,-1,157,681,682,-1,157,682,161,-1,161,682,683,-1,161,683,162,-1,162,683,684,-1,162,684,674,-1,685,686,154,-1,154,686,687,-1,154,687,679,-1,685,154,688,-1,688,154,160,-1,688,160,159,-1,159,158,688,-1,688,158,171,-1,688,171,689,-1,689,171,170,-1,689,170,690,-1,170,169,690,-1,690,169,168,-1,690,168,691,-1,691,168,173,-1,691,173,692,-1,692,173,172,-1,692,172,693,-1,693,172,167,-1,166,694,167,-1,167,694,695,-1,167,695,693,-1,696,697,166,-1,696,166,698,-1,698,166,164,-1,698,164,575,-1,697,699,166,-1,166,699,700,-1,166,700,694,-1,575,701,698,-1,698,701,702,-1,698,702,696,-1,696,702,703,-1,696,703,697,-1,697,703,704,-1,697,704,699,-1,699,704,705,-1,699,705,700,-1,700,705,706,-1,700,706,694,-1,694,706,707,-1,575,669,708,-1,708,669,668,-1,708,668,709,-1,709,668,667,-1,709,667,710,-1,710,667,666,-1,710,666,711,-1,711,666,665,-1,711,665,712,-1,712,665,661,-1,712,661,713,-1,713,661,662,-1,713,662,714,-1,714,662,654,-1,714,654,715,-1,692,693,707,-1,707,693,695,-1,707,695,694,-1,707,716,692,-1,692,716,717,-1,692,717,691,-1,691,717,690,-1,654,652,715,-1,715,652,650,-1,715,650,718,-1,718,650,649,-1,718,649,719,-1,649,647,719,-1,719,647,645,-1,719,645,720,-1,690,717,689,-1,689,717,721,-1,689,721,688,-1,688,721,722,-1,688,722,685,-1,685,722,723,-1,685,723,686,-1,645,643,720,-1,720,643,642,-1,720,642,724,-1,724,642,639,-1,724,639,725,-1,686,723,687,-1,687,723,726,-1,687,726,679,-1,679,726,727,-1,679,727,680,-1,639,637,725,-1,725,637,636,-1,725,636,728,-1,728,636,633,-1,728,633,729,-1,680,727,681,-1,681,727,730,-1,681,730,682,-1,682,730,731,-1,682,731,683,-1,633,631,729,-1,729,631,630,-1,729,630,732,-1,732,630,627,-1,732,627,733,-1,683,731,684,-1,684,731,734,-1,684,734,674,-1,674,734,735,-1,674,735,675,-1,675,735,736,-1,675,736,676,-1,627,625,733,-1,733,625,624,-1,733,624,737,-1,737,624,619,-1,737,619,738,-1,738,619,618,-1,738,618,739,-1,676,736,677,-1,677,736,740,-1,677,740,678,-1,678,740,741,-1,678,741,672,-1,672,741,742,-1,672,742,673,-1,612,743,610,-1,610,743,744,-1,610,744,613,-1,613,744,745,-1,613,745,614,-1,614,745,739,-1,614,739,616,-1,616,739,618,-1,575,746,747,-1,747,746,748,-1,747,748,749,-1,749,748,750,-1,749,750,751,-1,751,750,752,-1,751,752,753,-1,753,752,754,-1,753,754,755,-1,755,754,756,-1,755,756,757,-1,757,756,758,-1,757,758,759,-1,759,758,760,-1,759,760,761,-1,761,760,762,-1,761,762,763,-1,763,762,764,-1,763,764,765,-1,765,764,766,-1,765,766,767,-1,767,766,768,-1,767,768,769,-1,769,768,770,-1,769,770,771,-1,771,770,772,-1,771,772,773,-1,773,772,774,-1,773,774,775,-1,775,774,776,-1,775,776,777,-1,777,776,778,-1,777,778,779,-1,779,778,780,-1,779,780,781,-1,781,780,782,-1,781,782,783,-1,783,782,784,-1,783,784,785,-1,785,784,786,-1,785,786,787,-1,787,786,788,-1,787,788,789,-1,789,788,790,-1,789,790,791,-1,575,792,701,-1,701,792,793,-1,701,793,702,-1,702,793,794,-1,702,794,703,-1,703,794,795,-1,703,795,704,-1,704,795,796,-1,704,796,705,-1,705,796,797,-1,705,797,706,-1,706,797,798,-1,706,798,707,-1,707,798,799,-1,707,799,716,-1,716,799,800,-1,716,800,717,-1,717,800,801,-1,717,801,721,-1,721,801,802,-1,721,802,722,-1,722,802,803,-1,722,803,723,-1,723,803,804,-1,723,804,726,-1,726,804,805,-1,726,805,727,-1,727,805,806,-1,727,806,730,-1,730,806,807,-1,730,807,731,-1,731,807,808,-1,731,808,734,-1,734,808,809,-1,734,809,735,-1,735,809,810,-1,735,810,736,-1,736,810,811,-1,736,811,740,-1,740,811,812,-1,740,812,741,-1,741,812,813,-1,741,813,742,-1,742,813,814,-1,742,814,815,-1,612,494,548,-1,612,548,743,-1,743,548,549,-1,743,549,550,-1,550,790,743,-1,743,790,788,-1,743,788,744,-1,744,788,786,-1,744,786,745,-1,745,786,784,-1,745,784,739,-1,739,784,782,-1,739,782,738,-1,738,782,780,-1,738,780,737,-1,737,780,778,-1,737,778,733,-1,733,778,776,-1,733,776,732,-1,732,776,774,-1,732,774,729,-1,729,774,772,-1,729,772,728,-1,728,772,770,-1,728,770,725,-1,725,770,768,-1,725,768,724,-1,724,768,766,-1,724,766,720,-1,720,766,764,-1,720,764,719,-1,719,764,762,-1,719,762,718,-1,718,762,760,-1,718,760,715,-1,715,760,758,-1,715,758,714,-1,714,758,756,-1,714,756,713,-1,713,756,754,-1,713,754,712,-1,712,754,752,-1,712,752,711,-1,711,752,750,-1,711,750,710,-1,710,750,748,-1,710,748,709,-1,709,748,746,-1,709,746,708,-1,708,746,575,-1,550,551,790,-1,790,551,553,-1,790,553,791,-1,791,553,554,-1,791,554,556,-1,556,814,791,-1,791,814,813,-1,791,813,789,-1,789,813,812,-1,789,812,787,-1,787,812,811,-1,787,811,785,-1,785,811,810,-1,785,810,783,-1,783,810,809,-1,783,809,781,-1,781,809,808,-1,781,808,779,-1,779,808,807,-1,779,807,777,-1,777,807,806,-1,777,806,775,-1,775,806,805,-1,775,805,773,-1,773,805,804,-1,773,804,771,-1,771,804,803,-1,771,803,769,-1,769,803,802,-1,769,802,767,-1,767,802,801,-1,767,801,765,-1,765,801,800,-1,765,800,763,-1,763,800,799,-1,763,799,761,-1,761,799,798,-1,761,798,759,-1,759,798,797,-1,759,797,757,-1,757,797,796,-1,757,796,755,-1,755,796,795,-1,755,795,753,-1,753,795,794,-1,753,794,751,-1,751,794,793,-1,751,793,749,-1,749,793,792,-1,749,792,747,-1,747,792,575,-1,556,557,814,-1,814,557,559,-1,814,559,815,-1,815,559,560,-1,815,560,562,-1,673,742,670,-1,670,742,815,-1,670,815,671,-1,671,815,562,-1,671,562,471,-1,576,581,816,-1,816,581,582,-1,816,582,817,-1,817,582,580,-1,817,580,818,-1,818,580,579,-1,818,579,819,-1,819,579,578,-1,819,578,820,-1,820,578,577,-1,820,577,821,-1,821,577,592,-1,821,592,822,-1,576,823,663,-1,663,823,824,-1,663,824,664,-1,664,824,825,-1,664,825,657,-1,657,825,826,-1,657,826,658,-1,658,826,827,-1,658,827,659,-1,659,827,828,-1,659,828,660,-1,660,828,829,-1,653,655,829,-1,829,655,656,-1,829,656,660,-1,592,591,822,-1,822,591,590,-1,822,590,830,-1,830,590,589,-1,830,589,831,-1,829,832,653,-1,653,832,833,-1,653,833,651,-1,651,833,648,-1,589,588,831,-1,831,588,587,-1,831,587,834,-1,834,587,835,-1,587,586,835,-1,835,586,585,-1,835,585,584,-1,648,833,646,-1,646,833,836,-1,646,836,644,-1,644,836,837,-1,644,837,641,-1,641,837,838,-1,641,838,640,-1,583,839,584,-1,584,839,840,-1,584,840,835,-1,583,593,839,-1,839,593,594,-1,839,594,841,-1,640,838,638,-1,638,838,842,-1,638,842,635,-1,635,842,843,-1,635,843,634,-1,634,843,632,-1,632,843,844,-1,632,844,629,-1,629,844,845,-1,629,845,628,-1,594,595,841,-1,841,595,597,-1,841,597,846,-1,846,597,596,-1,846,596,847,-1,847,596,601,-1,847,601,848,-1,601,600,848,-1,848,600,599,-1,848,599,849,-1,849,599,598,-1,849,598,850,-1,628,845,626,-1,626,845,851,-1,626,851,620,-1,620,851,852,-1,620,852,621,-1,621,852,853,-1,621,853,622,-1,598,602,850,-1,850,602,603,-1,850,603,854,-1,854,603,604,-1,854,604,855,-1,622,853,623,-1,623,853,856,-1,623,856,617,-1,617,856,857,-1,617,857,615,-1,615,857,858,-1,615,858,608,-1,604,605,855,-1,855,605,606,-1,855,606,859,-1,859,606,607,-1,859,607,860,-1,576,861,862,-1,862,861,863,-1,862,863,864,-1,864,863,865,-1,864,865,866,-1,866,865,867,-1,866,867,868,-1,868,867,869,-1,868,869,870,-1,870,869,871,-1,870,871,872,-1,872,871,873,-1,872,873,874,-1,874,873,875,-1,874,875,876,-1,876,875,877,-1,876,877,878,-1,878,877,879,-1,878,879,880,-1,880,879,881,-1,880,881,882,-1,882,881,883,-1,882,883,884,-1,884,883,885,-1,884,885,886,-1,886,885,887,-1,886,887,888,-1,888,887,889,-1,888,889,890,-1,890,889,891,-1,890,891,892,-1,892,891,893,-1,892,893,894,-1,894,893,895,-1,894,895,896,-1,896,895,897,-1,896,897,898,-1,898,897,899,-1,898,899,900,-1,900,899,901,-1,900,901,902,-1,902,901,903,-1,902,903,904,-1,904,903,905,-1,904,905,906,-1,576,907,823,-1,823,907,908,-1,823,908,824,-1,824,908,909,-1,824,909,825,-1,825,909,910,-1,825,910,826,-1,826,910,911,-1,826,911,827,-1,827,911,912,-1,827,912,828,-1,828,912,913,-1,828,913,829,-1,829,913,914,-1,829,914,832,-1,832,914,915,-1,832,915,833,-1,833,915,916,-1,833,916,836,-1,836,916,917,-1,836,917,837,-1,837,917,918,-1,837,918,838,-1,838,918,919,-1,838,919,842,-1,842,919,920,-1,842,920,843,-1,843,920,921,-1,843,921,844,-1,844,921,922,-1,844,922,845,-1,845,922,923,-1,845,923,851,-1,851,923,924,-1,851,924,852,-1,852,924,925,-1,852,925,853,-1,853,925,926,-1,853,926,856,-1,856,926,927,-1,856,927,857,-1,857,927,928,-1,857,928,858,-1,858,928,929,-1,858,929,930,-1,607,348,385,-1,607,385,860,-1,860,385,384,-1,860,384,383,-1,383,905,860,-1,860,905,903,-1,860,903,859,-1,859,903,901,-1,859,901,855,-1,855,901,899,-1,855,899,854,-1,854,899,897,-1,854,897,850,-1,850,897,895,-1,850,895,849,-1,849,895,893,-1,849,893,848,-1,848,893,891,-1,848,891,847,-1,847,891,889,-1,847,889,846,-1,846,889,887,-1,846,887,841,-1,841,887,885,-1,841,885,839,-1,839,885,883,-1,839,883,840,-1,840,883,881,-1,840,881,835,-1,835,881,879,-1,835,879,834,-1,834,879,877,-1,834,877,831,-1,831,877,875,-1,831,875,830,-1,830,875,873,-1,830,873,822,-1,822,873,871,-1,822,871,821,-1,821,871,869,-1,821,869,820,-1,820,869,867,-1,820,867,819,-1,819,867,865,-1,819,865,818,-1,818,865,863,-1,818,863,817,-1,817,863,861,-1,817,861,816,-1,816,861,576,-1,383,381,905,-1,905,381,380,-1,905,380,906,-1,906,380,378,-1,906,378,377,-1,377,929,906,-1,906,929,928,-1,906,928,904,-1,904,928,927,-1,904,927,902,-1,902,927,926,-1,902,926,900,-1,900,926,925,-1,900,925,898,-1,898,925,924,-1,898,924,896,-1,896,924,923,-1,896,923,894,-1,894,923,922,-1,894,922,892,-1,892,922,921,-1,892,921,890,-1,890,921,920,-1,890,920,888,-1,888,920,919,-1,888,919,886,-1,886,919,918,-1,886,918,884,-1,884,918,917,-1,884,917,882,-1,882,917,916,-1,882,916,880,-1,880,916,915,-1,880,915,878,-1,878,915,914,-1,878,914,876,-1,876,914,913,-1,876,913,874,-1,874,913,912,-1,874,912,872,-1,872,912,911,-1,872,911,870,-1,870,911,910,-1,870,910,868,-1,868,910,909,-1,868,909,866,-1,866,909,908,-1,866,908,864,-1,864,908,907,-1,864,907,862,-1,862,907,576,-1,377,375,929,-1,929,375,374,-1,929,374,930,-1,930,374,373,-1,930,373,370,-1,608,858,609,-1,609,858,930,-1,609,930,611,-1,611,930,370,-1,611,370,372,-1,931,932,933,-1,202,189,933,-1,934,132,935,-1,935,132,936,-1,937,354,938,-1,938,354,473,-1,937,939,354,-1,354,939,940,-1,354,940,355,-1,355,940,941,-1,355,941,358,-1,358,941,359,-1,359,941,942,-1,359,942,361,-1,361,942,363,-1,363,942,943,-1,363,943,350,-1,931,933,466,-1,466,933,189,-1,466,189,307,-1,936,132,944,-1,944,132,134,-1,944,134,933,-1,933,134,296,-1,933,296,202,-1,945,946,138,-1,138,946,947,-1,138,947,948,-1,943,949,350,-1,350,949,950,-1,350,950,138,-1,138,950,951,-1,138,951,945,-1,934,952,132,-1,132,952,953,-1,132,953,954,-1,955,956,473,-1,473,956,957,-1,473,957,938,-1,948,958,138,-1,138,958,959,-1,138,959,140,-1,140,959,464,-1,140,464,341,-1,341,464,466,-1,341,466,322,-1,322,466,307,-1,567,570,960,-1,954,961,132,-1,132,961,962,-1,132,962,469,-1,469,962,963,-1,963,964,469,-1,469,964,965,-1,469,965,574,-1,574,965,960,-1,574,960,572,-1,572,960,570,-1,955,473,960,-1,960,473,568,-1,960,568,567,-1,966,967,938,-1,938,967,937,-1,937,967,968,-1,937,968,939,-1,939,968,969,-1,939,969,940,-1,940,969,970,-1,940,970,941,-1,941,970,971,-1,941,971,942,-1,942,971,972,-1,942,972,943,-1,943,972,973,-1,943,973,949,-1,949,973,974,-1,949,974,950,-1,951,950,975,-1,975,950,974,-1,951,975,976,-1,951,976,945,-1,945,976,977,-1,945,977,946,-1,946,977,978,-1,946,978,947,-1,947,978,979,-1,947,979,948,-1,948,979,980,-1,948,980,958,-1,958,980,981,-1,958,981,959,-1,959,981,465,-1,959,465,464,-1,982,944,983,-1,983,944,933,-1,984,985,986,-1,986,987,984,-1,984,987,988,-1,984,988,989,-1,989,988,990,-1,989,990,991,-1,991,990,992,-1,991,992,993,-1,993,992,994,-1,993,994,995,-1,995,994,996,-1,997,998,999,-1,999,998,1000,-1,997,1001,998,-1,998,1001,1002,-1,998,1002,1003,-1,1004,1005,1006,-1,1006,1005,985,-1,966,1007,1008,-1,1000,998,994,-1,994,998,1009,-1,994,1009,996,-1,985,984,1006,-1,1006,984,1010,-1,1006,1010,1011,-1,1011,1010,982,-1,1011,982,983,-1,979,978,1012,-1,1003,967,998,-1,998,967,966,-1,998,966,1013,-1,1013,966,1008,-1,1008,1014,1013,-1,1013,1014,1015,-1,1013,1015,1016,-1,1016,1015,1017,-1,1016,1017,1018,-1,1018,1017,1019,-1,1018,1019,1020,-1,1020,1019,1021,-1,1022,1023,974,-1,974,1023,1024,-1,974,1024,975,-1,975,1024,1025,-1,1006,467,1004,-1,1004,467,465,-1,1004,465,1026,-1,1026,465,1027,-1,1028,1010,1029,-1,1029,1010,1030,-1,1029,1030,1031,-1,1031,1030,1032,-1,1031,1032,1021,-1,1021,1032,1033,-1,1021,1033,1020,-1,1034,982,1035,-1,1035,982,1010,-1,1035,1010,1036,-1,1036,1010,1028,-1,1003,1037,967,-1,967,1037,1038,-1,967,1038,968,-1,968,1038,1039,-1,968,1039,969,-1,969,1039,970,-1,1025,1040,975,-1,975,1040,1041,-1,975,1041,976,-1,976,1041,1012,-1,976,1012,977,-1,977,1012,978,-1,1027,465,1042,-1,1042,465,981,-1,1042,981,1012,-1,1012,981,980,-1,1012,980,979,-1,1007,966,1043,-1,1043,966,1044,-1,1043,1044,1045,-1,974,973,1022,-1,1022,973,972,-1,1022,972,1039,-1,1039,972,971,-1,1039,971,970,-1,1044,1046,1045,-1,1045,1046,1047,-1,1045,1047,1048,-1,1048,1047,1049,-1,1048,1049,1050,-1,1050,1049,1051,-1,1050,1051,1052,-1,1052,1051,1053,-1,1052,1053,1054,-1,1054,1053,1055,-1,1054,1055,1056,-1,1056,1055,1057,-1,1056,1057,1058,-1,1057,1059,1058,-1,1058,1059,1060,-1,1058,1060,1061,-1,1061,1060,1062,-1,1061,1062,1063,-1,1063,1062,1064,-1,1063,1064,1065,-1,1065,1064,1066,-1,1065,1066,1067,-1,1067,1066,1068,-1,1067,1068,1069,-1,1069,1068,1070,-1,1069,1070,1071,-1,1071,1070,982,-1,1071,982,1072,-1,1072,982,1034,-1,962,1057,1055,-1,962,1055,963,-1,963,1055,1053,-1,963,1053,964,-1,964,1053,1051,-1,964,1051,965,-1,965,1051,1049,-1,965,1049,960,-1,960,1049,1047,-1,960,1047,955,-1,955,1047,1046,-1,955,1046,956,-1,956,1046,1044,-1,956,1044,957,-1,957,1044,966,-1,957,966,938,-1,944,982,1070,-1,944,1070,936,-1,936,1070,1068,-1,936,1068,935,-1,935,1068,1066,-1,935,1066,934,-1,934,1066,1064,-1,934,1064,952,-1,952,1064,1062,-1,952,1062,953,-1,953,1062,1060,-1,953,1060,954,-1,954,1060,1059,-1,954,1059,961,-1,961,1059,1057,-1,961,1057,962,-1,1006,931,467,-1,467,931,466,-1,932,1011,933,-1,933,1011,983,-1,932,931,1011,-1,1011,931,1006,-1,1073,1074,1075,-1,1073,1076,1074,-1,1074,1076,1077,-1,1074,1077,1078,-1,1077,1079,1078,-1,1078,1079,1080,-1,1078,1080,1081,-1,1080,1082,1081,-1,1081,1082,1083,-1,1081,1083,1084,-1,1083,1085,1084,-1,1084,1085,1086,-1,1084,1086,1087,-1,1086,1088,1087,-1,1087,1088,1089,-1,1087,1089,1090,-1,1089,1091,1090,-1,1090,1091,1092,-1,1090,1092,1093,-1,1092,1094,1093,-1,1093,1094,1095,-1,1093,1095,1096,-1,1095,1097,1096,-1,1096,1097,1098,-1,1096,1098,1099,-1,1098,1100,1099,-1,1099,1100,1101,-1,1099,1101,1102,-1,1101,1103,1102,-1,1102,1103,1104,-1,1102,1104,1105,-1,1106,1107,1108,-1,1108,1107,1105,-1,1108,1105,1109,-1,1109,1105,1104,-1,1110,1111,1112,-1,1112,1111,1107,-1,1112,1107,1113,-1,1113,1107,1106,-1,1110,1114,1111,-1,1111,1114,1115,-1,1111,1115,1116,-1,1115,1117,1116,-1,1116,1117,1118,-1,1116,1118,1119,-1,1118,1120,1119,-1,1119,1120,1121,-1,1119,1121,1122,-1,1121,1123,1122,-1,1122,1123,1124,-1,1122,1124,1125,-1,1124,1126,1125,-1,1125,1126,1127,-1,1125,1127,1128,-1,1128,1127,1129,-1,1128,1129,1130,-1,1130,1129,1131,-1,1131,1132,1130,-1,1130,1132,1133,-1,1130,1133,1134,-1,1133,1135,1134,-1,1134,1135,1136,-1,1134,1136,1137,-1,1136,1138,1137,-1,1137,1138,1139,-1,1137,1139,1140,-1,1139,1141,1140,-1,1140,1141,1142,-1,1140,1142,1143,-1,1142,1144,1143,-1,1143,1144,1145,-1,1143,1145,1146,-1,1145,1147,1146,-1,1146,1147,1148,-1,1146,1148,1075,-1,1075,1148,1149,-1,1075,1149,1073,-1,1150,984,989,-1,1150,989,1151,-1,1151,989,991,-1,1151,991,1152,-1,1152,991,993,-1,1152,993,1153,-1,1153,993,995,-1,1153,995,1154,-1,1154,995,996,-1,1154,996,1155,-1,1155,996,1009,-1,1155,1009,1156,-1,1156,1009,998,-1,1156,998,1157,-1,1150,1158,984,-1,984,1158,1010,-1,1159,1013,1016,-1,1159,1016,1160,-1,1160,1016,1018,-1,1160,1018,1161,-1,1161,1018,1020,-1,1161,1020,1162,-1,1162,1020,1033,-1,1162,1033,1163,-1,1163,1033,1032,-1,1163,1032,1164,-1,1164,1032,1030,-1,1164,1030,1165,-1,1165,1030,1010,-1,1165,1010,1158,-1,1159,1157,1013,-1,1013,1157,998,-1,1157,1159,1156,-1,1156,1159,1155,-1,1158,1150,1151,-1,1159,1160,1155,-1,1155,1160,1161,-1,1155,1161,1154,-1,1154,1161,1162,-1,1154,1162,1153,-1,1153,1162,1163,-1,1153,1163,1152,-1,1152,1163,1164,-1,1152,1164,1151,-1,1151,1164,1165,-1,1151,1165,1158,-1,1038,1037,461,-1,461,459,1038,-1,1038,459,458,-1,1038,458,1039,-1,458,456,1039,-1,1039,456,455,-1,1039,455,1022,-1,455,453,1022,-1,1022,453,452,-1,1022,452,1023,-1,452,450,1023,-1,1023,450,449,-1,1023,449,1024,-1,449,447,1024,-1,1024,447,446,-1,1024,446,1025,-1,446,445,1025,-1,1025,445,443,-1,1025,443,1040,-1,443,441,1040,-1,1040,441,440,-1,1040,440,1041,-1,440,438,1041,-1,1041,438,437,-1,1041,437,1012,-1,437,435,1012,-1,1012,435,434,-1,1012,434,1042,-1,434,432,1042,-1,1042,432,431,-1,1042,431,1027,-1,431,429,1027,-1,1027,429,428,-1,1027,428,1026,-1,1026,428,427,-1,1026,427,1004,-1,1004,427,425,-1,1004,425,1005,-1,425,423,1005,-1,1005,423,422,-1,1005,422,985,-1,422,420,985,-1,985,420,419,-1,985,419,986,-1,419,417,986,-1,986,417,416,-1,986,416,987,-1,416,414,987,-1,987,414,413,-1,987,413,988,-1,413,411,988,-1,988,411,410,-1,988,410,990,-1,410,408,990,-1,990,408,407,-1,990,407,992,-1,992,407,405,-1,992,405,994,-1,994,405,404,-1,404,402,994,-1,994,402,401,-1,994,401,1000,-1,401,399,1000,-1,1000,399,398,-1,1000,398,999,-1,398,396,999,-1,999,396,395,-1,999,395,997,-1,395,393,997,-1,997,393,392,-1,997,392,1001,-1,392,390,1001,-1,1001,390,389,-1,1001,389,1002,-1,1002,389,386,-1,1002,386,1003,-1,1003,386,463,-1,1003,463,1037,-1,1037,463,462,-1,1037,462,461,-1,1014,1008,1147,-1,1147,1145,1014,-1,1014,1145,1144,-1,1014,1144,1015,-1,1144,1142,1015,-1,1015,1142,1141,-1,1015,1141,1017,-1,1141,1139,1017,-1,1017,1139,1138,-1,1017,1138,1019,-1,1138,1136,1019,-1,1019,1136,1135,-1,1019,1135,1021,-1,1135,1133,1021,-1,1021,1133,1132,-1,1021,1132,1031,-1,1132,1131,1031,-1,1031,1131,1129,-1,1031,1129,1029,-1,1129,1127,1029,-1,1029,1127,1126,-1,1029,1126,1028,-1,1126,1124,1028,-1,1028,1124,1123,-1,1028,1123,1036,-1,1123,1121,1036,-1,1036,1121,1120,-1,1036,1120,1035,-1,1120,1118,1035,-1,1035,1118,1117,-1,1035,1117,1034,-1,1117,1115,1034,-1,1034,1115,1114,-1,1034,1114,1072,-1,1072,1114,1110,-1,1072,1110,1071,-1,1071,1110,1112,-1,1071,1112,1069,-1,1112,1113,1069,-1,1069,1113,1106,-1,1069,1106,1067,-1,1106,1108,1067,-1,1067,1108,1109,-1,1067,1109,1065,-1,1109,1104,1065,-1,1065,1104,1103,-1,1065,1103,1063,-1,1103,1101,1063,-1,1063,1101,1100,-1,1063,1100,1061,-1,1100,1098,1061,-1,1061,1098,1097,-1,1061,1097,1058,-1,1097,1095,1058,-1,1058,1095,1094,-1,1058,1094,1056,-1,1056,1094,1092,-1,1056,1092,1054,-1,1054,1092,1091,-1,1091,1089,1054,-1,1054,1089,1088,-1,1054,1088,1052,-1,1088,1086,1052,-1,1052,1086,1085,-1,1052,1085,1050,-1,1085,1083,1050,-1,1050,1083,1082,-1,1050,1082,1048,-1,1082,1080,1048,-1,1048,1080,1079,-1,1048,1079,1045,-1,1079,1077,1045,-1,1045,1077,1076,-1,1045,1076,1043,-1,1043,1076,1073,-1,1043,1073,1007,-1,1007,1073,1149,-1,1007,1149,1008,-1,1008,1149,1148,-1,1008,1148,1147,-1,
        ]
    }
}
Shape{
    appearance Appearance {
        material  Material 	{
            diffuseColor 1.0 1.0 1.0
            specularColor 0.5019607843137255 0.5019607843137255 0.5019607843137255
            ambientIntensity 1.0
            transparency 0.0
            shininess 0.5
        }
    }
    geometry IndexedFaceSet {
        ccw TRUE
        solid FALSE
        coord DEF co Coordinate {
            point [
                1.6832 4.6145 1.0002, 1.492 4.6145 0.9511, 1.3933 4.6145 1.0236, 1.2946 4.6145 0.9511, 1.2099 4.6145 1.0478, 1.1035 4.6145 1.0002, 1.039 4.6145 1.1186, 0.9305 4.6145 1.0953, 0.8922 4.6145 1.2312, 0.7866 4.6145 1.2304, 0.7796 4.6145 1.378, 0.6809 4.6145 1.397, 0.7088 4.6145 1.5489, 0.6199 4.6145 1.5847, 0.6847 4.6145 1.7323, 0.6075 4.6145 1.7817, 0.7088 4.6145 1.9157, 0.6445 4.6145 1.9756, 0.7796 4.6145 2.0866, 0.7285 4.6145 2.1542, 0.8922 4.6145 2.2334, 0.8543 4.6145 2.3063, 1.039 4.6145 2.346, 1.014 4.6145 2.4223, 1.2099 4.6145 2.4168, 1.1975 4.6145 2.495, 1.3933 4.6145 2.4409, 1.3933 4.6145 2.5197, 1.5767 4.6145 2.4168, 1.5891 4.6145 2.495, 1.7477 4.6145 2.346, 1.7727 4.6145 2.4223, 1.8944 4.6145 2.2334, 1.9323 4.6145 2.3063, 2.007 4.6145 2.0866, 2.0581 4.6145 2.1542, 2.0778 4.6145 1.9157, 2.1422 4.6145 1.9756, 2.102 4.6145 1.7323, 2.1792 4.6145 1.7817, 2.0778 4.6145 1.5489, 2.1668 4.6145 1.5847, 2.007 4.6145 1.378, 2.1058 4.6145 1.397, 1.8944 4.6145 1.2312, 2.0 4.6145 1.2304, 1.7477 4.6145 1.1186, 1.8561 4.6145 1.0953, 1.5767 4.6145 1.0478, 1.3933 1.8586 1.0236, 1.5767 1.8586 1.0478, 1.7477 1.8586 1.1186, 1.8944 1.8586 1.2312, 2.007 1.8586 1.378, 2.0778 1.8586 1.5489, 2.102 1.8586 1.7323, 2.0778 1.8586 1.9157, 2.007 1.8586 2.0866, 1.8944 1.8586 2.2334, 1.7477 1.8586 2.346, 1.5767 1.8586 2.4168, 1.3933 1.8586 2.4409, 1.2099 1.8586 2.4168, 1.039 1.8586 2.346, 0.8922 1.8586 2.2334, 0.7796 1.8586 2.0866, 0.7088 1.8586 1.9157, 0.6847 1.8586 1.7323, 0.7088 1.8586 1.5489, 0.7796 1.8586 1.378, 0.8922 1.8586 1.2312, 1.039 1.8586 1.1186, 1.2099 1.8586 1.0478
            ]
        }
        coordIndex [
            0,1,2,-1,2,1,3,-1,2,3,4,-1,4,3,5,-1,4,5,6,-1,6,5,7,-1,6,7,8,-1,8,7,9,-1,8,9,10,-1,10,9,11,-1,10,11,12,-1,12,11,13,-1,12,13,14,-1,14,13,15,-1,14,15,16,-1,16,15,17,-1,16,17,18,-1,18,17,19,-1,18,19,20,-1,20,19,21,-1,20,21,22,-1,22,21,23,-1,22,23,24,-1,24,23,25,-1,24,25,26,-1,26,25,27,-1,26,27,28,-1,28,27,29,-1,28,29,30,-1,30,29,31,-1,30,31,32,-1,32,31,33,-1,32,33,34,-1,34,33,35,-1,34,35,36,-1,36,35,37,-1,36,37,38,-1,38,37,39,-1,38,39,40,-1,40,39,41,-1,40,41,42,-1,42,41,43,-1,42,43,44,-1,44,43,45,-1,44,45,46,-1,46,45,47,-1,46,47,48,-1,48,47,0,-1,48,0,2,-1,2,49,48,-1,48,49,50,-1,48,50,46,-1,46,50,51,-1,46,51,44,-1,44,51,52,-1,44,52,42,-1,42,52,53,-1,42,53,40,-1,40,53,54,-1,40,54,38,-1,38,54,55,-1,38,55,36,-1,36,55,56,-1,36,56,34,-1,34,56,57,-1,34,57,32,-1,32,57,58,-1,32,58,30,-1,30,58,59,-1,30,59,28,-1,28,59,60,-1,28,60,26,-1,26,60,61,-1,26,61,24,-1,24,61,62,-1,24,62,22,-1,22,62,63,-1,22,63,20,-1,20,63,64,-1,20,64,18,-1,18,64,65,-1,18,65,16,-1,16,65,66,-1,16,66,14,-1,14,66,67,-1,14,67,12,-1,12,67,68,-1,12,68,10,-1,10,68,69,-1,10,69,8,-1,8,69,70,-1,8,70,6,-1,6,70,71,-1,6,71,4,-1,4,71,72,-1,4,72,2,-1,2,72,49,-1,
        ]
    }
}
Shape{
    appearance Appearance {
        material  Material 	{
            diffuseColor 0.9882352941176471 0.7372549019607844 0.5176470588235295
            specularColor 0.49411764705882355 0.3686274509803922 0.25882352941176473
            ambientIntensity 0.7873
            transparency 0.0
            shininess 0.5
        }
    }
    geometry IndexedFaceSet {
        ccw TRUE
        solid FALSE
        coord DEF co Coordinate {
            point [
                1.039 1.8586 2.346, 1.2099 1.8586 2.4168, 1.3933 1.8586 1.7323, 1.3933 1.8586 2.4409, 1.5767 1.8586 2.4168, 0.7088 1.8586 1.9157, 0.7796 1.8586 2.0866, 0.8922 1.8586 2.2334, 0.7796 1.8586 1.378, 0.7088 1.8586 1.5489, 0.6847 1.8586 1.7323, 1.2099 1.8586 1.0478, 1.039 1.8586 1.1186, 0.8922 1.8586 1.2312, 1.7477 1.8586 1.1186, 1.5767 1.8586 1.0478, 1.3933 1.8586 1.0236, 2.0778 1.8586 1.5489, 2.007 1.8586 1.378, 1.8944 1.8586 1.2312, 2.007 1.8586 2.0866, 2.0778 1.8586 1.9157, 2.102 1.8586 1.7323, 1.7477 1.8586 2.346, 1.8944 1.8586 2.2334
            ]
        }
        coordIndex [
            0,1,2,-1,2,1,3,-1,2,3,4,-1,5,6,2,-1,2,6,7,-1,2,7,0,-1,8,9,2,-1,2,9,10,-1,2,10,5,-1,11,12,2,-1,2,12,13,-1,2,13,8,-1,14,15,2,-1,2,15,16,-1,2,16,11,-1,17,18,2,-1,2,18,19,-1,2,19,14,-1,20,21,2,-1,2,21,22,-1,2,22,17,-1,4,23,2,-1,2,23,24,-1,2,24,20,-1,
        ]
    }
}
Shape{
    appearance Appearance {
        material  Material 	{
            diffuseColor 1.0 1.0 1.0
            specularColor 0.5019607843137255 0.5019607843137255 0.5019607843137255
            ambientIntensity 1.0
            transparency 0.0
            shininess 0.5
        }
    }
    geometry IndexedFaceSet {
        ccw TRUE
        solid FALSE
        coord DEF co Coordinate {
            point [
                -1.3426 4.6145 0.9511, -1.4413 4.6145 0.9449, -1.4413 4.6145 1.0236, -1.54 4.6145 0.9511, -1.6247 4.6145 1.0478, -1.7312 4.6145 1.0002, -1.7957 4.6145 1.1186, -1.9041 4.6145 1.0953, -1.9424 4.6145 1.2312, -2.048 4.6145 1.2304, -2.055 4.6145 1.378, -2.1538 4.6145 1.397, -2.1258 4.6145 1.5489, -2.2148 4.6145 1.5847, -2.15 4.6145 1.7323, -2.2272 4.6145 1.7817, -2.1258 4.6145 1.9157, -2.1902 4.6145 1.9756, -2.055 4.6145 2.0866, -2.1061 4.6145 2.1542, -1.9424 4.6145 2.2334, -1.9803 4.6145 2.3063, -1.7957 4.6145 2.346, -1.8207 4.6145 2.4223, -1.6247 4.6145 2.4168, -1.6371 4.6145 2.495, -1.4413 4.6145 2.4409, -1.4413 4.6145 2.5197, -1.2579 4.6145 2.4168, -1.2455 4.6145 2.495, -1.087 4.6145 2.346, -1.062 4.6145 2.4223, -0.9402 4.6145 2.2334, -0.9023 4.6145 2.3063, -0.8276 4.6145 2.0866, -0.7765 4.6145 2.1542, -0.7568 4.6145 1.9157, -0.6925 4.6145 1.9756, -0.7327 4.6145 1.7323, -0.6555 4.6145 1.7817, -0.7568 4.6145 1.5489, -0.6679 4.6145 1.5847, -0.8276 4.6145 1.378, -0.7289 4.6145 1.397, -0.9402 4.6145 1.2312, -0.8346 4.6145 1.2304, -1.087 4.6145 1.1186, -0.9785 4.6145 1.0953, -1.2579 4.6145 1.0478, -1.1515 4.6145 1.0002, -1.4413 1.8586 1.0236, -1.2579 1.8586 1.0478, -1.087 1.8586 1.1186, -0.9402 1.8586 1.2312, -0.8276 1.8586 1.378, -0.7568 1.8586 1.5489, -0.7327 1.8586 1.7323, -0.7568 1.8586 1.9157, -0.8276 1.8586 2.0866, -0.9402 1.8586 2.2334, -1.087 1.8586 2.346, -1.2579 1.8586 2.4168, -1.4413 1.8586 2.4409, -1.6247 1.8586 2.4168, -1.7957 1.8586 2.346, -1.9424 1.8586 2.2334, -2.055 1.8586 2.0866, -2.1258 1.8586 1.9157, -2.15 1.8586 1.7323, -2.1258 1.8586 1.5489, -2.055 1.8586 1.378, -1.9424 1.8586 1.2312, -1.7957 1.8586 1.1186, -1.6247 1.8586 1.0478
            ]
        }
        coordIndex [
            0,1,2,-1,2,1,3,-1,2,3,4,-1,4,3,5,-1,4,5,6,-1,6,5,7,-1,6,7,8,-1,8,7,9,-1,8,9,10,-1,10,9,11,-1,10,11,12,-1,12,11,13,-1,12,13,14,-1,14,13,15,-1,14,15,16,-1,16,15,17,-1,16,17,18,-1,18,17,19,-1,18,19,20,-1,20,19,21,-1,20,21,22,-1,22,21,23,-1,22,23,24,-1,24,23,25,-1,24,25,26,-1,26,25,27,-1,26,27,28,-1,28,27,29,-1,28,29,30,-1,30,29,31,-1,30,31,32,-1,32,31,33,-1,32,33,34,-1,34,33,35,-1,34,35,36,-1,36,35,37,-1,36,37,38,-1,38,37,39,-1,38,39,40,-1,40,39,41,-1,40,41,42,-1,42,41,43,-1,42,43,44,-1,44,43,45,-1,44,45,46,-1,46,45,47,-1,46,47,48,-1,48,47,49,-1,48,49,2,-1,2,49,0,-1,2,50,48,-1,48,50,51,-1,48,51,46,-1,46,51,52,-1,46,52,44,-1,44,52,53,-1,44,53,42,-1,42,53,54,-1,42,54,40,-1,40,54,55,-1,40,55,38,-1,38,55,56,-1,38,56,36,-1,36,56,57,-1,36,57,34,-1,34,57,58,-1,34,58,32,-1,32,58,59,-1,32,59,30,-1,30,59,60,-1,30,60,28,-1,28,60,61,-1,28,61,26,-1,26,61,62,-1,26,62,24,-1,24,62,63,-1,24,63,22,-1,22,63,64,-1,22,64,20,-1,20,64,65,-1,20,65,18,-1,18,65,66,-1,18,66,16,-1,16,66,67,-1,16,67,14,-1,14,67,68,-1,14,68,12,-1,12,68,69,-1,12,69,10,-1,10,69,70,-1,10,70,8,-1,8,70,71,-1,8,71,6,-1,6,71,72,-1,6,72,4,-1,4,72,73,-1,4,73,2,-1,2,73,50,-1,
        ]
    }
}
Shape{
    appearance Appearance {
        material  Material 	{
            diffuseColor 0.9882352941176471 0.7372549019607844 0.5176470588235295
            specularColor 0.49411764705882355 0.3686274509803922 0.25882352941176473
            ambientIntensity 0.7873
            transparency 0.0
            shininess 0.5
        }
    }
    geometry IndexedFaceSet {
        ccw TRUE
        solid FALSE
        coord DEF co Coordinate {
            point [
                -1.087 1.8586 1.1186, -1.2579 1.8586 1.0478, -1.4413 1.8586 1.7323, -1.4413 1.8586 1.0236, -1.6247 1.8586 1.0478, -0.7568 1.8586 1.5489, -0.8276 1.8586 1.378, -0.9402 1.8586 1.2312, -0.8276 1.8586 2.0866, -0.7568 1.8586 1.9157, -0.7327 1.8586 1.7323, -1.2579 1.8586 2.4168, -1.087 1.8586 2.346, -0.9402 1.8586 2.2334, -1.7957 1.8586 2.346, -1.6247 1.8586 2.4168, -1.4413 1.8586 2.4409, -2.1258 1.8586 1.9157, -2.055 1.8586 2.0866, -1.9424 1.8586 2.2334, -2.055 1.8586 1.378, -2.1258 1.8586 1.5489, -2.15 1.8586 1.7323, -1.7957 1.8586 1.1186, -1.9424 1.8586 1.2312, 1.7477 0.0476 3.189, 1.7477 0.0476 3.3858, 1.7437 0.0826 3.189, 1.7437 0.0826 3.3858, 1.7321 0.1159 3.189, 1.7321 0.1159 3.3858, 1.7133 0.1458 3.189, 1.7133 0.1458 3.3858, 1.6884 0.1707 3.189, 1.6884 0.1707 3.3858, 1.6585 0.1895 3.189, 1.6585 0.1895 3.3858, 1.6252 0.2011 3.189, 1.6252 0.2011 3.3858, 1.5902 0.2051 3.189, 1.5902 0.2051 3.3858, 1.7477 -0.0311 3.189, 1.7477 -0.0311 3.3858, 1.5902 -0.1886 3.189, 1.5902 -0.1886 3.3858, 1.6252 -0.1847 3.189, 1.6252 -0.1847 3.3858, 1.6585 -0.173 3.189, 1.6585 -0.173 3.3858, 1.6884 -0.1543 3.189, 1.6884 -0.1543 3.3858, 1.7133 -0.1293 3.189, 1.7133 -0.1293 3.3858, 1.7321 -0.0995 3.189, 1.7321 -0.0995 3.3858, 1.7437 -0.0662 3.189, 1.7437 -0.0662 3.3858, 0.9209 -0.1886 3.189, 0.9209 -0.1886 3.3858, 0.7634 -0.0311 3.189, 0.7634 -0.0311 3.3858, 0.7674 -0.0662 3.189, 0.7674 -0.0662 3.3858, 0.779 -0.0995 3.189, 0.779 -0.0995 3.3858, 0.7978 -0.1293 3.189, 0.7978 -0.1293 3.3858, 0.8227 -0.1543 3.189, 0.8227 -0.1543 3.3858, 0.8526 -0.173 3.189, 0.8526 -0.173 3.3858, 0.8858 -0.1847 3.189, 0.8858 -0.1847 3.3858, 0.7634 0.0476 3.189, 0.7634 0.0476 3.3858, 0.9209 0.2051 3.189, 0.9209 0.2051 3.3858, 0.8858 0.2011 3.189, 0.8858 0.2011 3.3858, 0.8526 0.1895 3.189, 0.8526 0.1895 3.3858, 0.8227 0.1707 3.189, 0.8227 0.1707 3.3858, 0.7978 0.1458 3.189, 0.7978 0.1458 3.3858, 0.779 0.1159 3.189, 0.779 0.1159 3.3858, 0.7674 0.0826 3.189, 0.7674 0.0826 3.3858, -0.8114 0.0476 3.189, -0.8114 0.0476 3.3858, -0.8153 0.0826 3.189, -0.8153 0.0826 3.3858, -0.827 0.1159 3.189, -0.827 0.1159 3.3858, -0.8458 0.1458 3.189, -0.8458 0.1458 3.3858, -0.8707 0.1707 3.189, -0.8707 0.1707 3.3858, -0.9006 0.1895 3.189, -0.9006 0.1895 3.3858, -0.9338 0.2011 3.189, -0.9338 0.2011 3.3858, -0.9689 0.2051 3.189, -0.9689 0.2051 3.3858, -0.8114 -0.0311 3.189, -0.8114 -0.0311 3.3858, -0.9689 -0.1886 3.189, -0.9689 -0.1886 3.3858, -0.9338 -0.1847 3.189, -0.9338 -0.1847 3.3858, -0.9006 -0.173 3.189, -0.9006 -0.173 3.3858, -0.8707 -0.1543 3.189, -0.8707 -0.1543 3.3858, -0.8458 -0.1293 3.189, -0.8458 -0.1293 3.3858, -0.827 -0.0995 3.189, -0.827 -0.0995 3.3858, -0.8153 -0.0662 3.189, -0.8153 -0.0662 3.3858, -1.6382 -0.1886 3.189, -1.6382 -0.1886 3.3858, -1.7957 -0.0311 3.189, -1.7957 -0.0311 3.3858, -1.7917 -0.0662 3.189, -1.7917 -0.0662 3.3858, -1.7801 -0.0995 3.189, -1.7801 -0.0995 3.3858, -1.7613 -0.1293 3.189, -1.7613 -0.1293 3.3858, -1.7364 -0.1543 3.189, -1.7364 -0.1543 3.3858, -1.7065 -0.173 3.189, -1.7065 -0.173 3.3858, -1.6732 -0.1847 3.189, -1.6732 -0.1847 3.3858, -1.7957 0.0476 3.189, -1.7957 0.0476 3.3858, -1.6382 0.2051 3.189, -1.6382 0.2051 3.3858, -1.6732 0.2011 3.189, -1.6732 0.2011 3.3858, -1.7065 0.1895 3.189, -1.7065 0.1895 3.3858, -1.7364 0.1707 3.189, -1.7364 0.1707 3.3858, -1.7613 0.1458 3.189, -1.7613 0.1458 3.3858, -1.7801 0.1159 3.189, -1.7801 0.1159 3.3858, -1.7917 0.0826 3.189, -1.7917 0.0826 3.3858, 2.476 1.4059 0.0787, 2.476 1.4059 3.3858, 2.476 1.0349 0.0787, 2.476 0.9728 3.3858, 2.476 0.9728 0.0787, 2.791 0.9728 3.353, 2.791 0.9728 0.0787, 2.6994 0.9728 3.3803, 2.6335 0.9728 3.3858, 2.791 1.0349 0.0787, 2.791 1.0909 3.353, 2.791 1.0909 0.0787, 3.0272 1.0909 0.0787, 3.0272 1.0909 2.9921, 2.7923 1.0909 3.3524, 2.8755 1.0909 3.3027, 2.944 1.0909 3.2341, 2.9937 1.0909 3.1509, 3.0216 1.0909 3.0581, 2.791 1.2878 0.0787, 3.0272 1.2878 0.0787, 2.791 1.2878 3.353, 3.0272 1.2878 2.9921, 3.0138 1.2878 3.094, 2.9744 1.2878 3.189, 2.9119 1.2878 3.2705, 2.8303 1.2878 3.3331, 2.791 1.4059 0.0787, 2.791 1.4059 3.353, 2.6335 1.4059 3.3858, 2.7354 1.4059 3.3724, -2.6815 0.9728 3.3858, -2.524 0.9728 3.3858, -2.524 0.9728 0.0787, -2.7474 0.9728 3.3803, -2.839 0.9728 0.0787, -2.839 0.9728 3.353, -2.524 1.0349 0.0787, -2.524 1.4059 3.3858, -2.524 1.4059 0.0787, -2.839 1.4059 3.353, -2.839 1.4059 0.0787, -2.7834 1.4059 3.3724, -2.6815 1.4059 3.3858, -2.839 1.2878 0.0787, -2.839 1.2878 3.353, -3.0752 1.2878 2.9921, -3.0752 1.2878 0.0787, -2.8783 1.2878 3.3331, -2.9599 1.2878 3.2705, -3.0224 1.2878 3.189, -3.0618 1.2878 3.094, -2.839 1.0909 0.0787, -3.0752 1.0909 0.0787, -2.839 1.0909 3.353, -3.0752 1.0909 2.9921, -2.8403 1.0909 3.3524, -3.0696 1.0909 3.0581, -2.9235 1.0909 3.3027, -3.0417 1.0909 3.1509, -2.992 1.0909 3.2341, -2.839 1.0349 0.0787, 0.8815 -1.1729 0.2756, 0.8815 -1.1729 0.0787, 0.899 -1.0404 0.2756, 0.899 -1.0404 0.0787, 0.9501 -0.917 0.2756, 0.9501 -0.917 0.0787, 1.0314 -0.811 0.2756, 1.0314 -0.811 0.0787, 1.0923 -0.7643 0.0787, 1.1374 -0.7296 0.2756, 1.1374 -0.7296 0.0787, 1.2609 -0.6785 0.2756, 1.2609 -0.6785 0.0787, 1.3933 -0.6611 0.2756, 1.3933 -0.6611 0.0787, 1.5258 -0.6785 0.2756, 1.5258 -0.6785 0.0787, 1.6492 -0.7296 0.2756, 1.6492 -0.7296 0.0787, 1.7552 -0.811 0.2756, 1.7552 -0.811 0.0787, 1.8366 -0.917 0.2756, 1.8366 -0.917 0.0787, 1.8877 -1.0404 0.2756, 1.8877 -1.0404 0.0787, 1.9051 -1.1729 0.2756, 1.9051 -1.1729 0.0787, 0.8815 -1.6847 0.2756, 0.8815 -1.6847 0.0787, 1.9051 -1.6847 0.2756, 1.9051 -1.6847 0.0787, 1.0923 -1.6847 0.0787, 1.7413 -1.5209 0.2756, 1.6394 -1.5991 0.2756, 1.5207 -1.6482 0.2756, 0.918 -1.3002 0.2756, 0.9671 -1.4189 0.2756, 1.3933 -1.665 0.2756, 1.266 -1.6482 0.2756, 1.0453 -1.5209 0.2756, 1.1473 -1.5991 0.2756, 1.8195 -1.4189 0.2756, 1.8687 -1.3002 0.2756, 1.8854 -1.1729 0.2756, 1.8687 -1.0455 0.2756, 1.8195 -0.9268 0.2756, 1.7413 -0.8249 0.2756, 1.6394 -0.7467 0.2756, 1.5207 -0.6975 0.2756, 1.3933 -0.6807 0.2756, 1.266 -0.6975 0.2756, 1.1473 -0.7467 0.2756, 1.0453 -0.8249 0.2756, 0.9671 -0.9268 0.2756, 0.918 -1.0455 0.2756, 0.9012 -1.1729 0.2756, -1.9531 -1.6847 0.2756, -0.9295 -1.6847 0.2756, -1.9531 -1.6847 0.0787, -0.9295 -1.6847 0.0787, -0.9295 -1.1729 0.2756, -0.9295 -1.1729 0.0787, -1.9531 -1.1729 0.2756, -1.9531 -1.1729 0.0787, -1.9357 -1.0404 0.2756, -1.9357 -1.0404 0.0787, -1.8846 -0.917 0.2756, -1.8846 -0.917 0.0787, -1.8032 -0.811 0.2756, -1.8032 -0.811 0.0787, -1.6972 -0.7296 0.2756, -1.6972 -0.7296 0.0787, -1.5738 -0.6785 0.2756, -1.5738 -0.6785 0.0787, -1.4413 -0.6611 0.2756, -1.4413 -0.6611 0.0787, -1.3089 -0.6785 0.2756, -1.3089 -0.6785 0.0787, -1.1854 -0.7296 0.2756, -1.1854 -0.7296 0.0787, -1.0794 -0.811 0.2756, -1.0794 -0.811 0.0787, -0.9981 -0.917 0.2756, -0.9981 -0.917 0.0787, -0.947 -1.0404 0.2756, -0.947 -1.0404 0.0787, -1.1953 -1.5991 0.2756, -1.0933 -1.5209 0.2756, -1.9167 -1.3002 0.2756, -1.8675 -1.4189 0.2756, -1.7893 -1.5209 0.2756, -1.6874 -1.5991 0.2756, -1.5687 -1.6482 0.2756, -1.4413 -1.665 0.2756, -1.314 -1.6482 0.2756, -1.0151 -1.4189 0.2756, -0.966 -1.3002 0.2756, -0.9492 -1.1729 0.2756, -0.966 -1.0455 0.2756, -1.0151 -0.9268 0.2756, -1.0933 -0.8249 0.2756, -1.1953 -0.7467 0.2756, -1.314 -0.6975 0.2756, -1.4413 -0.6807 0.2756, -1.5687 -0.6975 0.2756, -1.6874 -0.7467 0.2756, -1.7893 -0.8249 0.2756, -1.8675 -0.9268 0.2756, -1.9167 -1.0455 0.2756, -1.9334 -1.1729 0.2756
            ]
        }
        coordIndex [
            0,1,2,-1,2,1,3,-1,2,3,4,-1,5,6,2,-1,2,6,7,-1,2,7,0,-1,8,9,2,-1,2,9,10,-1,2,10,5,-1,11,12,2,-1,2,12,13,-1,2,13,8,-1,14,15,2,-1,2,15,16,-1,2,16,11,-1,17,18,2,-1,2,18,19,-1,2,19,14,-1,20,21,2,-1,2,21,22,-1,2,22,17,-1,4,23,2,-1,2,23,24,-1,2,24,20,-1,25,26,27,-1,27,26,28,-1,27,28,29,-1,29,28,30,-1,29,30,31,-1,31,30,32,-1,31,32,33,-1,33,32,34,-1,33,34,35,-1,35,34,36,-1,35,36,37,-1,37,36,38,-1,37,38,39,-1,39,38,40,-1,25,41,26,-1,26,41,42,-1,43,44,45,-1,45,44,46,-1,45,46,47,-1,47,46,48,-1,47,48,49,-1,49,48,50,-1,49,50,51,-1,51,50,52,-1,51,52,53,-1,53,52,54,-1,53,54,55,-1,55,54,56,-1,55,56,41,-1,41,56,42,-1,43,57,44,-1,44,57,58,-1,59,60,61,-1,61,60,62,-1,61,62,63,-1,63,62,64,-1,63,64,65,-1,65,64,66,-1,65,66,67,-1,67,66,68,-1,67,68,69,-1,69,68,70,-1,69,70,71,-1,71,70,72,-1,71,72,57,-1,57,72,58,-1,59,73,60,-1,60,73,74,-1,75,76,77,-1,77,76,78,-1,77,78,79,-1,79,78,80,-1,79,80,81,-1,81,80,82,-1,81,82,83,-1,83,82,84,-1,83,84,85,-1,85,84,86,-1,85,86,87,-1,87,86,88,-1,87,88,73,-1,73,88,74,-1,75,39,76,-1,76,39,40,-1,43,39,57,-1,57,39,75,-1,75,77,73,-1,73,77,79,-1,73,79,87,-1,75,73,57,-1,57,73,59,-1,57,59,71,-1,43,45,47,-1,47,49,43,-1,43,49,51,-1,43,51,53,-1,53,55,43,-1,43,55,41,-1,43,41,39,-1,39,41,25,-1,39,25,37,-1,37,25,35,-1,25,27,35,-1,35,27,29,-1,35,29,33,-1,33,29,31,-1,87,79,85,-1,85,79,81,-1,85,81,83,-1,63,65,67,-1,59,61,71,-1,71,61,63,-1,71,63,69,-1,69,63,67,-1,89,90,91,-1,91,90,92,-1,91,92,93,-1,93,92,94,-1,93,94,95,-1,95,94,96,-1,95,96,97,-1,97,96,98,-1,97,98,99,-1,99,98,100,-1,99,100,101,-1,101,100,102,-1,101,102,103,-1,103,102,104,-1,89,105,90,-1,90,105,106,-1,107,108,109,-1,109,108,110,-1,109,110,111,-1,111,110,112,-1,111,112,113,-1,113,112,114,-1,113,114,115,-1,115,114,116,-1,115,116,117,-1,117,116,118,-1,117,118,119,-1,119,118,120,-1,119,120,105,-1,105,120,106,-1,107,121,108,-1,108,121,122,-1,123,124,125,-1,125,124,126,-1,125,126,127,-1,127,126,128,-1,127,128,129,-1,129,128,130,-1,129,130,131,-1,131,130,132,-1,131,132,133,-1,133,132,134,-1,133,134,135,-1,135,134,136,-1,135,136,121,-1,121,136,122,-1,123,137,124,-1,124,137,138,-1,139,140,141,-1,141,140,142,-1,141,142,143,-1,143,142,144,-1,143,144,145,-1,145,144,146,-1,145,146,147,-1,147,146,148,-1,147,148,149,-1,149,148,150,-1,149,150,151,-1,151,150,152,-1,151,152,137,-1,137,152,138,-1,139,103,140,-1,140,103,104,-1,137,123,139,-1,139,123,103,-1,119,105,107,-1,107,105,89,-1,107,89,121,-1,93,95,103,-1,129,121,127,-1,127,121,125,-1,129,131,121,-1,121,131,133,-1,121,133,135,-1,125,121,123,-1,123,121,89,-1,123,89,103,-1,103,89,91,-1,103,91,93,-1,97,99,95,-1,95,99,101,-1,95,101,103,-1,141,143,139,-1,139,143,145,-1,139,145,147,-1,147,149,139,-1,139,149,151,-1,139,151,137,-1,113,107,111,-1,111,107,109,-1,113,115,107,-1,107,115,117,-1,107,117,119,-1,153,154,155,-1,155,154,156,-1,155,156,157,-1,158,159,160,-1,160,159,157,-1,160,157,161,-1,161,157,156,-1,159,158,162,-1,162,158,163,-1,162,163,164,-1,165,164,166,-1,166,164,163,-1,166,163,167,-1,167,168,169,-1,169,170,167,-1,167,170,171,-1,167,171,166,-1,172,173,174,-1,174,173,175,-1,175,176,177,-1,177,178,175,-1,175,178,179,-1,175,179,174,-1,180,172,181,-1,181,172,174,-1,182,154,153,-1,182,153,183,-1,183,153,180,-1,183,180,181,-1,184,185,186,-1,184,186,187,-1,187,186,188,-1,187,188,189,-1,186,185,190,-1,190,185,191,-1,190,191,192,-1,193,194,195,-1,195,194,192,-1,195,192,196,-1,196,192,191,-1,197,194,198,-1,198,194,193,-1,199,200,197,-1,201,202,203,-1,197,198,199,-1,199,198,201,-1,199,201,204,-1,204,201,203,-1,205,206,207,-1,207,206,208,-1,207,208,209,-1,209,208,210,-1,209,210,211,-1,211,210,212,-1,211,212,213,-1,205,207,214,-1,214,207,189,-1,214,189,188,-1,215,216,217,-1,217,216,218,-1,217,218,219,-1,219,218,220,-1,219,220,221,-1,220,222,221,-1,221,222,223,-1,221,223,224,-1,224,223,225,-1,224,225,226,-1,226,225,227,-1,226,227,228,-1,228,227,229,-1,228,229,230,-1,230,229,231,-1,230,231,232,-1,232,231,233,-1,232,233,234,-1,234,233,235,-1,234,235,236,-1,236,235,237,-1,236,237,238,-1,238,237,239,-1,238,239,240,-1,240,239,241,-1,215,242,216,-1,216,242,243,-1,244,245,242,-1,242,245,246,-1,242,246,243,-1,244,240,245,-1,245,240,241,-1,247,244,248,-1,248,244,249,-1,215,250,242,-1,242,250,251,-1,249,244,252,-1,252,244,242,-1,252,242,253,-1,251,254,242,-1,242,254,255,-1,242,255,253,-1,247,256,244,-1,244,256,257,-1,244,257,240,-1,240,257,258,-1,240,258,238,-1,238,258,259,-1,238,259,236,-1,236,259,260,-1,236,260,234,-1,234,260,261,-1,234,261,232,-1,232,261,262,-1,232,262,230,-1,230,262,263,-1,230,263,228,-1,228,263,264,-1,228,264,226,-1,226,264,265,-1,226,265,224,-1,224,265,266,-1,224,266,221,-1,221,266,267,-1,221,267,219,-1,219,267,268,-1,219,268,217,-1,217,268,269,-1,217,269,215,-1,215,269,270,-1,215,270,250,-1,271,272,273,-1,273,272,274,-1,272,275,274,-1,274,275,276,-1,277,278,279,-1,279,278,280,-1,279,280,281,-1,281,280,282,-1,281,282,283,-1,283,282,284,-1,283,284,285,-1,285,284,286,-1,285,286,287,-1,287,286,288,-1,287,288,289,-1,289,288,290,-1,289,290,291,-1,291,290,292,-1,291,292,293,-1,293,292,294,-1,293,294,295,-1,295,294,296,-1,295,296,297,-1,297,296,298,-1,297,298,299,-1,299,298,300,-1,299,300,275,-1,275,300,276,-1,277,271,278,-1,278,271,273,-1,301,302,272,-1,303,271,277,-1,303,304,271,-1,271,304,305,-1,271,305,306,-1,306,307,271,-1,271,307,308,-1,271,308,272,-1,272,308,309,-1,272,309,301,-1,302,310,272,-1,272,310,311,-1,272,311,275,-1,275,311,312,-1,275,312,299,-1,299,312,313,-1,299,313,297,-1,297,313,314,-1,297,314,295,-1,295,314,315,-1,295,315,293,-1,293,315,316,-1,293,316,291,-1,291,316,317,-1,291,317,289,-1,289,317,318,-1,289,318,287,-1,287,318,319,-1,287,319,285,-1,285,319,320,-1,285,320,283,-1,283,320,321,-1,283,321,281,-1,281,321,322,-1,281,322,279,-1,279,322,323,-1,279,323,277,-1,277,323,324,-1,277,324,303,-1,
        ]
    }
}
Shape{
    appearance Appearance {
        material  Material 	{
            diffuseColor 1.0 1.0 1.0
            specularColor 0.5019607843137255 0.5019607843137255 0.5019607843137255
            ambientIntensity 1.0
            transparency 0.0
            shininess 0.5
        }
    }
    geometry IndexedFaceSet {
        ccw TRUE
        solid FALSE
        coord DEF co Coordinate {
            point [
                1.8854 -1.1729 0.2756, 1.8687 -1.0455 -1.4173, 1.8687 -1.0455 0.2756, 1.8195 -0.9268 -1.4173, 1.8195 -0.9268 0.2756, 1.7413 -0.8249 -1.4173, 1.7413 -0.8249 0.2756, 1.6394 -0.7467 -1.4173, 1.6394 -0.7467 0.2756, 1.5207 -0.6975 -1.4173, 1.5207 -0.6975 0.2756, 1.3933 -0.6807 -1.4173, 1.3933 -0.6807 0.2756, 1.266 -0.6975 -1.4173, 1.266 -0.6975 0.2756, 1.1473 -0.7467 -1.4173, 1.1473 -0.7467 0.2756, 1.0453 -0.8249 -1.4173, 1.0453 -0.8249 0.2756, 0.9671 -0.9268 -1.4173, 0.9671 -0.9268 0.2756, 0.918 -1.0455 -1.4173, 0.918 -1.0455 0.2756, 0.9012 -1.1729 -1.4173, 0.9012 -1.1729 0.2756, 0.918 -1.3002 -1.4173, 0.918 -1.3002 0.2756, 0.9671 -1.4189 -1.4173, 0.9671 -1.4189 0.2756, 1.0453 -1.5209 -1.4173, 1.0453 -1.5209 0.2756, 1.1473 -1.5991 -1.4173, 1.1473 -1.5991 0.2756, 1.266 -1.6482 -1.4173, 1.266 -1.6482 0.2756, 1.3933 -1.665 -1.4173, 1.3933 -1.665 0.2756, 1.5207 -1.6482 -1.4173, 1.5207 -1.6482 0.2756, 1.6394 -1.5991 -1.4173, 1.6394 -1.5991 0.2756, 1.7413 -1.5209 -1.4173, 1.7413 -1.5209 0.2756, 1.8195 -1.4189 -1.4173, 1.8195 -1.4189 0.2756, 1.8687 -1.3002 -1.4173, 1.8687 -1.3002 0.2756, 1.8854 -1.1729 -1.4173, 1.0353 -1.3796 -1.4961, 0.994 -1.2799 -1.4961, 1.3933 -1.1729 -1.4961, 0.9799 -1.1729 -1.4961, 0.994 -1.0659 -1.4961, 1.2863 -1.5722 -1.4961, 1.1866 -1.5309 -1.4961, 1.101 -1.4652 -1.4961, 1.6 -1.5309 -1.4961, 1.5003 -1.5722 -1.4961, 1.3933 -1.5863 -1.4961, 1.7926 -1.2799 -1.4961, 1.7513 -1.3796 -1.4961, 1.6856 -1.4652 -1.4961, 1.7513 -0.9662 -1.4961, 1.7926 -1.0659 -1.4961, 1.8067 -1.1729 -1.4961, 1.5003 -0.7736 -1.4961, 1.6 -0.8149 -1.4961, 1.6856 -0.8806 -1.4961, 1.1866 -0.8149 -1.4961, 1.2863 -0.7736 -1.4961, 1.3933 -0.7595 -1.4961, 1.0353 -0.9662 -1.4961, 1.101 -0.8806 -1.4961, -0.9492 -1.1729 0.2756, -0.966 -1.0455 -1.4173, -0.966 -1.0455 0.2756, -1.0151 -0.9268 -1.4173, -1.0151 -0.9268 0.2756, -1.0933 -0.8249 -1.4173, -1.0933 -0.8249 0.2756, -1.1953 -0.7467 -1.4173, -1.1953 -0.7467 0.2756, -1.314 -0.6975 -1.4173, -1.314 -0.6975 0.2756, -1.4413 -0.6807 -1.4173, -1.4413 -0.6807 0.2756, -1.5687 -0.6975 -1.4173, -1.5687 -0.6975 0.2756, -1.6874 -0.7467 -1.4173, -1.6874 -0.7467 0.2756, -1.7893 -0.8249 -1.4173, -1.7893 -0.8249 0.2756, -1.8675 -0.9268 -1.4173, -1.8675 -0.9268 0.2756, -1.9167 -1.0455 -1.4173, -1.9167 -1.0455 0.2756, -1.9334 -1.1729 -1.4173, -1.9334 -1.1729 0.2756, -1.9167 -1.3002 -1.4173, -1.9167 -1.3002 0.2756, -1.8675 -1.4189 -1.4173, -1.8675 -1.4189 0.2756, -1.7893 -1.5209 -1.4173, -1.7893 -1.5209 0.2756, -1.6874 -1.5991 -1.4173, -1.6874 -1.5991 0.2756, -1.5687 -1.6482 -1.4173, -1.5687 -1.6482 0.2756, -1.4413 -1.665 -1.4173, -1.4413 -1.665 0.2756, -1.314 -1.6482 -1.4173, -1.314 -1.6482 0.2756, -1.1953 -1.5991 -1.4173, -1.1953 -1.5991 0.2756, -1.0933 -1.5209 -1.4173, -1.0933 -1.5209 0.2756, -1.0151 -1.4189 -1.4173, -1.0151 -1.4189 0.2756, -0.966 -1.3002 -1.4173, -0.966 -1.3002 0.2756, -0.9492 -1.1729 -1.4173, -1.0833 -0.9662 -1.4961, -1.042 -1.0659 -1.4961, -1.4413 -1.1729 -1.4961, -1.0279 -1.1729 -1.4961, -1.042 -1.2799 -1.4961, -1.3343 -0.7736 -1.4961, -1.2346 -0.8149 -1.4961, -1.149 -0.8806 -1.4961, -1.648 -0.8149 -1.4961, -1.5483 -0.7736 -1.4961, -1.4413 -0.7595 -1.4961, -1.8406 -1.0659 -1.4961, -1.7993 -0.9662 -1.4961, -1.7336 -0.8806 -1.4961, -1.7993 -1.3796 -1.4961, -1.8406 -1.2799 -1.4961, -1.8547 -1.1729 -1.4961, -1.5483 -1.5722 -1.4961, -1.648 -1.5309 -1.4961, -1.7336 -1.4652 -1.4961, -1.2346 -1.5309 -1.4961, -1.3343 -1.5722 -1.4961, -1.4413 -1.5863 -1.4961, -1.0833 -1.3796 -1.4961, -1.149 -1.4652 -1.4961
            ]
        }
        coordIndex [
            0,1,2,-1,2,1,3,-1,2,3,4,-1,4,3,5,-1,4,5,6,-1,6,5,7,-1,6,7,8,-1,8,7,9,-1,8,9,10,-1,10,9,11,-1,10,11,12,-1,12,11,13,-1,12,13,14,-1,14,13,15,-1,14,15,16,-1,16,15,17,-1,16,17,18,-1,18,17,19,-1,18,19,20,-1,20,19,21,-1,20,21,22,-1,22,21,23,-1,22,23,24,-1,24,23,25,-1,24,25,26,-1,26,25,27,-1,26,27,28,-1,28,27,29,-1,28,29,30,-1,30,29,31,-1,30,31,32,-1,32,31,33,-1,32,33,34,-1,34,33,35,-1,34,35,36,-1,36,35,37,-1,36,37,38,-1,38,37,39,-1,38,39,40,-1,40,39,41,-1,40,41,42,-1,42,41,43,-1,42,43,44,-1,44,43,45,-1,44,45,46,-1,46,45,47,-1,46,47,0,-1,0,47,1,-1,48,49,50,-1,50,49,51,-1,50,51,52,-1,53,54,50,-1,50,54,55,-1,50,55,48,-1,56,57,50,-1,50,57,58,-1,50,58,53,-1,59,60,50,-1,50,60,61,-1,50,61,56,-1,62,63,50,-1,50,63,64,-1,50,64,59,-1,65,66,50,-1,50,66,67,-1,50,67,62,-1,68,69,50,-1,50,69,70,-1,50,70,65,-1,52,71,50,-1,50,71,72,-1,50,72,68,-1,73,74,75,-1,75,74,76,-1,75,76,77,-1,77,76,78,-1,77,78,79,-1,79,78,80,-1,79,80,81,-1,81,80,82,-1,81,82,83,-1,83,82,84,-1,83,84,85,-1,85,84,86,-1,85,86,87,-1,87,86,88,-1,87,88,89,-1,89,88,90,-1,89,90,91,-1,91,90,92,-1,91,92,93,-1,93,92,94,-1,93,94,95,-1,95,94,96,-1,95,96,97,-1,97,96,98,-1,97,98,99,-1,99,98,100,-1,99,100,101,-1,101,100,102,-1,101,102,103,-1,103,102,104,-1,103,104,105,-1,105,104,106,-1,105,106,107,-1,107,106,108,-1,107,108,109,-1,109,108,110,-1,109,110,111,-1,111,110,112,-1,111,112,113,-1,113,112,114,-1,113,114,115,-1,115,114,116,-1,115,116,117,-1,117,116,118,-1,117,118,119,-1,119,118,120,-1,119,120,73,-1,73,120,74,-1,121,122,123,-1,123,122,124,-1,123,124,125,-1,126,127,123,-1,123,127,128,-1,123,128,121,-1,129,130,123,-1,123,130,131,-1,123,131,126,-1,132,133,123,-1,123,133,134,-1,123,134,129,-1,135,136,123,-1,123,136,137,-1,123,137,132,-1,138,139,123,-1,123,139,140,-1,123,140,135,-1,141,142,123,-1,123,142,143,-1,123,143,138,-1,125,144,123,-1,123,144,145,-1,123,145,141,-1,120,122,74,-1,74,122,121,-1,74,121,76,-1,76,121,128,-1,76,128,78,-1,78,128,127,-1,78,127,80,-1,80,127,126,-1,80,126,82,-1,82,126,131,-1,82,131,84,-1,84,131,130,-1,84,130,86,-1,86,130,129,-1,86,129,88,-1,88,129,134,-1,88,134,90,-1,90,134,133,-1,90,133,92,-1,92,133,132,-1,92,132,94,-1,94,132,137,-1,94,137,96,-1,96,137,136,-1,96,136,98,-1,98,136,135,-1,98,135,100,-1,100,135,140,-1,100,140,102,-1,102,140,139,-1,102,139,104,-1,104,139,138,-1,104,138,106,-1,106,138,143,-1,106,143,108,-1,108,143,142,-1,108,142,110,-1,110,142,141,-1,110,141,112,-1,112,141,145,-1,112,145,114,-1,114,145,144,-1,114,144,116,-1,116,144,125,-1,116,125,118,-1,118,125,124,-1,118,124,120,-1,120,124,122,-1,47,63,1,-1,1,63,62,-1,1,62,3,-1,3,62,67,-1,3,67,5,-1,5,67,66,-1,5,66,7,-1,7,66,65,-1,7,65,9,-1,9,65,70,-1,9,70,11,-1,11,70,69,-1,11,69,13,-1,13,69,68,-1,13,68,15,-1,15,68,72,-1,15,72,17,-1,17,72,71,-1,17,71,19,-1,19,71,52,-1,19,52,21,-1,21,52,51,-1,21,51,23,-1,23,51,49,-1,23,49,25,-1,25,49,48,-1,25,48,27,-1,27,48,55,-1,27,55,29,-1,29,55,54,-1,29,54,31,-1,31,54,53,-1,31,53,33,-1,33,53,58,-1,33,58,35,-1,35,58,57,-1,35,57,37,-1,37,57,56,-1,37,56,39,-1,39,56,61,-1,39,61,41,-1,41,61,60,-1,41,60,43,-1,43,60,59,-1,43,59,45,-1,45,59,64,-1,45,64,47,-1,47,64,63,-1,
        ]
    }
}
Shape{
    appearance Appearance {
        material  Material 	{
            diffuseColor 0.9882352941176471 0.7372549019607844 0.5176470588235295
            specularColor 0.49411764705882355 0.3686274509803922 0.25882352941176473
            ambientIntensity 0.7873
            transparency 0.0
            shininess 0.5
        }
    }
    geometry IndexedFaceSet {
        ccw TRUE
        solid FALSE
        coord DEF co Coordinate {
            point [
                -0.3775 0.0529 0.8661, -0.3775 0.0529 0.0787, -0.395 0.0549 0.8661, -0.395 0.0549 0.0787, -0.4117 0.0607 0.8661, -0.4117 0.0607 0.0787, -0.4266 0.0701 0.8661, -0.4266 0.0701 0.0787, -0.4391 0.0826 0.8661, -0.4391 0.0826 0.0787, -0.4485 0.0975 0.8661, -0.4485 0.0975 0.0787, -0.4543 0.1142 0.8661, -0.4543 0.1142 0.0787, -0.4563 0.1317 0.8661, -0.4563 0.1317 0.0787, -0.1504 0.0529 0.0787, 0.3295 0.0529 0.8661, 0.1377 0.0529 0.0787, 0.3295 0.0529 0.0787, 0.4083 0.1317 0.8661, 0.4083 0.1317 0.0787, 0.4063 0.1142 0.8661, 0.4063 0.1142 0.0787, 0.4005 0.0975 0.8661, 0.4005 0.0975 0.0787, 0.3911 0.0826 0.8661, 0.3911 0.0826 0.0787, 0.3786 0.0701 0.8661, 0.3786 0.0701 0.0787, 0.3637 0.0607 0.8661, 0.3637 0.0607 0.0787, 0.347 0.0549 0.8661, 0.347 0.0549 0.0787, 0.4083 0.3372 0.8661, 0.4083 0.3372 0.0787, 0.3295 0.416 0.8661, 0.3295 0.416 0.0787, 0.347 0.414 0.8661, 0.347 0.414 0.0787, 0.3637 0.4082 0.8661, 0.3637 0.4082 0.0787, 0.3786 0.3988 0.8661, 0.3786 0.3988 0.0787, 0.3911 0.3863 0.8661, 0.3911 0.3863 0.0787, 0.4005 0.3714 0.8661, 0.4005 0.3714 0.0787, 0.4063 0.3547 0.8661, 0.4063 0.3547 0.0787, 0.1377 0.416 0.0787, -0.3775 0.416 0.8661, -0.1504 0.416 0.0787, -0.3775 0.416 0.0787, -0.4563 0.3372 0.8661, -0.4563 0.3372 0.0787, -0.4543 0.3547 0.8661, -0.4543 0.3547 0.0787, -0.4485 0.3714 0.8661, -0.4485 0.3714 0.0787, -0.4391 0.3863 0.8661, -0.4391 0.3863 0.0787, -0.4266 0.3988 0.8661, -0.4266 0.3988 0.0787, -0.4117 0.4082 0.8661, -0.4117 0.4082 0.0787, -0.395 0.414 0.8661, -0.395 0.414 0.0787, 1.8619 0.416 0.8661, 1.8619 0.416 0.0787, 1.8794 0.414 0.8661, 1.8794 0.414 0.0787, 1.8961 0.4082 0.8661, 1.8961 0.4082 0.0787, 1.911 0.3988 0.8661, 1.911 0.3988 0.0787, 1.9235 0.3863 0.8661, 1.9235 0.3863 0.0787, 1.9328 0.3714 0.8661, 1.9328 0.3714 0.0787, 1.9387 0.3547 0.8661, 1.9387 0.3547 0.0787, 1.9406 0.3372 0.8661, 1.9406 0.3372 0.0787, 1.3818 0.416 0.8661, 1.3818 0.416 0.0787, 1.303 0.3372 0.8661, 1.303 0.3372 0.0787, 1.305 0.3547 0.8661, 1.305 0.3547 0.0787, 1.3108 0.3714 0.8661, 1.3108 0.3714 0.0787, 1.3202 0.3863 0.8661, 1.3202 0.3863 0.0787, 1.3327 0.3988 0.8661, 1.3327 0.3988 0.0787, 1.3476 0.4082 0.8661, 1.3476 0.4082 0.0787, 1.3643 0.414 0.8661, 1.3643 0.414 0.0787, 1.303 0.1317 0.8661, 1.303 0.1317 0.0787, 1.3818 0.0529 0.8661, 1.3818 0.0529 0.0787, 1.3643 0.0549 0.8661, 1.3643 0.0549 0.0787, 1.3476 0.0607 0.8661, 1.3476 0.0607 0.0787, 1.3327 0.0701 0.8661, 1.3327 0.0701 0.0787, 1.3202 0.0826 0.8661, 1.3202 0.0826 0.0787, 1.3108 0.0975 0.8661, 1.3108 0.0975 0.0787, 1.305 0.1142 0.8661, 1.305 0.1142 0.0787, 1.8619 0.0529 0.8661, 1.8619 0.0529 0.0787, 1.9406 0.1317 0.8661, 1.9406 0.1317 0.0787, 1.9387 0.1142 0.8661, 1.9387 0.1142 0.0787, 1.9328 0.0975 0.8661, 1.9328 0.0975 0.0787, 1.9235 0.0826 0.8661, 1.9235 0.0826 0.0787, 1.911 0.0701 0.8661, 1.911 0.0701 0.0787, 1.8961 0.0607 0.8661, 1.8961 0.0607 0.0787, 1.8794 0.0549 0.8661, 1.8794 0.0549 0.0787, -1.9099 0.0529 0.8661, -1.9099 0.0529 0.0787, -1.9274 0.0549 0.8661, -1.9274 0.0549 0.0787, -1.9441 0.0607 0.8661, -1.9441 0.0607 0.0787, -1.959 0.0701 0.8661, -1.959 0.0701 0.0787, -1.9709 0.082 0.0787, -1.9715 0.0826 0.8661, -1.9715 0.0826 0.0787, -1.9808 0.0975 0.8661, -1.9808 0.0975 0.0787, -1.9867 0.1142 0.8661, -1.9867 0.1142 0.0787, -1.9886 0.1317 0.8661, -1.9886 0.1317 0.0787, -1.4298 0.0529 0.8661, -1.4298 0.0529 0.0787, -1.351 0.1317 0.8661, -1.351 0.1317 0.0787, -1.353 0.1142 0.8661, -1.353 0.1142 0.0787, -1.3588 0.0975 0.8661, -1.3588 0.0975 0.0787, -1.3682 0.0826 0.8661, -1.3682 0.0826 0.0787, -1.3807 0.0701 0.8661, -1.3807 0.0701 0.0787, -1.3956 0.0607 0.8661, -1.3956 0.0607 0.0787, -1.4123 0.0549 0.8661, -1.4123 0.0549 0.0787, -1.351 0.3372 0.8661, -1.351 0.3372 0.0787, -1.4298 0.416 0.8661, -1.4298 0.416 0.0787, -1.4123 0.414 0.8661, -1.4123 0.414 0.0787, -1.3956 0.4082 0.8661, -1.3956 0.4082 0.0787, -1.3807 0.3988 0.8661, -1.3807 0.3988 0.0787, -1.3682 0.3863 0.8661, -1.3682 0.3863 0.0787, -1.3588 0.3714 0.8661, -1.3588 0.3714 0.0787, -1.353 0.3547 0.8661, -1.353 0.3547 0.0787, -1.9099 0.416 0.8661, -1.9099 0.416 0.0787, -1.9886 0.3372 0.8661, -1.9886 0.3372 0.0787, -1.9867 0.3547 0.8661, -1.9867 0.3547 0.0787, -1.9808 0.3714 0.8661, -1.9808 0.3714 0.0787, -1.9715 0.3863 0.8661, -1.9715 0.3863 0.0787, -1.959 0.3988 0.8661, -1.9709 0.3869 0.0787, -1.959 0.3988 0.0787, -1.9441 0.4082 0.8661, -1.9441 0.4082 0.0787, -1.9274 0.414 0.8661, -1.9274 0.414 0.0787
            ]
        }
        coordIndex [
            0,1,2,-1,2,1,3,-1,2,3,4,-1,4,3,5,-1,4,5,6,-1,6,5,7,-1,6,7,8,-1,8,7,9,-1,8,9,10,-1,10,9,11,-1,10,11,12,-1,12,11,13,-1,12,13,14,-1,14,13,15,-1,1,0,16,-1,16,0,17,-1,16,17,18,-1,18,17,19,-1,20,21,22,-1,22,21,23,-1,22,23,24,-1,24,23,25,-1,24,25,26,-1,26,25,27,-1,26,27,28,-1,28,27,29,-1,28,29,30,-1,30,29,31,-1,30,31,32,-1,32,31,33,-1,32,33,17,-1,17,33,19,-1,20,34,21,-1,21,34,35,-1,36,37,38,-1,38,37,39,-1,38,39,40,-1,40,39,41,-1,40,41,42,-1,42,41,43,-1,42,43,44,-1,44,43,45,-1,44,45,46,-1,46,45,47,-1,46,47,48,-1,48,47,49,-1,48,49,34,-1,34,49,35,-1,37,36,50,-1,50,36,51,-1,50,51,52,-1,52,51,53,-1,54,55,56,-1,56,55,57,-1,56,57,58,-1,58,57,59,-1,58,59,60,-1,60,59,61,-1,60,61,62,-1,62,61,63,-1,62,63,64,-1,64,63,65,-1,64,65,66,-1,66,65,67,-1,66,67,51,-1,51,67,53,-1,54,14,55,-1,55,14,15,-1,34,20,14,-1,22,24,26,-1,30,32,20,-1,20,32,17,-1,20,17,14,-1,14,17,0,-1,22,26,20,-1,20,26,28,-1,20,28,30,-1,14,54,34,-1,34,54,51,-1,34,51,36,-1,0,2,14,-1,14,2,4,-1,14,4,6,-1,6,8,14,-1,14,8,10,-1,14,10,12,-1,56,58,54,-1,54,58,60,-1,54,60,62,-1,62,64,54,-1,54,64,66,-1,54,66,51,-1,36,38,34,-1,34,38,40,-1,34,40,42,-1,42,44,34,-1,34,44,46,-1,34,46,48,-1,68,69,70,-1,70,69,71,-1,70,71,72,-1,72,71,73,-1,72,73,74,-1,74,73,75,-1,74,75,76,-1,76,75,77,-1,76,77,78,-1,78,77,79,-1,78,79,80,-1,80,79,81,-1,80,81,82,-1,82,81,83,-1,68,84,69,-1,69,84,85,-1,86,87,88,-1,88,87,89,-1,88,89,90,-1,90,89,91,-1,90,91,92,-1,92,91,93,-1,92,93,94,-1,94,93,95,-1,94,95,96,-1,96,95,97,-1,96,97,98,-1,98,97,99,-1,98,99,84,-1,84,99,85,-1,86,100,87,-1,87,100,101,-1,102,103,104,-1,104,103,105,-1,104,105,106,-1,106,105,107,-1,106,107,108,-1,108,107,109,-1,108,109,110,-1,110,109,111,-1,110,111,112,-1,112,111,113,-1,112,113,114,-1,114,113,115,-1,114,115,100,-1,100,115,101,-1,102,116,103,-1,103,116,117,-1,118,119,120,-1,120,119,121,-1,120,121,122,-1,122,121,123,-1,122,123,124,-1,124,123,125,-1,124,125,126,-1,126,125,127,-1,126,127,128,-1,128,127,129,-1,128,129,130,-1,130,129,131,-1,130,131,116,-1,116,131,117,-1,118,82,119,-1,119,82,83,-1,114,100,102,-1,102,100,116,-1,92,84,90,-1,90,84,88,-1,92,94,84,-1,84,94,96,-1,84,96,98,-1,84,68,82,-1,82,68,70,-1,82,70,72,-1,72,74,82,-1,82,74,76,-1,82,76,80,-1,80,76,78,-1,108,110,106,-1,106,110,104,-1,104,110,102,-1,102,110,112,-1,102,112,114,-1,88,84,86,-1,86,84,82,-1,86,82,100,-1,100,82,118,-1,100,118,116,-1,116,118,120,-1,116,120,122,-1,122,124,116,-1,116,124,126,-1,116,126,130,-1,130,126,128,-1,132,133,134,-1,134,133,135,-1,134,135,136,-1,136,135,137,-1,136,137,138,-1,137,139,138,-1,138,139,140,-1,138,140,141,-1,141,140,142,-1,141,142,143,-1,143,142,144,-1,143,144,145,-1,145,144,146,-1,145,146,147,-1,147,146,148,-1,132,149,133,-1,133,149,150,-1,151,152,153,-1,153,152,154,-1,153,154,155,-1,155,154,156,-1,155,156,157,-1,157,156,158,-1,157,158,159,-1,159,158,160,-1,159,160,161,-1,161,160,162,-1,161,162,163,-1,163,162,164,-1,163,164,149,-1,149,164,150,-1,151,165,152,-1,152,165,166,-1,167,168,169,-1,169,168,170,-1,169,170,171,-1,171,170,172,-1,171,172,173,-1,173,172,174,-1,173,174,175,-1,175,174,176,-1,175,176,177,-1,177,176,178,-1,177,178,179,-1,179,178,180,-1,179,180,165,-1,165,180,166,-1,167,181,168,-1,168,181,182,-1,183,184,185,-1,185,184,186,-1,185,186,187,-1,187,186,188,-1,187,188,189,-1,189,188,190,-1,189,190,191,-1,190,192,191,-1,191,192,193,-1,191,193,194,-1,194,193,195,-1,194,195,196,-1,196,195,197,-1,196,197,181,-1,181,197,182,-1,183,147,184,-1,184,147,148,-1,181,167,165,-1,157,149,155,-1,155,149,153,-1,157,159,149,-1,149,159,161,-1,149,161,163,-1,149,132,147,-1,147,132,134,-1,147,134,136,-1,136,138,147,-1,147,138,141,-1,147,141,145,-1,145,141,143,-1,167,169,165,-1,165,169,171,-1,165,171,173,-1,173,175,165,-1,165,175,177,-1,165,177,179,-1,153,149,151,-1,151,149,147,-1,151,147,165,-1,165,147,183,-1,165,183,181,-1,181,183,185,-1,181,185,187,-1,187,189,181,-1,181,189,191,-1,181,191,196,-1,196,191,194,-1,
        ]
    }
}
Shape{
    appearance Appearance {
        material  Material 	{
            diffuseColor 0.0 0.0 0.0
            specularColor 0.0 0.0 0.0
            ambientIntensity 0.0
            transparency 0.0
            shininess 0.5
        }
    }
    geometry IndexedFaceSet {
        ccw TRUE
        solid FALSE
        coord DEF co Coordinate {
            point [
                -0.7361 1.431 0.0791, -0.8897 1.0373 0.0791, -0.7361 1.431 0.0787, -0.8897 1.0373 0.0787, -0.8321 1.0373 0.0791, -0.8321 1.0373 0.0787, -0.7923 1.1477 0.0791, -0.7923 1.1477 0.0787, -0.6297 1.1477 0.0791, -0.6297 1.1477 0.0787, -0.5921 1.0373 0.0791, -0.5921 1.0373 0.0787, -0.5345 1.0373 0.0791, -0.5345 1.0373 0.0787, -0.6833 1.431 0.0791, -0.6833 1.431 0.0787, -0.6429 1.1909 0.0791, -0.7746 1.1909 0.0791, -0.7017 1.3554 0.0791, -0.7055 1.369 0.0791, -0.708 1.383 0.0791, -0.7092 1.383 0.0791, -0.7118 1.3691 0.0791, -0.7153 1.3554 0.0791, -0.6429 1.1909 0.0787, -0.7746 1.1909 0.0787, -0.7017 1.3554 0.0787, -0.7055 1.369 0.0787, -0.708 1.383 0.0787, -0.7092 1.383 0.0787, -0.7118 1.3691 0.0787, -0.7153 1.3554 0.0787, -0.2958 1.0373 0.0791, -0.1888 1.0373 0.0791, -0.2958 1.0373 0.0787, -0.1888 1.0373 0.0787, -0.1888 1.431 0.0791, -0.1888 1.431 0.0787, -0.2999 1.431 0.0791, -0.2999 1.431 0.0787, -0.5056 1.2391 0.0791, -0.5056 1.2391 0.0787, -0.5028 1.2761 0.0787, -0.5028 1.2761 0.0791, -0.4922 1.3149 0.0787, -0.4922 1.3149 0.0791, -0.4739 1.3488 0.0787, -0.4739 1.3488 0.0791, -0.4461 1.3797 0.0787, -0.4461 1.3797 0.0791, -0.4457 1.38 0.0787, -0.4457 1.38 0.0791, -0.4028 1.4087 0.0787, -0.4028 1.4087 0.0791, -0.3567 1.4249 0.0787, -0.3567 1.4249 0.0791, -0.3445 1.0415 0.0787, -0.3445 1.0415 0.0791, -0.3899 1.0551 0.0787, -0.3899 1.0551 0.0791, -0.431 1.0789 0.0787, -0.431 1.0789 0.0791, -0.4634 1.11 0.0787, -0.4634 1.11 0.0791, -0.486 1.1452 0.0787, -0.486 1.1452 0.0791, -0.5001 1.1864 0.0787, -0.5001 1.1864 0.0791, -0.4266 1.3326 0.0791, -0.4075 1.3529 0.0791, -0.3787 1.3715 0.0791, -0.3462 1.3828 0.0791, -0.2996 1.3878 0.0791, -0.2416 1.3878 0.0791, -0.2416 1.0805 0.0791, -0.2975 1.0805 0.0791, -0.339 1.0844 0.0791, -0.3721 1.0947 0.0791, -0.399 1.1106 0.0791, -0.4211 1.1325 0.0791, -0.4377 1.1596 0.0791, -0.4492 1.1966 0.0791, -0.4528 1.238 0.0791, -0.4495 1.2771 0.0791, -0.4403 1.3083 0.0791, -0.2996 1.3878 0.0787, -0.2416 1.3878 0.0787, -0.3462 1.3828 0.0787, -0.3787 1.3715 0.0787, -0.4075 1.3529 0.0787, -0.4266 1.3326 0.0787, -0.4403 1.3083 0.0787, -0.4495 1.2771 0.0787, -0.4528 1.238 0.0787, -0.4492 1.1966 0.0787, -0.4377 1.1596 0.0787, -0.4211 1.1325 0.0787, -0.399 1.1106 0.0787, -0.3721 1.0947 0.0787, -0.339 1.0844 0.0787, -0.2975 1.0805 0.0787, -0.2416 1.0805 0.0787, -0.1119 1.0805 0.0791, -0.1119 1.0373 0.0791, -0.1119 1.0805 0.0787, -0.1119 1.0373 0.0787, 0.0993 1.0373 0.0791, 0.0993 1.0373 0.0787, 0.0993 1.431 0.0791, 0.0993 1.431 0.0787, -0.1023 1.431 0.0791, -0.1023 1.431 0.0787, -0.1023 1.3878 0.0791, -0.1023 1.3878 0.0787, 0.0465 1.3878 0.0791, 0.0465 1.3878 0.0787, 0.0465 1.2581 0.0791, 0.0465 1.2581 0.0787, -0.0927 1.2581 0.0791, -0.0927 1.2581 0.0787, -0.0927 1.2149 0.0791, -0.0927 1.2149 0.0787, 0.0465 1.2149 0.0791, 0.0465 1.2149 0.0787, 0.0465 1.0805 0.0791, 0.0465 1.0805 0.0787, 0.1761 1.1009 0.0791, 0.1761 1.0577 0.0791, 0.1761 1.1009 0.0787, 0.1761 1.0577 0.0787, 0.2181 1.0405 0.0791, 0.2845 1.0325 0.0791, 0.2845 1.0325 0.0787, 0.2737 1.0327 0.0787, 0.2737 1.0327 0.0791, 0.2579 1.0349 0.0787, 0.2181 1.0405 0.0787, 0.3076 1.0349 0.0787, 0.333 1.0375 0.0791, 0.333 1.0375 0.0787, 0.3711 1.0507 0.0791, 0.3711 1.0507 0.0787, 0.4028 1.0709 0.0791, 0.4028 1.0709 0.0787, 0.4324 1.102 0.0791, 0.4324 1.102 0.0787, 0.4533 1.1394 0.0791, 0.4533 1.1394 0.0787, 0.4652 1.1811 0.0791, 0.4652 1.1811 0.0787, 0.469 1.2267 0.0791, 0.469 1.2267 0.0787, 0.2688 1.4358 0.0791, 0.2688 1.4358 0.0787, 0.3083 1.4326 0.0787, 0.3083 1.4326 0.0791, 0.3522 1.4198 0.0787, 0.3522 1.4198 0.0791, 0.3896 1.3983 0.0787, 0.3896 1.3983 0.0791, 0.4252 1.3641 0.0787, 0.4252 1.3641 0.0791, 0.4482 1.3273 0.0787, 0.4482 1.3273 0.0791, 0.4633 1.2827 0.0787, 0.4633 1.2827 0.0791, 0.1761 1.4202 0.0791, 0.1761 1.4202 0.0787, 0.2216 1.4325 0.0787, 0.2216 1.4325 0.0791, 0.1761 1.3674 0.0791, 0.1761 1.3674 0.0787, 0.2683 1.3926 0.0791, 0.2683 1.3926 0.0787, 0.2205 1.3864 0.0787, 0.2205 1.3864 0.0791, 0.4162 1.2299 0.0791, 0.4162 1.2299 0.0787, 0.4143 1.2606 0.0787, 0.4143 1.2606 0.0791, 0.4038 1.3027 0.0787, 0.4038 1.3027 0.0791, 0.3876 1.3331 0.0787, 0.3876 1.3331 0.0791, 0.3638 1.3594 0.0787, 0.3638 1.3594 0.0791, 0.3366 1.3776 0.0787, 0.3366 1.3776 0.0791, 0.3071 1.3882 0.0787, 0.3071 1.3882 0.0791, 0.2772 1.0757 0.0791, 0.2772 1.0757 0.0787, 0.3139 1.0798 0.0787, 0.3139 1.0798 0.0791, 0.3426 1.0904 0.0787, 0.3426 1.0904 0.0791, 0.3668 1.1067 0.0787, 0.3668 1.1067 0.0791, 0.3852 1.1262 0.0787, 0.3852 1.1262 0.0791, 0.4015 1.1535 0.0787, 0.4015 1.1535 0.0791, 0.4122 1.1873 0.0787, 0.4122 1.1873 0.0791, 0.1832 1.097 0.0787, 0.1832 1.097 0.0791, 0.2249 1.0815 0.0787, 0.2249 1.0815 0.0791, 0.5026 1.0805 0.0791, 0.5026 1.0373 0.0791, 0.5026 1.0805 0.0787, 0.5026 1.0373 0.0787, 0.7043 1.0373 0.0791, 0.7043 1.0373 0.0787, 0.7043 1.431 0.0791, 0.7043 1.431 0.0787, 0.6515 1.431 0.0791, 0.6515 1.431 0.0787, 0.6515 1.0805 0.0791, 0.6515 1.0805 0.0787
            ]
        }
        coordIndex [
            0,1,2,-1,2,1,3,-1,1,4,3,-1,3,4,5,-1,4,6,5,-1,5,6,7,-1,6,8,7,-1,7,8,9,-1,8,10,9,-1,9,10,11,-1,10,12,11,-1,11,12,13,-1,12,14,13,-1,13,14,15,-1,14,0,15,-1,15,0,2,-1,16,8,17,-1,17,8,6,-1,18,14,16,-1,16,14,12,-1,16,12,8,-1,8,12,10,-1,18,19,14,-1,14,19,20,-1,14,20,0,-1,0,20,21,-1,0,21,22,-1,22,23,0,-1,0,23,17,-1,0,17,1,-1,1,17,6,-1,1,6,4,-1,16,17,24,-1,24,17,25,-1,18,16,26,-1,26,16,24,-1,18,26,27,-1,18,27,19,-1,19,27,28,-1,19,28,20,-1,21,20,29,-1,29,20,28,-1,21,29,30,-1,21,30,22,-1,22,30,31,-1,22,31,23,-1,17,23,25,-1,25,23,31,-1,32,33,34,-1,34,33,35,-1,33,36,35,-1,35,36,37,-1,36,38,37,-1,37,38,39,-1,40,41,42,-1,40,42,43,-1,43,42,44,-1,43,44,45,-1,45,44,46,-1,45,46,47,-1,47,46,48,-1,47,48,49,-1,49,48,50,-1,49,50,51,-1,51,50,52,-1,51,52,53,-1,53,52,54,-1,53,54,55,-1,55,54,39,-1,55,39,38,-1,32,34,56,-1,32,56,57,-1,57,56,58,-1,57,58,59,-1,59,58,60,-1,59,60,61,-1,61,60,62,-1,61,62,63,-1,63,62,64,-1,63,64,65,-1,65,64,66,-1,65,66,67,-1,67,66,41,-1,67,41,40,-1,45,47,68,-1,68,47,49,-1,68,49,69,-1,69,49,51,-1,69,51,70,-1,70,51,53,-1,70,53,71,-1,71,53,55,-1,71,55,72,-1,72,55,38,-1,72,38,73,-1,73,38,36,-1,73,36,74,-1,74,36,33,-1,74,33,75,-1,75,33,32,-1,75,32,76,-1,76,32,57,-1,76,57,77,-1,77,57,59,-1,77,59,78,-1,78,59,61,-1,78,61,79,-1,79,61,63,-1,79,63,80,-1,80,63,65,-1,80,65,81,-1,81,65,67,-1,81,67,82,-1,82,67,40,-1,82,40,83,-1,83,40,43,-1,83,43,84,-1,84,43,45,-1,84,45,68,-1,72,73,85,-1,85,73,86,-1,72,85,87,-1,72,87,71,-1,71,87,88,-1,71,88,70,-1,70,88,89,-1,70,89,69,-1,69,89,90,-1,69,90,68,-1,68,90,91,-1,68,91,84,-1,84,91,92,-1,84,92,83,-1,83,92,93,-1,83,93,82,-1,82,93,94,-1,82,94,81,-1,81,94,95,-1,81,95,80,-1,80,95,96,-1,80,96,79,-1,79,96,97,-1,79,97,78,-1,78,97,98,-1,78,98,77,-1,77,98,99,-1,77,99,76,-1,76,99,100,-1,76,100,75,-1,74,75,101,-1,101,75,100,-1,73,74,86,-1,86,74,101,-1,102,103,104,-1,104,103,105,-1,103,106,105,-1,105,106,107,-1,106,108,107,-1,107,108,109,-1,108,110,109,-1,109,110,111,-1,110,112,111,-1,111,112,113,-1,112,114,113,-1,113,114,115,-1,114,116,115,-1,115,116,117,-1,116,118,117,-1,117,118,119,-1,118,120,119,-1,119,120,121,-1,120,122,121,-1,121,122,123,-1,122,124,123,-1,123,124,125,-1,124,102,125,-1,125,102,104,-1,106,103,102,-1,102,124,106,-1,106,124,122,-1,106,122,108,-1,112,110,114,-1,114,110,108,-1,114,108,116,-1,116,108,122,-1,116,122,118,-1,118,122,120,-1,126,127,128,-1,128,127,129,-1,129,127,130,-1,131,132,133,-1,131,133,134,-1,134,133,135,-1,134,135,130,-1,130,135,136,-1,130,136,129,-1,132,131,137,-1,137,131,138,-1,137,138,139,-1,139,138,140,-1,139,140,141,-1,141,140,142,-1,141,142,143,-1,143,142,144,-1,143,144,145,-1,145,144,146,-1,145,146,147,-1,147,146,148,-1,147,148,149,-1,149,148,150,-1,149,150,151,-1,152,153,154,-1,152,154,155,-1,155,154,156,-1,155,156,157,-1,157,156,158,-1,157,158,159,-1,159,158,160,-1,159,160,161,-1,161,160,162,-1,161,162,163,-1,163,162,164,-1,163,164,165,-1,165,164,151,-1,165,151,150,-1,166,167,168,-1,166,168,169,-1,169,168,153,-1,169,153,152,-1,166,170,167,-1,167,170,171,-1,172,173,174,-1,172,174,175,-1,175,174,171,-1,175,171,170,-1,176,177,178,-1,176,178,179,-1,179,178,180,-1,179,180,181,-1,181,180,182,-1,181,182,183,-1,183,182,184,-1,183,184,185,-1,185,184,186,-1,185,186,187,-1,187,186,188,-1,187,188,189,-1,189,188,173,-1,189,173,172,-1,190,191,192,-1,190,192,193,-1,193,192,194,-1,193,194,195,-1,195,194,196,-1,195,196,197,-1,197,196,198,-1,197,198,199,-1,199,198,200,-1,199,200,201,-1,201,200,202,-1,201,202,203,-1,203,202,177,-1,203,177,176,-1,126,128,204,-1,126,204,205,-1,205,204,206,-1,205,206,207,-1,207,206,191,-1,207,191,190,-1,193,131,190,-1,190,131,134,-1,190,134,207,-1,207,134,130,-1,207,130,205,-1,205,130,127,-1,205,127,126,-1,170,166,175,-1,175,166,169,-1,175,169,172,-1,172,169,152,-1,172,152,189,-1,189,152,155,-1,189,155,187,-1,187,155,157,-1,187,157,185,-1,185,157,159,-1,185,159,183,-1,183,159,161,-1,183,161,181,-1,181,161,163,-1,181,163,179,-1,179,163,165,-1,179,165,176,-1,176,165,150,-1,176,150,203,-1,203,150,148,-1,203,148,201,-1,201,148,146,-1,201,146,199,-1,199,146,144,-1,199,144,197,-1,197,144,142,-1,197,142,195,-1,195,142,140,-1,195,140,193,-1,193,140,138,-1,193,138,131,-1,208,209,210,-1,210,209,211,-1,209,212,211,-1,211,212,213,-1,212,214,213,-1,213,214,215,-1,214,216,215,-1,215,216,217,-1,216,218,217,-1,217,218,219,-1,218,208,219,-1,219,208,210,-1,216,214,218,-1,218,214,212,-1,218,212,208,-1,208,212,209,-1,
        ]
    }
}
Shape{
    appearance Appearance {
        material  Material 	{
            diffuseColor 0.9882352941176471 0.7372549019607844 0.5176470588235295
            specularColor 0.49411764705882355 0.3686274509803922 0.25882352941176473
            ambientIntensity 0.7873
            transparency 0.0
            shininess 0.5
        }
    }
    geometry IndexedFaceSet {
        ccw TRUE
        solid FALSE
        coord DEF co Coordinate {
            point [
                -0.6429 1.1909 0.0787, -0.7746 1.1909 0.0787, -0.7017 1.3554 0.0787, -0.7153 1.3554 0.0787, -0.7055 1.369 0.0787, -0.7118 1.3691 0.0787, -0.708 1.383 0.0787, -0.7092 1.383 0.0787, -0.2416 1.3878 0.0787, -0.2416 1.0805 0.0787, -0.2996 1.3878 0.0787, -0.2975 1.0805 0.0787, -0.339 1.0844 0.0787, -0.4528 1.238 0.0787, -0.4495 1.2771 0.0787, -0.4403 1.3083 0.0787, -0.3462 1.3828 0.0787, -0.3721 1.0947 0.0787, -0.399 1.1106 0.0787, -0.4211 1.1325 0.0787, -0.4377 1.1596 0.0787, -0.4492 1.1966 0.0787, -0.4266 1.3326 0.0787, -0.4075 1.3529 0.0787, -0.3787 1.3715 0.0787
            ]
        }
        coordIndex [
            0,1,2,-1,2,1,3,-1,2,3,4,-1,4,3,5,-1,4,5,6,-1,6,5,7,-1,8,9,10,-1,10,9,11,-1,10,11,12,-1,13,14,10,-1,10,14,15,-1,10,15,16,-1,12,17,10,-1,10,17,18,-1,10,18,19,-1,19,20,10,-1,10,20,21,-1,10,21,13,-1,22,23,15,-1,15,23,24,-1,15,24,16,-1,
        ]
    }
}