#VRML V2.0 utf8
# 3D model generated by easyeda2kicad.py (https://github.com/uPesy/easyeda2kicad.py)

Shape{
    appearance Appearance {
        material  Material 	{
            diffuseColor 0.25098039215686274 0.25098039215686274 0.25098039215686274
            specularColor 0.12549019607843137 0.12549019607843137 0.12549019607843137
            ambientIntensity 0.251
            transparency 0.0
            shininess 0.5
        }
    }
    geometry IndexedFaceSet {
        ccw TRUE
        solid FALSE
        coord DEF co Coordinate {
            point [
                -1.9554 -0.2096 0.6745, -1.9601 -0.2096 0.6298, -1.9601 -0.2346 0.6298, -1.9618 -0.0507 0.6142, -1.9618 -0.0452 0.6136, -1.9618 -0.0785 0.6136, -1.9256 0.0524 0.9579, -1.9255 0.0423 0.9591, -1.9255 0.1034 0.9591, -1.9255 0.0156 0.9588, -1.9258 0.0071 0.9564, -1.9255 0.0071 0.9591, -1.9617 -0.2894 0.6147, -1.9496 -0.2894 0.7295, -1.9496 -0.2768 0.7295, -1.9502 0.6313 0.7245, -1.9517 0.6148 0.7095, -1.9496 0.5763 0.7295, -1.968 0.663 0.5548, -1.9683 0.684 0.552, -1.9683 0.1034 0.552, -1.9187 -0.7673 1.0244, -1.8396 -0.675 1.7766, -1.8396 -0.6464 1.7766, -1.9683 0.6879 0.552, -1.9683 0.6896 0.552, -1.9683 2.8547 0.552, -1.9679 0.712 0.5555, -1.967 0.7339 0.5646, -1.9594 0.8235 0.637, -1.9568 0.852 0.6614, -1.9618 2.8472 0.6136, -1.9611 0.7893 0.6201, -1.9616 0.7761 0.6161, -1.9618 0.7749 0.6136, -1.9637 0.7666 0.5959, -1.9655 0.7524 0.5786, -1.9535 0.874 0.6929, -1.9498 0.8874 0.7281, -1.9496 2.8329 0.7295, -1.9496 0.8876 0.7295, -1.946 0.8918 0.7643, -1.9438 2.8261 0.7852, -1.945 0.8915 0.7739, -1.9438 0.8894 0.7852, -1.9255 2.8047 0.9591, -1.9413 0.885 0.8094, -1.9377 0.8697 0.8433, -1.9347 0.8472 0.8718, -1.9258 0.6745 0.9568, -1.9299 0.7381 0.9171, -1.9278 0.6968 0.9378, -1.93 0.7272 0.9165, -1.9301 0.7163 0.9152, -1.934 0.8402 0.8784, -1.9318 0.8099 0.8994, -1.9304 0.7747 0.9127, -1.9224 0.6017 0.9892, -1.9219 0.5607 0.9936, -1.8396 0.1034 1.7766, -1.9225 0.5139 0.9877, -1.9245 0.467 0.9691, -1.924 0.6459 0.9738, -1.8396 2.7044 1.7766, -1.9255 0.6707 0.9591, -1.9255 -0.6464 0.9591, -1.9255 -0.7639 0.9591, -1.9438 -0.6464 0.7852, -1.9438 -0.7548 0.7852, -1.9496 -0.6464 0.7295, -1.9496 -0.7519 0.7295, -1.9618 -0.6464 0.6136, -1.9618 -0.7458 0.6136, -1.9683 -0.6464 0.552, -1.9683 -0.7426 0.552, -1.9618 0.597 0.6136, -1.9619 0.5971 0.6133, -1.9641 0.6083 0.5922, -1.9658 0.6229 0.5759, -1.9672 0.6418 0.5628, -1.956 0.4759 0.6692, -1.9557 0.4694 0.6718, -1.9501 0.4582 0.7256, -1.9564 0.4817 0.6651, -1.9556 0.462 0.6727, -1.9556 0.4611 0.6727, -1.9557 0.4582 0.672, -1.9538 0.16 0.6897, -1.9538 0.1122 0.6897, -1.9496 0.1034 0.7295, -1.9554 0.1122 0.6745, -1.9617 0.1772 0.6147, -1.9514 0.2908 0.7126, -1.9546 0.3028 0.6828, -1.9532 0.3646 0.6955, -1.9517 0.3541 0.7102, -1.9557 0.4563 0.6718, -1.9557 0.4136 0.6718, -1.9554 0.3966 0.675, -1.9573 0.3216 0.6567, -1.9596 0.3474 0.6349, -1.9611 0.3764 0.6209, -1.9546 0.3799 0.6827, -1.9534 0.3658 0.6941, -1.9587 0.4914 0.6435, -1.9583 0.4912 0.6472, -1.9574 0.591 0.6557, -1.9575 0.4893 0.6544, -1.9569 0.4856 0.6608, -1.9618 0.4079 0.6142, -1.9618 0.1034 0.6136, -1.9617 0.1054 0.6147, -1.9601 0.1054 0.6298, -1.9618 0.4639 0.6142, -1.9617 0.4692 0.6151, -1.9614 0.4755 0.6175, -1.961 0.4817 0.6219, -1.9607 0.4839 0.6241, -1.9601 0.488 0.6301, -1.9594 0.4905 0.6365, -1.9594 0.5916 0.6366, -1.9584 0.591 0.6463, -1.9499 0.3476 0.727, -1.9496 0.3473 0.7295, -1.9496 0.4605 0.7295, -1.948 0.3453 0.7454, -1.9495 0.7295 0.7309, -1.9487 0.7086 0.7388, -1.9438 0.8297 0.7852, -1.9471 0.3458 0.7536, -1.9452 0.3502 0.7717, -1.9448 0.4876 0.7756, -1.9484 0.6859 0.7416, -1.9438 0.3575 0.7852, -1.9496 0.8244 0.7295, -1.9496 0.7315 0.7295, -1.9473 0.8309 0.7517, -1.9458 0.832 0.7661, -1.9484 0.6744 0.7409, -1.949 0.6515 0.7353, -1.9496 0.6407 0.7295, -1.9497 0.8241 0.7286, -1.9528 0.7646 0.6996, -1.9509 0.7489 0.7175, -1.9518 0.8128 0.7094, -1.9536 0.7958 0.692, -1.9549 0.7751 0.6793, -1.9343 0.4473 0.8756, -1.9316 0.4687 0.9011, -1.9374 0.6869 0.8464, -1.9314 0.4712 0.9033, -1.9294 0.4978 0.9217, -1.9342 0.6724 0.8762, -1.937 0.6937 0.8501, -1.9362 0.715 0.8578, -1.9435 0.359 0.788, -1.9422 0.37 0.8002, -1.9402 0.4193 0.819, -1.9411 0.3847 0.8104, -1.9405 0.4013 0.8168, -1.9402 0.4269 0.819, -1.9375 0.4327 0.8452, -1.9365 0.7704 0.8545, -1.9377 0.7916 0.8433, -1.9359 0.747 0.86, -1.9392 0.8079 0.8288, -1.9412 0.8211 0.81, -1.9316 0.6511 0.9015, -1.9283 0.5276 0.933, -1.9296 0.6256 0.92, -1.9278 0.5597 0.9369, -1.9283 0.5946 0.9325, -1.9359 0.7372 0.8605, -1.9434 0.8292 0.789, -1.9496 0.2887 0.7295, -1.9496 0.1772 0.7295, -1.9479 0.2865 0.7463, -1.9478 0.1772 0.7474, -1.9446 0.2908 0.7771, -1.9478 0.1084 0.7474, -1.9438 0.1034 0.7852, -1.9438 0.2941 0.7852, -1.9496 0.16 0.7295, -1.9494 0.1084 0.7321, -1.9494 0.16 0.7321, -1.9256 0.1772 0.958, -1.9256 0.16 0.958, -1.9365 0.3475 0.8544, -1.9388 0.3218 0.8328, -1.9396 0.1772 0.8252, -1.9255 0.4526 0.9591, -1.9271 0.4316 0.9445, -1.9312 0.3979 0.9048, -1.938 0.16 0.8404, -1.938 0.1068 0.8404, -1.9396 0.1068 0.8252, -1.9416 0.3024 0.8059, -1.9349 0.3804 0.8699, -1.9351 0.3757 0.8684, -1.9513 -0.3909 0.7137, -1.9496 -0.4017 0.7295, -1.9501 -0.3826 0.7253, -1.9496 -0.3782 0.7295, -1.9571 -0.3944 0.6588, -1.9585 -0.3878 0.645, -1.9618 -0.4017 0.6136, -1.9598 -0.3779 0.6333, -1.9608 -0.364 0.6234, -1.9614 -0.3488 0.6174, -1.9617 -0.3261 0.6147, -1.9618 -0.2768 0.6136, -1.9526 -0.3958 0.7011, -1.9546 -0.398 0.6827, -1.9555 -0.3976 0.6743, -1.9438 -0.2768 0.7852, -1.9496 -0.3779 0.7298, -1.9438 -0.4017 0.7852, -1.9486 -0.3639 0.7393, -1.9478 -0.2894 0.7474, -1.9478 -0.3274 0.7474, -1.948 -0.3478 0.7452, -1.9358 -0.3257 0.8615, -1.9358 -0.2768 0.8615, -1.9396 -0.3394 0.8252, -1.9396 -0.3584 0.8252, -1.929 -0.2768 0.9257, -1.9256 -0.2891 0.958, -1.9255 -0.2768 0.9591, -1.9256 -0.3076 0.958, -1.9255 -0.4017 0.9591, -1.9396 -0.2383 0.8252, -1.9438 -0.2346 0.7852, -1.9396 -0.2573 0.8252, -1.9358 -0.2702 0.8615, -1.938 -0.0425 0.8404, -1.938 -0.0785 0.8404, -1.9333 -0.0425 0.885, -1.9333 -0.0785 0.885, -1.9272 -0.094 0.9427, -1.9255 -0.1097 0.9591, -1.9256 -0.094 0.958, -1.9255 -0.0785 0.9591, -1.9256 -0.0785 0.958, -1.9333 -0.0902 0.885, -1.938 -0.097 0.8404, -1.9317 -0.0902 0.9002, -1.9272 -0.0785 0.9427, -1.9317 -0.0785 0.9002, -1.9272 -0.0425 0.9427, -1.9317 -0.0425 0.9002, -1.9396 -0.0253 0.8252, -1.9438 -0.0042 0.7852, -1.9396 -0.0785 0.8252, -1.9438 -0.0785 0.7852, -1.9396 -0.097 0.8252, -1.9438 -0.1097 0.7852, -1.9256 -0.0253 0.958, -1.9255 -0.0042 0.9591, -1.926 0.0014 0.9548, -1.9279 0.0014 0.9368, -1.9392 0.0071 0.8285, -1.9438 0.0071 0.7852, -1.9391 0.0037 0.8296, -1.939 0.0014 0.8307, -1.9373 0.0014 0.8471, -1.9272 0.0165 0.9428, -1.927 0.0329 0.9447, -1.9376 0.0071 0.8446, -1.9278 0.0029 0.9376, -1.9276 0.0071 0.9392, -1.9271 0.0397 0.9444, -1.9273 0.0511 0.9418, -1.9279 0.0614 0.9366, -1.9286 0.0693 0.93, -1.9287 0.0701 0.929, -1.9296 0.0766 0.9198, -1.9308 0.0811 0.9084, -1.9328 0.0833 0.8901, -1.9335 0.083 0.8835, -1.9348 0.0806 0.8706, -1.9382 0.0297 0.8385, -1.9379 0.0146 0.8413, -1.9377 0.0588 0.8435, -1.938 0.0493 0.8399, -1.9382 0.0359 0.8383, -1.9359 0.0761 0.8601, -1.9367 0.0702 0.8522, -1.937 0.0675 0.8496, -1.8396 0.0071 1.7766, -1.9254 0.0331 0.9602, -1.9255 0.0187 0.9591, -1.9395 0.0609 0.8263, -1.9388 0.0735 0.8322, -1.9379 0.0842 0.8411, -1.9378 0.0853 0.8423, -1.9366 0.0933 0.8536, -1.9396 0.018 0.8249, -1.9398 0.0384 0.823, -1.9398 0.0464 0.8234, -1.9303 0.0981 0.9133, -1.9288 0.0918 0.9281, -1.9275 0.0821 0.9406, -1.9271 0.0788 0.9438, -1.9262 0.0663 0.9525, -1.9352 0.0987 0.8674, -1.9329 0.1014 0.8891, -1.9321 0.1011 0.896, -1.9576 0.0866 0.6539, -1.957 0.0832 0.6593, -1.9541 0.0801 0.6867, -1.9618 0.0071 0.6136, -1.9617 0.0128 0.6147, -1.9617 0.0295 0.6147, -1.9613 0.039 0.6188, -1.9616 0.0434 0.6161, -1.9618 0.0499 0.6136, -1.9616 0.0756 0.616, -1.9618 0.0692 0.6136, -1.9618 0.0689 0.6136, -1.953 0.0432 0.6976, -1.9529 0.0489 0.6981, -1.9558 0.0578 0.671, -1.9496 0.0071 0.7295, -1.9538 0.0144 0.6896, -1.9553 0.0128 0.6757, -1.9612 0.0812 0.6199, -1.961 0.0831 0.6218, -1.9604 0.0865 0.6268, -1.9566 0.0783 0.6638, -1.9562 0.0715 0.6675, -1.9534 0.0686 0.6939, -1.953 0.0581 0.6973, -1.9525 0.0801 0.7028, -1.9522 0.0767 0.7048, -1.9598 0.0886 0.6325, -1.959 0.0894 0.6401, -1.9582 0.0886 0.6478, -1.9554 0.16 0.6745, -1.9601 0.16 0.6298, -1.9602 0.0295 0.6293, -1.9602 0.03 0.6293, -1.9607 0.0336 0.6241, -1.9519 0.0292 0.7082, -1.9522 0.0238 0.7049, -1.9554 0.0295 0.6749, -1.9546 0.0301 0.6823, -1.954 0.0319 0.6882, -1.9536 0.0338 0.6916, -1.9526 0.0207 0.7019, -1.9531 0.0172 0.6967, -1.9517 0.0642 0.7096, -1.9515 0.0473 0.7116, -1.9516 0.0359 0.7105, -1.9533 0.0363 0.6943, -1.9531 0.0393 0.6962, -1.9683 0.0071 0.552, -1.9618 0.0501 0.6135, -1.962 0.0592 0.6124, -1.9618 -0.0248 0.6136, -1.9618 -0.0216 0.6139, -1.9618 -0.0042 0.6136, -1.9614 -0.0098 0.618, -1.9596 -0.0098 0.6352, -1.9574 -0.0686 0.6561, -1.9578 -0.0717 0.6516, -1.9537 -0.0696 0.6913, -1.9544 -0.0099 0.6839, -1.9538 -0.0106 0.6898, -1.9496 -0.0042 0.7295, -1.9533 -0.0126 0.6952, -1.9528 -0.0157 0.6997, -1.9517 -0.0337 0.7101, -1.9496 -0.0785 0.7295, -1.9515 -0.047 0.7116, -1.9516 -0.0588 0.7106, -1.952 -0.0696 0.7074, -1.9584 -0.0735 0.6467, -1.959 -0.0742 0.6405, -1.9597 -0.0734 0.6338, -1.9603 -0.0713 0.6285, -1.9607 -0.0682 0.6241, -1.9557 -0.0125 0.6724, -1.9551 -0.0106 0.6774, -1.9523 -0.0206 0.7041, -1.952 -0.0248 0.7066, -1.9612 -0.0634 0.62, -1.9614 -0.0595 0.6176, -1.956 -0.0147 0.6689, -1.9604 -0.0274 0.6271, -1.9573 -0.0352 0.6563, -1.96 -0.0169 0.6309, -1.9569 -0.0253 0.6609, -1.9563 -0.0174 0.6661, -1.9529 -0.0454 0.6981, -1.953 -0.0405 0.6978, -1.9543 -0.0272 0.6854, -1.9531 -0.036 0.6966, -1.9533 -0.0322 0.6946, -1.9545 -0.0273 0.6832, -1.9548 -0.028 0.6806, -1.955 -0.0292 0.6784, -1.9552 -0.0308 0.6766, -1.9556 -0.0367 0.6729, -1.9531 -0.0557 0.6971, -1.9561 -0.047 0.6684, -1.9534 -0.0652 0.6938, -1.9563 -0.0535 0.6658, -1.957 -0.0646 0.6597, -1.9605 -0.0373 0.626, -1.9605 -0.0381 0.626, -1.9578 -0.0462 0.6518, -1.9604 -0.0466 0.627, -1.9592 -0.057 0.6388, -1.959 -0.0569 0.6409, -1.9535 -0.0297 0.6924, -1.9538 -0.0283 0.6903, -1.954 -0.0275 0.688, -1.9603 -0.0509 0.6285, -1.9602 -0.0525 0.6295, -1.96 -0.0544 0.6312, -1.9598 -0.0558 0.6333, -1.9595 -0.0567 0.6357, -1.9587 -0.0561 0.6435, -1.9585 -0.0548 0.6457, -1.9582 -0.0527 0.6479, -1.9683 -0.0042 0.552, -1.962 -0.0357 0.6124, -1.9518 -0.1571 0.7095, -1.9518 -0.1744 0.7095, -1.9496 -0.1924 0.7295, -1.9618 -0.2346 0.6136, -1.9617 -0.2346 0.6147, -1.9617 -0.1924 0.6147, -1.9618 -0.1364 0.6136, -1.9592 -0.1265 0.6382, -1.9601 -0.1285 0.6304, -1.9601 -0.129 0.6304, -1.9496 -0.1097 0.7295, -1.9542 -0.1097 0.6864, -1.9593 -0.131 0.6381, -1.9597 -0.1297 0.6337, -1.9618 -0.1097 0.6136, -1.9589 -0.1097 0.6418, -1.9518 -0.0829 0.7095, -1.9518 -0.1016 0.7095, -1.9617 -0.1203 0.6149, -1.9618 -0.1197 0.6136, -1.9635 -0.1129 0.5977, -1.9683 -0.0785 0.552, -1.9663 -0.0863 0.5714, -1.9647 -0.0863 0.5862, -1.9645 -0.1065 0.5881, -1.9641 -0.1096 0.5916, -1.9641 -0.1097 0.5917, -1.9648 -0.0898 0.5851, -1.9649 -0.0958 0.5843, -1.9661 -0.1097 0.573, -1.9663 -0.1039 0.5708, -1.9683 -0.1097 0.552, -1.9664 -0.0971 0.57, -1.9664 -0.0934 0.5702, -1.9649 -0.1001 0.5848, -1.9647 -0.1038 0.5863, -1.9632 -0.1311 0.6004, -1.9648 -0.1236 0.5857, -1.9683 -0.2346 0.552, -1.9655 -0.1174 0.5784, -1.9656 -0.1163 0.5774, -1.9661 -0.1105 0.5733, -1.9617 -0.2642 0.6147, -1.9601 -0.2642 0.6298, -1.9496 -0.2346 0.7295, -1.9538 -0.2346 0.6897, -1.9538 -0.2573 0.6897, -1.9554 -0.2573 0.6745, -1.9554 -0.2346 0.6745, -1.9538 -0.2096 0.6897, -1.9496 -0.2096 0.7295, -1.9494 -0.2096 0.7321, -1.9494 -0.2346 0.7321, -1.9494 -0.2611 0.7321, -1.9478 -0.2611 0.7474, -1.9478 -0.2346 0.7474, -1.9478 -0.1924 0.7474, -1.9617 -0.5065 0.6147, -1.9617 -0.5255 0.6147, -1.9496 -0.4815 0.7295, -1.9478 -0.4747 0.7474, -1.9579 -0.4929 0.651, -1.9579 -0.4373 0.651, -1.9617 -0.4245 0.6147, -1.9617 -0.4054 0.6147, -1.9496 -0.4494 0.7295, -1.9478 -0.4563 0.7474, -1.9683 -0.4017 0.552, -1.9683 -0.2768 0.552, -1.9396 -0.1223 0.8252, -1.9333 -0.2305 0.8848, -1.935 -0.2273 0.8693, -1.9364 -0.2207 0.8556, -1.9376 -0.2108 0.8438, -1.9292 -0.2237 0.9243, -1.9305 -0.2287 0.9116, -1.9255 -0.2346 0.9591, -1.9324 -0.2309 0.8933, -1.9387 -0.1969 0.8339, -1.9393 -0.1817 0.828, -1.9396 -0.159 0.8252, -1.9256 -0.1223 0.958, -1.9256 -0.1603 0.958, -1.9259 -0.1807 0.9557, -1.9265 -0.1968 0.9499, -1.9275 -0.2108 0.9404, -1.928 -0.2155 0.9358, -1.8396 -0.4017 1.7766, -1.8396 -0.2768 1.7766, -1.8396 -0.2346 1.7766, -1.8396 -0.1097 1.7766, -1.8396 -0.0785 1.7766, -1.8396 -0.0042 1.7766, -1.9683 -0.7157 0.0402, -1.9683 2.8547 0.0402, -1.9683 0.6859 0.5519, -0.7439 -0.7673 1.0244, -0.2557 -0.7673 1.0244, -0.7439 -0.7457 1.2008, -0.2557 -0.7457 1.2008, -1.2557 -0.7673 1.0244, -1.2557 -0.7457 1.2008, -1.8395 -0.6749 1.7772, 1.8399 -0.6749 1.7772, 0.2561 -0.7457 1.2008, 1.2561 -0.7457 1.2008, 1.2561 -0.7673 1.0244, 1.919 -0.7673 1.0244, 0.2561 -0.7673 1.0244, 0.7443 -0.7673 1.0244, 0.7443 -0.7457 1.2008, 1.84 -0.675 1.7766, 0.7443 -0.7662 1.0039, -1.2557 -0.7662 1.0039, -0.2557 -0.7662 1.0039, -0.7439 -0.7662 1.0039, 0.2561 -0.7662 1.0039, 1.9687 -0.7157 0.0402, 1.2561 -0.7662 1.0039, 1.9687 -0.7426 0.552
            ]
        }
        coordIndex [
            0,1,2,-1,3,4,5,-1,6,7,8,-1,9,10,11,-1,12,13,14,-1,15,16,17,-1,18,19,20,-1,21,22,23,-1,24,25,26,-1,26,25,27,-1,26,27,28,-1,29,30,31,-1,29,31,32,-1,33,32,34,-1,34,32,31,-1,34,31,35,-1,35,31,26,-1,35,26,36,-1,36,26,28,-1,30,37,31,-1,31,37,38,-1,31,38,39,-1,38,40,39,-1,39,40,41,-1,39,41,42,-1,41,43,42,-1,42,43,44,-1,42,44,45,-1,44,46,45,-1,45,46,47,-1,45,47,48,-1,49,50,51,-1,51,50,52,-1,51,52,53,-1,48,54,45,-1,45,54,55,-1,45,55,56,-1,57,58,59,-1,59,58,60,-1,59,60,61,-1,57,59,62,-1,62,59,63,-1,62,63,64,-1,64,63,45,-1,64,45,49,-1,49,45,56,-1,49,56,50,-1,65,66,21,-1,66,67,68,-1,68,67,69,-1,68,69,70,-1,70,69,71,-1,70,71,72,-1,73,74,72,-1,75,76,20,-1,20,76,77,-1,77,78,20,-1,20,78,79,-1,20,79,18,-1,80,81,82,-1,80,82,83,-1,81,84,82,-1,82,84,85,-1,82,85,86,-1,87,88,89,-1,89,88,90,-1,91,92,93,-1,82,94,95,-1,86,96,82,-1,82,96,97,-1,82,97,98,-1,93,99,91,-1,91,99,100,-1,91,100,101,-1,98,102,82,-1,82,102,103,-1,82,103,94,-1,104,105,106,-1,106,105,107,-1,106,107,82,-1,82,107,108,-1,82,108,83,-1,101,109,91,-1,91,109,110,-1,91,110,111,-1,111,110,112,-1,113,114,75,-1,114,115,75,-1,75,115,116,-1,75,116,117,-1,117,118,75,-1,75,118,119,-1,75,119,120,-1,120,119,104,-1,120,104,121,-1,121,104,106,-1,95,122,82,-1,82,122,123,-1,82,123,124,-1,124,123,125,-1,126,127,128,-1,125,129,124,-1,124,129,130,-1,124,130,131,-1,127,132,128,-1,128,132,131,-1,128,131,133,-1,133,131,130,-1,134,135,136,-1,136,135,126,-1,136,126,137,-1,137,126,128,-1,132,138,131,-1,131,138,139,-1,131,139,17,-1,17,139,140,-1,17,140,15,-1,141,142,134,-1,134,142,143,-1,134,143,135,-1,141,144,142,-1,142,144,145,-1,142,145,146,-1,147,148,149,-1,148,150,149,-1,149,150,151,-1,149,151,152,-1,133,149,128,-1,128,149,153,-1,128,153,154,-1,155,156,157,-1,157,156,158,-1,157,158,159,-1,155,157,133,-1,133,157,160,-1,133,160,149,-1,149,160,161,-1,149,161,147,-1,162,163,164,-1,164,163,165,-1,164,165,166,-1,152,151,167,-1,167,151,168,-1,167,168,169,-1,169,168,170,-1,169,170,171,-1,154,172,128,-1,128,172,164,-1,128,164,173,-1,173,164,166,-1,92,91,174,-1,174,91,175,-1,174,175,176,-1,176,175,177,-1,176,177,178,-1,179,180,177,-1,177,180,181,-1,177,181,178,-1,87,89,182,-1,182,89,183,-1,182,183,184,-1,185,186,8,-1,187,188,185,-1,185,188,189,-1,8,190,185,-1,185,190,191,-1,185,191,192,-1,186,193,8,-1,8,193,194,-1,8,194,180,-1,180,194,195,-1,180,195,181,-1,181,195,189,-1,181,189,196,-1,196,189,188,-1,192,197,185,-1,185,197,198,-1,185,198,187,-1,199,200,201,-1,201,200,202,-1,203,204,205,-1,205,204,206,-1,205,206,207,-1,207,208,205,-1,205,208,209,-1,205,209,210,-1,199,211,200,-1,200,211,212,-1,200,212,205,-1,205,212,213,-1,205,213,203,-1,14,13,214,-1,202,200,215,-1,215,200,216,-1,215,216,217,-1,13,218,214,-1,214,218,219,-1,214,219,216,-1,216,219,220,-1,216,220,217,-1,221,222,223,-1,223,222,214,-1,223,214,224,-1,224,214,216,-1,225,226,227,-1,227,226,228,-1,227,228,229,-1,230,231,232,-1,232,231,214,-1,232,214,233,-1,233,214,222,-1,234,235,236,-1,236,235,237,-1,238,239,240,-1,240,239,241,-1,240,241,242,-1,237,235,243,-1,243,235,244,-1,243,244,245,-1,238,246,247,-1,247,246,248,-1,247,248,249,-1,250,251,252,-1,252,251,253,-1,252,253,254,-1,254,253,255,-1,254,255,244,-1,242,241,256,-1,256,241,257,-1,256,257,250,-1,11,10,257,-1,257,10,258,-1,257,258,259,-1,260,261,262,-1,262,261,251,-1,262,251,263,-1,263,251,264,-1,265,266,267,-1,250,257,251,-1,251,257,259,-1,251,259,264,-1,264,259,268,-1,264,268,267,-1,267,268,269,-1,267,269,265,-1,266,270,267,-1,267,270,271,-1,267,271,272,-1,272,273,267,-1,267,273,274,-1,267,274,275,-1,275,276,267,-1,267,276,277,-1,267,277,278,-1,279,280,278,-1,278,280,281,-1,278,281,267,-1,282,283,284,-1,279,285,280,-1,280,285,286,-1,280,286,284,-1,284,286,287,-1,284,287,282,-1,288,289,290,-1,289,288,7,-1,7,288,59,-1,7,59,8,-1,8,59,61,-1,8,61,190,-1,291,292,180,-1,292,293,180,-1,180,293,294,-1,180,294,295,-1,260,296,261,-1,261,296,297,-1,261,297,180,-1,180,297,298,-1,180,298,291,-1,299,300,8,-1,8,300,301,-1,301,302,8,-1,8,302,303,-1,8,303,6,-1,295,304,180,-1,180,304,305,-1,180,305,8,-1,8,305,306,-1,8,306,299,-1,307,308,309,-1,310,311,312,-1,313,314,312,-1,312,314,315,-1,312,315,310,-1,316,110,317,-1,317,110,318,-1,319,320,321,-1,322,323,324,-1,316,325,110,-1,110,325,326,-1,110,326,327,-1,308,328,309,-1,309,328,329,-1,309,329,330,-1,330,329,321,-1,330,321,331,-1,331,321,320,-1,309,332,89,-1,89,332,333,-1,327,334,110,-1,110,334,335,-1,110,335,336,-1,337,338,90,-1,90,338,112,-1,90,112,89,-1,89,112,110,-1,89,110,309,-1,309,110,336,-1,309,336,307,-1,339,340,312,-1,312,340,341,-1,312,341,313,-1,322,342,343,-1,344,345,321,-1,321,345,346,-1,321,346,347,-1,343,348,322,-1,322,348,349,-1,322,349,323,-1,333,350,89,-1,89,350,351,-1,89,351,322,-1,322,351,352,-1,322,352,342,-1,347,353,321,-1,321,353,354,-1,321,354,319,-1,355,356,20,-1,20,356,357,-1,357,318,20,-1,20,318,110,-1,20,110,75,-1,75,110,109,-1,75,109,113,-1,358,359,360,-1,360,359,361,-1,360,361,362,-1,363,364,365,-1,366,367,368,-1,368,367,369,-1,368,369,370,-1,368,371,372,-1,372,371,373,-1,373,374,372,-1,372,374,375,-1,372,375,365,-1,376,377,5,-1,377,378,5,-1,5,378,379,-1,5,379,380,-1,381,382,362,-1,370,383,368,-1,368,383,384,-1,368,384,371,-1,380,385,5,-1,5,385,386,-1,5,386,3,-1,381,362,387,-1,388,389,390,-1,390,389,391,-1,390,391,362,-1,362,391,392,-1,362,392,387,-1,393,394,395,-1,395,394,396,-1,395,396,397,-1,395,398,393,-1,393,398,399,-1,393,399,400,-1,400,401,393,-1,393,401,402,-1,393,402,403,-1,403,402,404,-1,403,404,405,-1,405,404,406,-1,405,406,365,-1,365,406,407,-1,365,407,363,-1,388,408,389,-1,389,408,409,-1,389,409,410,-1,410,409,411,-1,410,412,413,-1,414,415,397,-1,397,415,416,-1,397,416,395,-1,411,417,410,-1,410,417,418,-1,410,418,419,-1,419,420,410,-1,410,420,421,-1,410,421,412,-1,413,422,410,-1,410,422,423,-1,410,423,424,-1,425,426,358,-1,427,428,429,-1,430,431,432,-1,429,428,432,-1,432,428,433,-1,432,433,430,-1,434,435,436,-1,429,437,427,-1,427,437,438,-1,427,438,439,-1,439,438,434,-1,439,434,440,-1,440,434,436,-1,441,442,5,-1,5,442,443,-1,364,376,365,-1,365,376,5,-1,365,5,372,-1,372,5,443,-1,372,443,437,-1,437,443,444,-1,437,444,438,-1,445,442,446,-1,446,442,441,-1,446,441,447,-1,448,449,450,-1,451,452,441,-1,441,452,453,-1,441,453,447,-1,426,425,4,-1,4,425,448,-1,4,448,5,-1,5,448,450,-1,5,450,441,-1,441,450,454,-1,441,454,455,-1,456,457,458,-1,458,457,459,-1,458,459,448,-1,448,459,460,-1,448,460,449,-1,455,461,441,-1,441,461,462,-1,441,462,451,-1,463,464,465,-1,464,466,465,-1,465,466,467,-1,465,467,458,-1,458,467,468,-1,458,468,456,-1,431,430,469,-1,469,430,210,-1,469,210,470,-1,471,472,14,-1,14,472,473,-1,14,473,474,-1,209,12,210,-1,210,12,14,-1,210,14,470,-1,470,14,474,-1,470,474,2,-1,2,474,475,-1,2,475,0,-1,476,472,477,-1,477,472,471,-1,477,471,478,-1,478,471,479,-1,479,471,480,-1,480,471,14,-1,480,14,481,-1,481,14,214,-1,481,214,482,-1,482,214,231,-1,482,231,483,-1,483,231,255,-1,483,255,429,-1,484,205,485,-1,485,205,71,-1,485,71,486,-1,486,71,69,-1,486,69,487,-1,487,69,67,-1,487,67,216,-1,488,489,484,-1,484,489,490,-1,484,490,205,-1,205,490,491,-1,205,491,200,-1,200,491,492,-1,200,492,216,-1,216,492,493,-1,216,493,487,-1,358,360,425,-1,425,360,310,-1,425,310,355,-1,355,310,315,-1,355,315,356,-1,72,71,73,-1,73,71,205,-1,73,205,494,-1,494,205,210,-1,494,210,495,-1,495,210,430,-1,495,430,465,-1,465,430,433,-1,465,433,463,-1,382,366,362,-1,362,366,368,-1,362,368,360,-1,360,368,322,-1,360,322,310,-1,310,322,324,-1,310,324,311,-1,429,255,437,-1,437,255,253,-1,437,253,372,-1,372,253,251,-1,372,251,368,-1,368,251,261,-1,368,261,322,-1,322,261,180,-1,322,180,89,-1,89,180,179,-1,89,179,183,-1,247,245,238,-1,238,245,244,-1,238,244,239,-1,239,244,255,-1,239,255,496,-1,497,498,231,-1,231,498,499,-1,231,499,500,-1,501,502,503,-1,503,502,504,-1,500,505,231,-1,231,505,506,-1,231,506,255,-1,255,506,507,-1,255,507,496,-1,496,508,239,-1,239,508,509,-1,239,509,503,-1,503,509,510,-1,503,510,511,-1,511,512,503,-1,503,512,513,-1,503,513,501,-1,225,227,230,-1,230,227,503,-1,230,503,231,-1,231,503,504,-1,231,504,497,-1,66,65,67,-1,67,65,229,-1,67,229,216,-1,216,229,228,-1,216,228,224,-1,21,23,65,-1,65,23,514,-1,65,514,229,-1,229,514,515,-1,229,515,227,-1,227,515,516,-1,227,516,503,-1,503,516,517,-1,503,517,239,-1,239,517,518,-1,239,518,241,-1,241,518,519,-1,241,519,257,-1,257,519,288,-1,257,288,11,-1,11,288,290,-1,11,290,9,-1,520,74,73,-1,26,521,24,-1,24,521,520,-1,24,520,522,-1,522,520,19,-1,73,494,520,-1,520,494,495,-1,520,495,465,-1,465,458,520,-1,520,458,448,-1,520,448,425,-1,425,355,520,-1,520,355,20,-1,520,20,19,-1,523,524,525,-1,525,524,526,-1,21,527,22,-1,22,527,528,-1,22,528,529,-1,529,528,525,-1,529,525,530,-1,530,525,526,-1,530,526,531,-1,532,533,534,-1,535,536,531,-1,531,536,537,-1,531,537,530,-1,530,537,532,-1,530,532,538,-1,538,532,534,-1,539,536,535,-1,540,527,21,-1,524,523,541,-1,541,523,542,-1,535,543,539,-1,539,543,544,-1,539,544,545,-1,545,544,546,-1,545,546,533,-1,533,546,534,-1,21,74,540,-1,540,74,520,-1,540,520,542,-1,542,520,544,-1,542,544,541,-1,541,544,543,-1,
        ]
    }
}
Shape{
    appearance Appearance {
        material  Material 	{
            diffuseColor 1.0 1.0 1.0
            specularColor 0.5019607843137255 0.5019607843137255 0.5019607843137255
            ambientIntensity 1.0
            transparency 0.0
            shininess 0.5
        }
    }
    geometry IndexedFaceSet {
        ccw TRUE
        solid FALSE
        coord DEF co Coordinate {
            point [
                -0.8423 -2.6138 0.1969, -0.8423 -2.6138 0.0, -0.8423 -1.9992 0.1969, -0.8423 -1.9992 0.0, -0.8423 -1.9539 0.2022, -0.8423 -1.9085 0.0106, -0.8423 -1.9109 0.2178, -0.8423 -1.8226 0.0419, -0.8423 -1.8727 0.2429, -0.8423 -1.7462 0.0921, -0.8423 -1.8413 0.2762, -0.8423 -1.6835 0.1586, -0.8423 -1.8185 0.3157, -0.8423 -1.6377 0.2378, -0.8423 -1.8054 0.3595, -0.8423 -1.6115 0.3253, -0.8423 -1.7478 0.6862, -0.8423 -1.5539 0.652, -1.1573 -1.7478 0.6862, -1.1573 -1.5539 0.652, -1.1573 -1.8054 0.3595, -1.1573 -1.6115 0.3253, -1.1573 -1.8185 0.3157, -1.1573 -1.6377 0.2378, -1.1573 -1.8413 0.2762, -1.1573 -1.6835 0.1586, -1.1573 -1.8727 0.2429, -1.1573 -1.7462 0.0921, -1.1573 -1.9109 0.2178, -1.1573 -1.8226 0.0419, -1.1573 -1.9539 0.2022, -1.1573 -1.9085 0.0106, -1.1573 -1.9992 0.1969, -1.1573 -1.9992 0.0, -1.1573 -2.6138 0.1969, -1.1573 -2.6138 0.0, 1.1577 -2.6138 0.1969, 1.1577 -2.6138 0.0, 1.1577 -1.9992 0.1969, 1.1577 -1.9992 0.0, 1.1577 -1.9539 0.2022, 1.1577 -1.9085 0.0106, 1.1577 -1.9109 0.2178, 1.1577 -1.8226 0.0419, 1.1577 -1.8727 0.2429, 1.1577 -1.7462 0.0921, 1.1577 -1.8413 0.2762, 1.1577 -1.6835 0.1586, 1.1577 -1.8185 0.3157, 1.1577 -1.6377 0.2378, 1.1577 -1.8054 0.3595, 1.1577 -1.6115 0.3253, 1.1577 -1.7615 0.6086, 1.1577 -1.5676 0.5745, 0.8427 -1.7615 0.6086, 0.8427 -1.5676 0.5745, 0.8427 -1.8054 0.3595, 0.8427 -1.6115 0.3253, 0.8427 -1.8185 0.3157, 0.8427 -1.6377 0.2378, 0.8427 -1.8413 0.2762, 0.8427 -1.6835 0.1586, 0.8427 -1.8727 0.2429, 0.8427 -1.7462 0.0921, 0.8427 -1.9109 0.2178, 0.8427 -1.8226 0.0419, 0.8427 -1.9539 0.2022, 0.8427 -1.9085 0.0106, 0.8427 -1.9992 0.1969, 0.8427 -1.9992 0.0, 0.8427 -2.6138 0.1969, 0.8427 -2.6138 0.0
            ]
        }
        coordIndex [
            0,1,2,-1,2,1,3,-1,2,3,4,-1,4,3,5,-1,4,5,6,-1,6,5,7,-1,6,7,8,-1,8,7,9,-1,8,9,10,-1,10,9,11,-1,10,11,12,-1,12,11,13,-1,12,13,14,-1,14,13,15,-1,14,15,16,-1,16,15,17,-1,18,19,20,-1,20,19,21,-1,20,21,22,-1,22,21,23,-1,22,23,24,-1,24,23,25,-1,24,25,26,-1,26,25,27,-1,26,27,28,-1,28,27,29,-1,28,29,30,-1,30,29,31,-1,30,31,32,-1,32,31,33,-1,32,33,34,-1,34,33,35,-1,36,37,38,-1,38,37,39,-1,38,39,40,-1,40,39,41,-1,40,41,42,-1,42,41,43,-1,42,43,44,-1,44,43,45,-1,44,45,46,-1,46,45,47,-1,46,47,48,-1,48,47,49,-1,48,49,50,-1,50,49,51,-1,50,51,52,-1,52,51,53,-1,54,55,56,-1,56,55,57,-1,56,57,58,-1,58,57,59,-1,58,59,60,-1,60,59,61,-1,60,61,62,-1,62,61,63,-1,62,63,64,-1,64,63,65,-1,64,65,66,-1,66,65,67,-1,66,67,68,-1,68,67,69,-1,68,69,70,-1,70,69,71,-1,
        ]
    }
}
Shape{
    appearance Appearance {
        material  Material 	{
            diffuseColor 0.25098039215686274 0.25098039215686274 0.25098039215686274
            specularColor 0.12549019607843137 0.12549019607843137 0.12549019607843137
            ambientIntensity 0.251
            transparency 0.0
            shininess 0.5
        }
    }
    geometry IndexedFaceSet {
        ccw TRUE
        solid FALSE
        coord DEF co Coordinate {
            point [
                -1.9683 2.8547 0.0402, -1.9644 2.8547 0.0402, -1.9644 2.8508 0.0402, 1.9648 2.8547 0.0402, 1.9687 2.8547 0.0402, 1.9648 2.8508 0.0402, 1.9687 -0.7157 0.0402, -1.9683 -0.7157 0.0402, -1.5254 0.2406 0.0402, -1.5254 2.6933 0.0402, -1.5254 2.8508 0.0402, 1.5258 0.2406 0.0402, 1.5258 2.6933 0.0402, 1.5258 2.8508 0.0402
            ]
        }
        coordIndex [
            0,1,2,-1,3,4,5,-1,5,4,6,-1,7,0,8,-1,8,0,2,-1,8,2,9,-1,9,2,10,-1,7,8,6,-1,6,8,11,-1,6,11,5,-1,5,11,12,-1,5,12,13,-1,
        ]
    }
}
Shape{
    appearance Appearance {
        material  Material 	{
            diffuseColor 1.0 1.0 1.0
            specularColor 0.5019607843137255 0.5019607843137255 0.5019607843137255
            ambientIntensity 1.0
            transparency 0.0
            shininess 0.5
        }
    }
    geometry IndexedFaceSet {
        ccw TRUE
        solid FALSE
        coord DEF co Coordinate {
            point [
                -1.9644 2.8508 0.0402, -1.9644 2.8508 0.0323, -1.5254 2.8508 0.0402, -1.1317 2.8508 0.0323, -1.5254 2.8508 0.0724, -1.1317 2.8508 0.0724, 1.9648 2.8508 0.0323, 1.9648 2.8508 0.0402, 1.5258 2.8508 0.0402, 1.5258 2.8508 0.0724, 1.1321 2.8508 0.0724, 1.1321 2.8508 0.0323
            ]
        }
        coordIndex [
            0,1,2,-1,2,1,3,-1,2,3,4,-1,4,3,5,-1,6,7,8,-1,9,10,8,-1,8,10,11,-1,8,11,6,-1,
        ]
    }
}
Shape{
    appearance Appearance {
        material  Material 	{
            diffuseColor 0.25098039215686274 0.25098039215686274 0.25098039215686274
            specularColor 0.12549019607843137 0.12549019607843137 0.12549019607843137
            ambientIntensity 0.251
            transparency 0.0
            shininess 0.5
        }
    }
    geometry IndexedFaceSet {
        ccw TRUE
        solid FALSE
        coord DEF co Coordinate {
            point [
                -1.9644 2.8547 0.0402, -1.9683 2.8547 0.0402, -1.9644 2.8547 0.5441, -1.9683 2.8547 0.552, 1.9648 2.8547 0.5441, 1.9687 2.8547 0.552, 1.9648 2.8547 0.0402, 1.9687 2.8547 0.0402, 1.9687 -0.7426 0.552, 1.9687 -0.7157 0.0402, -1.4917 -0.2922 1.8118, 1.8008 -0.6358 1.8118, -1.4798 -0.2635 1.8118, -1.4758 -0.2327 1.8118, -1.8004 -0.6358 1.8118, -1.5948 -0.3517 1.8118, -1.6256 -0.3477 1.8118, -1.6978 -0.1732 1.8118, -1.6789 -0.1486 1.8118, -1.8004 2.6652 1.8118, -1.6543 -0.1297 1.8118, -1.6256 -0.1178 1.8118, -1.5106 -0.3169 1.8118, -1.5353 -0.3358 1.8118, -1.564 -0.3477 1.8118, -1.6543 -0.3358 1.8118, -1.6789 -0.3169 1.8118, -1.6978 -0.2922 1.8118, -1.7097 -0.2635 1.8118, -1.7138 -0.2327 1.8118, -1.7097 -0.2019 1.8118, -1.5353 -0.1297 1.8118, 1.8008 2.6652 1.8118, -1.564 -0.1178 1.8118, -1.5948 -0.1137 1.8118, -1.5106 -0.1486 1.8118, -1.4917 -0.1732 1.8118, -1.4798 -0.2019 1.8118, 1.84 2.7044 1.7766, -1.8396 2.7044 1.7766, 1.8399 2.7043 1.7772, -1.8395 2.7043 1.7772, 1.919 -0.7673 1.0244, 1.84 -0.675 1.7766, 1.8399 -0.6749 1.7772, 1.8391 2.7035 1.7816, 1.8391 -0.6741 1.7816, 1.8378 2.7022 1.7859, 1.8358 2.7002 1.7906, 1.8335 2.6978 1.7945, 1.8335 -0.6684 1.7944, 1.8358 -0.6708 1.7906, 1.8376 -0.6726 1.7864, 1.8378 -0.6728 1.7859, 1.8376 2.702 1.7864, 1.8332 2.6975 1.7948, 1.8272 2.6916 1.8017, 1.8272 -0.6621 1.8017, 1.8332 -0.6682 1.7948, 1.8269 2.6913 1.8019, 1.8193 2.6837 1.8072, 1.8193 -0.6543 1.8072, 1.8269 -0.6619 1.8019, 1.8191 2.6835 1.8073, 1.8104 2.6747 1.8106, 1.8104 -0.6453 1.8106, 1.8191 -0.6541 1.8073, 1.8102 2.6746 1.8107, 1.8103 -0.6452 1.8107, -1.8099 2.6746 1.8107, -1.8187 2.6835 1.8073, -1.81 2.6747 1.8106, -1.8328 2.6975 1.7948, -1.8268 2.6916 1.8017, -1.8189 2.6837 1.8072, -1.8265 2.6913 1.8019, -1.8331 2.6978 1.7945, -1.8354 2.7002 1.7906, -1.8372 2.702 1.7864, -1.8387 2.7035 1.7816, -1.8374 2.7022 1.7859, -1.8189 -0.6543 1.8072, -1.8265 -0.6619 1.8019, -1.8268 -0.6621 1.8017, -1.8328 -0.6682 1.7948, -1.8372 -0.6726 1.7864, -1.8374 -0.6728 1.7859, -1.8387 -0.6741 1.7816, -1.8395 -0.6749 1.7772, -1.8331 -0.6684 1.7944, -1.8354 -0.6708 1.7906, -1.8187 -0.6541 1.8073, -1.8099 -0.6452 1.8107, -1.81 -0.6453 1.8106, -1.8396 -0.675 1.7766
            ]
        }
        coordIndex [
            0,1,2,-1,2,1,3,-1,2,3,4,-1,4,3,5,-1,4,5,6,-1,6,5,7,-1,8,9,5,-1,5,9,7,-1,10,11,12,-1,12,11,13,-1,14,15,16,-1,17,18,19,-1,19,18,20,-1,19,20,21,-1,10,22,11,-1,11,22,23,-1,11,23,14,-1,14,23,24,-1,14,24,15,-1,16,25,14,-1,14,25,26,-1,14,26,27,-1,27,28,14,-1,14,28,29,-1,14,29,19,-1,19,29,30,-1,19,30,17,-1,31,32,33,-1,33,32,19,-1,33,19,34,-1,34,19,21,-1,31,35,32,-1,32,35,36,-1,32,36,11,-1,11,36,37,-1,11,37,13,-1,5,3,38,-1,38,3,39,-1,38,39,40,-1,40,39,41,-1,8,5,42,-1,42,5,38,-1,42,38,43,-1,44,43,38,-1,38,40,44,-1,44,40,45,-1,44,45,46,-1,46,45,47,-1,48,49,50,-1,51,52,47,-1,47,52,53,-1,47,53,46,-1,51,47,50,-1,50,47,54,-1,50,54,48,-1,55,56,57,-1,55,57,49,-1,49,57,58,-1,49,58,50,-1,59,60,61,-1,59,61,56,-1,56,61,62,-1,56,62,57,-1,63,64,65,-1,63,65,60,-1,60,65,66,-1,60,66,61,-1,67,32,11,-1,67,11,64,-1,64,11,68,-1,64,68,65,-1,45,40,41,-1,32,67,19,-1,19,67,69,-1,63,70,71,-1,69,67,71,-1,71,67,64,-1,71,64,63,-1,55,72,73,-1,70,63,74,-1,74,63,60,-1,74,60,75,-1,75,60,59,-1,75,59,73,-1,73,59,56,-1,73,56,55,-1,72,55,76,-1,76,55,49,-1,76,49,77,-1,77,49,48,-1,77,48,78,-1,41,79,45,-1,45,79,80,-1,45,80,47,-1,47,80,78,-1,47,78,54,-1,54,78,48,-1,81,82,62,-1,83,84,58,-1,53,52,85,-1,53,85,46,-1,46,85,86,-1,46,86,44,-1,44,86,87,-1,44,87,88,-1,58,84,50,-1,50,84,51,-1,51,84,89,-1,51,89,52,-1,52,89,90,-1,52,90,85,-1,83,58,82,-1,82,58,57,-1,82,57,62,-1,81,62,91,-1,91,62,61,-1,91,61,66,-1,65,92,66,-1,66,92,93,-1,66,93,91,-1,65,68,92,-1,92,68,11,-1,92,11,14,-1,78,80,86,-1,39,94,88,-1,86,80,87,-1,87,80,79,-1,87,79,88,-1,88,79,41,-1,88,41,39,-1,86,85,78,-1,78,85,90,-1,78,90,77,-1,77,90,89,-1,14,19,92,-1,92,19,69,-1,92,69,93,-1,93,69,71,-1,93,71,91,-1,91,71,70,-1,91,70,81,-1,81,70,74,-1,81,74,82,-1,82,74,75,-1,82,75,83,-1,83,75,73,-1,83,73,84,-1,84,73,72,-1,84,72,89,-1,89,72,76,-1,89,76,77,-1,
        ]
    }
}
Shape{
    appearance Appearance {
        material  Material 	{
            diffuseColor 1.0 1.0 1.0
            specularColor 0.5019607843137255 0.5019607843137255 0.5019607843137255
            ambientIntensity 1.0
            transparency 0.0
            shininess 0.5
        }
    }
    geometry IndexedFaceSet {
        ccw TRUE
        solid FALSE
        coord DEF co Coordinate {
            point [
                1.9648 2.8547 0.5441, 1.9648 3.1023 0.5441, 1.5002 3.3705 0.5441, -1.9644 2.8547 0.5441, -1.4998 3.3705 0.5441, -1.9644 3.1023 0.5441, 1.9648 2.8508 0.0402, 1.9648 2.8508 0.0323, 1.9648 2.8547 0.0402, 1.9648 3.1023 0.0323, -1.9644 2.8508 0.0323, -1.9644 2.8508 0.0402, -1.9644 2.8547 0.0402, -1.9644 3.1023 0.0323, -1.4998 3.3705 0.0323, 1.5002 3.3705 0.0323, 1.1321 2.8508 0.0323, 1.5258 2.6933 0.0323, 1.5258 0.2406 0.0323, 1.1321 2.6933 0.0323, -1.5254 0.2406 0.0323, -0.6277 2.6806 0.0323, -0.6088 2.656 0.0323, -0.5246 2.8593 0.0323, -0.5554 2.8552 0.0323, -1.1317 2.8508 0.0323, -0.5841 2.8433 0.0323, -0.6088 2.8244 0.0323, -0.6437 2.7402 0.0323, -1.1317 2.6933 0.0323, -0.6396 2.771 0.0323, -0.6277 2.7997 0.0323, 0.6281 2.7997 0.0323, 0.6092 2.8244 0.0323, 0.5845 2.8433 0.0323, 0.5558 2.8552 0.0323, 0.525 2.8593 0.0323, -0.6396 2.7094 0.0323, -1.5254 2.6933 0.0323, 0.5845 2.6371 0.0323, 0.6092 2.656 0.0323, 0.6281 2.6806 0.0323, -0.5841 2.6371 0.0323, -0.5554 2.6252 0.0323, -0.5246 2.6211 0.0323, 0.64 2.7094 0.0323, 0.6441 2.7402 0.0323, 0.64 2.771 0.0323, 0.525 2.6211 0.0323, 0.5558 2.6252 0.0323, -1.5254 2.6933 0.0402, -1.5254 0.2406 0.0402, 1.5258 2.6933 0.0402, 1.5258 0.2406 0.0402, 0.7443 -1.3267 1.2008, 1.2561 -1.3267 1.2008, 0.7443 -0.7457 1.2008, 1.2561 -0.7457 1.2008, 0.7443 -0.7662 1.0039, 1.2561 -0.7662 1.0039, 0.7443 -1.3267 1.0039, 1.2561 -1.3267 1.0039, 0.7443 -1.4175 1.1902, 1.2561 -1.4175 1.1902, 0.7443 -1.5034 1.1589, 1.2561 -1.5034 1.1589, 0.7443 -1.5798 1.1087, 1.2561 -1.5798 1.1087, 0.7443 -1.6425 1.0422, 1.2561 -1.6425 1.0422, 0.7443 -1.6882 0.963, 1.2561 -1.6882 0.963, 0.7443 -1.7144 0.8755, 1.2561 -1.7144 0.8755, 0.8427 -1.7615 0.6086, 0.764 -1.7478 0.6862, 0.7443 -1.7478 0.6862, 0.8427 -1.8054 0.3595, 1.1577 -1.8054 0.3595, 1.1577 -1.7615 0.6086, 1.2364 -1.7478 0.6862, 1.2561 -1.7478 0.6862, 1.1577 -1.8185 0.3157, 0.8427 -1.8185 0.3157, 1.1577 -1.8413 0.2762, 0.8427 -1.8413 0.2762, 1.1577 -1.8727 0.2429, 0.8427 -1.8727 0.2429, 1.1577 -1.9109 0.2178, 0.8427 -1.9109 0.2178, 1.1577 -1.9539 0.2022, 0.8427 -1.9539 0.2022, 1.1577 -1.9992 0.1969, 0.8427 -1.9992 0.1969, 1.1577 -2.6138 0.1969, 0.8427 -2.6138 0.1969, 1.1577 -2.6138 0.0, 0.8427 -2.6138 0.0, 1.1577 -1.9992 0.0, 0.8427 -1.9992 0.0, 0.8427 -1.9085 0.0106, 1.1577 -1.9085 0.0106, 0.8427 -1.8226 0.0419, 1.1577 -1.8226 0.0419, 0.8427 -1.7462 0.0921, 1.1577 -1.7462 0.0921, 0.8427 -1.6835 0.1586, 1.1577 -1.6835 0.1586, 0.8427 -1.6377 0.2378, 1.1577 -1.6377 0.2378, 0.8427 -1.6115 0.3253, 1.1577 -1.6115 0.3253, 1.2561 -1.5206 0.8413, 0.8427 -1.5676 0.5745, 0.7443 -1.5206 0.8413, 0.764 -1.5539 0.652, 0.7443 -1.5539 0.652, 1.1577 -1.5676 0.5745, 1.2364 -1.5539 0.652, 1.2561 -1.5539 0.652, 1.2561 -1.5074 0.8851, 0.7443 -1.5074 0.8851, 1.2561 -1.4846 0.9246, 0.7443 -1.4846 0.9246, 1.2561 -1.4532 0.9579, 0.7443 -1.4532 0.9579, 1.2561 -1.415 0.983, 0.7443 -1.415 0.983, 1.2561 -1.3721 0.9986, 0.7443 -1.3721 0.9986, 0.7443 -0.7673 1.0244, 1.2561 -0.7673 1.0244, -0.2557 -1.3267 1.2008, 0.2561 -1.3267 1.2008, -0.2557 -0.7457 1.2008, 0.2561 -0.7457 1.2008, -0.2557 -0.7662 1.0039, 0.2561 -0.7662 1.0039, -0.2557 -1.3267 1.0039, 0.2561 -1.3267 1.0039, -0.2557 -1.3812 1.197, 0.2561 -1.3812 1.197, -0.2557 -1.4346 1.1857, 0.2561 -1.4346 1.1857, 0.2561 -1.4346 0.9717, -0.2557 -1.4346 0.9717, 0.2561 -1.401 0.9894, -0.2557 -1.401 0.9894, 0.2561 -1.3645 1.0003, -0.2557 -1.3645 1.0003, -1.2557 -1.3267 1.2008, -0.7439 -1.3267 1.2008, -1.2557 -0.7457 1.2008, -0.7439 -0.7457 1.2008, -1.2557 -0.7662 1.0039, -0.7439 -0.7662 1.0039, -1.2557 -1.3267 1.0039, -0.7439 -1.3267 1.0039, -1.2557 -1.4175 1.1902, -0.7439 -1.4175 1.1902, -1.2557 -1.5034 1.1589, -0.7439 -1.5034 1.1589, -1.2557 -1.5798 1.1087, -0.7439 -1.5798 1.1087, -1.2557 -1.6425 1.0422, -0.7439 -1.6425 1.0422, -1.2557 -1.6882 0.963, -0.7439 -1.6882 0.963, -1.2557 -1.7144 0.8755, -0.7439 -1.7144 0.8755, -0.8423 -1.7478 0.6862, -0.7439 -1.7478 0.6862, -1.2557 -1.7478 0.6862, -1.1573 -1.7478 0.6862, -1.1573 -1.8054 0.3595, -0.8423 -1.8054 0.3595, -0.8423 -1.8185 0.3157, -1.1573 -1.8185 0.3157, -0.8423 -1.8413 0.2762, -1.1573 -1.8413 0.2762, -0.8423 -1.8727 0.2429, -1.1573 -1.8727 0.2429, -0.8423 -1.9109 0.2178, -1.1573 -1.9109 0.2178, -0.8423 -1.9539 0.2022, -1.1573 -1.9539 0.2022, -0.8423 -1.9992 0.1969, -1.1573 -1.9992 0.1969, -0.8423 -2.6138 0.1969, -1.1573 -2.6138 0.1969, -0.8423 -2.6138 0.0, -1.1573 -2.6138 0.0, -0.8423 -1.9992 0.0, -1.1573 -1.9992 0.0, -1.1573 -1.9085 0.0106, -0.8423 -1.9085 0.0106, -1.1573 -1.8226 0.0419, -0.8423 -1.8226 0.0419, -1.1573 -1.7462 0.0921, -0.8423 -1.7462 0.0921, -1.1573 -1.6835 0.1586, -0.8423 -1.6835 0.1586, -1.1573 -1.6377 0.2378, -0.8423 -1.6377 0.2378, -1.1573 -1.6115 0.3253, -0.8423 -1.6115 0.3253, -0.7439 -1.5206 0.8413, -0.7439 -1.5539 0.652, -1.2557 -1.5206 0.8413, -0.8423 -1.5539 0.652, -1.2557 -1.5539 0.652, -1.1573 -1.5539 0.652, -0.7439 -1.5074 0.8851, -1.2557 -1.5074 0.8851, -0.7439 -1.4846 0.9246, -1.2557 -1.4846 0.9246, -0.7439 -1.4532 0.9579, -1.2557 -1.4532 0.9579, -0.7439 -1.415 0.983, -1.2557 -1.415 0.983, -0.7439 -1.3721 0.9986, -1.2557 -1.3721 0.9986, -0.2557 -0.7673 1.0244, 0.2561 -0.7673 1.0244, -1.2557 -0.7673 1.0244, -0.7439 -0.7673 1.0244
            ]
        }
        coordIndex [
            0,1,2,-1,0,2,3,-1,3,2,4,-1,3,4,5,-1,6,7,8,-1,8,7,9,-1,8,9,0,-1,0,9,1,-1,10,11,12,-1,3,5,12,-1,12,5,13,-1,12,13,10,-1,4,14,5,-1,5,14,13,-1,2,15,4,-1,4,15,14,-1,1,9,2,-1,2,9,15,-1,9,7,15,-1,15,7,16,-1,17,18,19,-1,19,18,20,-1,21,22,20,-1,23,24,25,-1,25,24,26,-1,25,26,27,-1,28,29,30,-1,30,29,25,-1,30,25,31,-1,31,25,27,-1,32,33,16,-1,16,33,34,-1,16,34,35,-1,35,36,16,-1,16,36,14,-1,16,14,15,-1,28,37,29,-1,29,37,21,-1,29,21,38,-1,38,21,20,-1,20,39,19,-1,19,39,40,-1,19,40,41,-1,10,13,25,-1,25,13,14,-1,25,14,23,-1,23,14,36,-1,22,42,20,-1,20,42,43,-1,20,43,44,-1,41,45,19,-1,19,45,46,-1,19,46,16,-1,16,46,47,-1,16,47,32,-1,44,48,20,-1,20,48,49,-1,20,49,39,-1,38,20,50,-1,50,20,51,-1,52,53,17,-1,17,53,18,-1,20,18,51,-1,51,18,53,-1,54,55,56,-1,56,55,57,-1,58,59,60,-1,60,59,61,-1,55,54,62,-1,55,62,63,-1,63,62,64,-1,63,64,65,-1,65,64,66,-1,65,66,67,-1,67,66,68,-1,67,68,69,-1,69,68,70,-1,69,70,71,-1,71,70,72,-1,71,72,73,-1,74,73,75,-1,75,73,72,-1,75,72,76,-1,77,78,74,-1,74,78,79,-1,74,79,73,-1,73,79,80,-1,73,80,81,-1,78,77,82,-1,82,77,83,-1,82,83,84,-1,84,83,85,-1,84,85,86,-1,86,85,87,-1,86,87,88,-1,88,87,89,-1,88,89,90,-1,90,89,91,-1,90,91,92,-1,92,91,93,-1,94,92,95,-1,95,92,93,-1,96,94,97,-1,97,94,95,-1,98,96,99,-1,99,96,97,-1,98,99,100,-1,98,100,101,-1,101,100,102,-1,101,102,103,-1,103,102,104,-1,103,104,105,-1,105,104,106,-1,105,106,107,-1,107,106,108,-1,107,108,109,-1,109,108,110,-1,109,110,111,-1,112,113,114,-1,114,113,115,-1,114,115,116,-1,111,110,117,-1,117,110,113,-1,117,113,118,-1,118,113,112,-1,118,112,119,-1,112,114,120,-1,120,114,121,-1,120,121,122,-1,122,121,123,-1,122,123,124,-1,124,123,125,-1,124,125,126,-1,126,125,127,-1,126,127,128,-1,128,127,129,-1,128,129,61,-1,61,129,60,-1,75,76,115,-1,115,76,116,-1,130,58,60,-1,116,76,114,-1,114,76,72,-1,114,72,121,-1,121,72,70,-1,121,70,123,-1,123,70,68,-1,123,68,125,-1,125,68,66,-1,125,66,127,-1,127,66,64,-1,127,64,129,-1,129,64,62,-1,129,62,60,-1,60,62,54,-1,60,54,130,-1,130,54,56,-1,118,119,80,-1,80,119,81,-1,61,59,131,-1,131,57,61,-1,61,57,55,-1,61,55,128,-1,128,55,63,-1,128,63,126,-1,126,63,65,-1,126,65,124,-1,124,65,67,-1,124,67,122,-1,122,67,69,-1,122,69,120,-1,120,69,71,-1,120,71,112,-1,112,71,73,-1,112,73,119,-1,119,73,81,-1,80,79,118,-1,118,79,117,-1,74,75,113,-1,113,75,115,-1,132,133,134,-1,134,133,135,-1,136,137,138,-1,138,137,139,-1,133,132,140,-1,133,140,141,-1,141,140,142,-1,141,142,143,-1,144,145,146,-1,146,145,147,-1,146,147,148,-1,148,147,149,-1,148,149,139,-1,139,149,138,-1,150,151,152,-1,152,151,153,-1,154,155,156,-1,156,155,157,-1,151,150,158,-1,151,158,159,-1,159,158,160,-1,159,160,161,-1,161,160,162,-1,161,162,163,-1,163,162,164,-1,163,164,165,-1,165,164,166,-1,165,166,167,-1,167,166,168,-1,167,168,169,-1,170,171,169,-1,168,172,173,-1,174,175,173,-1,173,175,170,-1,173,170,168,-1,168,170,169,-1,175,174,176,-1,176,174,177,-1,176,177,178,-1,178,177,179,-1,178,179,180,-1,180,179,181,-1,180,181,182,-1,182,181,183,-1,182,183,184,-1,184,183,185,-1,184,185,186,-1,186,185,187,-1,188,186,189,-1,189,186,187,-1,190,188,191,-1,191,188,189,-1,192,190,193,-1,193,190,191,-1,192,193,194,-1,192,194,195,-1,195,194,196,-1,195,196,197,-1,197,196,198,-1,197,198,199,-1,199,198,200,-1,199,200,201,-1,201,200,202,-1,201,202,203,-1,203,202,204,-1,203,204,205,-1,206,207,208,-1,208,207,209,-1,210,208,211,-1,211,208,209,-1,211,209,204,-1,204,209,205,-1,206,208,212,-1,212,208,213,-1,212,213,214,-1,214,213,215,-1,214,215,216,-1,216,215,217,-1,216,217,218,-1,218,217,219,-1,218,219,220,-1,220,219,221,-1,220,221,157,-1,157,221,156,-1,222,136,138,-1,134,222,132,-1,132,222,138,-1,132,138,140,-1,140,138,149,-1,140,149,142,-1,142,149,147,-1,142,147,145,-1,139,137,223,-1,223,135,139,-1,139,135,133,-1,139,133,148,-1,148,133,141,-1,148,141,146,-1,146,141,143,-1,146,143,144,-1,173,172,211,-1,211,172,210,-1,224,154,156,-1,210,172,208,-1,208,172,168,-1,208,168,213,-1,213,168,166,-1,213,166,215,-1,215,166,164,-1,215,164,217,-1,217,164,162,-1,217,162,219,-1,219,162,160,-1,219,160,221,-1,221,160,158,-1,221,158,156,-1,156,158,150,-1,156,150,224,-1,224,150,152,-1,207,171,209,-1,209,171,170,-1,157,155,225,-1,225,153,157,-1,157,153,151,-1,157,151,220,-1,220,151,159,-1,220,159,218,-1,218,159,161,-1,218,161,216,-1,216,161,163,-1,216,163,214,-1,214,163,165,-1,214,165,212,-1,212,165,167,-1,212,167,206,-1,206,167,169,-1,206,169,207,-1,207,169,171,-1,
        ]
    }
}
Shape{
    appearance Appearance {
        material  Material 	{
            diffuseColor 0.0 0.0 0.0
            specularColor 0.0 0.0 0.0
            ambientIntensity 0.0
            transparency 0.0
            shininess 0.5
        }
    }
    geometry IndexedFaceSet {
        ccw TRUE
        solid FALSE
        coord DEF co Coordinate {
            point [
                -1.4758 -0.2327 1.8114, -1.4758 -0.2327 1.8118, -1.4798 -0.2019 1.8114, -1.4798 -0.2019 1.8118, -1.4917 -0.1732 1.8114, -1.4917 -0.1732 1.8118, -1.5106 -0.1486 1.8114, -1.5106 -0.1486 1.8118, -1.5353 -0.1297 1.8114, -1.5353 -0.1297 1.8118, -1.564 -0.1178 1.8114, -1.564 -0.1178 1.8118, -1.5948 -0.1137 1.8114, -1.5948 -0.1137 1.8118, -1.6256 -0.1178 1.8114, -1.6256 -0.1178 1.8118, -1.6543 -0.1297 1.8114, -1.6543 -0.1297 1.8118, -1.6789 -0.1486 1.8114, -1.6789 -0.1486 1.8118, -1.6978 -0.1732 1.8114, -1.6978 -0.1732 1.8118, -1.7097 -0.2019 1.8114, -1.7097 -0.2019 1.8118, -1.7138 -0.2327 1.8114, -1.7138 -0.2327 1.8118, -1.7097 -0.2635 1.8114, -1.7097 -0.2635 1.8118, -1.6978 -0.2922 1.8114, -1.6978 -0.2922 1.8118, -1.6789 -0.3169 1.8114, -1.6789 -0.3169 1.8118, -1.6543 -0.3358 1.8114, -1.6543 -0.3358 1.8118, -1.6256 -0.3477 1.8114, -1.6256 -0.3477 1.8118, -1.5948 -0.3517 1.8114, -1.5948 -0.3517 1.8118, -1.564 -0.3477 1.8114, -1.564 -0.3477 1.8118, -1.5353 -0.3358 1.8114, -1.5353 -0.3358 1.8118, -1.5106 -0.3169 1.8114, -1.5106 -0.3169 1.8118, -1.4917 -0.2922 1.8114, -1.4917 -0.2922 1.8118, -1.4798 -0.2635 1.8114, -1.4798 -0.2635 1.8118, -1.5948 -0.2327 1.8114
            ]
        }
        coordIndex [
            0,1,2,-1,2,1,3,-1,2,3,4,-1,4,3,5,-1,4,5,6,-1,6,5,7,-1,6,7,8,-1,8,7,9,-1,8,9,10,-1,10,9,11,-1,10,11,12,-1,12,11,13,-1,12,13,14,-1,14,13,15,-1,14,15,16,-1,16,15,17,-1,16,17,18,-1,18,17,19,-1,18,19,20,-1,20,19,21,-1,20,21,22,-1,22,21,23,-1,22,23,24,-1,24,23,25,-1,24,25,26,-1,26,25,27,-1,26,27,28,-1,28,27,29,-1,28,29,30,-1,30,29,31,-1,30,31,32,-1,32,31,33,-1,32,33,34,-1,34,33,35,-1,34,35,36,-1,36,35,37,-1,36,37,38,-1,38,37,39,-1,38,39,40,-1,40,39,41,-1,40,41,42,-1,42,41,43,-1,42,43,44,-1,44,43,45,-1,44,45,46,-1,46,45,47,-1,46,47,0,-1,0,47,1,-1,44,46,48,-1,48,46,0,-1,48,0,2,-1,38,40,48,-1,48,40,42,-1,48,42,44,-1,32,34,48,-1,48,34,36,-1,48,36,38,-1,26,28,48,-1,48,28,30,-1,48,30,32,-1,20,22,48,-1,48,22,24,-1,48,24,26,-1,14,16,48,-1,48,16,18,-1,48,18,20,-1,8,10,48,-1,48,10,12,-1,48,12,14,-1,2,4,48,-1,48,4,6,-1,48,6,8,-1,
        ]
    }
}
Shape{
    appearance Appearance {
        material  Material 	{
            diffuseColor 0.25098039215686274 0.25098039215686274 0.25098039215686274
            specularColor 0.12549019607843137 0.12549019607843137 0.12549019607843137
            ambientIntensity 0.251
            transparency 0.0
            shininess 0.5
        }
    }
    geometry IndexedFaceSet {
        ccw TRUE
        solid FALSE
        coord DEF co Coordinate {
            point [
                0.525 2.8593 0.0717, 0.525 2.8593 0.0323, 0.5558 2.8552 0.0717, 0.5558 2.8552 0.0323, 0.5845 2.8433 0.0717, 0.5845 2.8433 0.0323, 0.6092 2.8244 0.0717, 0.6092 2.8244 0.0323, 0.6281 2.7997 0.0717, 0.6281 2.7997 0.0323, 0.64 2.771 0.0717, 0.64 2.771 0.0323, 0.6441 2.7402 0.0717, 0.6441 2.7402 0.0323, 0.64 2.7094 0.0717, 0.64 2.7094 0.0323, 0.6281 2.6806 0.0717, 0.6281 2.6806 0.0323, 0.6092 2.656 0.0717, 0.6092 2.656 0.0323, 0.5845 2.6371 0.0717, 0.5845 2.6371 0.0323, 0.5558 2.6252 0.0717, 0.5558 2.6252 0.0323, 0.525 2.6211 0.0717, 0.525 2.6211 0.0323, -0.5246 2.8593 0.0717, -0.5246 2.8593 0.0323, -0.5246 2.6211 0.0717, -0.5246 2.6211 0.0323, -0.5554 2.6252 0.0717, -0.5554 2.6252 0.0323, -0.5841 2.6371 0.0717, -0.5841 2.6371 0.0323, -0.6088 2.656 0.0717, -0.6088 2.656 0.0323, -0.6277 2.6806 0.0717, -0.6277 2.6806 0.0323, -0.6396 2.7094 0.0717, -0.6396 2.7094 0.0323, -0.6437 2.7402 0.0717, -0.6437 2.7402 0.0323, -0.6396 2.771 0.0717, -0.6396 2.771 0.0323, -0.6277 2.7997 0.0717, -0.6277 2.7997 0.0323, -0.6088 2.8244 0.0717, -0.6088 2.8244 0.0323, -0.5841 2.8433 0.0717, -0.5841 2.8433 0.0323, -0.5554 2.8552 0.0717, -0.5554 2.8552 0.0323
            ]
        }
        coordIndex [
            0,1,2,-1,2,1,3,-1,2,3,4,-1,4,3,5,-1,4,5,6,-1,6,5,7,-1,6,7,8,-1,8,7,9,-1,8,9,10,-1,10,9,11,-1,10,11,12,-1,12,11,13,-1,12,13,14,-1,14,13,15,-1,14,15,16,-1,16,15,17,-1,16,17,18,-1,18,17,19,-1,18,19,20,-1,20,19,21,-1,20,21,22,-1,22,21,23,-1,22,23,24,-1,24,23,25,-1,0,26,1,-1,1,26,27,-1,28,29,30,-1,30,29,31,-1,30,31,32,-1,32,31,33,-1,32,33,34,-1,34,33,35,-1,34,35,36,-1,36,35,37,-1,36,37,38,-1,38,37,39,-1,38,39,40,-1,40,39,41,-1,40,41,42,-1,42,41,43,-1,42,43,44,-1,44,43,45,-1,44,45,46,-1,46,45,47,-1,46,47,48,-1,48,47,49,-1,48,49,50,-1,50,49,51,-1,50,51,26,-1,26,51,27,-1,28,24,29,-1,29,24,25,-1,0,24,26,-1,26,24,28,-1,26,28,50,-1,2,20,0,-1,0,20,22,-1,0,22,24,-1,2,4,20,-1,20,4,6,-1,20,6,18,-1,18,6,16,-1,32,34,48,-1,48,34,36,-1,6,8,16,-1,16,8,10,-1,16,10,14,-1,14,10,12,-1,50,28,48,-1,48,28,30,-1,48,30,32,-1,40,42,44,-1,36,38,48,-1,48,38,40,-1,48,40,46,-1,46,40,44,-1,
        ]
    }
}
Shape{
    appearance Appearance {
        material  Material 	{
            diffuseColor 1.0 1.0 1.0
            specularColor 0.5019607843137255 0.5019607843137255 0.5019607843137255
            ambientIntensity 1.0
            transparency 0.0
            shininess 0.5
        }
    }
    geometry IndexedFaceSet {
        ccw TRUE
        solid FALSE
        coord DEF co Coordinate {
            point [
                1.5258 2.8508 0.0724, 1.5258 2.8508 0.0402, 1.5258 2.6933 0.0724, 1.5258 2.6933 0.0402, 1.1321 2.8508 0.0724, 1.1321 2.6933 0.0724, 1.1321 2.8508 0.0323, 1.1321 2.6933 0.0323, 1.5258 2.6933 0.0323, -1.5254 2.6933 0.0724, -1.5254 2.6933 0.0402, -1.5254 2.8508 0.0724, -1.5254 2.8508 0.0402, -1.1317 2.6933 0.0724, -1.1317 2.6933 0.0323, -1.5254 2.6933 0.0323, -1.1317 2.8508 0.0724, -1.1317 2.8508 0.0323, 0.2561 -1.4346 1.1857, -0.2557 -1.4346 1.1857, 0.2561 -1.4346 0.9717, -0.2557 -1.4346 0.9717, -1.9384 0.1068 0.8404, -1.94 0.1068 0.8253, -1.938 0.1068 0.8404, -1.9396 0.1068 0.8252, -1.9384 0.16 0.8404, -1.938 0.16 0.8404, -1.926 0.16 0.958, -1.9256 0.16 0.958, -1.926 0.1772 0.958, -1.9256 0.1772 0.958, -1.94 0.1772 0.8253, -1.9396 0.1772 0.8252, -1.939 0.0014 0.8307, -1.9394 0.0014 0.8308, -1.9395 0.0037 0.8296, -1.9402 0.0384 0.823, -1.9398 0.0384 0.823, -1.9396 0.018 0.8249, -1.94 0.018 0.825, -1.9392 0.0071 0.8285, -1.9391 0.0037 0.8296, -1.9377 0.0014 0.8472, -1.9373 0.0014 0.8471, -1.9376 0.0071 0.8446, -1.9383 0.0146 0.8413, -1.9379 0.0146 0.8413, -1.9382 0.0297 0.8385, -1.9386 0.0297 0.8385, -1.9382 0.0359 0.8383, -1.9386 0.0359 0.8383, -1.938 0.0493 0.8399, -1.9384 0.0493 0.8399, -1.9377 0.0588 0.8435, -1.9381 0.0588 0.8435, -1.937 0.0675 0.8496, -1.9374 0.0675 0.8497, -1.9367 0.0702 0.8522, -1.9371 0.0702 0.8523, -1.9359 0.0761 0.8601, -1.9363 0.0761 0.8602, -1.9348 0.0806 0.8706, -1.9352 0.0806 0.8706, -1.9335 0.083 0.8835, -1.9339 0.083 0.8835, -1.9328 0.0833 0.8901, -1.9332 0.0833 0.8901, -1.9308 0.0811 0.9084, -1.9312 0.0811 0.9084, -1.9296 0.0766 0.9198, -1.93 0.0766 0.9199, -1.9287 0.0701 0.929, -1.9291 0.0701 0.9291, -1.9286 0.0693 0.93, -1.929 0.0693 0.93, -1.9279 0.0614 0.9366, -1.9283 0.0614 0.9367, -1.9273 0.0511 0.9418, -1.9277 0.0511 0.9419, -1.9271 0.0397 0.9444, -1.9275 0.0397 0.9444, -1.927 0.0329 0.9447, -1.9274 0.0329 0.9448, -1.9279 0.0014 0.9368, -1.9282 0.0014 0.9369, -1.9282 0.0029 0.9377, -1.9272 0.0165 0.9428, -1.9276 0.0165 0.9428, -1.9276 0.0071 0.9392, -1.9278 0.0029 0.9376, -1.9264 0.0014 0.9548, -1.926 0.0014 0.9548, -1.9258 0.0071 0.9564, -1.9259 0.0156 0.9589, -1.9254 0.0331 0.9602, -1.9258 0.0331 0.9602, -1.9255 0.0187 0.9591, -1.9255 0.0156 0.9588, -1.9255 0.0423 0.9591, -1.926 0.0524 0.9579, -1.9256 0.0524 0.9579, -1.9262 0.0663 0.9525, -1.9266 0.0663 0.9525, -1.9271 0.0788 0.9438, -1.9275 0.0788 0.9438, -1.9275 0.0821 0.9406, -1.9278 0.0821 0.9407, -1.9288 0.0918 0.9281, -1.9292 0.0918 0.9281, -1.9303 0.0981 0.9133, -1.9307 0.0981 0.9134, -1.9321 0.1011 0.896, -1.9325 0.1011 0.8961, -1.9329 0.1014 0.8891, -1.9333 0.1014 0.8891, -1.9352 0.0987 0.8674, -1.9355 0.0987 0.8675, -1.9366 0.0933 0.8536, -1.937 0.0933 0.8536, -1.9378 0.0853 0.8423, -1.9382 0.0853 0.8423, -1.9379 0.0842 0.8411, -1.9383 0.0842 0.8412, -1.9388 0.0735 0.8322, -1.9392 0.0735 0.8323, -1.9395 0.0609 0.8263, -1.9399 0.0609 0.8264, -1.9398 0.0464 0.8234, -1.9402 0.0464 0.8234, -1.9384 -0.097 0.8404, -1.94 -0.097 0.8253, -1.938 -0.097 0.8404, -1.9396 -0.097 0.8252, -1.938 -0.0425 0.8404, -1.9384 -0.0425 0.8404, -1.938 -0.0785 0.8404, -1.9337 -0.0425 0.8851, -1.9333 -0.0425 0.885, -1.9333 -0.0902 0.885, -1.9337 -0.0902 0.8851, -1.9333 -0.0785 0.885, -1.9321 -0.0902 0.9002, -1.9317 -0.0902 0.9002, -1.9317 -0.0425 0.9002, -1.9321 -0.0425 0.9002, -1.9317 -0.0785 0.9002, -1.9276 -0.0425 0.9427, -1.9272 -0.0425 0.9427, -1.9272 -0.094 0.9427, -1.9276 -0.094 0.9427, -1.9272 -0.0785 0.9427, -1.926 -0.094 0.958, -1.9256 -0.094 0.958, -1.9256 -0.0253 0.958, -1.926 -0.0253 0.958, -1.9256 -0.0785 0.958, -1.94 -0.0253 0.8253, -1.9396 -0.0253 0.8252, -1.9396 -0.0785 0.8252, -1.938 -0.2108 0.8439, -1.9371 -0.197 0.8528, -1.9391 -0.1969 0.8339, -1.9377 -0.1884 0.8469, -1.9397 -0.1817 0.828, -1.9382 -0.1774 0.8426, -1.94 -0.159 0.8253, -1.9384 -0.1589 0.8404, -1.94 -0.1223 0.8253, -1.9384 -0.1395 0.8404, -1.926 -0.1223 0.958, -1.9276 -0.1395 0.9427, -1.926 -0.1603 0.958, -1.9276 -0.1596 0.9427, -1.9276 -0.1645 0.9426, -1.9263 -0.1807 0.9558, -1.9279 -0.1785 0.9404, -1.9269 -0.1968 0.9499, -1.9283 -0.1898 0.936, -1.9279 -0.2108 0.9404, -1.9289 -0.1982 0.9302, -1.9284 -0.2155 0.9359, -1.9293 -0.2019 0.9266, -1.9296 -0.2237 0.9243, -1.9301 -0.207 0.9192, -1.9309 -0.2287 0.9116, -1.9311 -0.2108 0.9095, -1.9328 -0.2309 0.8933, -1.9329 -0.2128 0.8929, -1.9337 -0.2305 0.8849, -1.9339 -0.2122 0.8832, -1.9353 -0.2273 0.8693, -1.9351 -0.2094 0.8713, -1.9368 -0.2207 0.8556, -1.9362 -0.2047 0.8616, -1.9369 -0.1985 0.8542, -1.9396 -0.159 0.8252, -1.9396 -0.1223 0.8252, -1.9393 -0.1817 0.828, -1.9387 -0.1969 0.8339, -1.9376 -0.2108 0.8438, -1.9364 -0.2207 0.8556, -1.935 -0.2273 0.8693, -1.9333 -0.2305 0.8848, -1.9324 -0.2309 0.8933, -1.9305 -0.2287 0.9116, -1.9292 -0.2237 0.9243, -1.928 -0.2155 0.9358, -1.9275 -0.2108 0.9404, -1.9265 -0.1968 0.9499, -1.9259 -0.1807 0.9557, -1.9256 -0.1603 0.958, -1.9256 -0.1223 0.958, -1.9272 -0.1596 0.9427, -1.9272 -0.1395 0.9427, -1.938 -0.1395 0.8404, -1.938 -0.1589 0.8404, -1.9365 -0.1985 0.8542, -1.9367 -0.197 0.8528, -1.9373 -0.1884 0.8468, -1.9378 -0.1774 0.8426, -1.9325 -0.2128 0.8928, -1.9335 -0.2122 0.8832, -1.9347 -0.2094 0.8713, -1.9358 -0.2047 0.8616, -1.9286 -0.1982 0.9302, -1.9289 -0.2019 0.9266, -1.9297 -0.207 0.9191, -1.9307 -0.2108 0.9095, -1.9273 -0.1645 0.9425, -1.9275 -0.1785 0.9404, -1.928 -0.1898 0.9359
            ]
        }
        coordIndex [
            0,1,2,-1,2,1,3,-1,4,5,6,-1,6,5,7,-1,8,7,3,-1,3,7,5,-1,3,5,2,-1,5,4,2,-1,2,4,0,-1,9,10,11,-1,11,10,12,-1,9,13,10,-1,10,13,14,-1,10,14,15,-1,13,16,14,-1,14,16,17,-1,13,9,16,-1,16,9,11,-1,18,19,20,-1,20,19,21,-1,22,23,24,-1,24,23,25,-1,26,22,27,-1,27,22,24,-1,28,26,29,-1,29,26,27,-1,30,28,31,-1,31,28,29,-1,32,30,33,-1,33,30,31,-1,23,32,25,-1,25,32,33,-1,28,30,26,-1,26,30,32,-1,26,32,22,-1,22,32,23,-1,34,35,36,-1,37,38,39,-1,37,39,40,-1,40,39,41,-1,40,41,36,-1,36,41,42,-1,36,42,34,-1,43,35,44,-1,44,35,34,-1,43,44,45,-1,43,45,46,-1,45,47,46,-1,46,47,48,-1,46,48,49,-1,49,48,50,-1,49,50,51,-1,51,50,52,-1,51,52,53,-1,53,52,54,-1,53,54,55,-1,55,54,56,-1,55,56,57,-1,57,56,58,-1,57,58,59,-1,59,58,60,-1,59,60,61,-1,61,60,62,-1,61,62,63,-1,63,62,64,-1,63,64,65,-1,65,64,66,-1,65,66,67,-1,67,66,68,-1,67,68,69,-1,69,68,70,-1,69,70,71,-1,71,70,72,-1,71,72,73,-1,73,72,74,-1,73,74,75,-1,75,74,76,-1,75,76,77,-1,77,76,78,-1,77,78,79,-1,79,78,80,-1,79,80,81,-1,81,80,82,-1,81,82,83,-1,84,85,86,-1,83,82,87,-1,83,87,88,-1,88,87,89,-1,88,89,86,-1,86,89,90,-1,86,90,84,-1,91,85,92,-1,92,85,84,-1,91,92,93,-1,91,93,94,-1,95,96,97,-1,97,96,94,-1,97,94,98,-1,98,94,93,-1,96,95,99,-1,96,99,100,-1,99,101,100,-1,100,101,102,-1,100,102,103,-1,103,102,104,-1,103,104,105,-1,105,104,106,-1,105,106,107,-1,107,106,108,-1,107,108,109,-1,109,108,110,-1,109,110,111,-1,111,110,112,-1,111,112,113,-1,113,112,114,-1,113,114,115,-1,115,114,116,-1,115,116,117,-1,117,116,118,-1,117,118,119,-1,119,118,120,-1,119,120,121,-1,121,120,122,-1,121,122,123,-1,123,122,124,-1,123,124,125,-1,125,124,126,-1,125,126,127,-1,127,126,128,-1,127,128,129,-1,129,128,38,-1,129,38,37,-1,77,79,100,-1,69,71,109,-1,109,71,107,-1,100,79,96,-1,79,81,96,-1,96,81,83,-1,96,83,94,-1,94,83,88,-1,94,88,91,-1,91,88,86,-1,91,86,85,-1,35,43,36,-1,36,43,46,-1,36,46,40,-1,40,46,49,-1,40,49,37,-1,37,49,51,-1,37,51,129,-1,129,51,53,-1,129,53,127,-1,127,53,55,-1,127,55,125,-1,125,55,57,-1,125,57,123,-1,123,57,59,-1,123,59,121,-1,121,59,61,-1,121,61,119,-1,115,67,113,-1,113,67,69,-1,113,69,111,-1,111,69,109,-1,71,73,107,-1,107,73,75,-1,107,75,105,-1,105,75,77,-1,105,77,103,-1,103,77,100,-1,119,61,117,-1,117,61,63,-1,117,63,115,-1,115,63,65,-1,115,65,67,-1,130,131,132,-1,132,131,133,-1,134,135,136,-1,136,135,130,-1,136,130,132,-1,137,135,138,-1,138,135,134,-1,139,140,141,-1,141,140,137,-1,141,137,138,-1,142,140,143,-1,143,140,139,-1,144,145,146,-1,146,145,142,-1,146,142,143,-1,147,145,148,-1,148,145,144,-1,149,150,151,-1,151,150,147,-1,151,147,148,-1,152,150,153,-1,153,150,149,-1,154,155,156,-1,156,155,152,-1,156,152,153,-1,157,155,158,-1,158,155,154,-1,133,131,159,-1,159,131,157,-1,159,157,158,-1,131,130,157,-1,157,130,135,-1,140,142,137,-1,137,142,145,-1,150,152,147,-1,147,152,155,-1,147,155,145,-1,145,155,157,-1,145,157,137,-1,137,157,135,-1,160,161,162,-1,162,161,163,-1,162,163,164,-1,164,163,165,-1,164,165,166,-1,166,165,167,-1,166,167,168,-1,168,167,169,-1,168,169,170,-1,170,169,171,-1,170,171,172,-1,171,173,172,-1,172,173,174,-1,172,174,175,-1,175,174,176,-1,175,176,177,-1,177,176,178,-1,177,178,179,-1,179,178,180,-1,179,180,181,-1,181,180,182,-1,181,182,183,-1,183,182,184,-1,183,184,185,-1,185,184,186,-1,185,186,187,-1,187,186,188,-1,187,188,189,-1,189,188,190,-1,189,190,191,-1,191,190,192,-1,191,192,193,-1,193,192,194,-1,193,194,160,-1,160,194,195,-1,160,195,161,-1,166,168,196,-1,196,168,197,-1,166,196,198,-1,166,198,164,-1,164,198,199,-1,164,199,162,-1,162,199,200,-1,162,200,160,-1,160,200,201,-1,160,201,193,-1,193,201,202,-1,193,202,191,-1,191,202,203,-1,191,203,189,-1,189,203,204,-1,189,204,187,-1,187,204,205,-1,187,205,185,-1,185,205,206,-1,185,206,183,-1,183,206,207,-1,183,207,181,-1,181,207,208,-1,181,208,179,-1,179,208,209,-1,179,209,177,-1,177,209,210,-1,177,210,175,-1,175,210,211,-1,175,211,172,-1,170,172,212,-1,212,172,211,-1,168,170,197,-1,197,170,212,-1,173,171,213,-1,213,171,214,-1,171,169,214,-1,214,169,215,-1,169,167,215,-1,215,167,216,-1,195,217,218,-1,195,218,161,-1,161,218,219,-1,161,219,163,-1,163,219,220,-1,163,220,165,-1,165,220,216,-1,165,216,167,-1,188,221,222,-1,188,222,190,-1,190,222,223,-1,190,223,192,-1,192,223,224,-1,192,224,194,-1,194,224,217,-1,194,217,195,-1,180,225,226,-1,180,226,182,-1,182,226,227,-1,182,227,184,-1,184,227,228,-1,184,228,186,-1,186,228,221,-1,186,221,188,-1,173,213,229,-1,173,229,174,-1,174,229,230,-1,174,230,176,-1,176,230,231,-1,176,231,178,-1,178,231,225,-1,178,225,180,-1,
        ]
    }
}
Shape{
    appearance Appearance {
        material  Material 	{
            diffuseColor 0.25098039215686274 0.25098039215686274 0.25098039215686274
            specularColor 0.12549019607843137 0.12549019607843137 0.12549019607843137
            ambientIntensity 0.251
            transparency 0.0
            shininess 0.5
        }
    }
    geometry IndexedFaceSet {
        ccw TRUE
        solid FALSE
        coord DEF co Coordinate {
            point [
                -1.9367 -0.197 0.8528, -1.9365 -0.1985 0.8542, -1.9273 -0.1645 0.9425, -1.9373 -0.1884 0.8468, -1.9272 -0.1395 0.9427, -1.938 -0.1395 0.8404, -1.9272 -0.1596 0.9427, -1.938 -0.1589 0.8404, -1.9378 -0.1774 0.8426, -1.9358 -0.2047 0.8616, -1.9347 -0.2094 0.8713, -1.9335 -0.2122 0.8832, -1.9286 -0.1982 0.9302, -1.9325 -0.2128 0.8928, -1.928 -0.1898 0.9359, -1.9275 -0.1785 0.9404, -1.9307 -0.2108 0.9095, -1.9297 -0.207 0.9191, -1.9289 -0.2019 0.9266
            ]
        }
        coordIndex [
            0,1,2,-1,0,2,3,-1,4,5,6,-1,6,5,7,-1,6,7,2,-1,2,7,8,-1,2,8,3,-1,1,9,2,-1,2,9,10,-1,2,10,11,-1,12,11,13,-1,12,14,11,-1,11,14,15,-1,11,15,2,-1,16,17,13,-1,13,17,18,-1,13,18,12,-1,
        ]
    }
}
Shape{
    appearance Appearance {
        material  Material 	{
            diffuseColor 1.0 1.0 1.0
            specularColor 0.5019607843137255 0.5019607843137255 0.5019607843137255
            ambientIntensity 1.0
            transparency 0.0
            shininess 0.5
        }
    }
    geometry IndexedFaceSet {
        ccw TRUE
        solid FALSE
        coord DEF co Coordinate {
            point [
                -1.9346 -0.2756 0.8766, -1.9288 -0.2956 0.9317, -1.926 -0.2891 0.958, -1.94 -0.2383 0.8253, -1.94 -0.2573 0.8253, -1.9362 -0.2702 0.8616, -1.9284 -0.2967 0.9357, -1.9278 -0.2978 0.941, -1.926 -0.3076 0.958, -1.9278 -0.2982 0.941, -1.9284 -0.2993 0.9354, -1.9288 -0.3003 0.9317, -1.9346 -0.3204 0.8766, -1.94 -0.3584 0.8253, -1.94 -0.3394 0.8253, -1.9362 -0.3257 0.8616, -1.9256 -0.3076 0.958, -1.9396 -0.3584 0.8252, -1.9256 -0.2891 0.958, -1.9396 -0.2383 0.8252, -1.929 -0.2768 0.9257, -1.9396 -0.2573 0.8252, -1.9358 -0.2702 0.8615, -1.9358 -0.3257 0.8615, -1.9358 -0.2768 0.8615, -1.9396 -0.3394 0.8252, -1.9342 -0.2756 0.8765, -1.9342 -0.3204 0.8765, -1.9284 -0.3003 0.9317, -1.9274 -0.2982 0.941, -1.928 -0.2993 0.9354, -1.9274 -0.2978 0.941, -1.9284 -0.2956 0.9317, -1.928 -0.2967 0.9357
            ]
        }
        coordIndex [
            0,1,2,-1,3,4,5,-1,1,6,2,-1,2,6,7,-1,2,7,8,-1,8,7,9,-1,8,9,10,-1,10,11,8,-1,8,11,12,-1,8,12,13,-1,14,13,15,-1,15,13,12,-1,15,12,5,-1,5,12,0,-1,5,0,3,-1,3,0,2,-1,8,13,16,-1,16,13,17,-1,2,8,18,-1,18,8,16,-1,19,3,20,-1,20,3,2,-1,20,2,18,-1,4,3,21,-1,21,3,19,-1,5,4,22,-1,22,4,21,-1,23,15,24,-1,24,15,5,-1,24,5,22,-1,14,15,25,-1,25,15,23,-1,13,14,17,-1,17,14,25,-1,0,12,26,-1,26,12,27,-1,12,11,27,-1,27,11,28,-1,9,29,30,-1,9,30,10,-1,10,30,28,-1,10,28,11,-1,9,7,29,-1,29,7,31,-1,1,32,33,-1,1,33,6,-1,6,33,31,-1,6,31,7,-1,1,0,32,-1,32,0,26,-1,
        ]
    }
}
Shape{
    appearance Appearance {
        material  Material 	{
            diffuseColor 0.25098039215686274 0.25098039215686274 0.25098039215686274
            specularColor 0.12549019607843137 0.12549019607843137 0.12549019607843137
            ambientIntensity 0.251
            transparency 0.0
            shininess 0.5
        }
    }
    geometry IndexedFaceSet {
        ccw TRUE
        solid FALSE
        coord DEF co Coordinate {
            point [
                -1.9274 -0.2982 0.941, -1.9274 -0.2978 0.941, -1.928 -0.2993 0.9354, -1.928 -0.2967 0.9357, -1.9284 -0.3003 0.9317, -1.9284 -0.2956 0.9317, -1.9342 -0.3204 0.8765, -1.9342 -0.2756 0.8765
            ]
        }
        coordIndex [
            0,1,2,-1,2,1,3,-1,2,3,4,-1,4,3,5,-1,4,5,6,-1,6,5,7,-1,
        ]
    }
}
Shape{
    appearance Appearance {
        material  Material 	{
            diffuseColor 1.0 1.0 1.0
            specularColor 0.5019607843137255 0.5019607843137255 0.5019607843137255
            ambientIntensity 1.0
            transparency 0.0
            shininess 0.5
        }
    }
    geometry IndexedFaceSet {
        ccw TRUE
        solid FALSE
        coord DEF co Coordinate {
            point [
                -1.9605 0.1054 0.6299, -1.9621 0.1054 0.6147, -1.9601 0.1054 0.6298, -1.9617 0.1054 0.6147, -1.9605 0.16 0.6299, -1.9601 0.16 0.6298, -1.9558 0.16 0.6745, -1.9554 0.16 0.6745, -1.9558 0.1122 0.6745, -1.9554 0.1122 0.6745, -1.9542 0.1122 0.6897, -1.9538 0.1122 0.6897, -1.9542 0.16 0.6897, -1.9538 0.16 0.6897, -1.9494 0.16 0.7321, -1.9498 0.16 0.7322, -1.9496 0.16 0.7295, -1.9498 0.1084 0.7322, -1.9494 0.1084 0.7321, -1.9482 0.1084 0.7474, -1.9478 0.1084 0.7474, -1.9482 0.1772 0.7474, -1.9478 0.1772 0.7474, -1.9617 0.1772 0.6147, -1.9621 0.1772 0.6147, -1.9496 0.1772 0.7295, -1.9621 0.0295 0.6147, -1.9621 0.0128 0.6147, -1.9606 0.0295 0.6294, -1.9557 0.0128 0.6757, -1.9577 0.0628 0.6566, -1.9574 0.0519 0.6593, -1.9571 0.0295 0.6623, -1.9581 0.0295 0.6532, -1.9606 0.03 0.6294, -1.9603 0.0388 0.6318, -1.9611 0.0336 0.6241, -1.9606 0.0435 0.6287, -1.9582 0.0296 0.6521, -1.959 0.0306 0.6447, -1.9596 0.0331 0.6387, -1.9601 0.0367 0.6339, -1.952 0.0359 0.7105, -1.9535 0.0393 0.6962, -1.9523 0.0292 0.7082, -1.9537 0.0363 0.6943, -1.9579 0.0664 0.6548, -1.9558 0.0295 0.675, -1.955 0.0301 0.6823, -1.9542 0.0144 0.6896, -1.9544 0.0319 0.6882, -1.9535 0.0172 0.6968, -1.954 0.0338 0.6917, -1.9529 0.0207 0.7019, -1.9526 0.0238 0.7049, -1.9528 0.0801 0.7029, -1.9545 0.0801 0.6867, -1.9526 0.0767 0.7049, -1.9538 0.0686 0.6939, -1.9521 0.0642 0.7096, -1.9534 0.0581 0.6973, -1.9519 0.0473 0.7117, -1.9533 0.0489 0.6982, -1.9534 0.0432 0.6976, -1.9603 0.069 0.6318, -1.9616 0.0812 0.62, -1.9605 0.0676 0.6304, -1.962 0.0756 0.616, -1.9607 0.0643 0.6281, -1.9622 0.0692 0.6136, -1.9608 0.0605 0.6268, -1.9623 0.0592 0.6125, -1.9609 0.0549 0.6261, -1.9622 0.0501 0.6136, -1.9608 0.0486 0.6268, -1.962 0.0434 0.6161, -1.9617 0.039 0.6189, -1.9562 0.0578 0.671, -1.9566 0.0715 0.6675, -1.958 0.068 0.6535, -1.9569 0.0783 0.6638, -1.9583 0.07 0.651, -1.9574 0.0832 0.6593, -1.9586 0.0715 0.6479, -1.958 0.0866 0.6539, -1.959 0.0723 0.6441, -1.9586 0.0886 0.6478, -1.9593 0.0725 0.6415, -1.9594 0.0894 0.6401, -1.9597 0.072 0.6376, -1.9602 0.0886 0.6325, -1.96 0.0709 0.6346, -1.9608 0.0865 0.6269, -1.9614 0.0831 0.6218, -1.9515 0.0473 0.7116, -1.9517 0.0642 0.7096, -1.9522 0.0767 0.7048, -1.9525 0.0801 0.7028, -1.9541 0.0801 0.6867, -1.9534 0.0686 0.6939, -1.953 0.0581 0.6973, -1.9529 0.0489 0.6981, -1.953 0.0432 0.6976, -1.9531 0.0393 0.6962, -1.9533 0.0363 0.6943, -1.9536 0.0338 0.6916, -1.954 0.0319 0.6882, -1.9546 0.0301 0.6823, -1.9554 0.0295 0.6749, -1.9558 0.0578 0.671, -1.9562 0.0715 0.6675, -1.9566 0.0783 0.6638, -1.957 0.0832 0.6593, -1.9576 0.0866 0.6539, -1.9582 0.0886 0.6478, -1.959 0.0894 0.6401, -1.9598 0.0886 0.6325, -1.9604 0.0865 0.6268, -1.961 0.0831 0.6218, -1.9612 0.0812 0.6199, -1.962 0.0592 0.6124, -1.9618 0.0689 0.6136, -1.9618 0.0692 0.6136, -1.9616 0.0756 0.616, -1.9618 0.0501 0.6135, -1.9618 0.0499 0.6136, -1.9616 0.0434 0.6161, -1.9613 0.039 0.6188, -1.9607 0.0336 0.6241, -1.9602 0.03 0.6293, -1.9602 0.0295 0.6293, -1.9617 0.0295 0.6147, -1.9617 0.0128 0.6147, -1.9553 0.0128 0.6757, -1.9538 0.0144 0.6896, -1.9531 0.0172 0.6967, -1.9526 0.0207 0.7019, -1.9522 0.0238 0.7049, -1.9519 0.0292 0.7082, -1.9516 0.0359 0.7105, -1.9576 0.068 0.6534, -1.9575 0.0664 0.6547, -1.9573 0.0628 0.6566, -1.957 0.0519 0.6593, -1.9589 0.0725 0.6414, -1.9586 0.0723 0.6441, -1.9582 0.0715 0.6479, -1.9579 0.07 0.651, -1.9601 0.0676 0.6304, -1.9599 0.069 0.6318, -1.9596 0.0709 0.6346, -1.9593 0.072 0.6376, -1.9605 0.0549 0.6261, -1.9605 0.0605 0.6267, -1.9603 0.0643 0.6281, -1.9597 0.0367 0.6338, -1.9599 0.0388 0.6318, -1.9603 0.0435 0.6286, -1.9604 0.0486 0.6268, -1.9577 0.0295 0.6532, -1.9578 0.0296 0.6521, -1.9586 0.0306 0.6446, -1.9592 0.0331 0.6387, -1.9567 0.0295 0.6623
            ]
        }
        coordIndex [
            0,1,2,-1,2,1,3,-1,4,0,5,-1,5,0,2,-1,6,4,7,-1,7,4,5,-1,8,6,9,-1,9,6,7,-1,10,8,11,-1,11,8,9,-1,12,10,13,-1,13,10,11,-1,14,15,16,-1,16,15,12,-1,16,12,13,-1,17,15,18,-1,18,15,14,-1,19,17,20,-1,20,17,18,-1,21,19,22,-1,22,19,20,-1,23,24,25,-1,25,24,21,-1,25,21,22,-1,1,24,3,-1,3,24,23,-1,24,1,0,-1,0,4,24,-1,24,4,6,-1,24,6,21,-1,17,19,15,-1,15,19,21,-1,15,21,12,-1,12,21,6,-1,12,6,10,-1,10,6,8,-1,26,27,28,-1,28,27,29,-1,30,31,29,-1,29,31,32,-1,29,32,33,-1,34,35,36,-1,36,35,37,-1,33,38,29,-1,29,38,39,-1,29,39,28,-1,28,39,40,-1,28,40,34,-1,34,40,41,-1,34,41,35,-1,42,43,44,-1,44,43,45,-1,46,30,47,-1,47,30,29,-1,47,29,48,-1,48,29,49,-1,48,49,50,-1,50,49,51,-1,50,51,52,-1,52,51,53,-1,52,53,45,-1,45,53,54,-1,45,54,44,-1,55,56,57,-1,57,56,58,-1,57,58,59,-1,59,58,60,-1,59,60,61,-1,61,60,62,-1,61,62,42,-1,42,62,63,-1,42,63,43,-1,64,65,66,-1,66,65,67,-1,66,67,68,-1,68,67,69,-1,68,69,70,-1,70,69,71,-1,70,71,72,-1,72,71,73,-1,72,73,74,-1,74,73,75,-1,74,75,37,-1,37,75,76,-1,37,76,36,-1,47,77,46,-1,46,77,78,-1,46,78,79,-1,79,78,80,-1,79,80,81,-1,81,80,82,-1,81,82,83,-1,83,82,84,-1,83,84,85,-1,85,84,86,-1,85,86,87,-1,87,86,88,-1,87,88,89,-1,89,88,90,-1,89,90,91,-1,91,90,92,-1,91,92,64,-1,64,92,93,-1,64,93,65,-1,61,94,95,-1,61,95,59,-1,59,95,96,-1,59,96,57,-1,57,96,97,-1,57,97,55,-1,56,55,98,-1,98,55,97,-1,56,98,99,-1,56,99,58,-1,58,99,100,-1,58,100,60,-1,60,100,101,-1,60,101,62,-1,62,101,102,-1,62,102,63,-1,63,102,103,-1,63,103,43,-1,43,103,104,-1,43,104,45,-1,45,104,105,-1,45,105,52,-1,52,105,106,-1,52,106,50,-1,50,106,107,-1,50,107,48,-1,48,107,108,-1,48,108,47,-1,77,47,109,-1,109,47,108,-1,77,109,110,-1,77,110,78,-1,78,110,111,-1,78,111,80,-1,80,111,112,-1,80,112,82,-1,82,112,113,-1,82,113,84,-1,84,113,114,-1,84,114,86,-1,86,114,115,-1,86,115,88,-1,88,115,116,-1,88,116,90,-1,90,116,117,-1,90,117,92,-1,92,117,118,-1,92,118,93,-1,93,118,119,-1,93,119,65,-1,120,71,121,-1,121,71,69,-1,121,69,122,-1,122,69,67,-1,122,67,123,-1,123,67,65,-1,123,65,119,-1,71,120,124,-1,71,124,73,-1,73,124,125,-1,73,125,75,-1,125,126,75,-1,75,126,127,-1,75,127,76,-1,76,127,128,-1,76,128,36,-1,36,128,129,-1,36,129,34,-1,28,34,130,-1,130,34,129,-1,26,28,131,-1,131,28,130,-1,27,26,132,-1,132,26,131,-1,29,27,133,-1,133,27,132,-1,29,133,134,-1,29,134,49,-1,49,134,135,-1,49,135,51,-1,51,135,136,-1,51,136,53,-1,53,136,137,-1,53,137,54,-1,54,137,138,-1,54,138,44,-1,44,138,139,-1,44,139,42,-1,42,139,94,-1,42,94,61,-1,79,140,141,-1,79,141,46,-1,46,141,142,-1,46,142,30,-1,30,142,143,-1,30,143,31,-1,87,144,145,-1,87,145,85,-1,85,145,146,-1,85,146,83,-1,83,146,147,-1,83,147,81,-1,81,147,140,-1,81,140,79,-1,66,148,149,-1,66,149,64,-1,64,149,150,-1,64,150,91,-1,91,150,151,-1,91,151,89,-1,89,151,144,-1,89,144,87,-1,72,152,153,-1,72,153,70,-1,70,153,154,-1,70,154,68,-1,68,154,148,-1,68,148,66,-1,41,155,156,-1,41,156,35,-1,35,156,157,-1,35,157,37,-1,37,157,158,-1,37,158,74,-1,74,158,152,-1,74,152,72,-1,33,159,160,-1,33,160,38,-1,38,160,161,-1,38,161,39,-1,39,161,162,-1,39,162,40,-1,40,162,155,-1,40,155,41,-1,33,32,159,-1,159,32,163,-1,32,31,163,-1,163,31,143,-1,
        ]
    }
}
Shape{
    appearance Appearance {
        material  Material 	{
            diffuseColor 0.25098039215686274 0.25098039215686274 0.25098039215686274
            specularColor 0.12549019607843137 0.12549019607843137 0.12549019607843137
            ambientIntensity 0.251
            transparency 0.0
            shininess 0.5
        }
    }
    geometry IndexedFaceSet {
        ccw TRUE
        solid FALSE
        coord DEF co Coordinate {
            point [
                -1.9578 0.0296 0.6521, -1.9577 0.0295 0.6532, -1.9576 0.068 0.6534, -1.9567 0.0295 0.6623, -1.957 0.0519 0.6593, -1.9573 0.0628 0.6566, -1.9575 0.0664 0.6547, -1.9586 0.0306 0.6446, -1.9579 0.07 0.651, -1.9592 0.0331 0.6387, -1.9599 0.069 0.6318, -1.9601 0.0676 0.6304, -1.9599 0.0388 0.6318, -1.9596 0.0709 0.6346, -1.9603 0.0435 0.6286, -1.9604 0.0486 0.6268, -1.9605 0.0549 0.6261, -1.9582 0.0715 0.6479, -1.9586 0.0723 0.6441, -1.9597 0.0367 0.6338, -1.9589 0.0725 0.6414, -1.9593 0.072 0.6376, -1.9603 0.0643 0.6281, -1.9605 0.0605 0.6267
            ]
        }
        coordIndex [
            0,1,2,-1,1,3,4,-1,4,5,1,-1,1,5,6,-1,1,6,2,-1,0,2,7,-1,7,2,8,-1,7,8,9,-1,10,11,12,-1,10,12,13,-1,14,12,15,-1,15,12,16,-1,8,17,9,-1,9,17,18,-1,9,18,19,-1,19,18,20,-1,19,20,12,-1,12,20,21,-1,12,21,13,-1,11,22,12,-1,12,22,23,-1,12,23,16,-1,
        ]
    }
}
Shape{
    appearance Appearance {
        material  Material 	{
            diffuseColor 1.0 1.0 1.0
            specularColor 0.5019607843137255 0.5019607843137255 0.5019607843137255
            ambientIntensity 1.0
            transparency 0.0
            shininess 0.5
        }
    }
    geometry IndexedFaceSet {
        ccw TRUE
        solid FALSE
        coord DEF co Coordinate {
            point [
                -1.9609 -0.0373 0.6261, -1.9605 -0.0373 0.626, -1.9604 -0.0274 0.6271, -1.9608 -0.0274 0.6271, -1.96 -0.0169 0.6309, -1.9604 -0.0169 0.6309, -1.9596 -0.0098 0.6352, -1.96 -0.0098 0.6352, -1.9618 -0.0098 0.6181, -1.9614 -0.0098 0.618, -1.962 -0.0357 0.6124, -1.9623 -0.0357 0.6125, -1.9618 -0.0248 0.6136, -1.9622 -0.0216 0.6139, -1.9618 -0.0216 0.6139, -1.9622 -0.0507 0.6143, -1.9618 -0.0452 0.6136, -1.9618 -0.0507 0.6142, -1.9614 -0.0595 0.6176, -1.9618 -0.0595 0.6176, -1.9612 -0.0634 0.62, -1.9616 -0.0634 0.62, -1.9607 -0.0682 0.6241, -1.9611 -0.0682 0.6242, -1.9603 -0.0713 0.6285, -1.9607 -0.0713 0.6286, -1.9597 -0.0734 0.6338, -1.9601 -0.0734 0.6338, -1.959 -0.0742 0.6405, -1.9594 -0.0742 0.6405, -1.9584 -0.0735 0.6467, -1.9587 -0.0735 0.6467, -1.9578 -0.0717 0.6516, -1.9582 -0.0717 0.6516, -1.9574 -0.0686 0.6561, -1.9577 -0.0686 0.6562, -1.957 -0.0646 0.6597, -1.9574 -0.0646 0.6597, -1.9563 -0.0535 0.6658, -1.9567 -0.0535 0.6659, -1.9561 -0.047 0.6684, -1.9565 -0.047 0.6685, -1.9556 -0.0367 0.6729, -1.956 -0.0367 0.6729, -1.9552 -0.0308 0.6766, -1.9556 -0.0308 0.6766, -1.955 -0.0292 0.6784, -1.9554 -0.0292 0.6784, -1.9548 -0.028 0.6806, -1.9552 -0.028 0.6806, -1.9545 -0.0273 0.6832, -1.9549 -0.0273 0.6832, -1.9543 -0.0272 0.6854, -1.9547 -0.0272 0.6854, -1.954 -0.0275 0.688, -1.9544 -0.0275 0.6881, -1.9538 -0.0283 0.6903, -1.9542 -0.0283 0.6903, -1.9535 -0.0297 0.6924, -1.9539 -0.0297 0.6924, -1.9533 -0.0322 0.6946, -1.9537 -0.0322 0.6947, -1.9531 -0.036 0.6966, -1.9535 -0.036 0.6966, -1.953 -0.0405 0.6978, -1.9534 -0.0405 0.6978, -1.9529 -0.0454 0.6981, -1.9533 -0.0454 0.6982, -1.9531 -0.0557 0.6971, -1.9534 -0.0557 0.6971, -1.9534 -0.0652 0.6938, -1.9538 -0.0652 0.6938, -1.9537 -0.0696 0.6913, -1.9541 -0.0696 0.6913, -1.9524 -0.0696 0.7075, -1.952 -0.0696 0.7074, -1.9516 -0.0588 0.7106, -1.952 -0.0588 0.7107, -1.9515 -0.047 0.7116, -1.9519 -0.047 0.7117, -1.9517 -0.0337 0.7101, -1.9521 -0.0337 0.7101, -1.952 -0.0248 0.7066, -1.9524 -0.0248 0.7067, -1.9523 -0.0206 0.7041, -1.9527 -0.0206 0.7042, -1.9528 -0.0157 0.6997, -1.9532 -0.0157 0.6997, -1.9533 -0.0126 0.6952, -1.9536 -0.0126 0.6952, -1.9538 -0.0106 0.6898, -1.9542 -0.0106 0.6899, -1.9544 -0.0099 0.6839, -1.9548 -0.0099 0.6839, -1.9551 -0.0106 0.6774, -1.9555 -0.0106 0.6775, -1.9557 -0.0125 0.6724, -1.956 -0.0125 0.6724, -1.956 -0.0147 0.6689, -1.9564 -0.0147 0.6689, -1.9563 -0.0174 0.6661, -1.9567 -0.0174 0.6661, -1.9569 -0.0253 0.6609, -1.9573 -0.0253 0.6609, -1.9573 -0.0352 0.6563, -1.9577 -0.0352 0.6564, -1.9578 -0.0462 0.6518, -1.9582 -0.0462 0.6518, -1.9582 -0.0527 0.6479, -1.9586 -0.0527 0.6479, -1.9585 -0.0548 0.6457, -1.9588 -0.0548 0.6458, -1.9587 -0.0561 0.6435, -1.9591 -0.0561 0.6435, -1.959 -0.0569 0.6409, -1.9594 -0.0569 0.641, -1.9592 -0.057 0.6388, -1.9596 -0.057 0.6389, -1.9595 -0.0567 0.6357, -1.9599 -0.0567 0.6357, -1.9598 -0.0558 0.6333, -1.9601 -0.0558 0.6333, -1.96 -0.0544 0.6312, -1.9604 -0.0544 0.6312, -1.9602 -0.0525 0.6295, -1.9606 -0.0525 0.6295, -1.9603 -0.0509 0.6285, -1.9606 -0.0509 0.6286, -1.9604 -0.0466 0.627, -1.9608 -0.0466 0.627, -1.9605 -0.0381 0.626, -1.9609 -0.0381 0.6261, -1.9521 -0.1571 0.7095, -1.9521 -0.1744 0.7095, -1.9518 -0.1571 0.7095, -1.9518 -0.1744 0.7095, -1.9596 -0.131 0.6381, -1.9593 -0.131 0.6381, -1.9597 -0.1297 0.6337, -1.9601 -0.1297 0.6337, -1.9601 -0.129 0.6304, -1.9605 -0.129 0.6305, -1.9605 -0.1285 0.6305, -1.9601 -0.1285 0.6304, -1.9596 -0.1265 0.6383, -1.9592 -0.1265 0.6382, -1.9518 -0.1016 0.7095, -1.9521 -0.1016 0.7095, -1.9542 -0.1097 0.6864, -1.9521 -0.0829 0.7095, -1.9518 -0.0829 0.7095, -1.9617 -0.1203 0.6149, -1.9621 -0.1203 0.6149, -1.9589 -0.1097 0.6418, -1.9635 -0.1129 0.5977, -1.9639 -0.1129 0.5977, -1.9618 -0.1197 0.6136, -1.9641 -0.1097 0.5917, -1.9645 -0.1096 0.5916, -1.9641 -0.1096 0.5916, -1.9645 -0.1065 0.5881, -1.9649 -0.1065 0.5882, -1.9647 -0.1038 0.5863, -1.9651 -0.1038 0.5863, -1.9649 -0.1001 0.5848, -1.9652 -0.1001 0.5849, -1.9649 -0.0958 0.5843, -1.9653 -0.0958 0.5843, -1.9648 -0.0898 0.5851, -1.9652 -0.0898 0.5851, -1.9647 -0.0863 0.5862, -1.9651 -0.0863 0.5862, -1.9667 -0.0863 0.5714, -1.9663 -0.0863 0.5714, -1.9664 -0.0934 0.5702, -1.9668 -0.0934 0.5702, -1.9664 -0.0971 0.57, -1.9668 -0.0971 0.5701, -1.9663 -0.1039 0.5708, -1.9661 -0.1097 0.573, -1.9665 -0.1105 0.5734, -1.9667 -0.1039 0.5709, -1.9661 -0.1105 0.5733, -1.9656 -0.1163 0.5774, -1.966 -0.1163 0.5774, -1.9655 -0.1174 0.5784, -1.9659 -0.1174 0.5785, -1.9648 -0.1236 0.5857, -1.9652 -0.1236 0.5858, -1.9632 -0.1311 0.6004, -1.9636 -0.1311 0.6004, -1.9618 -0.1364 0.6136, -1.9605 -0.2642 0.6299, -1.9621 -0.2642 0.6147, -1.9601 -0.2642 0.6298, -1.9617 -0.2642 0.6147, -1.9601 -0.2096 0.6298, -1.9605 -0.2096 0.6299, -1.9601 -0.2346 0.6298, -1.9558 -0.2096 0.6745, -1.9554 -0.2096 0.6745, -1.9554 -0.2573 0.6745, -1.9558 -0.2573 0.6745, -1.9554 -0.2346 0.6745, -1.9542 -0.2573 0.6897, -1.9538 -0.2573 0.6897, -1.9538 -0.2096 0.6897, -1.9542 -0.2096 0.6897, -1.9538 -0.2346 0.6897, -1.9494 -0.2096 0.7321, -1.9498 -0.2096 0.7322, -1.9496 -0.2096 0.7295, -1.9494 -0.2611 0.7321, -1.9498 -0.2611 0.7322, -1.9494 -0.2346 0.7321, -1.9482 -0.2611 0.7474, -1.9478 -0.2611 0.7474, -1.9478 -0.1924 0.7474, -1.9482 -0.1924 0.7474, -1.9478 -0.2346 0.7474, -1.9617 -0.1924 0.6147, -1.9621 -0.1924 0.6147, -1.9496 -0.1924 0.7295, -1.9617 -0.2346 0.6147, -1.9602 -0.3779 0.6333, -1.9592 -0.3641 0.6423, -1.9612 -0.364 0.6234, -1.9598 -0.3555 0.6363, -1.9618 -0.3488 0.6175, -1.9603 -0.3445 0.6321, -1.9621 -0.3261 0.6147, -1.9605 -0.326 0.6299, -1.9621 -0.2894 0.6147, -1.9605 -0.3066 0.6299, -1.9482 -0.2894 0.7474, -1.9498 -0.3066 0.7322, -1.9482 -0.3274 0.7474, -1.9498 -0.3268 0.7322, -1.9498 -0.3316 0.732, -1.9484 -0.3478 0.7452, -1.95 -0.3457 0.7299, -1.949 -0.3639 0.7394, -1.9505 -0.3569 0.7254, -1.95 -0.3779 0.7299, -1.9511 -0.3653 0.7197, -1.9505 -0.3826 0.7253, -1.9515 -0.369 0.7161, -1.9517 -0.3909 0.7137, -1.9522 -0.3742 0.7086, -1.953 -0.3958 0.7011, -1.9533 -0.3779 0.699, -1.955 -0.398 0.6828, -1.955 -0.3799 0.6823, -1.9558 -0.3976 0.6743, -1.956 -0.3793 0.6727, -1.9575 -0.3944 0.6588, -1.9573 -0.3766 0.6608, -1.9589 -0.3878 0.6451, -1.9583 -0.3718 0.6511, -1.9591 -0.3657 0.6437, -1.9617 -0.3261 0.6147, -1.9617 -0.2894 0.6147, -1.9614 -0.3488 0.6174, -1.9608 -0.364 0.6234, -1.9598 -0.3779 0.6333, -1.9585 -0.3878 0.645, -1.9571 -0.3944 0.6588, -1.9555 -0.3976 0.6743, -1.9546 -0.398 0.6827, -1.9526 -0.3958 0.7011, -1.9513 -0.3909 0.7137, -1.9501 -0.3826 0.7253, -1.9496 -0.3782 0.7295, -1.9496 -0.3779 0.7298, -1.9486 -0.3639 0.7393, -1.948 -0.3478 0.7452, -1.9478 -0.3274 0.7474, -1.9478 -0.2894 0.7474, -1.9496 -0.2894 0.7295, -1.9494 -0.3268 0.7321, -1.9494 -0.3066 0.7321, -1.9601 -0.3066 0.6298, -1.9601 -0.326 0.6298, -1.9587 -0.3657 0.6437, -1.9588 -0.3641 0.6422, -1.9594 -0.3555 0.6363, -1.9599 -0.3445 0.632, -1.9546 -0.3799 0.6823, -1.9556 -0.3793 0.6726, -1.9569 -0.3766 0.6607, -1.9579 -0.3718 0.6511, -1.9507 -0.3653 0.7197, -1.9511 -0.369 0.716, -1.9518 -0.3742 0.7086, -1.9529 -0.3779 0.6989, -1.9494 -0.3316 0.732, -1.9496 -0.3457 0.7298, -1.9501 -0.3569 0.7254
            ]
        }
        coordIndex [
            0,1,2,-1,0,2,3,-1,3,2,4,-1,3,4,5,-1,5,4,6,-1,5,6,7,-1,8,7,9,-1,9,7,6,-1,10,11,12,-1,12,11,13,-1,12,13,14,-1,14,13,8,-1,14,8,9,-1,15,11,16,-1,16,11,10,-1,16,17,15,-1,15,17,18,-1,15,18,19,-1,19,18,20,-1,19,20,21,-1,21,20,22,-1,21,22,23,-1,23,22,24,-1,23,24,25,-1,25,24,26,-1,25,26,27,-1,27,26,28,-1,27,28,29,-1,29,28,30,-1,29,30,31,-1,31,30,32,-1,31,32,33,-1,33,32,34,-1,33,34,35,-1,35,34,36,-1,35,36,37,-1,37,36,38,-1,37,38,39,-1,39,38,40,-1,39,40,41,-1,41,40,42,-1,41,42,43,-1,43,42,44,-1,43,44,45,-1,45,44,46,-1,45,46,47,-1,47,46,48,-1,47,48,49,-1,49,48,50,-1,49,50,51,-1,51,50,52,-1,51,52,53,-1,53,52,54,-1,53,54,55,-1,55,54,56,-1,55,56,57,-1,57,56,58,-1,57,58,59,-1,59,58,60,-1,59,60,61,-1,61,60,62,-1,61,62,63,-1,63,62,64,-1,63,64,65,-1,65,64,66,-1,65,66,67,-1,67,66,68,-1,67,68,69,-1,69,68,70,-1,69,70,71,-1,71,70,72,-1,71,72,73,-1,74,73,75,-1,75,73,72,-1,74,75,76,-1,74,76,77,-1,77,76,78,-1,77,78,79,-1,79,78,80,-1,79,80,81,-1,81,80,82,-1,81,82,83,-1,83,82,84,-1,83,84,85,-1,85,84,86,-1,85,86,87,-1,87,86,88,-1,87,88,89,-1,89,88,90,-1,89,90,91,-1,91,90,92,-1,91,92,93,-1,93,92,94,-1,93,94,95,-1,95,94,96,-1,95,96,97,-1,97,96,98,-1,97,98,99,-1,99,98,100,-1,99,100,101,-1,101,100,102,-1,101,102,103,-1,103,102,104,-1,103,104,105,-1,105,104,106,-1,105,106,107,-1,107,106,108,-1,107,108,109,-1,109,108,110,-1,109,110,111,-1,111,110,112,-1,111,112,113,-1,113,112,114,-1,113,114,115,-1,115,114,116,-1,115,116,117,-1,117,116,118,-1,117,118,119,-1,119,118,120,-1,119,120,121,-1,121,120,122,-1,121,122,123,-1,123,122,124,-1,123,124,125,-1,125,124,126,-1,125,126,127,-1,127,126,128,-1,127,128,129,-1,129,128,130,-1,129,130,131,-1,131,130,1,-1,131,1,0,-1,59,61,83,-1,83,61,81,-1,107,41,105,-1,105,41,43,-1,19,21,123,-1,123,21,23,-1,123,23,121,-1,121,23,25,-1,121,25,119,-1,119,25,27,-1,119,27,117,-1,117,27,29,-1,117,29,115,-1,115,29,31,-1,115,31,113,-1,113,31,33,-1,113,33,111,-1,111,33,35,-1,111,35,109,-1,109,35,37,-1,109,37,107,-1,107,37,39,-1,107,39,41,-1,11,0,13,-1,13,0,3,-1,13,3,8,-1,8,3,5,-1,8,5,7,-1,61,63,81,-1,81,63,65,-1,81,65,79,-1,79,65,67,-1,79,67,77,-1,77,67,69,-1,77,69,74,-1,74,69,71,-1,74,71,73,-1,123,125,19,-1,19,125,127,-1,19,127,15,-1,15,127,129,-1,15,129,11,-1,11,129,131,-1,11,131,0,-1,83,85,59,-1,59,85,87,-1,59,87,57,-1,57,87,89,-1,57,89,55,-1,55,89,91,-1,55,91,53,-1,53,91,93,-1,53,93,51,-1,51,93,95,-1,51,95,49,-1,49,95,97,-1,49,97,47,-1,47,97,99,-1,47,99,45,-1,45,99,101,-1,45,101,43,-1,43,101,103,-1,43,103,105,-1,132,133,134,-1,134,133,135,-1,136,132,137,-1,137,132,134,-1,136,137,138,-1,136,138,139,-1,139,138,140,-1,139,140,141,-1,142,141,143,-1,143,141,140,-1,144,142,145,-1,145,142,143,-1,146,147,148,-1,148,147,144,-1,148,144,145,-1,149,147,150,-1,150,147,146,-1,151,152,153,-1,153,152,149,-1,153,149,150,-1,154,155,156,-1,156,155,152,-1,156,152,151,-1,154,157,155,-1,155,157,158,-1,157,159,158,-1,158,159,160,-1,158,160,161,-1,161,160,162,-1,161,162,163,-1,163,162,164,-1,163,164,165,-1,165,164,166,-1,165,166,167,-1,167,166,168,-1,167,168,169,-1,169,168,170,-1,169,170,171,-1,172,171,173,-1,173,171,170,-1,172,173,174,-1,172,174,175,-1,175,174,176,-1,175,176,177,-1,177,176,178,-1,179,180,178,-1,178,180,181,-1,178,181,177,-1,179,182,180,-1,180,182,183,-1,180,183,184,-1,184,183,185,-1,184,185,186,-1,186,185,187,-1,186,187,188,-1,188,187,189,-1,188,189,190,-1,135,133,191,-1,191,133,190,-1,191,190,189,-1,139,141,190,-1,133,132,190,-1,190,132,136,-1,190,136,139,-1,147,149,144,-1,144,149,152,-1,144,152,142,-1,171,172,169,-1,169,172,175,-1,169,175,167,-1,167,175,177,-1,167,177,165,-1,165,177,181,-1,165,181,163,-1,163,181,180,-1,163,180,161,-1,141,142,190,-1,190,142,152,-1,190,152,188,-1,152,155,188,-1,188,155,158,-1,188,158,186,-1,186,158,161,-1,186,161,184,-1,184,161,180,-1,192,193,194,-1,194,193,195,-1,196,197,198,-1,198,197,192,-1,198,192,194,-1,199,197,200,-1,200,197,196,-1,201,202,203,-1,203,202,199,-1,203,199,200,-1,204,202,205,-1,205,202,201,-1,206,207,208,-1,208,207,204,-1,208,204,205,-1,209,210,211,-1,211,210,207,-1,211,207,206,-1,212,213,214,-1,214,213,210,-1,214,210,209,-1,215,213,216,-1,216,213,212,-1,217,218,219,-1,219,218,215,-1,219,215,216,-1,220,221,222,-1,222,221,218,-1,222,218,217,-1,195,193,223,-1,223,193,221,-1,223,221,220,-1,221,193,192,-1,192,197,221,-1,221,197,199,-1,221,199,218,-1,213,215,210,-1,210,215,218,-1,210,218,207,-1,207,218,199,-1,207,199,204,-1,204,199,202,-1,224,225,226,-1,226,225,227,-1,226,227,228,-1,228,227,229,-1,228,229,230,-1,230,229,231,-1,230,231,232,-1,232,231,233,-1,232,233,234,-1,234,233,235,-1,234,235,236,-1,235,237,236,-1,236,237,238,-1,236,238,239,-1,239,238,240,-1,239,240,241,-1,241,240,242,-1,241,242,243,-1,243,242,244,-1,243,244,245,-1,245,244,246,-1,245,246,247,-1,247,246,248,-1,247,248,249,-1,249,248,250,-1,249,250,251,-1,251,250,252,-1,251,252,253,-1,253,252,254,-1,253,254,255,-1,255,254,256,-1,255,256,257,-1,257,256,258,-1,257,258,224,-1,224,258,259,-1,224,259,225,-1,230,232,260,-1,260,232,261,-1,230,260,262,-1,230,262,228,-1,228,262,263,-1,228,263,226,-1,226,263,264,-1,226,264,224,-1,224,264,265,-1,224,265,257,-1,257,265,266,-1,257,266,255,-1,255,266,267,-1,255,267,253,-1,253,267,268,-1,253,268,251,-1,251,268,269,-1,251,269,249,-1,249,269,270,-1,249,270,247,-1,247,270,271,-1,247,271,245,-1,245,271,243,-1,243,271,272,-1,243,272,273,-1,243,273,274,-1,243,274,241,-1,241,274,275,-1,241,275,239,-1,239,275,276,-1,239,276,236,-1,234,236,277,-1,277,236,276,-1,261,232,278,-1,278,232,234,-1,278,234,277,-1,237,235,279,-1,279,235,280,-1,235,233,280,-1,280,233,281,-1,233,231,281,-1,281,231,282,-1,259,283,284,-1,259,284,225,-1,225,284,285,-1,225,285,227,-1,227,285,286,-1,227,286,229,-1,229,286,282,-1,229,282,231,-1,252,287,288,-1,252,288,254,-1,254,288,289,-1,254,289,256,-1,256,289,290,-1,256,290,258,-1,258,290,283,-1,258,283,259,-1,244,291,292,-1,244,292,246,-1,246,292,293,-1,246,293,248,-1,248,293,294,-1,248,294,250,-1,250,294,287,-1,250,287,252,-1,237,279,295,-1,237,295,238,-1,238,295,296,-1,238,296,240,-1,240,296,297,-1,240,297,242,-1,242,297,291,-1,242,291,244,-1,
        ]
    }
}
Shape{
    appearance Appearance {
        material  Material 	{
            diffuseColor 0.25098039215686274 0.25098039215686274 0.25098039215686274
            specularColor 0.12549019607843137 0.12549019607843137 0.12549019607843137
            ambientIntensity 0.251
            transparency 0.0
            shininess 0.5
        }
    }
    geometry IndexedFaceSet {
        ccw TRUE
        solid FALSE
        coord DEF co Coordinate {
            point [
                -1.9588 -0.3641 0.6422, -1.9587 -0.3657 0.6437, -1.9494 -0.3316 0.732, -1.9594 -0.3555 0.6363, -1.9494 -0.3066 0.7321, -1.9601 -0.3066 0.6298, -1.9494 -0.3268 0.7321, -1.9601 -0.326 0.6298, -1.9599 -0.3445 0.632, -1.9579 -0.3718 0.6511, -1.9569 -0.3766 0.6607, -1.9556 -0.3793 0.6726, -1.9507 -0.3653 0.7197, -1.9546 -0.3799 0.6823, -1.9501 -0.3569 0.7254, -1.9496 -0.3457 0.7298, -1.9529 -0.3779 0.6989, -1.9518 -0.3742 0.7086, -1.9511 -0.369 0.716
            ]
        }
        coordIndex [
            0,1,2,-1,0,2,3,-1,4,5,6,-1,6,5,7,-1,6,7,2,-1,2,7,8,-1,2,8,3,-1,1,9,2,-1,2,9,10,-1,2,10,11,-1,12,11,13,-1,12,14,11,-1,11,14,15,-1,11,15,2,-1,16,17,13,-1,13,17,18,-1,13,18,12,-1,
        ]
    }
}
Shape{
    appearance Appearance {
        material  Material 	{
            diffuseColor 1.0 1.0 1.0
            specularColor 0.5019607843137255 0.5019607843137255 0.5019607843137255
            ambientIntensity 1.0
            transparency 0.0
            shininess 0.5
        }
    }
    geometry IndexedFaceSet {
        ccw TRUE
        solid FALSE
        coord DEF co Coordinate {
            point [
                -1.9567 -0.4427 0.666, -1.9509 -0.4627 0.7212, -1.9482 -0.4563 0.7474, -1.9621 -0.4054 0.6147, -1.9621 -0.4245 0.6147, -1.9583 -0.4373 0.651, -1.9505 -0.4639 0.7251, -1.9499 -0.4649 0.7305, -1.9482 -0.4747 0.7474, -1.9499 -0.4653 0.7305, -1.9505 -0.4664 0.7249, -1.9509 -0.4674 0.7212, -1.9567 -0.4875 0.666, -1.9621 -0.5255 0.6147, -1.9621 -0.5065 0.6147, -1.9583 -0.4929 0.651, -1.9478 -0.4747 0.7474, -1.9496 -0.4815 0.7295, -1.9617 -0.5255 0.6147, -1.9478 -0.4563 0.7474, -1.9617 -0.4054 0.6147, -1.9496 -0.4494 0.7295, -1.9617 -0.4245 0.6147, -1.9579 -0.4373 0.651, -1.9579 -0.4929 0.651, -1.9617 -0.5065 0.6147, -1.9563 -0.4427 0.666, -1.9563 -0.4875 0.666, -1.9505 -0.4674 0.7211, -1.9495 -0.4653 0.7304, -1.9501 -0.4664 0.7248, -1.9495 -0.4649 0.7304, -1.9505 -0.4627 0.7211, -1.9501 -0.4639 0.7251
            ]
        }
        coordIndex [
            0,1,2,-1,3,4,5,-1,1,6,2,-1,2,6,7,-1,2,7,8,-1,8,7,9,-1,8,9,10,-1,10,11,8,-1,8,11,12,-1,8,12,13,-1,14,13,15,-1,15,13,12,-1,15,12,5,-1,5,12,0,-1,5,0,3,-1,3,0,2,-1,16,8,17,-1,17,8,13,-1,17,13,18,-1,2,8,19,-1,19,8,16,-1,20,3,21,-1,21,3,2,-1,21,2,19,-1,4,3,22,-1,22,3,20,-1,5,4,23,-1,23,4,22,-1,15,5,24,-1,24,5,23,-1,14,15,25,-1,25,15,24,-1,13,14,18,-1,18,14,25,-1,0,12,26,-1,26,12,27,-1,12,11,27,-1,27,11,28,-1,9,29,30,-1,9,30,10,-1,10,30,28,-1,10,28,11,-1,9,7,29,-1,29,7,31,-1,1,32,33,-1,1,33,6,-1,6,33,31,-1,6,31,7,-1,1,0,32,-1,32,0,26,-1,
        ]
    }
}
Shape{
    appearance Appearance {
        material  Material 	{
            diffuseColor 0.25098039215686274 0.25098039215686274 0.25098039215686274
            specularColor 0.12549019607843137 0.12549019607843137 0.12549019607843137
            ambientIntensity 0.251
            transparency 0.0
            shininess 0.5
        }
    }
    geometry IndexedFaceSet {
        ccw TRUE
        solid FALSE
        coord DEF co Coordinate {
            point [
                -1.9495 -0.4653 0.7304, -1.9495 -0.4649 0.7304, -1.9501 -0.4664 0.7248, -1.9501 -0.4639 0.7251, -1.9505 -0.4674 0.7211, -1.9505 -0.4627 0.7211, -1.9563 -0.4875 0.666, -1.9563 -0.4427 0.666
            ]
        }
        coordIndex [
            0,1,2,-1,2,1,3,-1,2,3,4,-1,4,3,5,-1,4,5,6,-1,6,5,7,-1,
        ]
    }
}
Shape{
    appearance Appearance {
        material  Material 	{
            diffuseColor 1.0 1.0 1.0
            specularColor 0.5019607843137255 0.5019607843137255 0.5019607843137255
            ambientIntensity 1.0
            transparency 0.0
            shininess 0.5
        }
    }
    geometry IndexedFaceSet {
        ccw TRUE
        solid FALSE
        coord DEF co Coordinate {
            point [
                -1.9641 0.7666 0.5959, -1.9659 0.7524 0.5786, -1.9553 0.7751 0.6794, -1.9505 0.4582 0.7256, -1.9452 0.4876 0.7756, -1.9521 0.6148 0.7096, -1.9551 0.6801 0.6816, -1.9554 0.6712 0.6787, -1.9381 0.7916 0.8434, -1.9369 0.7704 0.8545, -1.9308 0.7747 0.9128, -1.9305 0.7163 0.9153, -1.9378 0.6869 0.8464, -1.9346 0.6724 0.8762, -1.954 0.7958 0.692, -1.9615 0.7893 0.6202, -1.962 0.7761 0.6162, -1.9303 0.7381 0.9172, -1.9559 0.6634 0.6738, -1.9566 0.6571 0.6672, -1.9578 0.591 0.6558, -1.9574 0.6527 0.6596, -1.9583 0.6503 0.651, -1.9588 0.591 0.6464, -1.9593 0.65 0.6418, -1.9618 0.7113 0.6178, -1.9623 0.7037 0.6126, -1.9674 0.7339 0.5647, -1.9627 0.6948 0.6095, -1.9551 0.6955 0.6812, -1.9491 0.7086 0.7389, -1.9554 0.7039 0.6781, -1.9499 0.7295 0.7309, -1.956 0.7114 0.673, -1.9513 0.7489 0.7175, -1.9566 0.7169 0.667, -1.9532 0.7646 0.6997, -1.9575 0.7213 0.6589, -1.9584 0.7236 0.6498, -1.9494 0.6515 0.7353, -1.9488 0.6744 0.741, -1.9488 0.6859 0.7417, -1.9406 0.4269 0.819, -1.9406 0.4193 0.819, -1.9353 0.3804 0.87, -1.9409 0.4013 0.8168, -1.9354 0.3757 0.8684, -1.9415 0.3847 0.8105, -1.9369 0.3475 0.8545, -1.9392 0.3218 0.8328, -1.9281 0.6968 0.9378, -1.932 0.6511 0.9015, -1.9262 0.6745 0.9568, -1.93 0.6256 0.92, -1.9244 0.6459 0.9739, -1.9363 0.747 0.86, -1.9363 0.7372 0.8606, -1.9304 0.7272 0.9166, -1.9366 0.715 0.8578, -1.9374 0.6937 0.8501, -1.9577 0.3216 0.6567, -1.9538 0.3658 0.6942, -1.96 0.3474 0.635, -1.955 0.3799 0.6828, -1.9615 0.3764 0.6209, -1.9558 0.3966 0.6751, -1.9622 0.4079 0.6143, -1.9561 0.4136 0.6718, -1.9622 0.4639 0.6143, -1.9561 0.4563 0.6718, -1.9621 0.4692 0.6151, -1.955 0.6869 0.6822, -1.9506 0.6313 0.7246, -1.9426 0.37 0.8003, -1.9439 0.359 0.7881, -1.942 0.3024 0.806, -1.9456 0.3502 0.7718, -1.945 0.2908 0.7771, -1.9475 0.3458 0.7537, -1.9483 0.2865 0.7464, -1.9484 0.3453 0.7454, -1.9518 0.2908 0.7127, -1.9503 0.3476 0.7271, -1.955 0.3028 0.6828, -1.9521 0.3541 0.7103, -1.9536 0.3646 0.6955, -1.9274 0.4316 0.9445, -1.932 0.4687 0.9011, -1.9316 0.3979 0.9048, -1.9347 0.4473 0.8757, -1.9379 0.4327 0.8453, -1.9438 0.8292 0.789, -1.9454 0.8915 0.774, -1.9462 0.832 0.7662, -1.9464 0.8918 0.7643, -1.9477 0.8309 0.7517, -1.9502 0.8874 0.7281, -1.9501 0.8241 0.7286, -1.9539 0.874 0.693, -1.9522 0.8128 0.7094, -1.9572 0.852 0.6614, -1.9598 0.8235 0.6371, -1.9611 0.7174 0.6246, -1.9603 0.7215 0.6323, -1.9593 0.7236 0.641, -1.9227 0.6017 0.9892, -1.9287 0.5946 0.9325, -1.9223 0.5607 0.9936, -1.9282 0.5597 0.937, -1.9229 0.5139 0.9877, -1.9286 0.5276 0.9331, -1.9249 0.467 0.9692, -1.9298 0.4978 0.9217, -1.9318 0.4712 0.9033, -1.9322 0.8099 0.8994, -1.9344 0.8402 0.8785, -1.9396 0.8079 0.8289, -1.9351 0.8472 0.8719, -1.9416 0.8211 0.8101, -1.9381 0.8697 0.8433, -1.9416 0.885 0.8094, -1.956 0.4611 0.6727, -1.9611 0.4839 0.6242, -1.9613 0.4817 0.6219, -1.9683 0.712 0.5555, -1.9687 0.6896 0.5521, -1.9628 0.6869 0.6086, -1.9687 0.6859 0.552, -1.9626 0.6781 0.6096, -1.9684 0.663 0.5548, -1.9623 0.6699 0.6127, -1.9676 0.6418 0.5629, -1.9618 0.6626 0.6177, -1.9662 0.6229 0.576, -1.9611 0.6564 0.6245, -1.9645 0.6083 0.5923, -1.9602 0.6522 0.6327, -1.9623 0.5971 0.6133, -1.9598 0.5916 0.6366, -1.9561 0.4582 0.6721, -1.9618 0.4755 0.6176, -1.9591 0.4914 0.6435, -1.9598 0.4905 0.6365, -1.9605 0.488 0.6301, -1.9561 0.4694 0.6718, -1.9564 0.4759 0.6693, -1.9587 0.4912 0.6472, -1.9568 0.4817 0.6652, -1.9573 0.4856 0.6609, -1.9579 0.4893 0.6544, -1.956 0.462 0.6728, -1.9479 0.2865 0.7463, -1.9446 0.2908 0.7771, -1.9438 0.2941 0.7852, -1.9416 0.3024 0.8059, -1.9388 0.3218 0.8328, -1.9365 0.3475 0.8544, -1.9351 0.3757 0.8684, -1.9349 0.3804 0.8699, -1.9312 0.3979 0.9048, -1.9271 0.4316 0.9445, -1.9255 0.4526 0.9591, -1.9245 0.467 0.9691, -1.9225 0.5139 0.9877, -1.9219 0.5607 0.9936, -1.9258 0.6745 0.9568, -1.9255 0.6707 0.9591, -1.924 0.6459 0.9738, -1.9224 0.6017 0.9892, -1.9278 0.6968 0.9378, -1.9301 0.7163 0.9152, -1.93 0.7272 0.9165, -1.9299 0.7381 0.9171, -1.9304 0.7747 0.9127, -1.9318 0.8099 0.8994, -1.934 0.8402 0.8784, -1.9347 0.8472 0.8718, -1.946 0.8918 0.7643, -1.9377 0.8697 0.8433, -1.9413 0.885 0.8094, -1.9438 0.8894 0.7852, -1.945 0.8915 0.7739, -1.9496 0.8876 0.7295, -1.9498 0.8874 0.7281, -1.9535 0.874 0.6929, -1.9568 0.852 0.6614, -1.9594 0.8235 0.637, -1.9611 0.7893 0.6201, -1.9616 0.7761 0.6161, -1.9618 0.7749 0.6136, -1.9683 0.6859 0.5519, -1.9683 0.6879 0.552, -1.9683 0.6896 0.552, -1.9679 0.712 0.5555, -1.967 0.7339 0.5646, -1.9655 0.7524 0.5786, -1.9637 0.7666 0.5959, -1.9584 0.591 0.6463, -1.9683 0.684 0.552, -1.968 0.663 0.5548, -1.9672 0.6418 0.5628, -1.9658 0.6229 0.5759, -1.9641 0.6083 0.5922, -1.9619 0.5971 0.6133, -1.9618 0.597 0.6136, -1.9594 0.5916 0.6366, -1.9574 0.591 0.6557, -1.9501 0.4582 0.7256, -1.9448 0.4876 0.7756, -1.9496 0.4605 0.7295, -1.9517 0.6148 0.7095, -1.9496 0.5763 0.7295, -1.9502 0.6313 0.7245, -1.9496 0.6407 0.7295, -1.949 0.6515 0.7353, -1.9484 0.6744 0.7409, -1.9484 0.6859 0.7416, -1.9487 0.7086 0.7388, -1.9495 0.7295 0.7309, -1.9496 0.7315 0.7295, -1.9509 0.7489 0.7175, -1.9528 0.7646 0.6996, -1.9549 0.7751 0.6793, -1.9458 0.832 0.7661, -1.9536 0.7958 0.692, -1.9518 0.8128 0.7094, -1.9497 0.8241 0.7286, -1.9496 0.8244 0.7295, -1.9473 0.8309 0.7517, -1.9438 0.8297 0.7852, -1.9434 0.8292 0.789, -1.9412 0.8211 0.81, -1.9392 0.8079 0.8288, -1.9377 0.7916 0.8433, -1.9365 0.7704 0.8545, -1.9359 0.747 0.86, -1.9359 0.7372 0.8605, -1.9362 0.715 0.8578, -1.937 0.6937 0.8501, -1.9374 0.6869 0.8464, -1.9342 0.6724 0.8762, -1.9316 0.6511 0.9015, -1.9296 0.6256 0.92, -1.9283 0.5946 0.9325, -1.9278 0.5597 0.9369, -1.9283 0.5276 0.933, -1.9294 0.4978 0.9217, -1.9314 0.4712 0.9033, -1.9316 0.4687 0.9011, -1.9343 0.4473 0.8756, -1.9375 0.4327 0.8452, -1.9402 0.4269 0.819, -1.9402 0.4193 0.819, -1.9405 0.4013 0.8168, -1.9411 0.3847 0.8104, -1.9422 0.37 0.8002, -1.9435 0.359 0.788, -1.9438 0.3575 0.7852, -1.9452 0.3502 0.7717, -1.9471 0.3458 0.7536, -1.948 0.3453 0.7454, -1.9496 0.3473 0.7295, -1.9499 0.3476 0.727, -1.9517 0.3541 0.7102, -1.9532 0.3646 0.6955, -1.9534 0.3658 0.6941, -1.9546 0.3799 0.6827, -1.9554 0.3966 0.675, -1.9557 0.4136 0.6718, -1.9557 0.4563 0.6718, -1.9557 0.4582 0.672, -1.9556 0.4611 0.6727, -1.9556 0.462 0.6727, -1.9557 0.4694 0.6718, -1.956 0.4759 0.6692, -1.9564 0.4817 0.6651, -1.9569 0.4856 0.6608, -1.9575 0.4893 0.6544, -1.9583 0.4912 0.6472, -1.9587 0.4914 0.6435, -1.9594 0.4905 0.6365, -1.9601 0.488 0.6301, -1.9607 0.4839 0.6241, -1.961 0.4817 0.6219, -1.9614 0.4755 0.6175, -1.9617 0.4692 0.6151, -1.9618 0.4639 0.6142, -1.9618 0.4079 0.6142, -1.9611 0.3764 0.6209, -1.9596 0.3474 0.6349, -1.9573 0.3216 0.6567, -1.9496 0.2887 0.7295, -1.9514 0.2908 0.7126, -1.9546 0.3028 0.6828, -1.9546 0.6869 0.6822, -1.9547 0.6801 0.6815, -1.955 0.6712 0.6787, -1.9555 0.6634 0.6738, -1.9562 0.6571 0.6672, -1.957 0.6527 0.6596, -1.9579 0.6503 0.6509, -1.9589 0.65 0.6418, -1.9598 0.6522 0.6327, -1.9607 0.6564 0.6245, -1.9614 0.6626 0.6176, -1.9619 0.6699 0.6127, -1.9623 0.6781 0.6096, -1.9624 0.6869 0.6086, -1.9623 0.6948 0.6094, -1.9619 0.7037 0.6126, -1.9614 0.7113 0.6177, -1.9607 0.7174 0.6245, -1.9599 0.7215 0.6323, -1.959 0.7236 0.641, -1.958 0.7236 0.6498, -1.9571 0.7213 0.6588, -1.9562 0.7169 0.6669, -1.9556 0.7114 0.6729, -1.9551 0.7039 0.678, -1.9547 0.6955 0.6811
            ]
        }
        coordIndex [
            0,1,2,-1,3,4,5,-1,6,7,3,-1,8,9,10,-1,11,12,13,-1,14,15,2,-1,2,15,16,-1,2,16,0,-1,10,9,17,-1,7,18,3,-1,3,18,19,-1,3,19,20,-1,19,21,20,-1,20,21,22,-1,20,22,23,-1,23,22,24,-1,25,1,26,-1,26,1,27,-1,26,27,28,-1,29,30,31,-1,31,30,32,-1,31,32,33,-1,33,32,34,-1,33,34,35,-1,35,34,36,-1,35,36,37,-1,37,36,2,-1,37,2,38,-1,39,40,29,-1,29,40,41,-1,29,41,30,-1,42,43,44,-1,44,43,45,-1,44,45,46,-1,46,45,47,-1,46,47,48,-1,48,47,49,-1,11,13,50,-1,50,13,51,-1,50,51,52,-1,52,51,53,-1,52,53,54,-1,9,55,17,-1,17,55,56,-1,17,56,57,-1,57,56,58,-1,57,58,11,-1,11,58,59,-1,11,59,12,-1,60,61,62,-1,62,61,63,-1,62,63,64,-1,64,63,65,-1,64,65,66,-1,66,65,67,-1,66,67,68,-1,68,67,69,-1,68,69,70,-1,6,3,71,-1,71,3,5,-1,71,5,29,-1,29,5,72,-1,29,72,39,-1,47,73,49,-1,49,73,74,-1,49,74,75,-1,75,74,76,-1,75,76,77,-1,77,76,78,-1,77,78,79,-1,79,78,80,-1,79,80,81,-1,81,80,82,-1,81,82,83,-1,83,82,84,-1,83,84,60,-1,60,84,85,-1,60,85,61,-1,86,87,88,-1,88,87,89,-1,88,89,44,-1,44,89,90,-1,44,90,42,-1,91,92,93,-1,93,92,94,-1,93,94,95,-1,95,94,96,-1,95,96,97,-1,97,96,98,-1,97,98,99,-1,99,98,100,-1,99,100,14,-1,14,100,101,-1,14,101,15,-1,25,102,1,-1,1,102,103,-1,1,103,2,-1,2,103,104,-1,2,104,38,-1,54,53,105,-1,105,53,106,-1,105,106,107,-1,107,106,108,-1,107,108,109,-1,109,108,110,-1,109,110,111,-1,111,110,112,-1,111,112,86,-1,86,112,113,-1,86,113,87,-1,10,114,8,-1,8,114,115,-1,8,115,116,-1,116,115,117,-1,116,117,118,-1,118,117,119,-1,118,119,91,-1,91,119,120,-1,91,120,92,-1,121,122,123,-1,27,124,28,-1,28,124,125,-1,28,125,126,-1,126,125,127,-1,126,127,128,-1,128,127,129,-1,128,129,130,-1,130,129,131,-1,130,131,132,-1,132,131,133,-1,132,133,134,-1,134,133,135,-1,134,135,136,-1,136,135,137,-1,136,137,24,-1,24,137,138,-1,24,138,23,-1,69,139,70,-1,70,139,121,-1,70,121,140,-1,140,121,123,-1,141,142,121,-1,121,142,143,-1,121,143,122,-1,144,145,146,-1,145,147,146,-1,146,147,148,-1,146,148,149,-1,141,121,146,-1,146,121,150,-1,146,150,144,-1,79,151,152,-1,79,152,77,-1,77,152,153,-1,77,153,75,-1,153,154,75,-1,75,154,155,-1,75,155,49,-1,49,155,156,-1,49,156,48,-1,48,156,157,-1,48,157,46,-1,46,157,158,-1,46,158,44,-1,44,158,159,-1,44,159,88,-1,88,159,160,-1,88,160,86,-1,111,86,161,-1,161,86,160,-1,161,162,111,-1,111,162,163,-1,111,163,109,-1,109,163,164,-1,109,164,107,-1,165,52,166,-1,166,52,54,-1,166,54,167,-1,167,54,105,-1,167,105,168,-1,168,105,107,-1,168,107,164,-1,52,165,169,-1,52,169,50,-1,50,169,170,-1,50,170,11,-1,11,170,171,-1,11,171,57,-1,57,171,172,-1,57,172,17,-1,17,172,173,-1,17,173,10,-1,10,173,174,-1,10,174,114,-1,114,174,175,-1,114,175,115,-1,115,175,176,-1,115,176,117,-1,177,94,92,-1,117,176,178,-1,117,178,119,-1,119,178,179,-1,119,179,120,-1,120,179,180,-1,120,180,92,-1,92,180,181,-1,92,181,177,-1,96,94,182,-1,182,94,177,-1,182,183,96,-1,96,183,184,-1,96,184,98,-1,98,184,185,-1,98,185,100,-1,100,185,186,-1,100,186,101,-1,101,186,187,-1,101,187,15,-1,15,187,188,-1,15,188,16,-1,16,188,189,-1,16,189,0,-1,190,127,191,-1,191,127,125,-1,191,125,192,-1,192,125,124,-1,192,124,193,-1,193,124,27,-1,193,27,194,-1,194,27,1,-1,194,1,195,-1,195,1,0,-1,195,0,196,-1,196,0,189,-1,197,23,138,-1,127,190,198,-1,127,198,129,-1,198,199,129,-1,129,199,200,-1,129,200,131,-1,131,200,201,-1,131,201,133,-1,133,201,202,-1,133,202,135,-1,135,202,203,-1,135,203,137,-1,137,203,204,-1,137,204,138,-1,138,204,205,-1,138,205,197,-1,20,23,206,-1,206,23,197,-1,3,20,207,-1,207,20,206,-1,208,4,209,-1,209,4,3,-1,209,3,207,-1,210,5,211,-1,211,5,4,-1,211,4,208,-1,5,210,212,-1,5,212,72,-1,72,212,213,-1,72,213,39,-1,213,214,39,-1,39,214,215,-1,39,215,40,-1,40,215,216,-1,40,216,41,-1,41,216,217,-1,41,217,30,-1,30,217,218,-1,30,218,32,-1,32,218,219,-1,32,219,34,-1,219,220,34,-1,34,220,221,-1,34,221,36,-1,36,221,222,-1,36,222,2,-1,223,93,95,-1,2,222,224,-1,2,224,14,-1,14,224,225,-1,14,225,99,-1,99,225,226,-1,99,226,97,-1,97,226,227,-1,97,227,95,-1,95,227,228,-1,95,228,223,-1,91,93,229,-1,229,93,223,-1,229,230,91,-1,91,230,231,-1,91,231,118,-1,118,231,232,-1,118,232,116,-1,116,232,233,-1,116,233,8,-1,8,233,234,-1,8,234,9,-1,9,234,235,-1,9,235,55,-1,55,235,236,-1,55,236,56,-1,56,236,237,-1,56,237,58,-1,58,237,238,-1,58,238,59,-1,59,238,239,-1,59,239,12,-1,12,239,240,-1,12,240,13,-1,13,240,241,-1,13,241,51,-1,51,241,242,-1,51,242,53,-1,53,242,243,-1,53,243,106,-1,106,243,244,-1,106,244,108,-1,108,244,245,-1,108,245,110,-1,110,245,246,-1,110,246,112,-1,112,246,247,-1,112,247,113,-1,113,247,248,-1,113,248,87,-1,87,248,249,-1,87,249,89,-1,89,249,250,-1,89,250,90,-1,90,250,251,-1,90,251,42,-1,43,42,252,-1,252,42,251,-1,43,252,253,-1,43,253,45,-1,45,253,254,-1,45,254,47,-1,47,254,255,-1,47,255,73,-1,73,255,256,-1,73,256,74,-1,74,256,257,-1,74,257,76,-1,257,258,76,-1,76,258,259,-1,76,259,78,-1,78,259,260,-1,78,260,80,-1,82,80,261,-1,261,80,260,-1,261,262,82,-1,82,262,263,-1,82,263,84,-1,84,263,264,-1,84,264,85,-1,85,264,265,-1,85,265,61,-1,61,265,266,-1,61,266,63,-1,63,266,267,-1,63,267,65,-1,65,267,268,-1,65,268,67,-1,69,67,269,-1,269,67,268,-1,69,269,270,-1,69,270,139,-1,139,270,271,-1,139,271,121,-1,121,271,272,-1,121,272,150,-1,150,272,273,-1,150,273,144,-1,144,273,274,-1,144,274,145,-1,145,274,275,-1,145,275,147,-1,147,275,276,-1,147,276,148,-1,148,276,277,-1,148,277,149,-1,149,277,278,-1,149,278,146,-1,146,278,279,-1,146,279,141,-1,141,279,280,-1,141,280,142,-1,142,280,281,-1,142,281,143,-1,143,281,282,-1,143,282,122,-1,122,282,283,-1,122,283,123,-1,123,283,284,-1,123,284,140,-1,140,284,285,-1,140,285,70,-1,70,285,286,-1,70,286,68,-1,66,68,287,-1,287,68,286,-1,66,287,288,-1,66,288,64,-1,64,288,289,-1,64,289,62,-1,62,289,290,-1,62,290,60,-1,151,79,291,-1,291,79,81,-1,291,81,292,-1,292,81,83,-1,292,83,293,-1,293,83,60,-1,293,60,290,-1,71,294,295,-1,71,295,6,-1,6,295,296,-1,6,296,7,-1,7,296,297,-1,7,297,18,-1,18,297,298,-1,18,298,19,-1,19,298,299,-1,19,299,21,-1,21,299,300,-1,21,300,22,-1,22,300,301,-1,22,301,24,-1,24,301,302,-1,24,302,136,-1,136,302,303,-1,136,303,134,-1,134,303,304,-1,134,304,132,-1,132,304,305,-1,132,305,130,-1,130,305,306,-1,130,306,128,-1,128,306,307,-1,128,307,126,-1,126,307,308,-1,126,308,28,-1,28,308,309,-1,28,309,26,-1,26,309,310,-1,26,310,25,-1,25,310,311,-1,25,311,102,-1,102,311,312,-1,102,312,103,-1,103,312,313,-1,103,313,104,-1,104,313,314,-1,104,314,38,-1,38,314,315,-1,38,315,37,-1,37,315,316,-1,37,316,35,-1,35,316,317,-1,35,317,33,-1,33,317,318,-1,33,318,31,-1,31,318,319,-1,31,319,29,-1,29,319,294,-1,29,294,71,-1,
        ]
    }
}
Shape{
    appearance Appearance {
        material  Material 	{
            diffuseColor 0.25098039215686274 0.25098039215686274 0.25098039215686274
            specularColor 0.12549019607843137 0.12549019607843137 0.12549019607843137
            ambientIntensity 0.251
            transparency 0.0
            shininess 0.5
        }
    }
    geometry IndexedFaceSet {
        ccw TRUE
        solid FALSE
        coord DEF co Coordinate {
            point [
                -1.9623 0.6781 0.6096, -1.9547 0.6801 0.6815, -1.9624 0.6869 0.6086, -1.9546 0.6869 0.6822, -1.9547 0.6955 0.6811, -1.9614 0.6626 0.6176, -1.9562 0.6571 0.6672, -1.9555 0.6634 0.6738, -1.9551 0.7039 0.678, -1.9556 0.7114 0.6729, -1.9623 0.6948 0.6094, -1.9562 0.7169 0.6669, -1.9571 0.7213 0.6588, -1.958 0.7236 0.6498, -1.959 0.7236 0.641, -1.9599 0.7215 0.6323, -1.9607 0.7174 0.6245, -1.9614 0.7113 0.6177, -1.9619 0.7037 0.6126, -1.9619 0.6699 0.6127, -1.955 0.6712 0.6787, -1.9598 0.6522 0.6327, -1.9589 0.65 0.6418, -1.9607 0.6564 0.6245, -1.9579 0.6503 0.6509, -1.957 0.6527 0.6596
            ]
        }
        coordIndex [
            0,1,2,-1,2,1,3,-1,2,3,4,-1,5,6,7,-1,4,8,2,-1,2,8,9,-1,2,9,10,-1,10,9,11,-1,10,11,12,-1,12,13,10,-1,10,13,14,-1,10,14,15,-1,15,16,10,-1,10,16,17,-1,10,17,18,-1,0,19,1,-1,1,19,5,-1,1,5,20,-1,20,5,7,-1,21,22,23,-1,23,22,24,-1,23,24,5,-1,5,24,25,-1,5,25,6,-1,
        ]
    }
}