ISO-10303-21;
HEADER;
FILE_DESCRIPTION (( 'STEP AP214' ),
    '1' );
FILE_NAME ('R5930.step',
    '2022-07-28T08:35:36',
    ( '' ),
    ( '' ),
    'SwSTEP 2.0',
    'SolidWorks 2020',
    '' );
FILE_SCHEMA (( 'AUTOMOTIVE_DESIGN' ));
ENDSEC;

DATA;
#1 = ADVANCED_FACE ( 'NONE', ( #9923 ), #3775, .F. ) ;
#2 = VERTEX_POINT ( 'NONE', #10973 ) ;
#3 = ADVANCED_FACE ( 'NONE', ( #8245 ), #8459, .F. ) ;
#4 =( NAMED_UNIT ( * ) SI_UNIT ( $, .STERADIAN. ) SOLID_ANGLE_UNIT ( ) );
#5 = PRESENTATION_STYLE_ASSIGNMENT (( #10280 ) ) ;
#6 = LINE ( 'NONE', #2004, #4294 ) ;
#7 =( LENGTH_UNIT ( ) NAMED_UNIT ( * ) SI_UNIT ( .MILLI., .METRE. ) );
#8 = CARTESIAN_POINT ( 'NONE',  ( -0.4314723442150319443, -3.127031879302791140, 0.9810000000000000941 ) ) ;
#9 = ORIENTED_EDGE ( 'NONE', *, *, #7262, .F. ) ;
#10 = CARTESIAN_POINT ( 'NONE',  ( -0.3433528608077843214, -3.330408527734124657, 0.9810000000000000941 ) ) ;
#11 = CARTESIAN_POINT ( 'NONE',  ( -0.8518984576790159524, -3.201166618736268621, 0.9810000000000000941 ) ) ;
#12 = LINE ( 'NONE', #7222, #1011 ) ;
#13 = ADVANCED_FACE ( 'NONE', ( #6509 ), #75, .T. ) ;
#14 = VERTEX_POINT ( 'NONE', #6567 ) ;
#15 = PRESENTATION_LAYER_ASSIGNMENT (  '', '', ( #3518 ) ) ;
#16 = AXIS2_PLACEMENT_3D ( 'NONE', #4212, #3341, #9845 ) ;
#17 = CARTESIAN_POINT ( 'NONE',  ( -0.9228619354678770925, -2.800963796745862489, 0.9810000000000000941 ) ) ;
#18 = CARTESIAN_POINT ( 'NONE',  ( -0.4186833218450503602, -2.830388945777369880, 0.9800000000000002043 ) ) ;
#19 = LINE ( 'NONE', #7463, #6668 ) ;
#20 = FACE_OUTER_BOUND ( 'NONE', #4912, .T. ) ;
#21 = ORIENTED_EDGE ( 'NONE', *, *, #12075, .T. ) ;
#22 = DIRECTION ( 'NONE',  ( 0.0000000000000000000, 0.0000000000000000000, 1.000000000000000000 ) ) ;
#23 = DIRECTION ( 'NONE',  ( -0.0000000000000000000, -0.0000000000000000000, -1.000000000000000000 ) ) ;
#24 = SURFACE_STYLE_USAGE ( .BOTH. , #9387 ) ;
#25 = VECTOR ( 'NONE', #4740, 1000.000000000000000 ) ;
#26 = EDGE_CURVE ( 'NONE', #1187, #10915, #255, .T. ) ;
#27 = SURFACE_STYLE_FILL_AREA ( #8375 ) ;
#28 = COLOUR_RGB ( '',0.0000000000000000000, 0.0000000000000000000, 0.0000000000000000000 ) ;
#29 = LINE ( 'NONE', #1786, #3952 ) ;
#30 = B_SPLINE_CURVE_WITH_KNOTS ( 'NONE', 3,
 ( #7809, #6932, #6805, #6116 ),
 .UNSPECIFIED., .F., .F.,
 ( 4, 4 ),
 ( 8.000000000000000000, 9.000000000000000000 ),
 .UNSPECIFIED. ) ;
#31 = VECTOR ( 'NONE', #9919, 1000.000000000000000 ) ;
#32 =( GEOMETRIC_REPRESENTATION_CONTEXT ( 3 ) GLOBAL_UNCERTAINTY_ASSIGNED_CONTEXT ( ( #4218 ) ) GLOBAL_UNIT_ASSIGNED_CONTEXT ( ( #315, #10596, #1044 ) ) REPRESENTATION_CONTEXT ( 'NONE', 'WORKASPACE' ) );
#33 = VECTOR ( 'NONE', #3911, 1000.000000000000000 ) ;
#34 =( LENGTH_UNIT ( ) NAMED_UNIT ( * ) SI_UNIT ( .MILLI., .METRE. ) );
#35 = ORIENTED_EDGE ( 'NONE', *, *, #8506, .F. ) ;
#36 = LINE ( 'NONE', #8514, #10584 ) ;
#37 = SURFACE_SIDE_STYLE ('',( #6380 ) ) ;
#38 = CARTESIAN_POINT ( 'NONE',  ( -0.8311032993528110202, -3.216243108523703320, 0.9810000000000000941 ) ) ;
#39 = FILL_AREA_STYLE ('',( #7422 ) ) ;
#40 = LINE ( 'NONE', #3760, #8144 ) ;
#41 = VERTEX_POINT ( 'NONE', #7640 ) ;
#42 = VECTOR ( 'NONE', #3870, 1000.000000000000000 ) ;
#43 = CARTESIAN_POINT ( 'NONE',  ( -1.309072325584600183, -3.128675667295774510, 0.9799999999999999822 ) ) ;
#44 = AXIS2_PLACEMENT_3D ( 'NONE', #3798, #3851, #8554 ) ;
#45 = FILL_AREA_STYLE_COLOUR ( '', #5637 ) ;
#46 = CARTESIAN_POINT ( 'NONE',  ( -0.8410329874534082650, -3.193368434364459052, 0.9810000000000000941 ) ) ;
#47 = ORIENTED_EDGE ( 'NONE', *, *, #3216, .F. ) ;
#48 =( NAMED_UNIT ( * ) PLANE_ANGLE_UNIT ( ) SI_UNIT ( $, .RADIAN. ) );
#49 = CARTESIAN_POINT ( 'NONE',  ( -0.9804645240313444310, -3.302023136619138377, 0.9800000000000002043 ) ) ;
#50 = B_SPLINE_CURVE_WITH_KNOTS ( 'NONE', 3,
 ( #1910, #7479, #4785, #5644 ),
 .UNSPECIFIED., .F., .F.,
 ( 4, 4 ),
 ( 5.000000000000000000, 6.000000000000000000 ),
 .UNSPECIFIED. ) ;
#51 =( LENGTH_UNIT ( ) NAMED_UNIT ( * ) SI_UNIT ( .MILLI., .METRE. ) );
#52 = CARTESIAN_POINT ( 'NONE',  ( -0.5530200446325973518, -3.307221926200337059, 0.9800000000000002043 ) ) ;
#53 = FACE_OUTER_BOUND ( 'NONE', #843, .T. ) ;
#54 = SURFACE_SIDE_STYLE ('',( #2988 ) ) ;
#55 = MECHANICAL_DESIGN_GEOMETRIC_PRESENTATION_REPRESENTATION (  '', ( #2790 ), #3938 ) ;
#56 = CARTESIAN_POINT ( 'NONE',  ( -0.8187821680439378857, -3.266567391672931198, 0.9810000000000000941 ) ) ;
#57 =( GEOMETRIC_REPRESENTATION_CONTEXT ( 3 ) GLOBAL_UNCERTAINTY_ASSIGNED_CONTEXT ( ( #5468 ) ) GLOBAL_UNIT_ASSIGNED_CONTEXT ( ( #10218, #5556, #9488 ) ) REPRESENTATION_CONTEXT ( 'NONE', 'WORKASPACE' ) );
#58 = ORIENTED_EDGE ( 'NONE', *, *, #2395, .T. ) ;
#59 = VERTEX_POINT ( 'NONE', #3990 ) ;
#60 =( LENGTH_UNIT ( ) NAMED_UNIT ( * ) SI_UNIT ( .MILLI., .METRE. ) );
#61 = CARTESIAN_POINT ( 'NONE',  ( 2.675735931288066194, 3.799999999999999822, 0.9800000000000002043 ) ) ;
#62 =( LENGTH_UNIT ( ) NAMED_UNIT ( * ) SI_UNIT ( .MILLI., .METRE. ) );
#63 = FILL_AREA_STYLE_COLOUR ( '', #5745 ) ;
#64 = ORIENTED_EDGE ( 'NONE', *, *, #5886, .T. ) ;
#65 = CARTESIAN_POINT ( 'NONE',  ( -1.530308351650157661, -2.825018409740929659, 0.9810000000000000941 ) ) ;
#66 = FACE_OUTER_BOUND ( 'NONE', #4839, .T. ) ;
#67 = DIRECTION ( 'NONE',  ( 0.9345104387417462188, -0.3559357243698768603, 0.0000000000000000000 ) ) ;
#68 =( NAMED_UNIT ( * ) SI_UNIT ( $, .STERADIAN. ) SOLID_ANGLE_UNIT ( ) );
#69 = EDGE_CURVE ( 'NONE', #4580, #12030, #11407, .T. ) ;
#70 = UNCERTAINTY_MEASURE_WITH_UNIT (LENGTH_MEASURE( 1.000000000000000082E-05 ), #10042, 'distance_accuracy_value', 'NONE');
#71 = EDGE_CURVE ( 'NONE', #11220, #3996, #11280, .T. ) ;
#72 = EDGE_LOOP ( 'NONE', ( #9370, #2530, #6057, #8283, #7558, #6572 ) ) ;
#73 = SURFACE_SIDE_STYLE ('',( #4707 ) ) ;
#74 = COLOUR_RGB ( '',0.9686274509803921573, 0.8784313725490195957, 0.5999999999999999778 ) ;
#75 = B_SPLINE_SURFACE_WITH_KNOTS ( 'NONE', 3, 1, ( 
 ( #7468, #10420 ),
 ( #2029, #8636 ),
 ( #9511, #2841 ),
 ( #1105, #983 ) ),
 .UNSPECIFIED., .F., .F., .F.,
 ( 4, 4 ),
 ( 2, 2 ),
 ( 1.000000000000000000, 2.000000000000000000 ),
 ( 0.0000000000000000000, 1.000000000000000000 ),
 .UNSPECIFIED. ) ;
#76 = VECTOR ( 'NONE', #3797, 1000.000000000000000 ) ;
#77 = LINE ( 'NONE', #9502, #2615 ) ;
#78 = LINE ( 'NONE', #8625, #5103 ) ;
#79 = CARTESIAN_POINT ( 'NONE',  ( -0.9181830248442339748, -3.307949756742320613, 0.9799999999999999822 ) ) ;
#80 = CARTESIAN_POINT ( 'NONE',  ( -0.2658908960417202816, -3.195967829155061501, 0.9800000000000002043 ) ) ;
#81 = FACE_OUTER_BOUND ( 'NONE', #4631, .T. ) ;
#82 = ORIENTED_EDGE ( 'NONE', *, *, #215, .T. ) ;
#83 = SURFACE_STYLE_USAGE ( .BOTH. , #3859 ) ;
#84 = CARTESIAN_POINT ( 'NONE',  ( -0.2060528279593351886, -3.274781479212180990, 0.9810000000000000941 ) ) ;
#85 =( LENGTH_UNIT ( ) NAMED_UNIT ( * ) SI_UNIT ( .MILLI., .METRE. ) );
#86 = ADVANCED_FACE ( 'NONE', ( #5577 ), #924, .F. ) ;
#87 = UNCERTAINTY_MEASURE_WITH_UNIT (LENGTH_MEASURE( 1.000000000000000082E-05 ), #1659, 'distance_accuracy_value', 'NONE');
#88 = PRESENTATION_LAYER_ASSIGNMENT (  '', '', ( #6322 ) ) ;
#89 = CARTESIAN_POINT ( 'NONE',  ( -1.900481045253495260, -2.806220573765509929, 0.9810000000000000941 ) ) ;
#90 = ORIENTED_EDGE ( 'NONE', *, *, #11997, .F. ) ;
#91 = ADVANCED_FACE ( 'NONE', ( #3305 ), #5153, .F. ) ;
#93 = DIRECTION ( 'NONE',  ( 0.0000000000000000000, -0.0000000000000000000, 1.000000000000000000 ) ) ;
#92 =( GEOMETRIC_REPRESENTATION_CONTEXT ( 3 ) GLOBAL_UNCERTAINTY_ASSIGNED_CONTEXT ( ( #6277 ) ) GLOBAL_UNIT_ASSIGNED_CONTEXT ( ( #7733, #2122, #9546 ) ) REPRESENTATION_CONTEXT ( 'NONE', 'WORKASPACE' ) );
#94 = FILL_AREA_STYLE ('',( #8451 ) ) ;
#95 = EDGE_CURVE ( 'NONE', #3219, #10877, #4105, .T. ) ;
#96 = CARTESIAN_POINT ( 'NONE',  ( -2.140514893504466887, -3.098309903617555872, 0.9810000000000000941 ) ) ;
#97 = VECTOR ( 'NONE', #2207, 1000.000000000000000 ) ;
#98 = CARTESIAN_POINT ( 'NONE',  ( -0.7663783690616760014, -3.188273620574769485, 0.9810000000000000941 ) ) ;
#99 = CARTESIAN_POINT ( 'NONE',  ( -0.5481851703216898963, -2.904211757836307584, 0.9800000000000002043 ) ) ;
#100 = ORIENTED_EDGE ( 'NONE', *, *, #5097, .T. ) ;
#101 = LINE ( 'NONE', #10369, #4608 ) ;
#102 = UNCERTAINTY_MEASURE_WITH_UNIT (LENGTH_MEASURE( 1.000000000000000082E-05 ), #1762, 'distance_accuracy_value', 'NONE');
#103 = SURFACE_STYLE_FILL_AREA ( #7486 ) ;
#104 = MECHANICAL_DESIGN_GEOMETRIC_PRESENTATION_REPRESENTATION (  '', ( #5939 ), #7329 ) ;
#105 = AXIS2_PLACEMENT_3D ( 'NONE', #6749, #1099, #2025 ) ;
#106 = EDGE_CURVE ( 'NONE', #4079, #8150, #30, .T. ) ;
#107 = FILL_AREA_STYLE ('',( #8467 ) ) ;
#108 = ORIENTED_EDGE ( 'NONE', *, *, #1720, .T. ) ;
#109 = UNCERTAINTY_MEASURE_WITH_UNIT (LENGTH_MEASURE( 1.000000000000000082E-05 ), #6807, 'distance_accuracy_value', 'NONE');
#110 = CARTESIAN_POINT ( 'NONE',  ( -2.231612129378391263, -3.159041430973994036, 0.9799999999999999822 ) ) ;
#111 = DIRECTION ( 'NONE',  ( 0.7071067811865519026, -0.0000000000000000000, -0.7071067811865431318 ) ) ;
#112 = LINE ( 'NONE', #3829, #11508 ) ;
#113 = LINE ( 'NONE', #10385, #6276 ) ;
#114 = FACE_OUTER_BOUND ( 'NONE', #1622, .T. ) ;
#115 = FACE_OUTER_BOUND ( 'NONE', #9796, .T. ) ;
#116 = DIRECTION ( 'NONE',  ( -0.0000000000000000000, -0.0000000000000000000, -1.000000000000000000 ) ) ;
#117 = ADVANCED_FACE ( 'NONE', ( #5082 ), #1820, .F. ) ;
#118 = CARTESIAN_POINT ( 'NONE',  ( -7.500000000000000000, 3.799999999999999822, 0.4799999999999999822 ) ) ;
#119 = ORIENTED_EDGE ( 'NONE', *, *, #8199, .F. ) ;
#120 = ORIENTED_EDGE ( 'NONE', *, *, #1937, .F. ) ;
#121 = DIRECTION ( 'NONE',  ( 0.0000000000000000000, 0.0000000000000000000, -1.000000000000000000 ) ) ;
#122 = CARTESIAN_POINT ( 'NONE',  ( -0.7757881782047097996, -3.322298415987779752, 0.9799999999999999822 ) ) ;
#123 =( NAMED_UNIT ( * ) PLANE_ANGLE_UNIT ( ) SI_UNIT ( $, .RADIAN. ) );
#124 = CARTESIAN_POINT ( 'NONE',  ( -0.9993881181082362453, -2.932701124742809640, 0.9810000000000000941 ) ) ;
#125 = VERTEX_POINT ( 'NONE', #9118 ) ;
#126 = SURFACE_STYLE_USAGE ( .BOTH. , #5791 ) ;
#127 = CARTESIAN_POINT ( 'NONE',  ( -0.2658908960417202816, -3.195967829155061501, 0.9810000000000000941 ) ) ;
#128 = PLANE ( 'NONE',  #6611 ) ;
#129 =( NAMED_UNIT ( * ) SI_UNIT ( $, .STERADIAN. ) SOLID_ANGLE_UNIT ( ) );
#130 = ORIENTED_EDGE ( 'NONE', *, *, #1875, .T. ) ;
#131 = CARTESIAN_POINT ( 'NONE',  ( -0.8920331132488581449, -3.330408527734124657, 0.9800000000000002043 ) ) ;
#132 = CARTESIAN_POINT ( 'NONE',  ( -0.3755333683171583892, -3.330408527734124657, 0.9800000000000002043 ) ) ;
#133 =( LENGTH_UNIT ( ) NAMED_UNIT ( * ) SI_UNIT ( .MILLI., .METRE. ) );
#134 = CARTESIAN_POINT ( 'NONE',  ( -0.9975685417553713519, -2.830908824736320550, 0.9810000000000000941 ) ) ;
#135 = FILL_AREA_STYLE ('',( #4769 ) ) ;
#136 = CARTESIAN_POINT ( 'NONE',  ( -0.8746691560460573278, -2.974187465603711278, 0.9810000000000000941 ) ) ;
#137 = ORIENTED_EDGE ( 'NONE', *, *, #8761, .T. ) ;
#138 = FACE_OUTER_BOUND ( 'NONE', #10609, .T. ) ;
#139 = CARTESIAN_POINT ( 'NONE',  ( -0.8255405945006136781, -3.235582605765955133, 0.9799999999999999822 ) ) ;
#140 = LINE ( 'NONE', #3863, #3371 ) ;
#141 = CARTESIAN_POINT ( 'NONE',  ( -0.6599071584301589022, -2.827789550986767431, 0.9810000000000000941 ) ) ;
#142 = ADVANCED_FACE ( 'NONE', ( #9057 ), #11029, .T. ) ;
#143 = ORIENTED_EDGE ( 'NONE', *, *, #3428, .F. ) ;
#144 = PRESENTATION_LAYER_ASSIGNMENT (  '', '', ( #10692 ) ) ;
#145 = LINE ( 'NONE', #11233, #3737 ) ;
#146 = ADVANCED_FACE ( 'NONE', ( #5378 ), #8099, .F. ) ;
#147 = SURFACE_STYLE_USAGE ( .BOTH. , #37 ) ;
#148 = EDGE_CURVE ( 'NONE', #10332, #5762, #3560, .T. ) ;
#149 = DIRECTION ( 'NONE',  ( -0.0000000000000000000, -0.0000000000000000000, -1.000000000000000000 ) ) ;
#150 = PRESENTATION_STYLE_ASSIGNMENT (( #995 ) ) ;
#151 = ORIENTED_EDGE ( 'NONE', *, *, #953, .F. ) ;
#152 = CARTESIAN_POINT ( 'NONE',  ( -0.9051860508905329450, -2.824670277238598537, 0.9810000000000000941 ) ) ;
#153 = FILL_AREA_STYLE_COLOUR ( '', #8913 ) ;
#154 = EDGE_CURVE ( 'NONE', #5367, #8092, #859, .T. ) ;
#155 = CARTESIAN_POINT ( 'NONE',  ( -0.8187821680439378857, -3.266567391672931198, 0.9810000000000000941 ) ) ;
#156 = STYLED_ITEM ( 'NONE', ( #2503 ), #6530 ) ;
#157 = ORIENTED_EDGE ( 'NONE', *, *, #4404, .F. ) ;
#158 = CARTESIAN_POINT ( 'NONE',  ( -0.1611872738687085138, -3.164463164290519437, 0.9800000000000002043 ) ) ;
#159 = VECTOR ( 'NONE', #7511, 1000.000000000000114 ) ;
#160 = FACE_OUTER_BOUND ( 'NONE', #1441, .T. ) ;
#161 = PRESENTATION_LAYER_ASSIGNMENT (  '', '', ( #5814 ) ) ;
#162 = MECHANICAL_DESIGN_GEOMETRIC_PRESENTATION_REPRESENTATION (  '', ( #7759 ), #6408 ) ;
#163 = CARTESIAN_POINT ( 'NONE',  ( -1.621405532364044610, -3.286288290951770108, 0.9810000000000000941 ) ) ;
#164 = DIRECTION ( 'NONE',  ( 0.0000000000000000000, -1.000000000000000000, 0.0000000000000000000 ) ) ;
#165 = DIRECTION ( 'NONE',  ( 0.0000000000000000000, -0.0000000000000000000, -1.000000000000000000 ) ) ;
#166 = ADVANCED_FACE ( 'NONE', ( #11083 ), #1522, .F. ) ;
#167 = B_SPLINE_SURFACE_WITH_KNOTS ( 'NONE', 3, 1, ( 
 ( #6608, #7508 ),
 ( #4937, #1947 ),
 ( #8417, #6738 ),
 ( #65, #6789 ) ),
 .UNSPECIFIED., .F., .F., .F.,
 ( 4, 4 ),
 ( 2, 2 ),
 ( 0.0000000000000000000, 1.000000000000000000 ),
 ( 0.0000000000000000000, 1.000000000000000000 ),
 .UNSPECIFIED. ) ;
#168 = STYLED_ITEM ( 'NONE', ( #10991 ), #7882 ) ;
#169 = PRESENTATION_LAYER_ASSIGNMENT (  '', '', ( #11901 ) ) ;
#170 = B_SPLINE_CURVE_WITH_KNOTS ( 'NONE', 3,
 ( #8169, #3630, #7350, #11957 ),
 .UNSPECIFIED., .F., .F.,
 ( 4, 4 ),
 ( 1.000000000000000000, 2.000000000000000000 ),
 .UNSPECIFIED. ) ;
#171 = DIRECTION ( 'NONE',  ( 1.000000000000000000, 0.0000000000000000000, -0.0000000000000000000 ) ) ;
#172 = EDGE_LOOP ( 'NONE', ( #3439, #1759, #2057, #7781, #11854, #7725, #4109 ) ) ;
#173 = ORIENTED_EDGE ( 'NONE', *, *, #8678, .T. ) ;
#174 = FILL_AREA_STYLE ('',( #4751 ) ) ;
#175 = CARTESIAN_POINT ( 'NONE',  ( -0.6759194303426055983, -3.306286144076720390, 0.9810000000000000941 ) ) ;
#176 = DIRECTION ( 'NONE',  ( 0.0000000000000000000, 0.0000000000000000000, -1.000000000000000000 ) ) ;
#177 = COLOUR_RGB ( '',0.0000000000000000000, 0.0000000000000000000, 0.0000000000000000000 ) ;
#178 = CARTESIAN_POINT ( 'NONE',  ( -0.8746691560460576609, -2.974187465603711278, 0.9799999999999999822 ) ) ;
#179 = VERTEX_POINT ( 'NONE', #8547 ) ;
#180 = CARTESIAN_POINT ( 'NONE',  ( -1.997362169133766852, -2.866952039066210212, 0.9810000000000000941 ) ) ;
#181 = CARTESIAN_POINT ( 'NONE',  ( 2.887867965644029589, -3.799999999999999822, 0.4121320343559657373 ) ) ;
#182 = VECTOR ( 'NONE', #3666, 1000.000000000000227 ) ;
#183 = PRESENTATION_STYLE_ASSIGNMENT (( #4812 ) ) ;
#184 = UNCERTAINTY_MEASURE_WITH_UNIT (LENGTH_MEASURE( 1.000000000000000082E-05 ), #2514, 'distance_accuracy_value', 'NONE');
#185 = ORIENTED_EDGE ( 'NONE', *, *, #10566, .F. ) ;
#186 = FILL_AREA_STYLE_COLOUR ( '', #2322 ) ;
#187 = MECHANICAL_DESIGN_GEOMETRIC_PRESENTATION_REPRESENTATION (  '', ( #2523 ), #6647 ) ;
#188 = SURFACE_STYLE_USAGE ( .BOTH. , #2130 ) ;
#189 = SURFACE_SIDE_STYLE ('',( #9555 ) ) ;
#190 = SURFACE_SIDE_STYLE ('',( #978 ) ) ;
#191 = DIRECTION ( 'NONE',  ( -1.000000000000000000, 0.0000000000000000000, -0.0000000000000000000 ) ) ;
#192 = LINE ( 'NONE', #4886, #11103 ) ;
#193 = ORIENTED_EDGE ( 'NONE', *, *, #3294, .T. ) ;
#194 = FILL_AREA_STYLE ('',( #11405 ) ) ;
#195 = SURFACE_STYLE_FILL_AREA ( #8319 ) ;
#196 = LINE ( 'NONE', #6054, #9039 ) ;
#197 = MECHANICAL_DESIGN_GEOMETRIC_PRESENTATION_REPRESENTATION (  '', ( #10750 ), #8503 ) ;
#198 = VERTEX_POINT ( 'NONE', #2878 ) ;
#199 = CARTESIAN_POINT ( 'NONE',  ( -0.4745183219514081951, -3.127031879302791140, 0.9810000000000000941 ) ) ;
#200 = ORIENTED_EDGE ( 'NONE', *, *, #1576, .T. ) ;
#201 = CARTESIAN_POINT ( 'NONE',  ( -1.917832874751957517, -3.135905575568395331, 0.9799999999999999822 ) ) ;
#202 = LINE ( 'NONE', #2151, #3408 ) ;
#203 = CARTESIAN_POINT ( 'NONE',  ( -0.8135833784627313214, -3.243068862764606486, 0.9800000000000002043 ) ) ;
#204 = COLOUR_RGB ( '',0.0000000000000000000, 0.0000000000000000000, 0.0000000000000000000 ) ;
#205 = CARTESIAN_POINT ( 'NONE',  ( -0.3734538524855118280, -3.127031879302791140, 0.9810000000000000941 ) ) ;
#206 = CARTESIAN_POINT ( 'NONE',  ( -1.026941702891116748, -2.909930426376465373, 0.9810000000000000941 ) ) ;
#207 = STYLED_ITEM ( 'NONE', ( #6130 ), #440 ) ;
#208 = ORIENTED_EDGE ( 'NONE', *, *, #6731, .T. ) ;
#209 = CARTESIAN_POINT ( 'NONE',  ( -0.9284246403200677733, -3.301087354494127712, 0.9800000000000002043 ) ) ;
#210 = EDGE_CURVE ( 'NONE', #7357, #3704, #4593, .T. ) ;
#211 =( LENGTH_UNIT ( ) NAMED_UNIT ( * ) SI_UNIT ( .MILLI., .METRE. ) );
#212 = CARTESIAN_POINT ( 'NONE',  ( -1.449333092162113035, -3.017334699289550226, 0.9800000000000002043 ) ) ;
#213 = CARTESIAN_POINT ( 'NONE',  ( -0.8453479828060594947, -3.253674393510046503, 0.9799999999999999822 ) ) ;
#214 = ADVANCED_FACE ( 'NONE', ( #11393 ), #12074, .F. ) ;
#215 = EDGE_CURVE ( 'NONE', #9878, #5633, #969, .T. ) ;
#216 = CARTESIAN_POINT ( 'NONE',  ( -3.623086578651014023, 3.799999999999999822, 0.7800000000000008038 ) ) ;
#217 = ORIENTED_EDGE ( 'NONE', *, *, #9784, .T. ) ;
#218 = ORIENTED_EDGE ( 'NONE', *, *, #8628, .T. ) ;
#219 = DIRECTION ( 'NONE',  ( -0.0000000000000000000, -1.000000000000000000, -0.0000000000000000000 ) ) ;
#220 = ADVANCED_FACE ( 'NONE', ( #4701 ), #2945, .T. ) ;
#221 = VECTOR ( 'NONE', #10456, 1000.000000000000000 ) ;
#222 = DIRECTION ( 'NONE',  ( -0.0000000000000000000, 1.000000000000000000, -0.0000000000000000000 ) ) ;
#223 = FILL_AREA_STYLE_COLOUR ( '', #5419 ) ;
#224 =( LENGTH_UNIT ( ) NAMED_UNIT ( * ) SI_UNIT ( .MILLI., .METRE. ) );
#225 = MECHANICAL_DESIGN_GEOMETRIC_PRESENTATION_REPRESENTATION (  '', ( #10785 ), #5110 ) ;
#226 = PRESENTATION_STYLE_ASSIGNMENT (( #4864 ) ) ;
#227 = ORIENTED_EDGE ( 'NONE', *, *, #4480, .T. ) ;
#228 = ORIENTED_EDGE ( 'NONE', *, *, #1627, .T. ) ;
#229 = CARTESIAN_POINT ( 'NONE',  ( -0.6067235410115465744, -3.185154346825209704, 0.9810000000000000941 ) ) ;
#230 = EDGE_CURVE ( 'NONE', #3181, #10697, #6792, .T. ) ;
#231 = EDGE_CURVE ( 'NONE', #4706, #59, #7794, .T. ) ;
#232 = CARTESIAN_POINT ( 'NONE',  ( -1.809383836958896152, -3.185069133852000967, 0.9799999999999999822 ) ) ;
#233 = CARTESIAN_POINT ( 'NONE',  ( -1.917832902331976896, -3.426549002369938535, 0.9799999999999999822 ) ) ;
#234 = CARTESIAN_POINT ( 'NONE',  ( -0.7409043001118278404, -3.374078360219573192, 0.9810000000000000941 ) ) ;
#235 = CARTESIAN_POINT ( 'NONE',  ( -1.874453259634733193, -3.135905575568395331, 0.9810000000000000941 ) ) ;
#236 = VERTEX_POINT ( 'NONE', #3114 ) ;
#237 = FACE_OUTER_BOUND ( 'NONE', #10928, .T. ) ;
#238 = LINE ( 'NONE', #5737, #1410 ) ;
#239 = COLOUR_RGB ( '',0.0000000000000000000, 0.0000000000000000000, 0.0000000000000000000 ) ;
#240 = LINE ( 'NONE', #5616, #9138 ) ;
#241 = CARTESIAN_POINT ( 'NONE',  ( -3.623086578651017575, 3.799999999999999822, 1.084202172485504434E-16 ) ) ;
#242 = ORIENTED_EDGE ( 'NONE', *, *, #5812, .F. ) ;
#243 = FILL_AREA_STYLE ('',( #1033 ) ) ;
#244 = EDGE_CURVE ( 'NONE', #6191, #3411, #11576, .T. ) ;
#245 = SURFACE_STYLE_FILL_AREA ( #2256 ) ;
#246 = CARTESIAN_POINT ( 'NONE',  ( -1.573688021927421188, -3.241462710728314267, 0.9800000000000002043 ) ) ;
#247 = VECTOR ( 'NONE', #5454, 1000.000000000000000 ) ;
#248 =( GEOMETRIC_REPRESENTATION_CONTEXT ( 3 ) GLOBAL_UNCERTAINTY_ASSIGNED_CONTEXT ( ( #10260 ) ) GLOBAL_UNIT_ASSIGNED_CONTEXT ( ( #6642, #9332, #4902 ) ) REPRESENTATION_CONTEXT ( 'NONE', 'WORKASPACE' ) );
#249 = FILL_AREA_STYLE_COLOUR ( '', #10965 ) ;
#250 = MECHANICAL_DESIGN_GEOMETRIC_PRESENTATION_REPRESENTATION (  '', ( #6516 ), #5523 ) ;
#251 = VERTEX_POINT ( 'NONE', #8872 ) ;
#252 = FILL_AREA_STYLE_COLOUR ( '', #3399 ) ;
#253 =( NAMED_UNIT ( * ) SI_UNIT ( $, .STERADIAN. ) SOLID_ANGLE_UNIT ( ) );
#254 = SURFACE_SIDE_STYLE ('',( #195 ) ) ;
#255 = LINE ( 'NONE', #8565, #8552 ) ;
#256 = CARTESIAN_POINT ( 'NONE',  ( 3.071543289325506798, 3.799999999999999822, 0.2284567106744905263 ) ) ;
#257 = VERTEX_POINT ( 'NONE', #6848 ) ;
#258 = STYLED_ITEM ( 'NONE', ( #8891 ), #4577 ) ;
#259 = MECHANICAL_DESIGN_GEOMETRIC_PRESENTATION_REPRESENTATION (  '', ( #3970 ), #9253 ) ;
#260 = LINE ( 'NONE', #1347, #7842 ) ;
#261 = VERTEX_POINT ( 'NONE', #3971 ) ;
#262 = LINE ( 'NONE', #8380, #2167 ) ;
#263 = CARTESIAN_POINT ( 'NONE',  ( -0.7245801008262332532, -2.984585044767507966, 0.9810000000000000941 ) ) ;
#264 = SURFACE_STYLE_FILL_AREA ( #9636 ) ;
#265 = COLOUR_RGB ( '',0.0000000000000000000, 0.0000000000000000000, 0.0000000000000000000 ) ;
#266 =( NAMED_UNIT ( * ) PLANE_ANGLE_UNIT ( ) SI_UNIT ( $, .RADIAN. ) );
#267 = VERTEX_POINT ( 'NONE', #241 ) ;
#268 = B_SPLINE_SURFACE_WITH_KNOTS ( 'NONE', 3, 1, ( 
 ( #8803, #1499 ),
 ( #8084, #11804 ),
 ( #600, #10144 ),
 ( #12056, #4573 ) ),
 .UNSPECIFIED., .F., .F., .F.,
 ( 4, 4 ),
 ( 2, 2 ),
 ( 27.00000000000000000, 28.00000000000000000 ),
 ( 0.0000000000000000000, 1.000000000000000000 ),
 .UNSPECIFIED. ) ;
#269 = COLOUR_RGB ( '',0.0000000000000000000, 0.0000000000000000000, 0.0000000000000000000 ) ;
#271 = STYLED_ITEM ( 'NONE', ( #8812 ), #4782 ) ;
#270 = APPLICATION_PROTOCOL_DEFINITION ( 'draft international standard', 'automotive_design', 1998, #5020 ) ;
#272 = CARTESIAN_POINT ( 'NONE',  ( -0.1490740941435531042, -3.127031879302791140, 0.9810000000000000941 ) ) ;
#273 = CARTESIAN_POINT ( 'NONE',  ( -1.849871494282939066, -2.770070892776653082, 0.9799999999999999822 ) ) ;
#274 = COLOUR_RGB ( '',0.0000000000000000000, 0.0000000000000000000, 0.0000000000000000000 ) ;
#275 =( LENGTH_UNIT ( ) NAMED_UNIT ( * ) SI_UNIT ( .MILLI., .METRE. ) );
#276 = ORIENTED_EDGE ( 'NONE', *, *, #11156, .T. ) ;
#277 = ORIENTED_EDGE ( 'NONE', *, *, #10683, .F. ) ;
#278 = FILL_AREA_STYLE ('',( #8663 ) ) ;
#279 = CARTESIAN_POINT ( 'NONE',  ( -0.9755256739289275281, -3.306390119868237942, 0.9810000000000000941 ) ) ;
#280 = CARTESIAN_POINT ( 'NONE',  ( -2.053755663270016463, -3.231340734341733967, 0.9799999999999999822 ) ) ;
#281 = EDGE_CURVE ( 'NONE', #3046, #10716, #7736, .T. ) ;
#282 = CARTESIAN_POINT ( 'NONE',  ( -0.5308212131195741978, -2.849312539854953474, 0.9810000000000000941 ) ) ;
#283 = CARTESIAN_POINT ( 'NONE',  ( -0.5481851703216898963, -2.904211757836307584, 0.9800000000000002043 ) ) ;
#284 = VECTOR ( 'NONE', #10461, 1000.000000000000000 ) ;
#285 = CARTESIAN_POINT ( 'NONE',  ( -0.9226019959884024235, -2.824670277238598537, 0.9799999999999999822 ) ) ;
#286 =( GEOMETRIC_REPRESENTATION_CONTEXT ( 3 ) GLOBAL_UNCERTAINTY_ASSIGNED_CONTEXT ( ( #10105 ) ) GLOBAL_UNIT_ASSIGNED_CONTEXT ( ( #5280, #5517, #9201 ) ) REPRESENTATION_CONTEXT ( 'NONE', 'WORKASPACE' ) );
#287 = CARTESIAN_POINT ( 'NONE',  ( -0.4698913992235199677, -3.307221926200337059, 0.9810000000000000941 ) ) ;
#288 = FILL_AREA_STYLE_COLOUR ( '', #4086 ) ;
#289 = EDGE_CURVE ( 'NONE', #2954, #6825, #2249, .T. ) ;
#290 = ORIENTED_EDGE ( 'NONE', *, *, #2086, .T. ) ;
#291 = EDGE_LOOP ( 'NONE', ( #797, #9694, #11658, #7174 ) ) ;
#292 =( NAMED_UNIT ( * ) PLANE_ANGLE_UNIT ( ) SI_UNIT ( $, .RADIAN. ) );
#293 = FILL_AREA_STYLE_COLOUR ( '', #3197 ) ;
#294 = CARTESIAN_POINT ( 'NONE',  ( -0.4745183219514084172, -3.150426432419600964, 0.9799999999999999822 ) ) ;
#295 = EDGE_CURVE ( 'NONE', #728, #2121, #10374, .T. ) ;
#296 = EDGE_CURVE ( 'NONE', #3240, #10670, #10516, .T. ) ;
#297 = CARTESIAN_POINT ( 'NONE',  ( -1.838303607950860785, -3.426549002369938535, 0.9800000000000002043 ) ) ;
#298 = CARTESIAN_POINT ( 'NONE',  ( -0.6303780336071429513, -2.984585044767507966, 0.9800000000000002043 ) ) ;
#299 = FILL_AREA_STYLE_COLOUR ( '', #12106 ) ;
#300 = ORIENTED_EDGE ( 'NONE', *, *, #6655, .F. ) ;
#301 = CARTESIAN_POINT ( 'NONE',  ( -0.5205795976444335116, -2.873330947722228856, 0.9810000000000000941 ) ) ;
#302 = CARTESIAN_POINT ( 'NONE',  ( -0.7679380059364522282, -3.266879319047467867, 0.9810000000000000941 ) ) ;
#303 = FILL_AREA_STYLE ('',( #8689 ) ) ;
#304 = PRESENTATION_STYLE_ASSIGNMENT (( #11392 ) ) ;
#305 = B_SPLINE_SURFACE_WITH_KNOTS ( 'NONE', 3, 1, ( 
 ( #8039, #5892 ),
 ( #5777, #158 ),
 ( #10442, #8789 ),
 ( #4978, #2288 ) ),
 .UNSPECIFIED., .F., .F., .F.,
 ( 4, 4 ),
 ( 2, 2 ),
 ( 1.000000000000000000, 2.000000000000000000 ),
 ( 0.0000000000000000000, 1.000000000000000000 ),
 .UNSPECIFIED. ) ;
#306 = SURFACE_SIDE_STYLE ('',( #1387 ) ) ;
#307 = UNCERTAINTY_MEASURE_WITH_UNIT (LENGTH_MEASURE( 1.000000000000000082E-05 ), #3792, 'distance_accuracy_value', 'NONE');
#308 = ORIENTED_EDGE ( 'NONE', *, *, #2526, .T. ) ;
#309 = EDGE_CURVE ( 'NONE', #11197, #1288, #2126, .T. ) ;
#310 = ADVANCED_FACE ( 'NONE', ( #1209 ), #12101, .F. ) ;
#311 = CARTESIAN_POINT ( 'NONE',  ( -0.9641403247457498438, -3.312940594740499733, 0.9800000000000002043 ) ) ;
#312 = SURFACE_SIDE_STYLE ('',( #4882 ) ) ;
#313 =( NAMED_UNIT ( * ) SI_UNIT ( $, .STERADIAN. ) SOLID_ANGLE_UNIT ( ) );
#314 = CARTESIAN_POINT ( 'NONE',  ( -0.8311032993528110202, -3.227888397185662672, 0.9810000000000000941 ) ) ;
#315 =( LENGTH_UNIT ( ) NAMED_UNIT ( * ) SI_UNIT ( .MILLI., .METRE. ) );
#316 = FILL_AREA_STYLE_COLOUR ( '', #4066 ) ;
#317 = ORIENTED_EDGE ( 'NONE', *, *, #7123, .F. ) ;
#318 = LINE ( 'NONE', #4040, #7064 ) ;
#319 =( NAMED_UNIT ( * ) SI_UNIT ( $, .STERADIAN. ) SOLID_ANGLE_UNIT ( ) );
#320 = ORIENTED_EDGE ( 'NONE', *, *, #2465, .T. ) ;
#321 = EDGE_CURVE ( 'NONE', #10640, #9741, #9367, .T. ) ;
#322 = CARTESIAN_POINT ( 'NONE',  ( -0.9034184624327290525, -2.800963796745862489, 0.9800000000000002043 ) ) ;
#323 = PRESENTATION_STYLE_ASSIGNMENT (( #6867 ) ) ;
#324 = FILL_AREA_STYLE ('',( #4962 ) ) ;
#325 = ORIENTED_EDGE ( 'NONE', *, *, #4134, .F. ) ;
#326 = CARTESIAN_POINT ( 'NONE',  ( -0.8077087462353104153, -2.984585044767508411, 0.9799999999999999822 ) ) ;
#327 = CARTESIAN_POINT ( 'NONE',  ( -1.037755185220968768, -3.127031879302791140, 0.9800000000000002043 ) ) ;
#328 = CYLINDRICAL_SURFACE ( 'NONE', #7232, 0.7800000000000001377 ) ;
#329 = CARTESIAN_POINT ( 'NONE',  ( -0.5205795976444335116, -2.903483927294328915, 0.9810000000000000941 ) ) ;
#330 = ORIENTED_EDGE ( 'NONE', *, *, #5598, .F. ) ;
#331 = CARTESIAN_POINT ( 'NONE',  ( -0.3755333683171586112, -3.330408527734124657, 0.9810000000000000941 ) ) ;
#332 = LINE ( 'NONE', #3083, #1471 ) ;
#333 = LINE ( 'NONE', #10672, #5286 ) ;
#334 = SURFACE_SIDE_STYLE ('',( #5884 ) ) ;
#335 = CARTESIAN_POINT ( 'NONE',  ( -0.9284246403200677733, -3.301087354494127712, 0.9810000000000000941 ) ) ;
#336 = CARTESIAN_POINT ( 'NONE',  ( -1.995916176447512402, -2.953711186560602719, 0.9799999999999999822 ) ) ;
#337 = ORIENTED_EDGE ( 'NONE', *, *, #3665, .F. ) ;
#338 = ORIENTED_EDGE ( 'NONE', *, *, #6694, .T. ) ;
#339 = VECTOR ( 'NONE', #5853, 1000.000000000000000 ) ;
#340 = CARTESIAN_POINT ( 'NONE',  ( -0.6331333920850178432, -3.185154346825209704, 0.9800000000000002043 ) ) ;
#341 =( NAMED_UNIT ( * ) PLANE_ANGLE_UNIT ( ) SI_UNIT ( $, .RADIAN. ) );
#342 = SURFACE_STYLE_USAGE ( .BOTH. , #10681 ) ;
#343 = B_SPLINE_SURFACE_WITH_KNOTS ( 'NONE', 3, 1, ( 
 ( #9182, #1950 ),
 ( #6556, #8491 ),
 ( #5851, #9609 ),
 ( #8545, #10287 ) ),
 .UNSPECIFIED., .F., .F., .F.,
 ( 4, 4 ),
 ( 2, 2 ),
 ( 34.00000000000000000, 35.00000000000000000 ),
 ( 0.0000000000000000000, 1.000000000000000000 ),
 .UNSPECIFIED. ) ;
#344 = CARTESIAN_POINT ( 'NONE',  ( -0.9926816795480085664, -3.248579579720348498, 0.9799999999999999822 ) ) ;
#345 = VECTOR ( 'NONE', #11881, 999.9999999999998863 ) ;
#346 = CARTESIAN_POINT ( 'NONE',  ( -0.9780210929280128695, -2.847233024021917025, 0.9799999999999999822 ) ) ;
#347 =( LENGTH_UNIT ( ) NAMED_UNIT ( * ) SI_UNIT ( .MILLI., .METRE. ) );
#348 = LINE ( 'NONE', #2238, #7020 ) ;
#349 = ORIENTED_EDGE ( 'NONE', *, *, #373, .F. ) ;
#350 = STYLED_ITEM ( 'NONE', ( #9678 ), #7527 ) ;
#351 = EDGE_LOOP ( 'NONE', ( #5433, #10269, #9774, #5790, #3954, #2673, #11457, #10278, #9336, #6166, #563, #7858, #4486, #4679 ) ) ;
#352 = CARTESIAN_POINT ( 'NONE',  ( -0.6331333920850178432, -3.185154346825209704, 0.9810000000000000941 ) ) ;
#353 = SURFACE_STYLE_FILL_AREA ( #5842 ) ;
#354 = FILL_AREA_STYLE ('',( #8740 ) ) ;
#355 = ORIENTED_EDGE ( 'NONE', *, *, #8034, .T. ) ;
#356 = FILL_AREA_STYLE ('',( #9607 ) ) ;
#357 = CARTESIAN_POINT ( 'NONE',  ( -0.8115038626296986468, -3.202518304027323737, 0.9810000000000000941 ) ) ;
#358 = PRESENTATION_STYLE_ASSIGNMENT (( #604 ) ) ;
#359 = AXIS2_PLACEMENT_3D ( 'NONE', #9688, #11526, #9803 ) ;
#360 = COLOUR_RGB ( '',0.9686274509803921573, 0.8784313725490195957, 0.5999999999999999778 ) ;
#361 = CARTESIAN_POINT ( 'NONE',  ( -3.623086578651015355, 3.799999999999999822, 0.4800000000000008149 ) ) ;
#362 = VERTEX_POINT ( 'NONE', #545 ) ;
#363 = ADVANCED_FACE ( 'NONE', ( #5198 ), #9147, .T. ) ;
#364 = DIRECTION ( 'NONE',  ( 0.1387416884823255425, -0.9903286039881273872, 0.0000000000000000000 ) ) ;
#365 = EDGE_CURVE ( 'NONE', #8161, #9902, #333, .T. ) ;
#366 = PLANE ( 'NONE',  #473 ) ;
#367 =( GEOMETRIC_REPRESENTATION_CONTEXT ( 3 ) GLOBAL_UNCERTAINTY_ASSIGNED_CONTEXT ( ( #8183 ) ) GLOBAL_UNIT_ASSIGNED_CONTEXT ( ( #7539, #10197, #4621 ) ) REPRESENTATION_CONTEXT ( 'NONE', 'WORKASPACE' ) );
#368 = DIRECTION ( 'NONE',  ( -0.0000000000000000000, -1.000000000000000000, -0.0000000000000000000 ) ) ;
#369 =( GEOMETRIC_REPRESENTATION_CONTEXT ( 3 ) GLOBAL_UNCERTAINTY_ASSIGNED_CONTEXT ( ( #6427 ) ) GLOBAL_UNIT_ASSIGNED_CONTEXT ( ( #3703, #11175, #11110 ) ) REPRESENTATION_CONTEXT ( 'NONE', 'WORKASPACE' ) );
#370 = CARTESIAN_POINT ( 'NONE',  ( -0.7679380059364522282, -3.266879319047467867, 0.9810000000000000941 ) ) ;
#371 = VECTOR ( 'NONE', #12008, 1000.000000000000114 ) ;
#372 = CARTESIAN_POINT ( 'NONE',  ( -1.523078415797519458, -3.017334699289550226, 0.9799999999999999822 ) ) ;
#373 = EDGE_CURVE ( 'NONE', #4330, #4960, #1607, .T. ) ;
#374 = DIRECTION ( 'NONE',  ( 0.0000000000000000000, 0.0000000000000000000, -1.000000000000000000 ) ) ;
#375 = ORIENTED_EDGE ( 'NONE', *, *, #8101, .F. ) ;
#376 = UNCERTAINTY_MEASURE_WITH_UNIT (LENGTH_MEASURE( 1.000000000000000082E-05 ), #9936, 'distance_accuracy_value', 'NONE');
#377 = PRESENTATION_STYLE_ASSIGNMENT (( #9687 ) ) ;
#378 = PRESENTATION_STYLE_ASSIGNMENT (( #562 ) ) ;
#379 = CARTESIAN_POINT ( 'NONE',  ( -0.6726441929057809244, -3.352347419768366699, 0.9810000000000000941 ) ) ;
#380 = EDGE_LOOP ( 'NONE', ( #11495, #11752, #2966, #2416 ) ) ;
#381 = CARTESIAN_POINT ( 'NONE',  ( -0.8462837649310632759, -3.330928406693073995, 0.9799999999999999822 ) ) ;
#382 = STYLED_ITEM ( 'NONE', ( #6713 ), #4316 ) ;
#383 = CARTESIAN_POINT ( 'NONE',  ( -1.142510795289743974, -3.330408527734124657, 0.9800000000000002043 ) ) ;
#384 = FILL_AREA_STYLE_COLOUR ( '', #2010 ) ;
#385 = ORIENTED_EDGE ( 'NONE', *, *, #230, .F. ) ;
#386 = CARTESIAN_POINT ( 'NONE',  ( -1.917832902331976896, -3.426549002369938535, 0.9799999999999999822 ) ) ;
#387 = CARTESIAN_POINT ( 'NONE',  ( -0.2965637545741610093, -3.301919160827621269, 0.9810000000000000941 ) ) ;
#388 = LINE ( 'NONE', #7711, #8052 ) ;
#389 =( LENGTH_UNIT ( ) NAMED_UNIT ( * ) SI_UNIT ( .MILLI., .METRE. ) );
#390 = EDGE_CURVE ( 'NONE', #3506, #1760, #4128, .T. ) ;
#391 = LINE ( 'NONE', #11657, #11166 ) ;
#393 = ORIENTED_EDGE ( 'NONE', *, *, #3060, .F. ) ;
#392 = ADVANCED_FACE ( 'NONE', ( #6002 ), #2808, .F. ) ;
#394 = PRESENTATION_LAYER_ASSIGNMENT (  '', '', ( #2938 ) ) ;
#395 = FACE_OUTER_BOUND ( 'NONE', #846, .T. ) ;
#396 = MECHANICAL_DESIGN_GEOMETRIC_PRESENTATION_REPRESENTATION (  '', ( #3719 ), #1943 ) ;
#397 = CARTESIAN_POINT ( 'NONE',  ( -0.3263008309802120088, -3.007771646301291568, 0.9800000000000002043 ) ) ;
#398 = SURFACE_STYLE_FILL_AREA ( #6132 ) ;
#399 = AXIS2_PLACEMENT_3D ( 'NONE', #8082, #6337, #10013 ) ;
#400 = PRESENTATION_STYLE_ASSIGNMENT (( #9705 ) ) ;
#401 = ORIENTED_EDGE ( 'NONE', *, *, #8506, .T. ) ;
#402 = ORIENTED_EDGE ( 'NONE', *, *, #7691, .F. ) ;
#403 = B_SPLINE_SURFACE_WITH_KNOTS ( 'NONE', 3, 1, ( 
 ( #11101, #6245 ),
 ( #9014, #8001 ),
 ( #632, #6376 ),
 ( #11902, #11782 ) ),
 .UNSPECIFIED., .F., .F., .F.,
 ( 4, 4 ),
 ( 2, 2 ),
 ( 5.000000000000000000, 6.000000000000000000 ),
 ( 0.0000000000000000000, 1.000000000000000000 ),
 .UNSPECIFIED. ) ;
#404 = DIRECTION ( 'NONE',  ( -0.0000000000000000000, 1.000000000000000000, -0.0000000000000000000 ) ) ;
#405 = CARTESIAN_POINT ( 'NONE',  ( -0.7594119910226668768, -3.290897726914749022, 0.9810000000000000941 ) ) ;
#406 = FILL_AREA_STYLE_COLOUR ( '', #1726 ) ;
#407 = COLOUR_RGB ( '',0.0000000000000000000, 0.0000000000000000000, 0.0000000000000000000 ) ;
#408 = AXIS2_PLACEMENT_3D ( 'NONE', #7374, #8275, #11188 ) ;
#409 =( NAMED_UNIT ( * ) SI_UNIT ( $, .STERADIAN. ) SOLID_ANGLE_UNIT ( ) );
#410 = ORIENTED_EDGE ( 'NONE', *, *, #6899, .F. ) ;
#411 = MECHANICAL_DESIGN_GEOMETRIC_PRESENTATION_REPRESENTATION (  '', ( #1971 ), #4702 ) ;
#412 = COLOUR_RGB ( '',0.0000000000000000000, 0.0000000000000000000, 0.0000000000000000000 ) ;
#413 = ORIENTED_EDGE ( 'NONE', *, *, #3824, .F. ) ;
#414 = PRESENTATION_LAYER_ASSIGNMENT (  '', '', ( #4312 ) ) ;
#415 = FACE_OUTER_BOUND ( 'NONE', #7076, .T. ) ;
#416 = CARTESIAN_POINT ( 'NONE',  ( -0.6599071584301589022, -2.984585044767507966, 0.9810000000000000941 ) ) ;
#417 = FILL_AREA_STYLE ('',( #6963 ) ) ;
#418 = SURFACE_SIDE_STYLE ('',( #5059 ) ) ;
#419 = CARTESIAN_POINT ( 'NONE',  ( -1.835411594997638840, -3.154703397753805483, 0.9810000000000000941 ) ) ;
#420 = ORIENTED_EDGE ( 'NONE', *, *, #9338, .F. ) ;
#421 = CARTESIAN_POINT ( 'NONE',  ( -0.7736566744759153513, -3.260432819966722295, 0.9799999999999999822 ) ) ;
#422 = MECHANICAL_DESIGN_GEOMETRIC_PRESENTATION_REPRESENTATION (  '', ( #5901 ), #5714 ) ;
#423 = CARTESIAN_POINT ( 'NONE',  ( -1.900481045253495260, -2.806220573765509929, 0.9799999999999999822 ) ) ;
#424 = UNCERTAINTY_MEASURE_WITH_UNIT (LENGTH_MEASURE( 1.000000000000000082E-05 ), #1584, 'distance_accuracy_value', 'NONE');
#425 = EDGE_LOOP ( 'NONE', ( #10432, #5283, #5210, #64 ) ) ;
#426 = LINE ( 'NONE', #6100, #10527 ) ;
#427 =( LENGTH_UNIT ( ) NAMED_UNIT ( * ) SI_UNIT ( .MILLI., .METRE. ) );
#428 = UNCERTAINTY_MEASURE_WITH_UNIT (LENGTH_MEASURE( 1.000000000000000082E-05 ), #688, 'distance_accuracy_value', 'NONE');
#429 = CARTESIAN_POINT ( 'NONE',  ( -0.6726441929057808133, -3.352347419768366255, 0.9810000000000000941 ) ) ;
#430 = DIRECTION ( 'NONE',  ( -0.0000000000000000000, -1.000000000000000000, -0.0000000000000000000 ) ) ;
#431 = SURFACE_STYLE_USAGE ( .BOTH. , #8498 ) ;
#432 = VECTOR ( 'NONE', #10116, 1000.000000000000114 ) ;
#433 = CARTESIAN_POINT ( 'NONE',  ( -0.7964793607394053954, -3.275925212920210772, 0.9800000000000002043 ) ) ;
#434 = ORIENTED_EDGE ( 'NONE', *, *, #3213, .T. ) ;
#435 = DIRECTION ( 'NONE',  ( -0.0000000000000000000, -0.0000000000000000000, -1.000000000000000000 ) ) ;
#436 = EDGE_CURVE ( 'NONE', #6177, #8480, #6058, .T. ) ;
#437 = CARTESIAN_POINT ( 'NONE',  ( -0.6599071584301589022, -2.984585044767507966, 0.9810000000000000941 ) ) ;
#438 = FACE_BOUND ( 'NONE', #4987, .T. ) ;
#439 = PLANE ( 'NONE',  #5800 ) ;
#440 = ADVANCED_FACE ( 'NONE', ( #7170 ), #8949, .F. ) ;
#441 = SURFACE_STYLE_FILL_AREA ( #8822 ) ;
#442 = PRESENTATION_STYLE_ASSIGNMENT (( #7752 ) ) ;
#443 = VERTEX_POINT ( 'NONE', #687 ) ;
#444 = CARTESIAN_POINT ( 'NONE',  ( -0.7349776799893397161, -2.892878396548891562, 0.9810000000000000941 ) ) ;
#445 = VECTOR ( 'NONE', #4824, 1000.000000000000000 ) ;
#446 = B_SPLINE_SURFACE_WITH_KNOTS ( 'NONE', 3, 1, ( 
 ( #1489, #8197 ),
 ( #11985, #8127 ),
 ( #7320, #3593 ),
 ( #2672, #3458 ) ),
 .UNSPECIFIED., .F., .F., .F.,
 ( 4, 4 ),
 ( 2, 2 ),
 ( 12.00000000000000000, 13.00000000000000000 ),
 ( 0.0000000000000000000, 1.000000000000000000 ),
 .UNSPECIFIED. ) ;
#447 = VECTOR ( 'NONE', #10662, 1000.000000000000114 ) ;
#448 = VECTOR ( 'NONE', #6732, 1000.000000000000000 ) ;
#449 = ORIENTED_EDGE ( 'NONE', *, *, #3530, .F. ) ;
#450 =( LENGTH_UNIT ( ) NAMED_UNIT ( * ) SI_UNIT ( .MILLI., .METRE. ) );
#451 = DIRECTION ( 'NONE',  ( 1.000000000000000000, 0.0000000000000000000, 4.051977475832535632E-17 ) ) ;
#452 = CARTESIAN_POINT ( 'NONE',  ( -0.9084093004309093944, -3.011202847425386686, 0.9810000000000000941 ) ) ;
#453 = STYLED_ITEM ( 'NONE', ( #7593 ), #961 ) ;
#454 = CARTESIAN_POINT ( 'NONE',  ( -0.6599071584301589022, -2.827789550986767431, 0.9810000000000000941 ) ) ;
#455 = ORIENTED_EDGE ( 'NONE', *, *, #9188, .T. ) ;
#456 =( NAMED_UNIT ( * ) PLANE_ANGLE_UNIT ( ) SI_UNIT ( $, .RADIAN. ) );
#457 = EDGE_CURVE ( 'NONE', #4018, #11038, #11834, .T. ) ;
#458 = CARTESIAN_POINT ( 'NONE',  ( -0.7003537413759326480, -3.356506451434439153, 0.9799999999999999822 ) ) ;
#459 = B_SPLINE_CURVE_WITH_KNOTS ( 'NONE', 3,
 ( #10130, #4494, #10414, #5801 ),
 .UNSPECIFIED., .F., .F.,
 ( 4, 4 ),
 ( 18.00000000000000000, 19.00000000000000000 ),
 .UNSPECIFIED. ) ;
#460 = FILL_AREA_STYLE_COLOUR ( '', #177 ) ;
#461 =( GEOMETRIC_REPRESENTATION_CONTEXT ( 3 ) GLOBAL_UNCERTAINTY_ASSIGNED_CONTEXT ( ( #553 ) ) GLOBAL_UNIT_ASSIGNED_CONTEXT ( ( #3611, #10150, #1407 ) ) REPRESENTATION_CONTEXT ( 'NONE', 'WORKASPACE' ) );
#462 = AXIS2_PLACEMENT_3D ( 'NONE', #4175, #10666, #9693 ) ;
#463 = COLOUR_RGB ( '',0.0000000000000000000, 0.0000000000000000000, 0.0000000000000000000 ) ;
#464 = EDGE_CURVE ( 'NONE', #6748, #9640, #1764, .T. ) ;
#465 = ADVANCED_FACE ( 'NONE', ( #3211 ), #2458, .F. ) ;
#466 = B_SPLINE_CURVE_WITH_KNOTS ( 'NONE', 3,
 ( #8288, #1704, #5426, #6413 ),
 .UNSPECIFIED., .F., .F.,
 ( 4, 4 ),
 ( 5.000000000000000000, 6.000000000000000000 ),
 .UNSPECIFIED. ) ;
#467 = DIRECTION ( 'NONE',  ( -1.000000000000000000, 0.0000000000000000000, 0.0000000000000000000 ) ) ;
#468 = AXIS2_PLACEMENT_3D ( 'NONE', #905, #4644, #4021 ) ;
#469 = ORIENTED_EDGE ( 'NONE', *, *, #4931, .T. ) ;
#470 = ORIENTED_EDGE ( 'NONE', *, *, #6741, .F. ) ;
#471 = CARTESIAN_POINT ( 'NONE',  ( -0.9486999196880161467, -2.987808294308576418, 0.9810000000000000941 ) ) ;
#472 = COLOUR_RGB ( '',0.0000000000000000000, 0.0000000000000000000, 0.0000000000000000000 ) ;
#473 = AXIS2_PLACEMENT_3D ( 'NONE', #10522, #4093, #6921 ) ;
#474 = PRODUCT_DEFINITION_CONTEXT ( 'detailed design', #650, 'design' ) ;
#475 = LINE ( 'NONE', #9997, #10405 ) ;
#476 = FILL_AREA_STYLE ('',( #10864 ) ) ;
#477 = DIRECTION ( 'NONE',  ( -0.0000000000000000000, -0.0000000000000000000, -1.000000000000000000 ) ) ;
#478 = PRESENTATION_STYLE_ASSIGNMENT (( #5046 ) ) ;
#479 = VECTOR ( 'NONE', #5516, 1000.000000000000000 ) ;
#480 =( NAMED_UNIT ( * ) PLANE_ANGLE_UNIT ( ) SI_UNIT ( $, .RADIAN. ) );
#481 = VECTOR ( 'NONE', #10510, 1000.000000000000000 ) ;
#482 = ORIENTED_EDGE ( 'NONE', *, *, #321, .F. ) ;
#483 = ORIENTED_EDGE ( 'NONE', *, *, #6181, .T. ) ;
#484 = CARTESIAN_POINT ( 'NONE',  ( -1.043525841656193887, -3.215515277981726872, 0.9810000000000000941 ) ) ;
#485 = MECHANICAL_DESIGN_GEOMETRIC_PRESENTATION_REPRESENTATION (  '', ( #8237 ), #2632 ) ;
#486 = DIRECTION ( 'NONE',  ( -0.0000000000000000000, -0.0000000000000000000, -1.000000000000000000 ) ) ;
#487 = CARTESIAN_POINT ( 'NONE',  ( -0.6765952729874400440, -3.306286144076720390, 0.9810000000000000941 ) ) ;
#488 = AXIS2_PLACEMENT_3D ( 'NONE', #512, #4230, #5276 ) ;
#489 = VERTEX_POINT ( 'NONE', #627 ) ;
#490 = SURFACE_SIDE_STYLE ('',( #2310 ) ) ;
#491 =( NAMED_UNIT ( * ) PLANE_ANGLE_UNIT ( ) SI_UNIT ( $, .RADIAN. ) );
#492 = DIRECTION ( 'NONE',  ( -0.0000000000000000000, -0.0000000000000000000, -1.000000000000000000 ) ) ;
#493 = ORIENTED_EDGE ( 'NONE', *, *, #8340, .F. ) ;
#494 = PLANE ( 'NONE',  #9762 ) ;
#495 = MECHANICAL_DESIGN_GEOMETRIC_PRESENTATION_REPRESENTATION (  '', ( #2649 ), #2047 ) ;
#496 =( NAMED_UNIT ( * ) SI_UNIT ( $, .STERADIAN. ) SOLID_ANGLE_UNIT ( ) );
#497 = CARTESIAN_POINT ( 'NONE',  ( -0.9228619354678770925, -2.800963796745862489, 0.9810000000000000941 ) ) ;
#498 = LINE ( 'NONE', #9905, #1405 ) ;
#499 =( LENGTH_UNIT ( ) NAMED_UNIT ( * ) SI_UNIT ( .MILLI., .METRE. ) );
#500 = CARTESIAN_POINT ( 'NONE',  ( -2.675735931288071079, 3.799999999999999822, 0.5000000000000000000 ) ) ;
#501 = VERTEX_POINT ( 'NONE', #1595 ) ;
#502 = DIRECTION ( 'NONE',  ( -0.0000000000000000000, -1.000000000000000000, -0.0000000000000000000 ) ) ;
#503 = UNCERTAINTY_MEASURE_WITH_UNIT (LENGTH_MEASURE( 1.000000000000000082E-05 ), #10649, 'distance_accuracy_value', 'NONE');
#504 = DIRECTION ( 'NONE',  ( -0.0000000000000000000, -0.0000000000000000000, -1.000000000000000000 ) ) ;
#505 = CARTESIAN_POINT ( 'NONE',  ( -1.809383836958896152, -3.185069133852000967, 0.9810000000000000941 ) ) ;
#506 =( NAMED_UNIT ( * ) PLANE_ANGLE_UNIT ( ) SI_UNIT ( $, .RADIAN. ) );
#507 = B_SPLINE_CURVE_WITH_KNOTS ( 'NONE', 3,
 ( #5552, #2056, #11379, #901 ),
 .UNSPECIFIED., .F., .F.,
 ( 4, 4 ),
 ( 27.00000000000000000, 28.00000000000000000 ),
 .UNSPECIFIED. ) ;
#508 = ORIENTED_EDGE ( 'NONE', *, *, #1955, .F. ) ;
#509 = CARTESIAN_POINT ( 'NONE',  ( -0.9175071821987061949, -3.283411469917477010, 0.9810000000000000941 ) ) ;
#510 =( LENGTH_UNIT ( ) NAMED_UNIT ( * ) SI_UNIT ( .MILLI., .METRE. ) );
#511 = B_SPLINE_CURVE_WITH_KNOTS ( 'NONE', 3,
 ( #11281, #4720, #12035, #10183 ),
 .UNSPECIFIED., .F., .F.,
 ( 4, 4 ),
 ( 12.00000000000000000, 13.00000000000000000 ),
 .UNSPECIFIED. ) ;
#512 = CARTESIAN_POINT ( 'NONE',  ( -0.7349776799893397161, -2.892878396548891562, 0.9810000000000000941 ) ) ;
#513 = SURFACE_SIDE_STYLE ('',( #9918 ) ) ;
#514 = SURFACE_STYLE_USAGE ( .BOTH. , #4122 ) ;
#515 = VERTEX_POINT ( 'NONE', #4355 ) ;
#516 =( LENGTH_UNIT ( ) NAMED_UNIT ( * ) SI_UNIT ( .MILLI., .METRE. ) );
#517 = EDGE_CURVE ( 'NONE', #11409, #11487, #7317, .T. ) ;
#518 = EDGE_CURVE ( 'NONE', #3896, #8292, #2400, .T. ) ;
#519 = EDGE_CURVE ( 'NONE', #11269, #747, #6264, .T. ) ;
#520 = ORIENTED_EDGE ( 'NONE', *, *, #4994, .F. ) ;
#521 = ORIENTED_EDGE ( 'NONE', *, *, #8330, .F. ) ;
#522 = CARTESIAN_POINT ( 'NONE',  ( -0.9794247661155177642, -2.966389281231902153, 0.9810000000000000941 ) ) ;
#523 = CARTESIAN_POINT ( 'NONE',  ( -0.7884212368881212685, -3.181827121492629473, 0.9810000000000000941 ) ) ;
#524 = CARTESIAN_POINT ( 'NONE',  ( -0.7622713252927442174, -3.273325818128220988, 0.9800000000000002043 ) ) ;
#525 = CARTESIAN_POINT ( 'NONE',  ( -0.4052184568288403343, -3.150426432419600076, 0.9810000000000000941 ) ) ;
#526 = CARTESIAN_POINT ( 'NONE',  ( -0.5512524561754880148, -2.979282279394789512, 0.9810000000000000941 ) ) ;
#527 = CARTESIAN_POINT ( 'NONE',  ( -0.5792739320201751863, -3.127031879302791140, 0.9810000000000000941 ) ) ;
#528 = DIRECTION ( 'NONE',  ( -0.0000000000000000000, 0.0000000000000000000, -1.000000000000000000 ) ) ;
#529 = ADVANCED_FACE ( 'NONE', ( #4477 ), #9196, .F. ) ;
#530 = DIRECTION ( 'NONE',  ( 0.0000000000000000000, 1.000000000000000000, 0.0000000000000000000 ) ) ;
#531 = PLANE ( 'NONE',  #5342 ) ;
#532 = ORIENTED_EDGE ( 'NONE', *, *, #3656, .F. ) ;
#533 = ORIENTED_EDGE ( 'NONE', *, *, #5305, .T. ) ;
#534 = DIRECTION ( 'NONE',  ( 0.0000000000000000000, 1.000000000000000000, -0.0000000000000000000 ) ) ;
#535 = AXIS2_PLACEMENT_3D ( 'NONE', #1613, #9089, #10925 ) ;
#536 = SURFACE_STYLE_FILL_AREA ( #1444 ) ;
#537 = SURFACE_STYLE_FILL_AREA ( #8920 ) ;
#538 = CARTESIAN_POINT ( 'NONE',  ( -0.4207628376780845891, -2.841306403898733013, 0.9810000000000000941 ) ) ;
#539 = SURFACE_STYLE_USAGE ( .BOTH. , #418 ) ;
#540 = EDGE_CURVE ( 'NONE', #8604, #2285, #3508, .T. ) ;
#541 = STYLED_ITEM ( 'NONE', ( #6492 ), #166 ) ;
#542 = ORIENTED_EDGE ( 'NONE', *, *, #7236, .F. ) ;
#543 = LINE ( 'NONE', #1752, #8954 ) ;
#544 =( NAMED_UNIT ( * ) SI_UNIT ( $, .STERADIAN. ) SOLID_ANGLE_UNIT ( ) );
#545 = CARTESIAN_POINT ( 'NONE',  ( -0.9605531599343878346, -3.244108620679739818, 0.9810000000000000941 ) ) ;
#546 = UNCERTAINTY_MEASURE_WITH_UNIT (LENGTH_MEASURE( 1.000000000000000082E-05 ), #12098, 'distance_accuracy_value', 'NONE');
#547 = ORIENTED_EDGE ( 'NONE', *, *, #1627, .F. ) ;
#548 =( GEOMETRIC_REPRESENTATION_CONTEXT ( 3 ) GLOBAL_UNCERTAINTY_ASSIGNED_CONTEXT ( ( #7424 ) ) GLOBAL_UNIT_ASSIGNED_CONTEXT ( ( #11406, #1161, #6861 ) ) REPRESENTATION_CONTEXT ( 'NONE', 'WORKASPACE' ) );
#549 = AXIS2_PLACEMENT_3D ( 'NONE', #7033, #5007, #8755 ) ;
#550 = DIRECTION ( 'NONE',  ( -0.0000000000000000000, -0.0000000000000000000, -1.000000000000000000 ) ) ;
#551 = VERTEX_POINT ( 'NONE', #11039 ) ;
#552 = SURFACE_SIDE_STYLE ('',( #10093 ) ) ;
#553 = UNCERTAINTY_MEASURE_WITH_UNIT (LENGTH_MEASURE( 1.000000000000000082E-05 ), #3611, 'distance_accuracy_value', 'NONE');
#554 = LINE ( 'NONE', #5205, #1583 ) ;
#555 =( NAMED_UNIT ( * ) SI_UNIT ( $, .STERADIAN. ) SOLID_ANGLE_UNIT ( ) );
#556 = CARTESIAN_POINT ( 'NONE',  ( -0.9181830248442337528, -3.307949756742321057, 0.9799999999999999822 ) ) ;
#557 = CARTESIAN_POINT ( 'NONE',  ( -1.888913158920726199, -3.227002839023036085, 0.9800000000000002043 ) ) ;
#558 = DIRECTION ( 'NONE',  ( -0.0000000000000000000, -1.000000000000000000, -0.0000000000000000000 ) ) ;
#559 = MECHANICAL_DESIGN_GEOMETRIC_PRESENTATION_REPRESENTATION (  '', ( #9151 ), #11903 ) ;
#560 = ORIENTED_EDGE ( 'NONE', *, *, #8596, .F. ) ;
#561 = CARTESIAN_POINT ( 'NONE',  ( -1.602607710179327682, -3.329667906070380656, 0.9810000000000000941 ) ) ;
#562 = SURFACE_STYLE_USAGE ( .BOTH. , #10602 ) ;
#563 = ORIENTED_EDGE ( 'NONE', *, *, #6340, .T. ) ;
#564 = STYLED_ITEM ( 'NONE', ( #6582 ), #7958 ) ;
#565 = VECTOR ( 'NONE', #2924, 1000.000000000000000 ) ;
#566 = VECTOR ( 'NONE', #3116, 1000.000000000000000 ) ;
#567 = CARTESIAN_POINT ( 'NONE',  ( -0.9034184624327290525, -2.800963796745862489, 0.9810000000000000941 ) ) ;
#568 = PRESENTATION_STYLE_ASSIGNMENT (( #9633 ) ) ;
#569 = PRESENTATION_STYLE_ASSIGNMENT (( #9917 ) ) ;
#570 = CARTESIAN_POINT ( 'NONE',  ( -0.9309720472149166648, -3.011202847425386686, 0.9810000000000000941 ) ) ;
#571 = CARTESIAN_POINT ( 'NONE',  ( -0.9634124942037739503, -3.263760045299302082, 0.9799999999999999822 ) ) ;
#572 = B_SPLINE_CURVE_WITH_KNOTS ( 'NONE', 3,
 ( #6329, #7950, #4249, #1550 ),
 .UNSPECIFIED., .F., .F.,
 ( 4, 4 ),
 ( 8.000000000000000000, 9.000000000000000000 ),
 .UNSPECIFIED. ) ;
#573 = VERTEX_POINT ( 'NONE', #2715 ) ;
#574 = UNCERTAINTY_MEASURE_WITH_UNIT (LENGTH_MEASURE( 1.000000000000000082E-05 ), #8874, 'distance_accuracy_value', 'NONE');
#575 = FILL_AREA_STYLE_COLOUR ( '', #472 ) ;
#576 = SURFACE_SIDE_STYLE ('',( #6190 ) ) ;
#577 = ORIENTED_EDGE ( 'NONE', *, *, #5068, .F. ) ;
#578 = ORIENTED_EDGE ( 'NONE', *, *, #9669, .T. ) ;
#579 =( NAMED_UNIT ( * ) SI_UNIT ( $, .STERADIAN. ) SOLID_ANGLE_UNIT ( ) );
#580 = CARTESIAN_POINT ( 'NONE',  ( -0.7769838998084951376, -3.183906637325670363, 0.9810000000000000941 ) ) ;
#581 = DIRECTION ( 'NONE',  ( -1.000000000000000000, -0.0000000000000000000, -0.0000000000000000000 ) ) ;
#582 = FILL_AREA_STYLE ('',( #6951 ) ) ;
#583 = ORIENTED_EDGE ( 'NONE', *, *, #3217, .F. ) ;
#584 = PRESENTATION_STYLE_ASSIGNMENT (( #7003 ) ) ;
#585 = FACE_OUTER_BOUND ( 'NONE', #9141, .T. ) ;
#586 = CARTESIAN_POINT ( 'NONE',  ( -1.530308351650157661, -2.825018409740929659, 0.9799999999999999822 ) ) ;
#587 = ADVANCED_FACE ( 'NONE', ( #2656 ), #3747, .F. ) ;
#588 = EDGE_CURVE ( 'NONE', #3253, #5667, #1665, .T. ) ;
#589 = ORIENTED_EDGE ( 'NONE', *, *, #5752, .T. ) ;
#590 = DIRECTION ( 'NONE',  ( 0.5048830486499205072, -0.8631877589412179086, 0.0000000000000000000 ) ) ;
#591 = VECTOR ( 'NONE', #6105, 1000.000000000000000 ) ;
#592 = CIRCLE ( 'NONE', #16, 0.2999999999999999334 ) ;
#593 = EDGE_LOOP ( 'NONE', ( #4673, #8786, #7726, #6905 ) ) ;
#594 = EDGE_CURVE ( 'NONE', #3634, #9311, #10239, .T. ) ;
#595 = SURFACE_STYLE_FILL_AREA ( #651 ) ;
#596 = DIRECTION ( 'NONE',  ( 1.000000000000000000, 0.0000000000000000000, -0.0000000000000000000 ) ) ;
#597 = MECHANICAL_DESIGN_GEOMETRIC_PRESENTATION_REPRESENTATION (  '', ( #3723 ), #7039 ) ;
#598 = COLOUR_RGB ( '',0.0000000000000000000, 0.0000000000000000000, 0.0000000000000000000 ) ;
#599 = CARTESIAN_POINT ( 'NONE',  ( -0.4207628376780845891, -2.841306403898733013, 0.9800000000000002043 ) ) ;
#600 = CARTESIAN_POINT ( 'NONE',  ( -1.621405532364044610, -3.261706553179992696, 0.9810000000000000941 ) ) ;
#601 = VERTEX_POINT ( 'NONE', #921 ) ;
#602 = STYLED_ITEM ( 'NONE', ( #4187 ), #392 ) ;
#603 = LINE ( 'NONE', #10878, #10136 ) ;
#604 = SURFACE_STYLE_USAGE ( .BOTH. , #10760 ) ;
#605 = EDGE_LOOP ( 'NONE', ( #5840, #3417, #7843, #10663 ) ) ;
#606 = PRESENTATION_LAYER_ASSIGNMENT (  '', '', ( #11958 ) ) ;
#607 = SURFACE_STYLE_USAGE ( .BOTH. , #6165 ) ;
#608 = EDGE_LOOP ( 'NONE', ( #11736, #47, #1145, #7127 ) ) ;
#609 = EDGE_CURVE ( 'NONE', #9879, #3973, #4680, .T. ) ;
#610 = ADVANCED_FACE ( 'NONE', ( #7465 ), #8439, .F. ) ;
#611 = CARTESIAN_POINT ( 'NONE',  ( -2.163650693749332277, -2.936359426011495355, 0.9799999999999999822 ) ) ;
#612 = B_SPLINE_CURVE_WITH_KNOTS ( 'NONE', 3,
 ( #3799, #3981, #2885, #5749 ),
 .UNSPECIFIED., .F., .F.,
 ( 4, 4 ),
 ( 0.0000000000000000000, 1.000000000000000000 ),
 .UNSPECIFIED. ) ;
#613 = DIRECTION ( 'NONE',  ( 0.0000000000000000000, -1.000000000000000000, 0.0000000000000000000 ) ) ;
#614 = DIRECTION ( 'NONE',  ( 0.0000000000000000000, 0.0000000000000000000, 1.000000000000000000 ) ) ;
#615 = ORIENTED_EDGE ( 'NONE', *, *, #5446, .T. ) ;
#616 = UNCERTAINTY_MEASURE_WITH_UNIT (LENGTH_MEASURE( 1.000000000000000082E-05 ), #3414, 'distance_accuracy_value', 'NONE');
#617 = DIRECTION ( 'NONE',  ( -0.0000000000000000000, -0.0000000000000000000, -1.000000000000000000 ) ) ;
#618 = DIRECTION ( 'NONE',  ( 0.0000000000000000000, 0.0000000000000000000, 1.000000000000000000 ) ) ;
#619 = MECHANICAL_DESIGN_GEOMETRIC_PRESENTATION_REPRESENTATION (  '', ( #2359 ), #4897 ) ;
#620 = ORIENTED_EDGE ( 'NONE', *, *, #11743, .F. ) ;
#621 = ADVANCED_FACE ( 'NONE', ( #5804 ), #2955, .F. ) ;
#622 =( NAMED_UNIT ( * ) SI_UNIT ( $, .STERADIAN. ) SOLID_ANGLE_UNIT ( ) );
#623 = STYLED_ITEM ( 'NONE', ( #6311 ), #11131 ) ;
#624 = DIRECTION ( 'NONE',  ( -0.0000000000000000000, -0.0000000000000000000, -1.000000000000000000 ) ) ;
#625 = FACE_OUTER_BOUND ( 'NONE', #9459, .T. ) ;
#626 = ORIENTED_EDGE ( 'NONE', *, *, #11151, .T. ) ;
#627 = CARTESIAN_POINT ( 'NONE',  ( -2.231612129378391263, -3.101201944150103973, 0.9810000000000000941 ) ) ;
#628 = CARTESIAN_POINT ( 'NONE',  ( -0.1490740941435531042, -3.127031879302791140, 0.9810000000000000941 ) ) ;
#629 = VERTEX_POINT ( 'NONE', #9621 ) ;
#630 = PRESENTATION_STYLE_ASSIGNMENT (( #4541 ) ) ;
#631 = B_SPLINE_CURVE_WITH_KNOTS ( 'NONE', 3,
 ( #6712, #7596, #6583, #7487 ),
 .UNSPECIFIED., .F., .F.,
 ( 4, 4 ),
 ( 5.000000000000000000, 6.000000000000000000 ),
 .UNSPECIFIED. ) ;
#632 = CARTESIAN_POINT ( 'NONE',  ( -0.9034184624327290525, -2.800963796745862489, 0.9810000000000000941 ) ) ;
#633 = STYLED_ITEM ( 'NONE', ( #8094 ), #9876 ) ;
#634 = EDGE_LOOP ( 'NONE', ( #9241, #4303, #10006, #11814 ) ) ;
#635 = COLOUR_RGB ( '',0.0000000000000000000, 0.0000000000000000000, 0.0000000000000000000 ) ;
#636 = VERTEX_POINT ( 'NONE', #1221 ) ;
#637 = DIRECTION ( 'NONE',  ( 0.0000000000000000000, 0.0000000000000000000, -1.000000000000000000 ) ) ;
#638 = CARTESIAN_POINT ( 'NONE',  ( -0.1771475578853914379, -3.127031879302791584, 0.9800000000000002043 ) ) ;
#639 =( LENGTH_UNIT ( ) NAMED_UNIT ( * ) SI_UNIT ( .MILLI., .METRE. ) );
#640 = CARTESIAN_POINT ( 'NONE',  ( -0.5205795976444335116, -2.903483927294328915, 0.9799999999999999822 ) ) ;
#641 = ORIENTED_EDGE ( 'NONE', *, *, #11629, .F. ) ;
#642 =( NAMED_UNIT ( * ) SI_UNIT ( $, .STERADIAN. ) SOLID_ANGLE_UNIT ( ) );
#643 = VECTOR ( 'NONE', #5695, 1000.000000000000000 ) ;
#644 = LINE ( 'NONE', #9830, #9772 ) ;
#645 = CARTESIAN_POINT ( 'NONE',  ( -0.9834278340929391016, -3.001949001969621555, 0.9800000000000002043 ) ) ;
#646 = COLOUR_RGB ( '',0.0000000000000000000, 0.0000000000000000000, 0.0000000000000000000 ) ;
#647 = EDGE_LOOP ( 'NONE', ( #9153, #11855, #11341, #10796 ) ) ;
#648 = CARTESIAN_POINT ( 'NONE',  ( -0.3760532472761146106, -2.952144597777958790, 0.9800000000000002043 ) ) ;
#649 = ORIENTED_EDGE ( 'NONE', *, *, #2461, .F. ) ;
#650 = APPLICATION_CONTEXT ( 'automotive_design' ) ;
#651 = FILL_AREA_STYLE ('',( #5250 ) ) ;
#652 = CARTESIAN_POINT ( 'NONE',  ( -1.515848479944878591, -3.017334699289550226, 0.9810000000000000941 ) ) ;
#653 = CARTESIAN_POINT ( 'NONE',  ( -1.310518290691525589, -3.041916492221364621, 0.9810000000000000941 ) ) ;
#654 = VERTEX_POINT ( 'NONE', #8702 ) ;
#655 = DIRECTION ( 'NONE',  ( -0.0000000000000000000, -0.0000000000000000000, -1.000000000000000000 ) ) ;
#656 = CARTESIAN_POINT ( 'NONE',  ( -0.8920331132488582560, -3.236934291058397140, 0.9799999999999999822 ) ) ;
#657 =( NAMED_UNIT ( * ) SI_UNIT ( $, .STERADIAN. ) SOLID_ANGLE_UNIT ( ) );
#658 = VECTOR ( 'NONE', #1118, 1000.000000000000000 ) ;
#659 = UNCERTAINTY_MEASURE_WITH_UNIT (LENGTH_MEASURE( 1.000000000000000082E-05 ), #1834, 'distance_accuracy_value', 'NONE');
#660 = EDGE_CURVE ( 'NONE', #4771, #6032, #318, .T. ) ;
#661 = ORIENTED_EDGE ( 'NONE', *, *, #7262, .T. ) ;
#662 = CARTESIAN_POINT ( 'NONE',  ( -0.4037627957462677220, -2.804394997869956718, 0.9810000000000000941 ) ) ;
#663 = VERTEX_POINT ( 'NONE', #3803 ) ;
#664 = EDGE_CURVE ( 'NONE', #5061, #1751, #3123, .T. ) ;
#665 = EDGE_LOOP ( 'NONE', ( #1697, #10802, #5186, #1427 ) ) ;
#666 = EDGE_CURVE ( 'NONE', #6645, #8715, #2343, .T. ) ;
#667 = LINE ( 'NONE', #1702, #5542 ) ;
#668 = DIRECTION ( 'NONE',  ( -0.0000000000000000000, -0.0000000000000000000, -1.000000000000000000 ) ) ;
#669 = FILL_AREA_STYLE ('',( #1989 ) ) ;
#670 = SURFACE_STYLE_USAGE ( .BOTH. , #1513 ) ;
#671 =( NAMED_UNIT ( * ) SI_UNIT ( $, .STERADIAN. ) SOLID_ANGLE_UNIT ( ) );
#672 = ORIENTED_EDGE ( 'NONE', *, *, #7193, .T. ) ;
#673 =( NAMED_UNIT ( * ) PLANE_ANGLE_UNIT ( ) SI_UNIT ( $, .RADIAN. ) );
#674 = LINE ( 'NONE', #6978, #11391 ) ;
#675 = CARTESIAN_POINT ( 'NONE',  ( -0.1294746574211336765, -3.251802829261419170, 0.9800000000000002043 ) ) ;
#676 = EDGE_CURVE ( 'NONE', #9447, #3724, #878, .T. ) ;
#677 = SURFACE_SIDE_STYLE ('',( #3492 ) ) ;
#678 = EDGE_CURVE ( 'NONE', #4163, #6825, #4716, .T. ) ;
#679 = ORIENTED_EDGE ( 'NONE', *, *, #6181, .F. ) ;
#680 = CARTESIAN_POINT ( 'NONE',  ( -0.9780210929280128695, -2.847233024021917025, 0.9799999999999999822 ) ) ;
#681 = SURFACE_SIDE_STYLE ('',( #3373 ) ) ;
#682 = CARTESIAN_POINT ( 'NONE',  ( -0.6891763437750964005, -3.330096600359580883, 0.9810000000000000941 ) ) ;
#683 = CARTESIAN_POINT ( 'NONE',  ( -0.9755256739289275281, -3.306390119868237942, 0.9800000000000002043 ) ) ;
#684 = SURFACE_SIDE_STYLE ('',( #7993 ) ) ;
#685 = ORIENTED_EDGE ( 'NONE', *, *, #8511, .F. ) ;
#686 = ORIENTED_EDGE ( 'NONE', *, *, #11905, .F. ) ;
#687 = CARTESIAN_POINT ( 'NONE',  ( -3.227279220613582744, -3.799999999999999822, 0.7515432893255039604 ) ) ;
#688 =( LENGTH_UNIT ( ) NAMED_UNIT ( * ) SI_UNIT ( .MILLI., .METRE. ) );
#689 = EDGE_CURVE ( 'NONE', #8513, #1760, #7866, .T. ) ;
#690 = CARTESIAN_POINT ( 'NONE',  ( -0.9879507810293111092, -3.329992624568071768, 0.9799999999999999822 ) ) ;
#691 = CARTESIAN_POINT ( 'NONE',  ( -0.7855619026180425957, -3.293393145913836140, 0.9799999999999999822 ) ) ;
#692 = CARTESIAN_POINT ( 'NONE',  ( -0.8167026522115985454, -3.181827121492629473, 0.9800000000000002043 ) ) ;
#693 = VERTEX_POINT ( 'NONE', #2381 ) ;
#694 = ORIENTED_EDGE ( 'NONE', *, *, #7552, .F. ) ;
#695 = SURFACE_SIDE_STYLE ('',( #3699 ) ) ;
#696 =( LENGTH_UNIT ( ) NAMED_UNIT ( * ) SI_UNIT ( .MILLI., .METRE. ) );
#697 = CARTESIAN_POINT ( 'NONE',  ( -1.917832902331976896, -3.426549002369938535, 0.9810000000000000941 ) ) ;
#698 = PRESENTATION_STYLE_ASSIGNMENT (( #1548 ) ) ;
#699 = ORIENTED_EDGE ( 'NONE', *, *, #3745, .F. ) ;
#700 = LINE ( 'NONE', #11851, #9961 ) ;
#701 = CARTESIAN_POINT ( 'NONE',  ( -1.000843779191503025, -2.983441311059476853, 0.9799999999999999822 ) ) ;
#702 = DIRECTION ( 'NONE',  ( 0.0000000000000000000, -0.0000000000000000000, 1.000000000000000000 ) ) ;
#703 = ORIENTED_EDGE ( 'NONE', *, *, #11613, .T. ) ;
#704 = CARTESIAN_POINT ( 'NONE',  ( -0.4148882054506555783, -2.844633629231312355, 0.9810000000000000941 ) ) ;
#705 = ORIENTED_EDGE ( 'NONE', *, *, #390, .F. ) ;
#706 = SURFACE_SIDE_STYLE ('',( #1623 ) ) ;
#707 = CARTESIAN_POINT ( 'NONE',  ( -0.8233571028760637844, -3.207925045192944413, 0.9810000000000000941 ) ) ;
#708 =( NAMED_UNIT ( * ) PLANE_ANGLE_UNIT ( ) SI_UNIT ( $, .RADIAN. ) );
#709 = CARTESIAN_POINT ( 'NONE',  ( -0.1660741360753699436, -3.163943285332953437, 0.9800000000000002043 ) ) ;
#710 = DIRECTION ( 'NONE',  ( 0.0000000000000000000, 0.0000000000000000000, -1.000000000000000000 ) ) ;
#711 = VERTEX_POINT ( 'NONE', #9742 ) ;
#712 = PRESENTATION_STYLE_ASSIGNMENT (( #7263 ) ) ;
#713 = LINE ( 'NONE', #7264, #4869 ) ;
#714 = PRESENTATION_STYLE_ASSIGNMENT (( #9227 ) ) ;
#715 = CARTESIAN_POINT ( 'NONE',  ( -1.033128262493087535, -3.330408527734124657, 0.9810000000000000941 ) ) ;
#716 = ORIENTED_EDGE ( 'NONE', *, *, #3055, .F. ) ;
#717 = LINE ( 'NONE', #10946, #12110 ) ;
#718 = ORIENTED_EDGE ( 'NONE', *, *, #10767, .T. ) ;
#719 =( GEOMETRIC_REPRESENTATION_CONTEXT ( 3 ) GLOBAL_UNCERTAINTY_ASSIGNED_CONTEXT ( ( #6112 ) ) GLOBAL_UNIT_ASSIGNED_CONTEXT ( ( #3397, #4957, #4891 ) ) REPRESENTATION_CONTEXT ( 'NONE', 'WORKASPACE' ) );
#720 = ORIENTED_EDGE ( 'NONE', *, *, #5377, .F. ) ;
#721 = PLANE ( 'NONE',  #10825 ) ;
#722 = PRESENTATION_STYLE_ASSIGNMENT (( #7392 ) ) ;
#723 = AXIS2_PLACEMENT_3D ( 'NONE', #9374, #9499, #7454 ) ;
#724 = CARTESIAN_POINT ( 'NONE',  ( -0.7176657106822849075, -3.185154346825209704, 0.9799999999999999822 ) ) ;
#725 = FACE_OUTER_BOUND ( 'NONE', #6780, .T. ) ;
#726 = ADVANCED_FACE ( 'NONE', ( #6929 ), #7101, .F. ) ;
#727 = PLANE ( 'NONE',  #11301 ) ;
#728 = VERTEX_POINT ( 'NONE', #5270 ) ;
#729 = SURFACE_STYLE_USAGE ( .BOTH. , #10100 ) ;
#730 = UNCERTAINTY_MEASURE_WITH_UNIT (LENGTH_MEASURE( 1.000000000000000082E-05 ), #9833, 'distance_accuracy_value', 'NONE');
#731 = FACE_OUTER_BOUND ( 'NONE', #11953, .T. ) ;
#732 = CARTESIAN_POINT ( 'NONE',  ( -1.033128262493087535, -3.307221926200337059, 0.9810000000000000941 ) ) ;
#733 = COLOUR_RGB ( '',0.9686274509803921573, 0.8784313725490195957, 0.5999999999999999778 ) ;
#734 = EDGE_CURVE ( 'NONE', #8128, #5555, #10659, .T. ) ;
#735 = ADVANCED_FACE ( 'NONE', ( #1274 ), #11112, .T. ) ;
#736 = ORIENTED_EDGE ( 'NONE', *, *, #9930, .T. ) ;
#737 = DIRECTION ( 'NONE',  ( -0.0000000000000000000, -0.0000000000000000000, -1.000000000000000000 ) ) ;
#738 = B_SPLINE_SURFACE_WITH_KNOTS ( 'NONE', 3, 1, ( 
 ( #11623, #3393 ),
 ( #7132, #3221 ),
 ( #5177, #2350 ),
 ( #10923, #5113 ) ),
 .UNSPECIFIED., .F., .F., .F.,
 ( 4, 4 ),
 ( 2, 2 ),
 ( 23.00000000000000000, 24.00000000000000000 ),
 ( 0.0000000000000000000, 1.000000000000000000 ),
 .UNSPECIFIED. ) ;
#739 = DIRECTION ( 'NONE',  ( 0.0000000000000000000, 0.0000000000000000000, 1.000000000000000000 ) ) ;
#740 = B_SPLINE_CURVE_WITH_KNOTS ( 'NONE', 3,
 ( #5965, #6624, #11218, #79 ),
 .UNSPECIFIED., .F., .F.,
 ( 4, 4 ),
 ( 6.000000000000000000, 7.000000000000000000 ),
 .UNSPECIFIED. ) ;
#741 = EDGE_CURVE ( 'NONE', #2202, #6545, #8469, .T. ) ;
#742 = DIRECTION ( 'NONE',  ( -0.0000000000000000000, -1.000000000000000000, -0.0000000000000000000 ) ) ;
#743 = CARTESIAN_POINT ( 'NONE',  ( -0.9560822008937726046, -3.312940594740499733, 0.9800000000000002043 ) ) ;
#744 = LINE ( 'NONE', #12028, #7049 ) ;
#745 = CARTESIAN_POINT ( 'NONE',  ( -0.8573571867396971857, -3.211460222108549090, 0.9810000000000000941 ) ) ;
#746 = ORIENTED_EDGE ( 'NONE', *, *, #666, .T. ) ;
#747 = VERTEX_POINT ( 'NONE', #5319 ) ;
#748 = DIRECTION ( 'NONE',  ( -0.0000000000000000000, -0.0000000000000000000, -1.000000000000000000 ) ) ;
#749 = CARTESIAN_POINT ( 'NONE',  ( -0.8311032993528110202, -3.222065752853989107, 0.9810000000000000941 ) ) ;
#750 = CARTESIAN_POINT ( 'NONE',  ( -0.8007943560920566251, -3.248059700762786939, 0.9810000000000000941 ) ) ;
#751 =( LENGTH_UNIT ( ) NAMED_UNIT ( * ) SI_UNIT ( .MILLI., .METRE. ) );
#752 = PRESENTATION_LAYER_ASSIGNMENT (  '', '', ( #9750 ) ) ;
#753 = STYLED_ITEM ( 'NONE', ( #5047 ), #7804 ) ;
#754 =( GEOMETRIC_REPRESENTATION_CONTEXT ( 3 ) GLOBAL_UNCERTAINTY_ASSIGNED_CONTEXT ( ( #11084 ) ) GLOBAL_UNIT_ASSIGNED_CONTEXT ( ( #8314, #3517, #7418 ) ) REPRESENTATION_CONTEXT ( 'NONE', 'WORKASPACE' ) );
#755 = CARTESIAN_POINT ( 'NONE',  ( -0.7772438392872836888, -3.206053480942930189, 0.9800000000000002043 ) ) ;
#756 =( GEOMETRIC_REPRESENTATION_CONTEXT ( 3 ) GLOBAL_UNCERTAINTY_ASSIGNED_CONTEXT ( ( #2327 ) ) GLOBAL_UNIT_ASSIGNED_CONTEXT ( ( #5724, #12115, #4742 ) ) REPRESENTATION_CONTEXT ( 'NONE', 'WORKASPACE' ) );
#757 = PRESENTATION_LAYER_ASSIGNMENT (  '', '', ( #7759 ) ) ;
#758 = ORIENTED_EDGE ( 'NONE', *, *, #5586, .T. ) ;
#759 = ORIENTED_EDGE ( 'NONE', *, *, #7455, .F. ) ;
#760 = ADVANCED_FACE ( 'NONE', ( #4527 ), #4401, .F. ) ;
#761 = SURFACE_STYLE_USAGE ( .BOTH. , #7310 ) ;
#762 = EDGE_CURVE ( 'NONE', #1982, #3339, #4649, .T. ) ;
#763 = SURFACE_STYLE_USAGE ( .BOTH. , #2600 ) ;
#764 = CARTESIAN_POINT ( 'NONE',  ( -0.9084093004309093944, -3.011202847425386686, 0.9800000000000002043 ) ) ;
#765 = STYLED_ITEM ( 'NONE', ( #9761 ), #7990 ) ;
#766 = VECTOR ( 'NONE', #8457, 1000.000000000000000 ) ;
#767 = DIRECTION ( 'NONE',  ( 0.3897582650654624059, 0.9209172030172749768, 0.0000000000000000000 ) ) ;
#768 = EDGE_LOOP ( 'NONE', ( #6552, #5580, #11286, #5173 ) ) ;
#769 = CARTESIAN_POINT ( 'NONE',  ( -0.9993881181082362453, -2.908370789500994480, 0.9799999999999999822 ) ) ;
#770 = VECTOR ( 'NONE', #1212, 1000.000000000000000 ) ;
#771 = FILL_AREA_STYLE ('',( #5649 ) ) ;
#772 = SURFACE_SIDE_STYLE ('',( #9946 ) ) ;
#773 = VERTEX_POINT ( 'NONE', #3622 ) ;
#774 = DIRECTION ( 'NONE',  ( -0.8840949502478813171, -0.4673073067545553960, 0.0000000000000000000 ) ) ;
#775 =( GEOMETRIC_REPRESENTATION_CONTEXT ( 3 ) GLOBAL_UNCERTAINTY_ASSIGNED_CONTEXT ( ( #7526 ) ) GLOBAL_UNIT_ASSIGNED_CONTEXT ( ( #275, #3218, #4241 ) ) REPRESENTATION_CONTEXT ( 'NONE', 'WORKASPACE' ) );
#776 = ORIENTED_EDGE ( 'NONE', *, *, #6204, .F. ) ;
#777 = CARTESIAN_POINT ( 'NONE',  ( -0.5973137318685132202, -2.804394997869957162, 0.9799999999999999822 ) ) ;
#778 = LINE ( 'NONE', #5476, #5041 ) ;
#779 = CARTESIAN_POINT ( 'NONE',  ( 3.410954544295047963, 3.799999999999999822, 0.5678679656440351886 ) ) ;
#780 = DIRECTION ( 'NONE',  ( -0.0000000000000000000, -0.0000000000000000000, -1.000000000000000000 ) ) ;
#781 = ORIENTED_EDGE ( 'NONE', *, *, #5254, .T. ) ;
#782 = VECTOR ( 'NONE', #9365, 1000.000000000000000 ) ;
#783 = SURFACE_SIDE_STYLE ('',( #2489 ) ) ;
#784 = CARTESIAN_POINT ( 'NONE',  ( -0.7594119910226668768, -3.290897726914749022, 0.9810000000000000941 ) ) ;
#785 = DIRECTION ( 'NONE',  ( 1.000000000000000000, 0.0000000000000000000, 0.0000000000000000000 ) ) ;
#786 =( GEOMETRIC_REPRESENTATION_CONTEXT ( 3 ) GLOBAL_UNCERTAINTY_ASSIGNED_CONTEXT ( ( #2411 ) ) GLOBAL_UNIT_ASSIGNED_CONTEXT ( ( #5233, #7940, #6074 ) ) REPRESENTATION_CONTEXT ( 'NONE', 'WORKASPACE' ) );
#787 = ORIENTED_EDGE ( 'NONE', *, *, #106, .F. ) ;
#788 = EDGE_LOOP ( 'NONE', ( #5424, #2727, #5299, #2101 ) ) ;
#789 = MECHANICAL_DESIGN_GEOMETRIC_PRESENTATION_REPRESENTATION (  '', ( #7796 ), #2549 ) ;
#790 = ORIENTED_EDGE ( 'NONE', *, *, #2916, .F. ) ;
#791 = STYLED_ITEM ( 'NONE', ( #2290 ), #6211 ) ;
#792 = CARTESIAN_POINT ( 'NONE',  ( -1.919278895018924569, -3.339789882455566961, 0.9799999999999999822 ) ) ;
#793 = COLOUR_RGB ( '',0.0000000000000000000, 0.0000000000000000000, 0.0000000000000000000 ) ;
#794 = CARTESIAN_POINT ( 'NONE',  ( -0.2965637545741610093, -3.153961609335209193, 0.9810000000000000941 ) ) ;
#795 = CARTESIAN_POINT ( 'NONE',  ( -0.7663783690616761124, -3.213019858982632648, 0.9810000000000000941 ) ) ;
#796 = CARTESIAN_POINT ( 'NONE',  ( -7.500000000000000000, 3.799999999999999822, 0.0000000000000000000 ) ) ;
#797 = ORIENTED_EDGE ( 'NONE', *, *, #3448, .F. ) ;
#798 =( NAMED_UNIT ( * ) SI_UNIT ( $, .STERADIAN. ) SOLID_ANGLE_UNIT ( ) );
#799 = CARTESIAN_POINT ( 'NONE',  ( -0.3744936104020317735, -3.150426432419600076, 0.9810000000000000941 ) ) ;
#800 = CARTESIAN_POINT ( 'NONE',  ( -1.835411594997638840, -3.154703397753805483, 0.9810000000000000941 ) ) ;
#801 = SURFACE_STYLE_USAGE ( .BOTH. , #9056 ) ;
#802 = SURFACE_STYLE_FILL_AREA ( #7346 ) ;
#803 = AXIS2_PLACEMENT_3D ( 'NONE', #4099, #10887, #9857 ) ;
#804 = ORIENTED_EDGE ( 'NONE', *, *, #8671, .F. ) ;
#805 =( LENGTH_UNIT ( ) NAMED_UNIT ( * ) SI_UNIT ( .MILLI., .METRE. ) );
#806 =( LENGTH_UNIT ( ) NAMED_UNIT ( * ) SI_UNIT ( .MILLI., .METRE. ) );
#807 = ADVANCED_FACE ( 'NONE', ( #9053 ), #2017, .F. ) ;
#808 = CARTESIAN_POINT ( 'NONE',  ( -0.8573571867396971857, -3.224353220270048226, 0.9810000000000000941 ) ) ;
#809 = COLOUR_RGB ( '',0.0000000000000000000, 0.0000000000000000000, 0.0000000000000000000 ) ;
#810 = B_SPLINE_CURVE_WITH_KNOTS ( 'NONE', 3,
 ( #8208, #9034, #11995, #11005 ),
 .UNSPECIFIED., .F., .F.,
 ( 4, 4 ),
 ( 12.00000000000000000, 13.00000000000000000 ),
 .UNSPECIFIED. ) ;
#811 = VERTEX_POINT ( 'NONE', #2756 ) ;
#812 = ORIENTED_EDGE ( 'NONE', *, *, #3016, .T. ) ;
#813 = DIRECTION ( 'NONE',  ( -0.0000000000000000000, 1.000000000000000000, -0.0000000000000000000 ) ) ;
#814 = LINE ( 'NONE', #628, #8672 ) ;
#815 =( LENGTH_UNIT ( ) NAMED_UNIT ( * ) SI_UNIT ( .MILLI., .METRE. ) );
#816 = CARTESIAN_POINT ( 'NONE',  ( -0.9962688443593771259, -3.322402391779288866, 0.9810000000000000941 ) ) ;
#817 = SURFACE_SIDE_STYLE ('',( #2659 ) ) ;
#818 = FILL_AREA_STYLE_COLOUR ( '', #269 ) ;
#819 =( LENGTH_UNIT ( ) NAMED_UNIT ( * ) SI_UNIT ( .MILLI., .METRE. ) );
#820 = VERTEX_POINT ( 'NONE', #6487 ) ;
#821 = EDGE_CURVE ( 'NONE', #875, #1122, #6230, .T. ) ;
#822 =( NAMED_UNIT ( * ) PLANE_ANGLE_UNIT ( ) SI_UNIT ( $, .RADIAN. ) );
#823 = STYLED_ITEM ( 'NONE', ( #4889 ), #11284 ) ;
#824 = DIRECTION ( 'NONE',  ( -0.0000000000000000000, -0.0000000000000000000, -1.000000000000000000 ) ) ;
#825 = COLOUR_RGB ( '',0.0000000000000000000, 0.0000000000000000000, 0.0000000000000000000 ) ;
#826 = ADVANCED_FACE ( 'NONE', ( #237 ), #167, .F. ) ;
#827 = EDGE_LOOP ( 'NONE', ( #10051, #8192, #1399, #11380 ) ) ;
#828 =( LENGTH_UNIT ( ) NAMED_UNIT ( * ) SI_UNIT ( .MILLI., .METRE. ) );
#829 = EDGE_CURVE ( 'NONE', #9230, #251, #1087, .T. ) ;
#830 = VERTEX_POINT ( 'NONE', #1146 ) ;
#831 =( GEOMETRIC_REPRESENTATION_CONTEXT ( 3 ) GLOBAL_UNCERTAINTY_ASSIGNED_CONTEXT ( ( #376 ) ) GLOBAL_UNIT_ASSIGNED_CONTEXT ( ( #9936, #10063, #3582 ) ) REPRESENTATION_CONTEXT ( 'NONE', 'WORKASPACE' ) );
#832 = UNCERTAINTY_MEASURE_WITH_UNIT (LENGTH_MEASURE( 1.000000000000000082E-05 ), #12081, 'distance_accuracy_value', 'NONE');
#833 =( NAMED_UNIT ( * ) SI_UNIT ( $, .STERADIAN. ) SOLID_ANGLE_UNIT ( ) );
#834 = MECHANICAL_DESIGN_GEOMETRIC_PRESENTATION_REPRESENTATION (  '', ( #11796 ), #3374 ) ;
#835 = DIRECTION ( 'NONE',  ( -0.3897582650654624059, -0.9209172030172749768, -0.0000000000000000000 ) ) ;
#836 = SURFACE_STYLE_USAGE ( .BOTH. , #9223 ) ;
#837 = CARTESIAN_POINT ( 'NONE',  ( -0.9309720472149166648, -3.011202847425386686, 0.9800000000000002043 ) ) ;
#838 = ORIENTED_EDGE ( 'NONE', *, *, #9795, .T. ) ;
#839 = FILL_AREA_STYLE ('',( #7377 ) ) ;
#840 = FILL_AREA_STYLE ('',( #4512 ) ) ;
#841 = MECHANICAL_DESIGN_GEOMETRIC_PRESENTATION_REPRESENTATION (  '', ( #2036 ), #11436 ) ;
#842 = FILL_AREA_STYLE ('',( #10210 ) ) ;
#843 = EDGE_LOOP ( 'NONE', ( #4926, #5922, #6240, #3646, #217, #5086, #12051, #4194, #2846, #3447, #7683, #11876 ) ) ;
#844 = FILL_AREA_STYLE_COLOUR ( '', #8783 ) ;
#845 = ORIENTED_EDGE ( 'NONE', *, *, #4700, .T. ) ;
#846 = EDGE_LOOP ( 'NONE', ( #5855, #3394, #685, #6383 ) ) ;
#847 = PRESENTATION_LAYER_ASSIGNMENT (  '', '', ( #8037 ) ) ;
#848 = SURFACE_STYLE_USAGE ( .BOTH. , #9236 ) ;
#849 = CARTESIAN_POINT ( 'NONE',  ( 3.410954544295047963, 3.799999999999999822, 0.5678679656440351886 ) ) ;
#850 = DIRECTION ( 'NONE',  ( -0.0000000000000000000, -1.000000000000000000, -0.0000000000000000000 ) ) ;
#851 = VECTOR ( 'NONE', #5350, 1000.000000000000000 ) ;
#852 = MECHANICAL_DESIGN_GEOMETRIC_PRESENTATION_REPRESENTATION (  '', ( #3600 ), #9265 ) ;
#853 = DIRECTION ( 'NONE',  ( 1.000000000000000000, 0.0000000000000000000, 0.0000000000000000000 ) ) ;
#854 = DIRECTION ( 'NONE',  ( -0.0000000000000000000, -0.0000000000000000000, -1.000000000000000000 ) ) ;
#855 = ORIENTED_EDGE ( 'NONE', *, *, #3744, .T. ) ;
#856 = CARTESIAN_POINT ( 'NONE',  ( -0.3755333683171586112, -3.330408527734124657, 0.9810000000000000941 ) ) ;
#857 = DIRECTION ( 'NONE',  ( -0.0000000000000000000, -0.0000000000000000000, -1.000000000000000000 ) ) ;
#858 = CARTESIAN_POINT ( 'NONE',  ( -0.1006213752429521158, -3.330408527734124657, 0.9810000000000000941 ) ) ;
#859 = LINE ( 'NONE', #10958, #1297 ) ;
#860 = ORIENTED_EDGE ( 'NONE', *, *, #4262, .F. ) ;
#861 = STYLED_ITEM ( 'NONE', ( #11897 ), #2935 ) ;
#862 = CARTESIAN_POINT ( 'NONE',  ( -0.8746691560460573278, -2.999349607179018218, 0.9810000000000000941 ) ) ;
#863 = VECTOR ( 'NONE', #6605, 1000.000000000000000 ) ;
#864 = CARTESIAN_POINT ( 'NONE',  ( -0.7772438392872836888, -3.206053480942930189, 0.9810000000000000941 ) ) ;
#865 = CARTESIAN_POINT ( 'NONE',  ( -0.8518984576790159524, -3.201166618736268621, 0.9799999999999999822 ) ) ;
#866 = ORIENTED_EDGE ( 'NONE', *, *, #678, .F. ) ;
#867 =( NAMED_UNIT ( * ) PLANE_ANGLE_UNIT ( ) SI_UNIT ( $, .RADIAN. ) );
#868 = FACE_OUTER_BOUND ( 'NONE', #608, .T. ) ;
#869 = PLANE ( 'NONE',  #10987 ) ;
#870 = STYLED_ITEM ( 'NONE', ( #3629 ), #9512 ) ;
#871 = ORIENTED_EDGE ( 'NONE', *, *, #11001, .F. ) ;
#872 = DIRECTION ( 'NONE',  ( -0.0000000000000000000, -0.0000000000000000000, -1.000000000000000000 ) ) ;
#873 = VECTOR ( 'NONE', #5926, 1000.000000000000000 ) ;
#874 = FILL_AREA_STYLE_COLOUR ( '', #5919 ) ;
#875 = VERTEX_POINT ( 'NONE', #8613 ) ;
#876 = DIRECTION ( 'NONE',  ( -0.0000000000000000000, -0.0000000000000000000, -1.000000000000000000 ) ) ;
#877 = CARTESIAN_POINT ( 'NONE',  ( -1.945306653056974477, -2.845262231506906048, 0.9800000000000002043 ) ) ;
#878 = B_SPLINE_CURVE_WITH_KNOTS ( 'NONE', 3,
 ( #11647, #7803, #1518, #3248 ),
 .UNSPECIFIED., .F., .F.,
 ( 4, 4 ),
 ( 0.0000000000000000000, 1.000000000000000000 ),
 .UNSPECIFIED. ) ;
#879 = PLANE ( 'NONE',  #4467 ) ;
#880 = ORIENTED_EDGE ( 'NONE', *, *, #321, .T. ) ;
#881 = CARTESIAN_POINT ( 'NONE',  ( -0.9761495286786930903, -3.271038350713540321, 0.9810000000000000941 ) ) ;
#882 = EDGE_CURVE ( 'NONE', #3601, #8309, #3663, .T. ) ;
#883 = CARTESIAN_POINT ( 'NONE',  ( -0.6759194303426057093, -3.306286144076720834, 0.9799999999999999822 ) ) ;
#884 = CARTESIAN_POINT ( 'NONE',  ( -1.026941702891116748, -2.909930426376465373, 0.9810000000000000941 ) ) ;
#885 = ORIENTED_EDGE ( 'NONE', *, *, #1249, .T. ) ;
#886 = CARTESIAN_POINT ( 'NONE',  ( -1.945306653056974477, -2.845262231506906048, 0.9810000000000000941 ) ) ;
#887 = EDGE_CURVE ( 'NONE', #489, #4258, #11262, .T. ) ;
#888 = ADVANCED_FACE ( 'NONE', ( #10460 ), #1914, .F. ) ;
#889 = ORIENTED_EDGE ( 'NONE', *, *, #5460, .T. ) ;
#890 = CARTESIAN_POINT ( 'NONE',  ( -2.118825085945855058, -2.891533818206630357, 0.9810000000000000941 ) ) ;
#891 = EDGE_CURVE ( 'NONE', #9465, #10997, #7453, .T. ) ;
#892 = CARTESIAN_POINT ( 'NONE',  ( -0.7757881782047097996, -3.322298415987779752, 0.9799999999999999822 ) ) ;
#893 =( GEOMETRIC_REPRESENTATION_CONTEXT ( 3 ) GLOBAL_UNCERTAINTY_ASSIGNED_CONTEXT ( ( #1433 ) ) GLOBAL_UNIT_ASSIGNED_CONTEXT ( ( #10311, #9215, #8386 ) ) REPRESENTATION_CONTEXT ( 'NONE', 'WORKASPACE' ) );
#894 = CARTESIAN_POINT ( 'NONE',  ( -0.9175071821987061949, -3.238078024765040475, 0.9810000000000000941 ) ) ;
#895 = CARTESIAN_POINT ( 'NONE',  ( -1.116256907902850815, -3.215515277981727760, 0.9799999999999999822 ) ) ;
#896 = ORIENTED_EDGE ( 'NONE', *, *, #8965, .T. ) ;
#897 = LINE ( 'NONE', #1632, #11149 ) ;
#898 = LINE ( 'NONE', #3471, #7756 ) ;
#899 = FILL_AREA_STYLE ('',( #9300 ) ) ;
#900 = ORIENTED_EDGE ( 'NONE', *, *, #6763, .F. ) ;
#901 = CARTESIAN_POINT ( 'NONE',  ( -1.621405532364044610, -3.286288290951770108, 0.9799999999999999822 ) ) ;
#902 = VERTEX_POINT ( 'NONE', #6845 ) ;
#903 = VERTEX_POINT ( 'NONE', #331 ) ;
#904 = ADVANCED_FACE ( 'NONE', ( #395 ), #11011, .F. ) ;
#905 = CARTESIAN_POINT ( 'NONE',  ( -3.623086578651014023, 3.799999999999999822, 0.7800000000000008038 ) ) ;
#906 = FACE_OUTER_BOUND ( 'NONE', #7832, .T. ) ;
#907 = B_SPLINE_CURVE_WITH_KNOTS ( 'NONE', 3,
 ( #10854, #10184, #755, #5456 ),
 .UNSPECIFIED., .F., .F.,
 ( 4, 4 ),
 ( 10.00000000000000000, 11.00000000000000000 ),
 .UNSPECIFIED. ) ;
#908 = DIRECTION ( 'NONE',  ( -0.0000000000000000000, 1.000000000000000000, -0.0000000000000000000 ) ) ;
#909 = ORIENTED_EDGE ( 'NONE', *, *, #5002, .F. ) ;
#910 = CARTESIAN_POINT ( 'NONE',  ( -2.675735931288071079, 3.799999999999999822, 0.5000000000000000000 ) ) ;
#911 = UNCERTAINTY_MEASURE_WITH_UNIT (LENGTH_MEASURE( 1.000000000000000082E-05 ), #6829, 'distance_accuracy_value', 'NONE');
#912 = ORIENTED_EDGE ( 'NONE', *, *, #3366, .F. ) ;
#913 =( NAMED_UNIT ( * ) PLANE_ANGLE_UNIT ( ) SI_UNIT ( $, .RADIAN. ) );
#914 = EDGE_CURVE ( 'NONE', #7528, #8604, #10434, .T. ) ;
#915 = FACE_OUTER_BOUND ( 'NONE', #10208, .T. ) ;
#916 = CARTESIAN_POINT ( 'NONE',  ( -0.9175071821987060838, -3.330408527734124657, 0.9810000000000000941 ) ) ;
#917 =( NAMED_UNIT ( * ) PLANE_ANGLE_UNIT ( ) SI_UNIT ( $, .RADIAN. ) );
#918 =( NAMED_UNIT ( * ) SI_UNIT ( $, .STERADIAN. ) SOLID_ANGLE_UNIT ( ) );
#919 =( GEOMETRIC_REPRESENTATION_CONTEXT ( 3 ) GLOBAL_UNCERTAINTY_ASSIGNED_CONTEXT ( ( #6456 ) ) GLOBAL_UNIT_ASSIGNED_CONTEXT ( ( #10748, #11435, #5180 ) ) REPRESENTATION_CONTEXT ( 'NONE', 'WORKASPACE' ) );
#920 = ORIENTED_EDGE ( 'NONE', *, *, #7319, .F. ) ;
#921 = CARTESIAN_POINT ( 'NONE',  ( -0.4314723442150319443, -3.127031879302791140, 0.9810000000000000941 ) ) ;
#922 = CARTESIAN_POINT ( 'NONE',  ( -0.7245801008262332532, -3.007771646301291568, 0.9810000000000000941 ) ) ;
#923 =( NAMED_UNIT ( * ) PLANE_ANGLE_UNIT ( ) SI_UNIT ( $, .RADIAN. ) );
#924 = PLANE ( 'NONE',  #359 ) ;
#925 = B_SPLINE_CURVE_WITH_KNOTS ( 'NONE', 3,
 ( #5348, #212, #2793, #941 ),
 .UNSPECIFIED., .F., .F.,
 ( 4, 4 ),
 ( 23.00000000000000000, 24.00000000000000000 ),
 .UNSPECIFIED. ) ;
#926 = VECTOR ( 'NONE', #7104, 1000.000000000000000 ) ;
#927 =( GEOMETRIC_REPRESENTATION_CONTEXT ( 3 ) GLOBAL_UNCERTAINTY_ASSIGNED_CONTEXT ( ( #8522 ) ) GLOBAL_UNIT_ASSIGNED_CONTEXT ( ( #9214, #7363, #10597 ) ) REPRESENTATION_CONTEXT ( 'NONE', 'WORKASPACE' ) );
#928 = VERTEX_POINT ( 'NONE', #10490 ) ;
#929 = CARTESIAN_POINT ( 'NONE',  ( -0.4698913992235199677, -3.330408527734124657, 0.9800000000000002043 ) ) ;
#930 = FACE_BOUND ( 'NONE', #2822, .T. ) ;
#931 = LINE ( 'NONE', #3927, #6514 ) ;
#932 = PRESENTATION_STYLE_ASSIGNMENT (( #2666 ) ) ;
#933 = SURFACE_STYLE_USAGE ( .BOTH. , #11049 ) ;
#934 = ORIENTED_EDGE ( 'NONE', *, *, #1045, .F. ) ;
#935 = B_SPLINE_SURFACE_WITH_KNOTS ( 'NONE', 3, 1, ( 
 ( #5845, #298 ),
 ( #3232, #7902 ),
 ( #7730, #10647 ),
 ( #1203, #5192 ) ),
 .UNSPECIFIED., .F., .F., .F.,
 ( 4, 4 ),
 ( 2, 2 ),
 ( 2.000000000000000000, 3.000000000000000000 ),
 ( 0.0000000000000000000, 1.000000000000000000 ),
 .UNSPECIFIED. ) ;
#936 = UNCERTAINTY_MEASURE_WITH_UNIT (LENGTH_MEASURE( 1.000000000000000082E-05 ), #499, 'distance_accuracy_value', 'NONE');
#937 =( GEOMETRIC_REPRESENTATION_CONTEXT ( 3 ) GLOBAL_UNCERTAINTY_ASSIGNED_CONTEXT ( ( #10345 ) ) GLOBAL_UNIT_ASSIGNED_CONTEXT ( ( #2894, #5989, #9746 ) ) REPRESENTATION_CONTEXT ( 'NONE', 'WORKASPACE' ) );
#938 = PRESENTATION_LAYER_ASSIGNMENT (  '', '', ( #9740 ) ) ;
#939 = AXIS2_PLACEMENT_3D ( 'NONE', #10633, #2231, #5834 ) ;
#940 = STYLED_ITEM ( 'NONE', ( #4934 ), #6752 ) ;
#941 = CARTESIAN_POINT ( 'NONE',  ( -1.398723541192248954, -3.130121687562049448, 0.9799999999999999822 ) ) ;
#942 = VECTOR ( 'NONE', #2148, 1000.000000000000000 ) ;
#943 = ORIENTED_EDGE ( 'NONE', *, *, #2243, .T. ) ;
#944 = CARTESIAN_POINT ( 'NONE',  ( -0.6302220699198715081, -3.007771646301291568, 0.9810000000000000941 ) ) ;
#945 = EDGE_CURVE ( 'NONE', #4624, #8955, #1304, .T. ) ;
#946 = EDGE_LOOP ( 'NONE', ( #10406, #1115, #9296, #1523 ) ) ;
#947 = CIRCLE ( 'NONE', #2723, 0.2999999999999979905 ) ;
#948 = MECHANICAL_DESIGN_GEOMETRIC_PRESENTATION_REPRESENTATION (  '', ( #7209 ), #10922 ) ;
#949 =( GEOMETRIC_REPRESENTATION_CONTEXT ( 3 ) GLOBAL_UNCERTAINTY_ASSIGNED_CONTEXT ( ( #4483 ) ) GLOBAL_UNIT_ASSIGNED_CONTEXT ( ( #5568, #913, #11397 ) ) REPRESENTATION_CONTEXT ( 'NONE', 'WORKASPACE' ) );
#950 = UNCERTAINTY_MEASURE_WITH_UNIT (LENGTH_MEASURE( 1.000000000000000082E-05 ), #8706, 'distance_accuracy_value', 'NONE');
#951 = FILL_AREA_STYLE_COLOUR ( '', #9838 ) ;
#952 = EDGE_CURVE ( 'NONE', #5230, #7676, #3082, .T. ) ;
#953 = EDGE_CURVE ( 'NONE', #362, #11064, #11253, .T. ) ;
#954 = LINE ( 'NONE', #4800, #2780 ) ;
#955 = SURFACE_STYLE_FILL_AREA ( #2053 ) ;
#956 = STYLED_ITEM ( 'NONE', ( #7432 ), #4288 ) ;
#957 = ORIENTED_EDGE ( 'NONE', *, *, #4201, .T. ) ;
#958 = ORIENTED_EDGE ( 'NONE', *, *, #4931, .F. ) ;
#959 = FILL_AREA_STYLE_COLOUR ( '', #9629 ) ;
#960 = CARTESIAN_POINT ( 'NONE',  ( -0.7349776799893397161, -2.916168973874188275, 0.9810000000000000941 ) ) ;
#961 = ADVANCED_FACE ( 'NONE', ( #5883 ), #7288, .F. ) ;
#962 = SURFACE_STYLE_FILL_AREA ( #3785 ) ;
#963 = LINE ( 'NONE', #2063, #863 ) ;
#964 = CARTESIAN_POINT ( 'NONE',  ( -1.809383836958895930, -3.185069133852000967, 0.9810000000000000941 ) ) ;
#965 = ORIENTED_EDGE ( 'NONE', *, *, #3008, .T. ) ;
#966 = CARTESIAN_POINT ( 'NONE',  ( -2.231612129378391263, -3.101201944150103973, 0.9810000000000000941 ) ) ;
#967 = CARTESIAN_POINT ( 'NONE',  ( -2.059539620226411571, -2.866952039066210212, 0.9810000000000000941 ) ) ;
#968 = CARTESIAN_POINT ( 'NONE',  ( -1.985794282800996902, -2.866952039066210212, 0.9800000000000002043 ) ) ;
#969 = LINE ( 'NONE', #3906, #12088 ) ;
#970 = ORIENTED_EDGE ( 'NONE', *, *, #6666, .F. ) ;
#971 = EDGE_CURVE ( 'NONE', #2285, #7767, #4834, .T. ) ;
#972 = EDGE_CURVE ( 'NONE', #4668, #251, #11288, .T. ) ;
#973 =( GEOMETRIC_REPRESENTATION_CONTEXT ( 3 ) GLOBAL_UNCERTAINTY_ASSIGNED_CONTEXT ( ( #3157 ) ) GLOBAL_UNIT_ASSIGNED_CONTEXT ( ( #1753, #8086, #3470 ) ) REPRESENTATION_CONTEXT ( 'NONE', 'WORKASPACE' ) );
#974 = FILL_AREA_STYLE ('',( #186 ) ) ;
#975 =( NAMED_UNIT ( * ) PLANE_ANGLE_UNIT ( ) SI_UNIT ( $, .RADIAN. ) );
#976 = CARTESIAN_POINT ( 'NONE',  ( -0.9271769308205284332, -2.987808294308576418, 0.9799999999999999822 ) ) ;
#977 = CARTESIAN_POINT ( 'NONE',  ( 2.675735931288066194, 3.799999999999999822, 0.5000000000000006661 ) ) ;
#978 = SURFACE_STYLE_FILL_AREA ( #10236 ) ;
#979 = ORIENTED_EDGE ( 'NONE', *, *, #4107, .T. ) ;
#980 = DIRECTION ( 'NONE',  ( -0.0000000000000000000, -0.0000000000000000000, -1.000000000000000000 ) ) ;
#981 = CARTESIAN_POINT ( 'NONE',  ( -0.5792739320201751863, -3.330408527734124657, 0.9810000000000000941 ) ) ;
#982 = CARTESIAN_POINT ( 'NONE',  ( -1.026941702891116748, -2.909930426376465373, 0.9810000000000000941 ) ) ;
#983 = CARTESIAN_POINT ( 'NONE',  ( -0.4180594670959714154, -2.830388945777370324, 0.9800000000000002043 ) ) ;
#984 = PRESENTATION_LAYER_ASSIGNMENT (  '', '', ( #10182 ) ) ;
#985 = CARTESIAN_POINT ( 'NONE',  ( -0.9175071821987060838, -3.330408527734124657, 0.9810000000000000941 ) ) ;
#986 = CARTESIAN_POINT ( 'NONE',  ( -3.623086578651014023, -3.799999999999999822, 0.7800000000000001377 ) ) ;
#987 =( GEOMETRIC_REPRESENTATION_CONTEXT ( 3 ) GLOBAL_UNCERTAINTY_ASSIGNED_CONTEXT ( ( #6036 ) ) GLOBAL_UNIT_ASSIGNED_CONTEXT ( ( #8947, #2396, #6128 ) ) REPRESENTATION_CONTEXT ( 'NONE', 'WORKASPACE' ) );
#988 = COLOUR_RGB ( '',0.0000000000000000000, 0.0000000000000000000, 0.0000000000000000000 ) ;
#989 = VECTOR ( 'NONE', #5938, 1000.000000000000000 ) ;
#990 = CARTESIAN_POINT ( 'NONE',  ( -0.5699161107728969444, -2.963373983275247703, 0.9810000000000000941 ) ) ;
#991 = ORIENTED_EDGE ( 'NONE', *, *, #5310, .F. ) ;
#992 = CARTESIAN_POINT ( 'NONE',  ( -0.5792739320201751863, -3.127031879302791140, 0.9810000000000000941 ) ) ;
#993 = SURFACE_STYLE_FILL_AREA ( #7763 ) ;
#994 = CARTESIAN_POINT ( 'NONE',  ( -1.567904051181016500, -3.242908675834546450, 0.9810000000000000941 ) ) ;
#995 = SURFACE_STYLE_USAGE ( .BOTH. , #2905 ) ;
#996 = VERTEX_POINT ( 'NONE', #9394 ) ;
#997 = COLOUR_RGB ( '',0.0000000000000000000, 0.0000000000000000000, 0.0000000000000000000 ) ;
#998 =( NAMED_UNIT ( * ) SI_UNIT ( $, .STERADIAN. ) SOLID_ANGLE_UNIT ( ) );
#999 = EDGE_CURVE ( 'NONE', #7507, #11962, #6573, .T. ) ;
#1000 = AXIS2_PLACEMENT_3D ( 'NONE', #10710, #7743, #1331 ) ;
#1001 =( NAMED_UNIT ( * ) SI_UNIT ( $, .STERADIAN. ) SOLID_ANGLE_UNIT ( ) );
#1002 = FACE_OUTER_BOUND ( 'NONE', #4449, .T. ) ;
#1003 = ORIENTED_EDGE ( 'NONE', *, *, #11230, .F. ) ;
#1004 = VECTOR ( 'NONE', #6272, 1000.000000000000000 ) ;
#1005 = SURFACE_SIDE_STYLE ('',( #7546 ) ) ;
#1006 = DIRECTION ( 'NONE',  ( -0.0000000000000000000, -0.0000000000000000000, -1.000000000000000000 ) ) ;
#1007 = MECHANICAL_DESIGN_GEOMETRIC_PRESENTATION_REPRESENTATION (  '', ( #3765 ), #9630 ) ;
#1008 = CARTESIAN_POINT ( 'NONE',  ( -0.5530200446325973518, -3.150426432419600076, 0.9810000000000000941 ) ) ;
#1009 = SURFACE_STYLE_FILL_AREA ( #6592 ) ;
#1010 =( NAMED_UNIT ( * ) SI_UNIT ( $, .STERADIAN. ) SOLID_ANGLE_UNIT ( ) );
#1011 = VECTOR ( 'NONE', #5563, 1000.000000000000000 ) ;
#1012 = B_SPLINE_CURVE_WITH_KNOTS ( 'NONE', 3,
 ( #2157, #7651, #4903, #11356 ),
 .UNSPECIFIED., .F., .F.,
 ( 4, 4 ),
 ( 1.000000000000000000, 2.000000000000000000 ),
 .UNSPECIFIED. ) ;
#1013 = CARTESIAN_POINT ( 'NONE',  ( -0.7964793607394053954, -3.275925212920210772, 0.9799999999999999822 ) ) ;
#1014 =( GEOMETRIC_REPRESENTATION_CONTEXT ( 3 ) GLOBAL_UNCERTAINTY_ASSIGNED_CONTEXT ( ( #7976 ) ) GLOBAL_UNIT_ASSIGNED_CONTEXT ( ( #4236, #3511, #10909 ) ) REPRESENTATION_CONTEXT ( 'NONE', 'WORKASPACE' ) );
#1015 =( GEOMETRIC_REPRESENTATION_CONTEXT ( 3 ) GLOBAL_UNCERTAINTY_ASSIGNED_CONTEXT ( ( #6580 ) ) GLOBAL_UNIT_ASSIGNED_CONTEXT ( ( #10983, #8189, #4490 ) ) REPRESENTATION_CONTEXT ( 'NONE', 'WORKASPACE' ) );
#1016 = ORIENTED_EDGE ( 'NONE', *, *, #12064, .F. ) ;
#1017 = ORIENTED_EDGE ( 'NONE', *, *, #6515, .F. ) ;
#1018 = FACE_OUTER_BOUND ( 'NONE', #4084, .T. ) ;
#1019 = PRESENTATION_LAYER_ASSIGNMENT (  '', '', ( #453 ) ) ;
#1020 = FACE_OUTER_BOUND ( 'NONE', #8148, .T. ) ;
#1021 = CARTESIAN_POINT ( 'NONE',  ( -2.100027291340462732, -3.316653999469954428, 0.9799999999999999822 ) ) ;
#1022 = CARTESIAN_POINT ( 'NONE',  ( -0.4180594670959711934, -2.830388945777369880, 0.9800000000000002043 ) ) ;
#1023 = SURFACE_SIDE_STYLE ('',( #9309 ) ) ;
#1024 = ORIENTED_EDGE ( 'NONE', *, *, #7123, .T. ) ;
#1025 = FILL_AREA_STYLE_COLOUR ( '', #6298 ) ;
#1026 = DIRECTION ( 'NONE',  ( -0.0000000000000000000, -0.0000000000000000000, -1.000000000000000000 ) ) ;
#1027 = EDGE_CURVE ( 'NONE', #9598, #9016, #262, .T. ) ;
#1028 =( GEOMETRIC_REPRESENTATION_CONTEXT ( 3 ) GLOBAL_UNCERTAINTY_ASSIGNED_CONTEXT ( ( #1072 ) ) GLOBAL_UNIT_ASSIGNED_CONTEXT ( ( #751, #4298, #9987 ) ) REPRESENTATION_CONTEXT ( 'NONE', 'WORKASPACE' ) );
#1029 = SURFACE_STYLE_USAGE ( .BOTH. , #4760 ) ;
#1030 = UNCERTAINTY_MEASURE_WITH_UNIT (LENGTH_MEASURE( 1.000000000000000082E-05 ), #10288, 'distance_accuracy_value', 'NONE');
#1031 = ORIENTED_EDGE ( 'NONE', *, *, #9945, .T. ) ;
#1032 = EDGE_CURVE ( 'NONE', #4223, #9213, #8572, .T. ) ;
#1033 = FILL_AREA_STYLE_COLOUR ( '', #2106 ) ;
#1034 = EDGE_CURVE ( 'NONE', #10440, #3996, #7529, .T. ) ;
#1035 = B_SPLINE_CURVE_WITH_KNOTS ( 'NONE', 3,
 ( #8908, #7185, #524, #6325 ),
 .UNSPECIFIED., .F., .F.,
 ( 4, 4 ),
 ( 16.00000000000000000, 17.00000000000000000 ),
 .UNSPECIFIED. ) ;
#1036 =( GEOMETRIC_REPRESENTATION_CONTEXT ( 3 ) GLOBAL_UNCERTAINTY_ASSIGNED_CONTEXT ( ( #2371 ) ) GLOBAL_UNIT_ASSIGNED_CONTEXT ( ( #5669, #6783, #9425 ) ) REPRESENTATION_CONTEXT ( 'NONE', 'WORKASPACE' ) );
#1037 = B_SPLINE_SURFACE_WITH_KNOTS ( 'NONE', 3, 1, ( 
 ( #10984, #3583 ),
 ( #38, #9333 ),
 ( #3757, #3818 ),
 ( #6324, #1860 ) ),
 .UNSPECIFIED., .F., .F., .F.,
 ( 4, 4 ),
 ( 2, 2 ),
 ( 12.00000000000000000, 13.00000000000000000 ),
 ( 0.0000000000000000000, 1.000000000000000000 ),
 .UNSPECIFIED. ) ;
#1038 = AXIS2_PLACEMENT_3D ( 'NONE', #1371, #5902, #590 ) ;
#1039 = CARTESIAN_POINT ( 'NONE',  ( -0.7292070235534214850, -2.804394997869956718, 0.9800000000000002043 ) ) ;
#1040 = SURFACE_STYLE_FILL_AREA ( #9439 ) ;
#1041 = LINE ( 'NONE', #352, #3772 ) ;
#1042 = CARTESIAN_POINT ( 'NONE',  ( -1.398723541192248954, -3.130121687562049448, 0.9810000000000000941 ) ) ;
#1043 = DIRECTION ( 'NONE',  ( -1.000000000000000000, 0.0000000000000000000, 0.0000000000000000000 ) ) ;
#1044 =( NAMED_UNIT ( * ) SI_UNIT ( $, .STERADIAN. ) SOLID_ANGLE_UNIT ( ) );
#1045 = EDGE_CURVE ( 'NONE', #5932, #573, #10086, .T. ) ;
#1046 = EDGE_CURVE ( 'NONE', #9067, #9879, #1857, .T. ) ;
#1047 = VERTEX_POINT ( 'NONE', #11350 ) ;
#1048 = DIRECTION ( 'NONE',  ( -1.000000000000000000, 0.0000000000000000000, 0.0000000000000000000 ) ) ;
#1049 = SURFACE_SIDE_STYLE ('',( #11278 ) ) ;
#1050 = PLANE ( 'NONE',  #9437 ) ;
#1051 = MECHANICAL_DESIGN_GEOMETRIC_PRESENTATION_REPRESENTATION (  '', ( #8251 ), #7859 ) ;
#1052 = CARTESIAN_POINT ( 'NONE',  ( -0.8920331132488581449, -3.236934291058397140, 0.9800000000000002043 ) ) ;
#1053 = UNCERTAINTY_MEASURE_WITH_UNIT (LENGTH_MEASURE( 1.000000000000000082E-05 ), #6797, 'distance_accuracy_value', 'NONE');
#1054 = MECHANICAL_DESIGN_GEOMETRIC_PRESENTATION_REPRESENTATION (  '', ( #6322 ), #7860 ) ;
#1055 =( LENGTH_UNIT ( ) NAMED_UNIT ( * ) SI_UNIT ( .MILLI., .METRE. ) );
#1056 = SURFACE_SIDE_STYLE ('',( #2845 ) ) ;
#1057 = VERTEX_POINT ( 'NONE', #1170 ) ;
#1059 = CARTESIAN_POINT ( 'NONE',  ( -1.835411594997638840, -3.154703397753805483, 0.9800000000000002043 ) ) ;
#1058 = PRESENTATION_LAYER_ASSIGNMENT (  '', '', ( #2036 ) ) ;
#1060 = FILL_AREA_STYLE ('',( #3078 ) ) ;
#1061 = EDGE_CURVE ( 'NONE', #629, #5943, #9460, .T. ) ;
#1062 = CARTESIAN_POINT ( 'NONE',  ( -2.140514893504466887, -3.018780609235746315, 0.9810000000000000941 ) ) ;
#1063 = ORIENTED_EDGE ( 'NONE', *, *, #7469, .F. ) ;
#1064 = FILL_AREA_STYLE_COLOUR ( '', #9035 ) ;
#1065 = CARTESIAN_POINT ( 'NONE',  ( -0.8501308692212133922, -3.247331870220810046, 0.9799999999999999822 ) ) ;
#1066 = UNCERTAINTY_MEASURE_WITH_UNIT (LENGTH_MEASURE( 1.000000000000000082E-05 ), #5238, 'distance_accuracy_value', 'NONE');
#1067 = CARTESIAN_POINT ( 'NONE',  ( -1.949644631116431270, -3.339789882455566961, 0.9810000000000000941 ) ) ;
#1068 = CARTESIAN_POINT ( 'NONE',  ( -0.8453479828060594947, -3.253674393510046503, 0.9810000000000000941 ) ) ;
#1069 =( GEOMETRIC_REPRESENTATION_CONTEXT ( 3 ) GLOBAL_UNCERTAINTY_ASSIGNED_CONTEXT ( ( #3243 ) ) GLOBAL_UNIT_ASSIGNED_CONTEXT ( ( #11775, #2337, #9811 ) ) REPRESENTATION_CONTEXT ( 'NONE', 'WORKASPACE' ) );
#1070 = CARTESIAN_POINT ( 'NONE',  ( -0.2658908960417202816, -3.226120808728545342, 0.9810000000000000941 ) ) ;
#1071 = ORIENTED_EDGE ( 'NONE', *, *, #309, .F. ) ;
#1072 = UNCERTAINTY_MEASURE_WITH_UNIT (LENGTH_MEASURE( 1.000000000000000082E-05 ), #751, 'distance_accuracy_value', 'NONE');
#1073 = CARTESIAN_POINT ( 'NONE',  ( -2.209922321820471769, -3.215434952690258807, 0.9799999999999999822 ) ) ;
#1074 = CARTESIAN_POINT ( 'NONE',  ( -0.1977347646271894466, -3.251802829261419614, 0.9800000000000002043 ) ) ;
#1075 = SURFACE_STYLE_FILL_AREA ( #7721 ) ;
#1076 = DIRECTION ( 'NONE',  ( -0.0000000000000000000, 1.000000000000000000, -0.0000000000000000000 ) ) ;
#1077 = DIRECTION ( 'NONE',  ( -0.3559357243643079816, 0.9345104387438672999, -0.0000000000000000000 ) ) ;
#1078 = CARTESIAN_POINT ( 'NONE',  ( -3.623086578651014023, -3.799999999999999822, 0.7800000000000008038 ) ) ;
#1079 =( LENGTH_UNIT ( ) NAMED_UNIT ( * ) SI_UNIT ( .MILLI., .METRE. ) );
#1080 = B_SPLINE_CURVE_WITH_KNOTS ( 'NONE', 3,
 ( #8310, #11227, #4664, #7470 ),
 .UNSPECIFIED., .F., .F.,
 ( 4, 4 ),
 ( 35.00000000000000000, 36.00000000000000000 ),
 .UNSPECIFIED. ) ;
#1081 = VERTEX_POINT ( 'NONE', #4900 ) ;
#1082 = STYLED_ITEM ( 'NONE', ( #9337 ), #11999 ) ;
#1083 = ORIENTED_EDGE ( 'NONE', *, *, #9649, .F. ) ;
#1084 = FACE_OUTER_BOUND ( 'NONE', #4391, .T. ) ;
#1085 = PRESENTATION_STYLE_ASSIGNMENT (( #3050 ) ) ;
#1086 = ORIENTED_EDGE ( 'NONE', *, *, #10469, .F. ) ;
#1087 = LINE ( 'NONE', #6553, #4135 ) ;
#1088 = DIRECTION ( 'NONE',  ( -0.0000000000000000000, -1.000000000000000000, -0.0000000000000000000 ) ) ;
#1089 = CARTESIAN_POINT ( 'NONE',  ( -1.975672361575154801, -2.868398017962456414, 0.9800000000000002043 ) ) ;
#1090 = EDGE_LOOP ( 'NONE', ( #9145, #10277, #1663, #7853 ) ) ;
#1091 =( NAMED_UNIT ( * ) SI_UNIT ( $, .STERADIAN. ) SOLID_ANGLE_UNIT ( ) );
#1092 = EDGE_CURVE ( 'NONE', #9902, #2596, #145, .T. ) ;
#1093 = DIRECTION ( 'NONE',  ( -1.000000000000000000, -0.0000000000000000000, -0.0000000000000000000 ) ) ;
#1094 = CARTESIAN_POINT ( 'NONE',  ( -1.494158672385574205, -3.331113871176613284, 0.9810000000000000941 ) ) ;
#1095 = CARTESIAN_POINT ( 'NONE',  ( -0.2761325115182485801, -3.171949421287787452, 0.9800000000000002043 ) ) ;
#1096 = CARTESIAN_POINT ( 'NONE',  ( -0.1622270317866075784, -3.159784253666880094, 0.9810000000000000941 ) ) ;
#1097 = DIRECTION ( 'NONE',  ( -0.0000000000000000000, -0.0000000000000000000, -1.000000000000000000 ) ) ;
#1098 = VERTEX_POINT ( 'NONE', #10483 ) ;
#1099 = DIRECTION ( 'NONE',  ( -1.000000000000000000, 0.0000000000000000000, 0.0000000000000000000 ) ) ;
#1100 = EDGE_CURVE ( 'NONE', #601, #257, #36, .T. ) ;
#1101 = LINE ( 'NONE', #10357, #12024 ) ;
#1102 = CARTESIAN_POINT ( 'NONE',  ( -1.116256907902850815, -2.804394997869956718, 0.9810000000000000941 ) ) ;
#1103 = CARTESIAN_POINT ( 'NONE',  ( -0.9794247661155177642, -2.966389281231902153, 0.9810000000000000941 ) ) ;
#1104 = EDGE_CURVE ( 'NONE', #8292, #9311, #2088, .T. ) ;
#1105 = CARTESIAN_POINT ( 'NONE',  ( -0.4180594670959714154, -2.830388945777370324, 0.9810000000000000941 ) ) ;
#1106 = LINE ( 'NONE', #1052, #10620 ) ;
#1107 = SURFACE_SIDE_STYLE ('',( #10422 ) ) ;
#1108 = EDGE_CURVE ( 'NONE', #10480, #9706, #5581, .T. ) ;
#1109 = ORIENTED_EDGE ( 'NONE', *, *, #6262, .F. ) ;
#1110 = DIRECTION ( 'NONE',  ( -0.0000000000000000000, -0.0000000000000000000, -1.000000000000000000 ) ) ;
#1111 = DIRECTION ( 'NONE',  ( -0.0000000000000000000, -1.000000000000000000, -0.0000000000000000000 ) ) ;
#1112 = FACE_OUTER_BOUND ( 'NONE', #2211, .T. ) ;
#1113 = CARTESIAN_POINT ( 'NONE',  ( -0.9284246403200677733, -3.301087354494127712, 0.9800000000000002043 ) ) ;
#1114 = SURFACE_SIDE_STYLE ('',( #4058 ) ) ;
#1115 = ORIENTED_EDGE ( 'NONE', *, *, #10262, .F. ) ;
#1116 = CARTESIAN_POINT ( 'NONE',  ( -1.919278895018924569, -3.339789882455566961, 0.9810000000000000941 ) ) ;
#1117 = COLOUR_RGB ( '',0.0000000000000000000, 0.0000000000000000000, 0.0000000000000000000 ) ;
#1118 = DIRECTION ( 'NONE',  ( -0.0000000000000000000, -0.0000000000000000000, -1.000000000000000000 ) ) ;
#1119 = EDGE_CURVE ( 'NONE', #8646, #928, #9654, .T. ) ;
#1120 = ADVANCED_FACE ( 'NONE', ( #10252 ), #9330, .F. ) ;
#1121 =( NAMED_UNIT ( * ) SI_UNIT ( $, .STERADIAN. ) SOLID_ANGLE_UNIT ( ) );
#1122 = VERTEX_POINT ( 'NONE', #6814 ) ;
#1123 = ORIENTED_EDGE ( 'NONE', *, *, #6808, .T. ) ;
#1124 = CARTESIAN_POINT ( 'NONE',  ( -2.207030346789430553, -2.979739027338710766, 0.9810000000000000941 ) ) ;
#1125 = STYLED_ITEM ( 'NONE', ( #714 ), #7531 ) ;
#1126 = CIRCLE ( 'NONE', #3687, 0.7800000000000000266 ) ;
#1127 = FACE_OUTER_BOUND ( 'NONE', #5830, .T. ) ;
#1128 = CARTESIAN_POINT ( 'NONE',  ( -0.5205795976444335116, -2.903483927294328915, 0.9810000000000000941 ) ) ;
#1129 = DIRECTION ( 'NONE',  ( 0.7071067811865463515, 0.0000000000000000000, 0.7071067811865487940 ) ) ;
#1130 =( NAMED_UNIT ( * ) SI_UNIT ( $, .STERADIAN. ) SOLID_ANGLE_UNIT ( ) );
#1131 = B_SPLINE_SURFACE_WITH_KNOTS ( 'NONE', 3, 1, ( 
 ( #10155, #122 ),
 ( #9364, #11445 ),
 ( #7502, #4691 ),
 ( #1940, #11257 ) ),
 .UNSPECIFIED., .F., .F., .F.,
 ( 4, 4 ),
 ( 2, 2 ),
 ( 17.00000000000000000, 18.00000000000000000 ),
 ( 0.0000000000000000000, 1.000000000000000000 ),
 .UNSPECIFIED. ) ;
#1132 = PRESENTATION_LAYER_ASSIGNMENT (  '', '', ( #1319 ) ) ;
#1133 = VECTOR ( 'NONE', #1129, 1000.000000000000000 ) ;
#1134 = PRESENTATION_LAYER_ASSIGNMENT (  '', '', ( #8133 ) ) ;
#1135 = MECHANICAL_DESIGN_GEOMETRIC_PRESENTATION_REPRESENTATION (  '', ( #4239 ), #3262 ) ;
#1136 = SURFACE_SIDE_STYLE ('',( #6779 ) ) ;
#1137 = MECHANICAL_DESIGN_GEOMETRIC_PRESENTATION_REPRESENTATION (  '', ( #3291 ), #4666 ) ;
#1138 = EDGE_LOOP ( 'NONE', ( #7898, #493, #401, #8679 ) ) ;
#1139 = VERTEX_POINT ( 'NONE', #326 ) ;
#1140 = CARTESIAN_POINT ( 'NONE',  ( -0.9716265817430220775, -3.266671367464448750, 0.9800000000000002043 ) ) ;
#1141 =( NAMED_UNIT ( * ) SI_UNIT ( $, .STERADIAN. ) SOLID_ANGLE_UNIT ( ) );
#1142 = CARTESIAN_POINT ( 'NONE',  ( -2.140514893504466887, -3.157595383127700384, 0.9800000000000002043 ) ) ;
#1143 = CARTESIAN_POINT ( 'NONE',  ( -0.4186833218450505267, -2.830388945777370324, 0.9800000000000002043 ) ) ;
#1144 = CARTESIAN_POINT ( 'NONE',  ( -0.7264516650755532545, -3.376989682386107194, 0.9810000000000000941 ) ) ;
#1145 = ORIENTED_EDGE ( 'NONE', *, *, #8202, .F. ) ;
#1146 = CARTESIAN_POINT ( 'NONE',  ( -0.9175071821987061949, -3.238078024765039586, 0.9799999999999999822 ) ) ;
#1147 = FILL_AREA_STYLE_COLOUR ( '', #6331 ) ;
#1148 = CARTESIAN_POINT ( 'NONE',  ( -0.8501308692212133922, -3.247331870220810046, 0.9810000000000000941 ) ) ;
#1149 = CARTESIAN_POINT ( 'NONE',  ( -0.4180594670959714154, -2.830388945777370324, 0.9810000000000000941 ) ) ;
#1150 = UNCERTAINTY_MEASURE_WITH_UNIT (LENGTH_MEASURE( 1.000000000000000082E-05 ), #5407, 'distance_accuracy_value', 'NONE');
#1151 = ORIENTED_EDGE ( 'NONE', *, *, #2451, .F. ) ;
#1152 = CARTESIAN_POINT ( 'NONE',  ( -0.9273328945077927710, -3.202518304027323737, 0.9810000000000000941 ) ) ;
#1153 = STYLED_ITEM ( 'NONE', ( #9206 ), #4468 ) ;
#1154 =( NAMED_UNIT ( * ) PLANE_ANGLE_UNIT ( ) SI_UNIT ( $, .RADIAN. ) );
#1155 = CARTESIAN_POINT ( 'NONE',  ( -1.116256907902850815, -3.150426432419600076, 0.9810000000000000941 ) ) ;
#1156 = CARTESIAN_POINT ( 'NONE',  ( -0.1633707654932584075, -3.153025827211590304, 0.9810000000000000941 ) ) ;
#1157 =( NAMED_UNIT ( * ) PLANE_ANGLE_UNIT ( ) SI_UNIT ( $, .RADIAN. ) );
#1158 = ORIENTED_EDGE ( 'NONE', *, *, #231, .T. ) ;
#1159 = PRESENTATION_STYLE_ASSIGNMENT (( #83 ) ) ;
#1160 = DIRECTION ( 'NONE',  ( -0.9445574604294408871, -0.3283461648125119980, 0.0000000000000000000 ) ) ;
#1161 =( NAMED_UNIT ( * ) PLANE_ANGLE_UNIT ( ) SI_UNIT ( $, .RADIAN. ) );
#1162 = SURFACE_STYLE_FILL_AREA ( #8442 ) ;
#1163 = VECTOR ( 'NONE', #10655, 1000.000000000000114 ) ;
#1164 = CARTESIAN_POINT ( 'NONE',  ( -0.7244761250340311376, -3.398824598628831239, 0.9810000000000000941 ) ) ;
#1165 = ORIENTED_EDGE ( 'NONE', *, *, #6051, .T. ) ;
#1166 = SURFACE_STYLE_FILL_AREA ( #4110 ) ;
#1167 = B_SPLINE_SURFACE_WITH_KNOTS ( 'NONE', 3, 1, ( 
 ( #6735, #1143 ),
 ( #8609, #9894 ),
 ( #538, #599 ),
 ( #7788, #10757 ) ),
 .UNSPECIFIED., .F., .F., .F.,
 ( 4, 4 ),
 ( 2, 2 ),
 ( 3.000000000000000000, 4.000000000000000000 ),
 ( 0.0000000000000000000, 1.000000000000000000 ),
 .UNSPECIFIED. ) ;
#1168 = ADVANCED_FACE ( 'NONE', ( #10728 ), #5417, .F. ) ;
#1169 = VERTEX_POINT ( 'NONE', #4115 ) ;
#1170 = CARTESIAN_POINT ( 'NONE',  ( 2.675735931288066194, 3.799999999999999822, 0.9800000000000002043 ) ) ;
#1171 = LINE ( 'NONE', #3872, #2800 ) ;
#1172 = PRESENTATION_LAYER_ASSIGNMENT (  '', '', ( #3723 ) ) ;
#1173 = MECHANICAL_DESIGN_GEOMETRIC_PRESENTATION_REPRESENTATION (  '', ( #7040 ), #12092 ) ;
#1174 = CARTESIAN_POINT ( 'NONE',  ( -0.9829079551346840971, -3.289442065832175466, 0.9800000000000002043 ) ) ;
#1175 = FILL_AREA_STYLE_COLOUR ( '', #10149 ) ;
#1176 =( GEOMETRIC_REPRESENTATION_CONTEXT ( 3 ) GLOBAL_UNCERTAINTY_ASSIGNED_CONTEXT ( ( #7406 ) ) GLOBAL_UNIT_ASSIGNED_CONTEXT ( ( #6241, #3259, #1420 ) ) REPRESENTATION_CONTEXT ( 'NONE', 'WORKASPACE' ) );
#1177 = ORIENTED_EDGE ( 'NONE', *, *, #11613, .F. ) ;
#1178 = FACE_OUTER_BOUND ( 'NONE', #647, .T. ) ;
#1179 = CARTESIAN_POINT ( 'NONE',  ( -0.8501308692212133922, -3.247331870220810046, 0.9799999999999999822 ) ) ;
#1180 =( GEOMETRIC_REPRESENTATION_CONTEXT ( 3 ) GLOBAL_UNCERTAINTY_ASSIGNED_CONTEXT ( ( #3472 ) ) GLOBAL_UNIT_ASSIGNED_CONTEXT ( ( #1624, #11680, #6090 ) ) REPRESENTATION_CONTEXT ( 'NONE', 'WORKASPACE' ) );
#1181 = COLOUR_RGB ( '',0.0000000000000000000, 0.0000000000000000000, 0.0000000000000000000 ) ;
#1182 = VECTOR ( 'NONE', #10611, 1000.000000000000000 ) ;
#1183 = ADVANCED_FACE ( 'NONE', ( #5218 ), #4964, .F. ) ;
#1184 = ADVANCED_FACE ( 'NONE', ( #9976 ), #6368, .F. ) ;
#1185 = CARTESIAN_POINT ( 'NONE',  ( -0.7855619026180425957, -3.287778453165188797, 0.9799999999999999822 ) ) ;
#1186 = ORIENTED_EDGE ( 'NONE', *, *, #26, .F. ) ;
#1187 = VERTEX_POINT ( 'NONE', #5447 ) ;
#1188 =( LENGTH_UNIT ( ) NAMED_UNIT ( * ) SI_UNIT ( .MILLI., .METRE. ) );
#1189 = CARTESIAN_POINT ( 'NONE',  ( -2.140514893504466887, -3.157595383127700384, 0.9810000000000000941 ) ) ;
#1190 =( GEOMETRIC_REPRESENTATION_CONTEXT ( 3 ) GLOBAL_UNCERTAINTY_ASSIGNED_CONTEXT ( ( #10702 ) ) GLOBAL_UNIT_ASSIGNED_CONTEXT ( ( #3909, #1154, #11460 ) ) REPRESENTATION_CONTEXT ( 'NONE', 'WORKASPACE' ) );
#1191 = AXIS2_PLACEMENT_3D ( 'NONE', #4083, #8866, #6910 ) ;
#1192 = DIRECTION ( 'NONE',  ( -0.0000000000000000000, -0.0000000000000000000, -1.000000000000000000 ) ) ;
#1193 = EDGE_CURVE ( 'NONE', #4464, #830, #10674, .T. ) ;
#1194 = EDGE_CURVE ( 'NONE', #5514, #10667, #5382, .T. ) ;
#1195 = CARTESIAN_POINT ( 'NONE',  ( -0.5530200446325973518, -3.238805855307024029, 0.9810000000000000941 ) ) ;
#1196 = CARTESIAN_POINT ( 'NONE',  ( -0.1771475578853914379, -3.127031879302791140, 0.9810000000000000941 ) ) ;
#1197 = COLOUR_RGB ( '',0.0000000000000000000, 0.0000000000000000000, 0.0000000000000000000 ) ;
#1198 = VECTOR ( 'NONE', #11859, 1000.000000000000114 ) ;
#1199 = ORIENTED_EDGE ( 'NONE', *, *, #5287, .F. ) ;
#1200 = ORIENTED_EDGE ( 'NONE', *, *, #5898, .T. ) ;
#1201 = CARTESIAN_POINT ( 'NONE',  ( -0.5843687458098730803, -2.977514690936292840, 0.9810000000000000941 ) ) ;
#1202 = LINE ( 'NONE', #8608, #11147 ) ;
#1203 = CARTESIAN_POINT ( 'NONE',  ( -0.5699161107728969444, -2.963373983275247703, 0.9810000000000000941 ) ) ;
#1204 = ORIENTED_EDGE ( 'NONE', *, *, #7024, .T. ) ;
#1205 =( NAMED_UNIT ( * ) SI_UNIT ( $, .STERADIAN. ) SOLID_ANGLE_UNIT ( ) );
#1206 = CARTESIAN_POINT ( 'NONE',  ( -0.7845741325972768188, -3.254090296677486727, 0.9810000000000000941 ) ) ;
#1207 = CARTESIAN_POINT ( 'NONE',  ( -0.9962688443593771259, -3.322402391779288866, 0.9799999999999999822 ) ) ;
#1208 = LINE ( 'NONE', #4759, #1306 ) ;
#1209 = FACE_OUTER_BOUND ( 'NONE', #6249, .T. ) ;
#1210 = VECTOR ( 'NONE', #10632, 1000.000000000000000 ) ;
#1211 = VERTEX_POINT ( 'NONE', #1660 ) ;
#1212 = DIRECTION ( 'NONE',  ( 1.000000000000000000, 0.0000000000000000000, 0.0000000000000000000 ) ) ;
#1213 = VECTOR ( 'NONE', #6760, 1000.000000000000000 ) ;
#1214 = VECTOR ( 'NONE', #6675, 1000.000000000000000 ) ;
#1215 = SURFACE_STYLE_USAGE ( .BOTH. , #189 ) ;
#1216 = FILL_AREA_STYLE ('',( #5799 ) ) ;
#1217 = PRESENTATION_LAYER_ASSIGNMENT (  '', '', ( #4545 ) ) ;
#1218 = SURFACE_STYLE_USAGE ( .BOTH. , #8700 ) ;
#1219 = VECTOR ( 'NONE', #8242, 999.9999999999998863 ) ;
#1220 = ORIENTED_EDGE ( 'NONE', *, *, #5003, .T. ) ;
#1221 = CARTESIAN_POINT ( 'NONE',  ( -1.033128262493087535, -3.330408527734124657, 0.9810000000000000941 ) ) ;
#1222 = DIRECTION ( 'NONE',  ( 0.0000000000000000000, 0.0000000000000000000, -1.000000000000000000 ) ) ;
#1223 = ORIENTED_EDGE ( 'NONE', *, *, #7024, .F. ) ;
#1224 = AXIS2_PLACEMENT_3D ( 'NONE', #2473, #9719, #9937 ) ;
#1225 =( NAMED_UNIT ( * ) SI_UNIT ( $, .STERADIAN. ) SOLID_ANGLE_UNIT ( ) );
#1226 = MECHANICAL_DESIGN_GEOMETRIC_PRESENTATION_REPRESENTATION (  '', ( #1620 ), #10423 ) ;
#1227 = MECHANICAL_DESIGN_GEOMETRIC_PRESENTATION_REPRESENTATION (  '', ( #2209 ), #2809 ) ;
#1228 = PLANE ( 'NONE',  #5535 ) ;
#1229 = ORIENTED_EDGE ( 'NONE', *, *, #8260, .F. ) ;
#1230 = FILL_AREA_STYLE_COLOUR ( '', #11993 ) ;
#1231 = CARTESIAN_POINT ( 'NONE',  ( -0.7594119910226668768, -3.290897726914749022, 0.9810000000000000941 ) ) ;
#1232 = DIRECTION ( 'NONE',  ( 0.0000000000000000000, 0.0000000000000000000, 1.000000000000000000 ) ) ;
#1233 =( NAMED_UNIT ( * ) PLANE_ANGLE_UNIT ( ) SI_UNIT ( $, .RADIAN. ) );
#1234 = DIRECTION ( 'NONE',  ( -0.3667976789509255764, -0.9303007377811831624, 0.0000000000000000000 ) ) ;
#1235 = VERTEX_POINT ( 'NONE', #4471 ) ;
#1236 =( NAMED_UNIT ( * ) SI_UNIT ( $, .STERADIAN. ) SOLID_ANGLE_UNIT ( ) );
#1237 = CARTESIAN_POINT ( 'NONE',  ( -0.7264516650755532545, -3.376989682386107194, 0.9799999999999999822 ) ) ;
#1238 = FACE_OUTER_BOUND ( 'NONE', #8353, .T. ) ;
#1239 =( GEOMETRIC_REPRESENTATION_CONTEXT ( 3 ) GLOBAL_UNCERTAINTY_ASSIGNED_CONTEXT ( ( #4329 ) ) GLOBAL_UNIT_ASSIGNED_CONTEXT ( ( #7466, #3019, #3860 ) ) REPRESENTATION_CONTEXT ( 'NONE', 'WORKASPACE' ) );
#1240 = VECTOR ( 'NONE', #2896, 1000.000000000000000 ) ;
#1241 = CARTESIAN_POINT ( 'NONE',  ( -0.9780210929280128695, -2.847233024021917025, 0.9810000000000000941 ) ) ;
#1242 = ORIENTED_EDGE ( 'NONE', *, *, #5095, .T. ) ;
#1243 = ORIENTED_EDGE ( 'NONE', *, *, #5710, .T. ) ;
#1244 = EDGE_CURVE ( 'NONE', #7886, #9920, #8056, .T. ) ;
#1245 = CARTESIAN_POINT ( 'NONE',  ( -0.9829079551346840971, -3.289442065832175466, 0.9800000000000002043 ) ) ;
#1246 = CARTESIAN_POINT ( 'NONE',  ( -0.7877453942418992661, -3.283203518334449011, 0.9800000000000002043 ) ) ;
#1247 = SURFACE_STYLE_FILL_AREA ( #4137 ) ;
#1248 =( NAMED_UNIT ( * ) PLANE_ANGLE_UNIT ( ) SI_UNIT ( $, .RADIAN. ) );
#1249 = EDGE_CURVE ( 'NONE', #8723, #9465, #2579, .T. ) ;
#1250 = PLANE ( 'NONE',  #2111 ) ;
#1251 =( GEOMETRIC_REPRESENTATION_CONTEXT ( 3 ) GLOBAL_UNCERTAINTY_ASSIGNED_CONTEXT ( ( #832 ) ) GLOBAL_UNIT_ASSIGNED_CONTEXT ( ( #12081, #4408, #6433 ) ) REPRESENTATION_CONTEXT ( 'NONE', 'WORKASPACE' ) );
#1252 = EDGE_CURVE ( 'NONE', #5667, #9276, #8166, .T. ) ;
#1253 = PRESENTATION_LAYER_ASSIGNMENT (  '', '', ( #1849 ) ) ;
#1254 = CARTESIAN_POINT ( 'NONE',  ( -0.3007227862388469064, -3.271974132837164095, 0.9810000000000000941 ) ) ;
#1255 = EDGE_LOOP ( 'NONE', ( #12009, #7204, #5067, #10979, #10355, #7720, #11786, #11722, #11868, #2468, #11210, #885, #3858, #4060, #8732 ) ) ;
#1256 = ADVANCED_FACE ( 'NONE', ( #3565 ), #3587, .F. ) ;
#1257 = VERTEX_POINT ( 'NONE', #916 ) ;
#1258 = DIRECTION ( 'NONE',  ( -0.0000000000000000000, 1.000000000000000000, -0.0000000000000000000 ) ) ;
#1259 = DIRECTION ( 'NONE',  ( 0.0000000000000000000, 0.0000000000000000000, -1.000000000000000000 ) ) ;
#1260 = CARTESIAN_POINT ( 'NONE',  ( -0.9829079551346840971, -3.281539905667470780, 0.9810000000000000941 ) ) ;
#1261 = CARTESIAN_POINT ( 'NONE',  ( -0.4052184568288403343, -3.150426432419600076, 0.9800000000000002043 ) ) ;
#1262 = CARTESIAN_POINT ( 'NONE',  ( -0.7244761250340311376, -3.398824598628831239, 0.9799999999999999822 ) ) ;
#1263 = VERTEX_POINT ( 'NONE', #8303 ) ;
#1264 =( LENGTH_UNIT ( ) NAMED_UNIT ( * ) SI_UNIT ( .MILLI., .METRE. ) );
#1265 = UNCERTAINTY_MEASURE_WITH_UNIT (LENGTH_MEASURE( 1.000000000000000082E-05 ), #10616, 'distance_accuracy_value', 'NONE');
#1266 = ORIENTED_EDGE ( 'NONE', *, *, #678, .T. ) ;
#1267 = CARTESIAN_POINT ( 'NONE',  ( -0.9560822008937726046, -3.312940594740499733, 0.9800000000000002043 ) ) ;
#1268 = EDGE_CURVE ( 'NONE', #11333, #11017, #11266, .T. ) ;
#1269 =( LENGTH_UNIT ( ) NAMED_UNIT ( * ) SI_UNIT ( .MILLI., .METRE. ) );
#1270 = SURFACE_STYLE_FILL_AREA ( #8985 ) ;
#1271 = CARTESIAN_POINT ( 'NONE',  ( -0.4607415295606541727, -2.952144597777958790, 0.9810000000000000941 ) ) ;
#1272 =( NAMED_UNIT ( * ) PLANE_ANGLE_UNIT ( ) SI_UNIT ( $, .RADIAN. ) );
#1273 = ORIENTED_EDGE ( 'NONE', *, *, #3224, .F. ) ;
#1274 = FACE_OUTER_BOUND ( 'NONE', #2735, .T. ) ;
#1275 =( NAMED_UNIT ( * ) PLANE_ANGLE_UNIT ( ) SI_UNIT ( $, .RADIAN. ) );
#1276 = B_SPLINE_CURVE_WITH_KNOTS ( 'NONE', 3,
 ( #11619, #11667, #3322, #5285 ),
 .UNSPECIFIED., .F., .F.,
 ( 4, 4 ),
 ( 8.000000000000000000, 9.000000000000000000 ),
 .UNSPECIFIED. ) ;
#1277 = CARTESIAN_POINT ( 'NONE',  ( -0.5853565158320180872, -2.834132074276004332, 0.9810000000000000941 ) ) ;
#1278 = CARTESIAN_POINT ( 'NONE',  ( -3.071543289325503689, 3.799999999999999822, 0.2284567106744964660 ) ) ;
#1279 =( NAMED_UNIT ( * ) SI_UNIT ( $, .STERADIAN. ) SOLID_ANGLE_UNIT ( ) );
#1280 = ORIENTED_EDGE ( 'NONE', *, *, #11536, .F. ) ;
#1281 = CARTESIAN_POINT ( 'NONE',  ( -0.7061243978111498842, -3.370231255929431402, 0.9810000000000000941 ) ) ;
#1282 = CARTESIAN_POINT ( 'NONE',  ( -0.4314723442150319443, -3.127031879302790252, 0.9799999999999999822 ) ) ;
#1283 = ORIENTED_EDGE ( 'NONE', *, *, #11472, .F. ) ;
#1284 = SURFACE_SIDE_STYLE ('',( #6940 ) ) ;
#1285 = CARTESIAN_POINT ( 'NONE',  ( -0.5092982242513865998, -3.007771646301291568, 0.9810000000000000941 ) ) ;
#1286 = FACE_OUTER_BOUND ( 'NONE', #7225, .T. ) ;
#1287 = B_SPLINE_CURVE_WITH_KNOTS ( 'NONE', 3,
 ( #1694, #4511, #10941, #9298 ),
 .UNSPECIFIED., .F., .F.,
 ( 4, 4 ),
 ( 24.00000000000000000, 25.00000000000000000 ),
 .UNSPECIFIED. ) ;
#1288 = VERTEX_POINT ( 'NONE', #4990 ) ;
#1289 = CARTESIAN_POINT ( 'NONE',  ( -0.9175071821987061949, -3.283411469917477010, 0.9800000000000002043 ) ) ;
#1290 = CARTESIAN_POINT ( 'NONE',  ( -3.410954544295048407, 3.799999999999999822, 0.5678679656440377421 ) ) ;
#1291 =( NAMED_UNIT ( * ) PLANE_ANGLE_UNIT ( ) SI_UNIT ( $, .RADIAN. ) );
#1292 = CARTESIAN_POINT ( 'NONE',  ( -1.816613800392248290, -2.836586302968011619, 0.9799999999999999822 ) ) ;
#1293 = DIRECTION ( 'NONE',  ( -1.000000000000000000, -0.0000000000000000000, -0.0000000000000000000 ) ) ;
#1294 = SURFACE_STYLE_FILL_AREA ( #1426 ) ;
#1295 = ORIENTED_EDGE ( 'NONE', *, *, #7912, .T. ) ;
#1296 = VERTEX_POINT ( 'NONE', #4659 ) ;
#1297 = VECTOR ( 'NONE', #9913, 1000.000000000000000 ) ;
#1298 = UNCERTAINTY_MEASURE_WITH_UNIT (LENGTH_MEASURE( 1.000000000000000082E-05 ), #6822, 'distance_accuracy_value', 'NONE');
#1299 = SURFACE_STYLE_FILL_AREA ( #9708 ) ;
#1300 = DIRECTION ( 'NONE',  ( -0.0000000000000000000, -0.0000000000000000000, -1.000000000000000000 ) ) ;
#1301 = CARTESIAN_POINT ( 'NONE',  ( -0.8032897750911421886, -3.202518304027323737, 0.9799999999999999822 ) ) ;
#1302 = B_SPLINE_CURVE_WITH_KNOTS ( 'NONE', 3,
 ( #11585, #11645, #433, #4221 ),
 .UNSPECIFIED., .F., .F.,
 ( 4, 4 ),
 ( 3.000000000000000000, 4.000000000000000000 ),
 .UNSPECIFIED. ) ;
#1303 = FACE_OUTER_BOUND ( 'NONE', #11529, .T. ) ;
#1304 = B_SPLINE_CURVE_WITH_KNOTS ( 'NONE', 3,
 ( #209, #11483, #1289, #5944 ),
 .UNSPECIFIED., .F., .F.,
 ( 4, 4 ),
 ( 5.000000000000000000, 6.000000000000000000 ),
 .UNSPECIFIED. ) ;
#1305 = VERTEX_POINT ( 'NONE', #10293 ) ;
#1306 = VECTOR ( 'NONE', #3004, 1000.000000000000000 ) ;
#1307 = EDGE_CURVE ( 'NONE', #3168, #1081, #740, .T. ) ;
#1308 = EDGE_LOOP ( 'NONE', ( #9165, #4755, #3842, #11941 ) ) ;
#1309 = EDGE_CURVE ( 'NONE', #9179, #4963, #7431, .T. ) ;
#1310 = CARTESIAN_POINT ( 'NONE',  ( -0.4148882054506555783, -2.844633629231312355, 0.9810000000000000941 ) ) ;
#1311 = SURFACE_STYLE_FILL_AREA ( #11500 ) ;
#1312 = CARTESIAN_POINT ( 'NONE',  ( -0.7855619026180425957, -3.293393145913836140, 0.9810000000000000941 ) ) ;
#1313 = CARTESIAN_POINT ( 'NONE',  ( -1.116256907902850815, -3.238805855307024029, 0.9810000000000000941 ) ) ;
#1314 = LINE ( 'NONE', #7962, #10134 ) ;
#1315 = EDGE_LOOP ( 'NONE', ( #3746, #157, #11779, #10783 ) ) ;
#1316 = SURFACE_STYLE_USAGE ( .BOTH. , #3965 ) ;
#1317 = CARTESIAN_POINT ( 'NONE',  ( -0.8233571028760637844, -3.207925045192944413, 0.9799999999999999822 ) ) ;
#1318 = FACE_OUTER_BOUND ( 'NONE', #7821, .T. ) ;
#1319 = STYLED_ITEM ( 'NONE', ( #10358 ), #13 ) ;
#1320 = VECTOR ( 'NONE', #10273, 1000.000000000000000 ) ;
#1321 = CARTESIAN_POINT ( 'NONE',  ( -0.9780210929280128695, -2.847233024021917025, 0.9799999999999999822 ) ) ;
#1322 = B_SPLINE_CURVE_WITH_KNOTS ( 'NONE', 3,
 ( #9426, #1828, #11137, #2872 ),
 .UNSPECIFIED., .F., .F.,
 ( 4, 4 ),
 ( 0.0000000000000000000, 1.000000000000000000 ),
 .UNSPECIFIED. ) ;
#1323 = PRESENTATION_LAYER_ASSIGNMENT (  '', '', ( #1516 ) ) ;
#1324 = PRESENTATION_LAYER_ASSIGNMENT (  '', '', ( #5249 ) ) ;
#1325 = ORIENTED_EDGE ( 'NONE', *, *, #5528, .T. ) ;
#1326 = DIRECTION ( 'NONE',  ( -0.0000000000000000000, -0.0000000000000000000, -1.000000000000000000 ) ) ;
#1327 = EDGE_CURVE ( 'NONE', #8007, #3768, #11567, .T. ) ;
#1328 = SURFACE_STYLE_USAGE ( .BOTH. , #2072 ) ;
#1329 = B_SPLINE_CURVE_WITH_KNOTS ( 'NONE', 3,
 ( #8724, #6892, #10559, #6716 ),
 .UNSPECIFIED., .F., .F.,
 ( 4, 4 ),
 ( 17.00000000000000000, 18.00000000000000000 ),
 .UNSPECIFIED. ) ;
#1330 =( GEOMETRIC_REPRESENTATION_CONTEXT ( 3 ) GLOBAL_UNCERTAINTY_ASSIGNED_CONTEXT ( ( #8373 ) ) GLOBAL_UNIT_ASSIGNED_CONTEXT ( ( #10492, #11661, #6993 ) ) REPRESENTATION_CONTEXT ( 'NONE', 'WORKASPACE' ) );
#1331 = DIRECTION ( 'NONE',  ( 0.9910683662997867849, 0.1333547648937655483, 0.0000000000000000000 ) ) ;
#1332 = VECTOR ( 'NONE', #8257, 1000.000000000000000 ) ;
#1333 = PRESENTATION_STYLE_ASSIGNMENT (( #7913 ) ) ;
#1334 = MECHANICAL_DESIGN_GEOMETRIC_PRESENTATION_REPRESENTATION (  '', ( #7403 ), #8147 ) ;
#1335 = PRESENTATION_STYLE_ASSIGNMENT (( #3356 ) ) ;
#1336 = ORIENTED_EDGE ( 'NONE', *, *, #12058, .F. ) ;
#1337 = SURFACE_STYLE_USAGE ( .BOTH. , #9908 ) ;
#1338 = UNCERTAINTY_MEASURE_WITH_UNIT (LENGTH_MEASURE( 1.000000000000000082E-05 ), #3839, 'distance_accuracy_value', 'NONE');
#1339 = DIRECTION ( 'NONE',  ( 0.0000000000000000000, -0.0000000000000000000, -1.000000000000000000 ) ) ;
#1340 = EDGE_CURVE ( 'NONE', #10670, #3074, #8431, .T. ) ;
#1341 = EDGE_CURVE ( 'NONE', #7352, #5504, #9381, .T. ) ;
#1342 = CARTESIAN_POINT ( 'NONE',  ( -0.8156109063993235431, -3.313044570532008848, 0.9810000000000000941 ) ) ;
#1343 = EDGE_LOOP ( 'NONE', ( #7253, #4141, #2641, #8102 ) ) ;
#1344 =( NAMED_UNIT ( * ) SI_UNIT ( $, .STERADIAN. ) SOLID_ANGLE_UNIT ( ) );
#1345 = VECTOR ( 'NONE', #3153, 1000.000000000000000 ) ;
#1346 = CARTESIAN_POINT ( 'NONE',  ( -0.3263008309802120088, -3.007771646301291568, 0.9810000000000000941 ) ) ;
#1347 = CARTESIAN_POINT ( 'NONE',  ( -0.9175071821987060838, -3.307949756742321057, 0.9800000000000002043 ) ) ;
#1348 = ORIENTED_EDGE ( 'NONE', *, *, #2866, .F. ) ;
#1349 = LINE ( 'NONE', #5090, #6547 ) ;
#1350 =( LENGTH_UNIT ( ) NAMED_UNIT ( * ) SI_UNIT ( .MILLI., .METRE. ) );
#1351 = DIRECTION ( 'NONE',  ( -0.0000000000000000000, -1.000000000000000000, -0.0000000000000000000 ) ) ;
#1352 = VERTEX_POINT ( 'NONE', #1958 ) ;
#1353 =( GEOMETRIC_REPRESENTATION_CONTEXT ( 3 ) GLOBAL_UNCERTAINTY_ASSIGNED_CONTEXT ( ( #936 ) ) GLOBAL_UNIT_ASSIGNED_CONTEXT ( ( #499, #3187, #8881 ) ) REPRESENTATION_CONTEXT ( 'NONE', 'WORKASPACE' ) );
#1354 = DIRECTION ( 'NONE',  ( -0.3315284183576450161, -0.9434452330799484310, 0.0000000000000000000 ) ) ;
#1355 = VECTOR ( 'NONE', #11066, 1000.000000000000000 ) ;
#1356 =( LENGTH_UNIT ( ) NAMED_UNIT ( * ) SI_UNIT ( .MILLI., .METRE. ) );
#1357 = CARTESIAN_POINT ( 'NONE',  ( -0.9560822008937726046, -3.312940594740499733, 0.9810000000000000941 ) ) ;
#1358 = AXIS2_PLACEMENT_3D ( 'NONE', #3325, #6077, #2601 ) ;
#1359 = VECTOR ( 'NONE', #404, 1000.000000000000000 ) ;
#1360 = CARTESIAN_POINT ( 'NONE',  ( -0.6861610458177462846, -3.007771646301291568, 0.9800000000000002043 ) ) ;
#1361 = ORIENTED_EDGE ( 'NONE', *, *, #4549, .T. ) ;
#1362 = ORIENTED_EDGE ( 'NONE', *, *, #5163, .T. ) ;
#1363 = SURFACE_STYLE_FILL_AREA ( #8905 ) ;
#1364 = CARTESIAN_POINT ( 'NONE',  ( -0.3755333683171583892, -3.330408527734124657, 0.9810000000000000941 ) ) ;
#1365 = FILL_AREA_STYLE_COLOUR ( '', #9760 ) ;
#1366 = EDGE_CURVE ( 'NONE', #8092, #3037, #9320, .T. ) ;
#1367 = FILL_AREA_STYLE_COLOUR ( '', #5502 ) ;
#1368 = LINE ( 'NONE', #11556, #3695 ) ;
#1369 = STYLED_ITEM ( 'NONE', ( #1335 ), #10408 ) ;
#1370 = STYLED_ITEM ( 'NONE', ( #2273 ), #5241 ) ;
#1371 = CARTESIAN_POINT ( 'NONE',  ( -1.570795981394180085, -3.160487368500210170, 0.9810000000000000941 ) ) ;
#1372 =( LENGTH_UNIT ( ) NAMED_UNIT ( * ) SI_UNIT ( .MILLI., .METRE. ) );
#1373 = EDGE_LOOP ( 'NONE', ( #483, #4459, #11055, #9839 ) ) ;
#1374 = VECTOR ( 'NONE', #5748, 1000.000000000000000 ) ;
#1375 = MECHANICAL_DESIGN_GEOMETRIC_PRESENTATION_REPRESENTATION (  '', ( #8406 ), #6478 ) ;
#1376 = ORIENTED_EDGE ( 'NONE', *, *, #6365, .F. ) ;
#1377 = VECTOR ( 'NONE', #3688, 1000.000000000000114 ) ;
#1378 = LINE ( 'NONE', #484, #5537 ) ;
#1379 = CARTESIAN_POINT ( 'NONE',  ( -0.6302220699198715081, -3.007771646301291568, 0.9810000000000000941 ) ) ;
#1380 = CARTESIAN_POINT ( 'NONE',  ( -1.033128262493087535, -3.330408527734124657, 0.9810000000000000941 ) ) ;
#1381 =( LENGTH_UNIT ( ) NAMED_UNIT ( * ) SI_UNIT ( .MILLI., .METRE. ) );
#1382 = SURFACE_STYLE_FILL_AREA ( #354 ) ;
#1383 = ORIENTED_EDGE ( 'NONE', *, *, #2451, .T. ) ;
#1384 = CARTESIAN_POINT ( 'NONE',  ( -0.4169157333879343619, -2.837147372234046117, 0.9800000000000002043 ) ) ;
#1385 = CARTESIAN_POINT ( 'NONE',  ( -1.008745939355516041, -3.291521581663829910, 0.9799999999999999822 ) ) ;
#1386 = MECHANICAL_DESIGN_GEOMETRIC_PRESENTATION_REPRESENTATION (  '', ( #8484 ), #8009 ) ;
#1387 = SURFACE_STYLE_FILL_AREA ( #10652 ) ;
#1388 = VECTOR ( 'NONE', #1192, 1000.000000000000000 ) ;
#1389 = UNCERTAINTY_MEASURE_WITH_UNIT (LENGTH_MEASURE( 1.000000000000000082E-05 ), #5161, 'distance_accuracy_value', 'NONE');
#1390 = VERTEX_POINT ( 'NONE', #7572 ) ;
#1391 = CARTESIAN_POINT ( 'NONE',  ( -0.8501308692212133922, -3.247331870220810046, 0.9810000000000000941 ) ) ;
#1392 = UNCERTAINTY_MEASURE_WITH_UNIT (LENGTH_MEASURE( 1.000000000000000082E-05 ), #6971, 'distance_accuracy_value', 'NONE');
#1393 =( LENGTH_UNIT ( ) NAMED_UNIT ( * ) SI_UNIT ( .MILLI., .METRE. ) );
#1394 = LINE ( 'NONE', #5075, #8217 ) ;
#1395 = MECHANICAL_DESIGN_GEOMETRIC_PRESENTATION_REPRESENTATION (  '', ( #823 ), #10605 ) ;
#1396 = EDGE_CURVE ( 'NONE', #8258, #5357, #1041, .T. ) ;
#1397 = SURFACE_SIDE_STYLE ('',( #4280 ) ) ;
#1398 =( LENGTH_UNIT ( ) NAMED_UNIT ( * ) SI_UNIT ( .MILLI., .METRE. ) );
#1399 = ORIENTED_EDGE ( 'NONE', *, *, #8269, .F. ) ;
#1400 = DIRECTION ( 'NONE',  ( 0.3409177962187287525, 0.9400931103999036198, 0.0000000000000000000 ) ) ;
#1401 = VECTOR ( 'NONE', #7460, 1000.000000000000000 ) ;
#1402 = FILL_AREA_STYLE ('',( #10718 ) ) ;
#1403 = DIRECTION ( 'NONE',  ( -0.0000000000000000000, -0.0000000000000000000, -1.000000000000000000 ) ) ;
#1404 = LINE ( 'NONE', #5152, #926 ) ;
#1405 = VECTOR ( 'NONE', #3297, 1000.000000000000000 ) ;
#1406 = EDGE_CURVE ( 'NONE', #1390, #10689, #8496, .T. ) ;
#1407 =( NAMED_UNIT ( * ) SI_UNIT ( $, .STERADIAN. ) SOLID_ANGLE_UNIT ( ) );
#1408 = EDGE_CURVE ( 'NONE', #10889, #3653, #6683, .T. ) ;
#1409 = VERTEX_POINT ( 'NONE', #18 ) ;
#1410 = VECTOR ( 'NONE', #2123, 1000.000000000000000 ) ;
#1411 = DIRECTION ( 'NONE',  ( 0.0000000000000000000, 1.000000000000000000, -0.0000000000000000000 ) ) ;
#1412 = MECHANICAL_DESIGN_GEOMETRIC_PRESENTATION_REPRESENTATION (  '', ( #3180 ), #57 ) ;
#1413 = ADVANCED_FACE ( 'NONE', ( #6907 ), #3739, .F. ) ;
#1414 = CARTESIAN_POINT ( 'NONE',  ( -2.055201697326993315, -3.328221885802723268, 0.9810000000000000941 ) ) ;
#1415 = CARTESIAN_POINT ( 'NONE',  ( -0.7679380059364522282, -3.266879319047467867, 0.9810000000000000941 ) ) ;
#1416 = FILL_AREA_STYLE ('',( #7929 ) ) ;
#1417 = CARTESIAN_POINT ( 'NONE',  ( -0.2060528279593351886, -3.274781479212180990, 0.9800000000000002043 ) ) ;
#1418 = CARTESIAN_POINT ( 'NONE',  ( 3.623086578651010026, 3.799999999999999822, 0.7800000000000005818 ) ) ;
#1419 = ORIENTED_EDGE ( 'NONE', *, *, #999, .F. ) ;
#1420 =( NAMED_UNIT ( * ) SI_UNIT ( $, .STERADIAN. ) SOLID_ANGLE_UNIT ( ) );
#1421 = VECTOR ( 'NONE', #5864, 1000.000000000000000 ) ;
#1422 = CARTESIAN_POINT ( 'NONE',  ( -0.3734538524855119945, -3.127031879302791140, 0.9799999999999999822 ) ) ;
#1423 = PLANE ( 'NONE',  #2990 ) ;
#1424 = COLOUR_RGB ( '',0.0000000000000000000, 0.0000000000000000000, 0.0000000000000000000 ) ;
#1425 = COLOUR_RGB ( '',0.0000000000000000000, 0.0000000000000000000, 0.0000000000000000000 ) ;
#1426 = FILL_AREA_STYLE ('',( #2164 ) ) ;
#1427 = ORIENTED_EDGE ( 'NONE', *, *, #6106, .T. ) ;
#1428 = VERTEX_POINT ( 'NONE', #3463 ) ;
#1429 = EDGE_CURVE ( 'NONE', #8638, #7382, #2472, .T. ) ;
#1430 = CARTESIAN_POINT ( 'NONE',  ( -2.163650693749332277, -2.936359426011495355, 0.9799999999999999822 ) ) ;
#1431 = VECTOR ( 'NONE', #6261, 1000.000000000000000 ) ;
#1432 = PRESENTATION_LAYER_ASSIGNMENT (  '', '', ( #1621 ) ) ;
#1433 = UNCERTAINTY_MEASURE_WITH_UNIT (LENGTH_MEASURE( 1.000000000000000082E-05 ), #10311, 'distance_accuracy_value', 'NONE');
#1434 = SURFACE_STYLE_USAGE ( .BOTH. , #1485 ) ;
#1435 =( NAMED_UNIT ( * ) PLANE_ANGLE_UNIT ( ) SI_UNIT ( $, .RADIAN. ) );
#1436 = LINE ( 'NONE', #527, #4491 ) ;
#1437 = FILL_AREA_STYLE_COLOUR ( '', #10140 ) ;
#1438 = VECTOR ( 'NONE', #3748, 1000.000000000000000 ) ;
#1439 =( GEOMETRIC_REPRESENTATION_CONTEXT ( 3 ) GLOBAL_UNCERTAINTY_ASSIGNED_CONTEXT ( ( #950 ) ) GLOBAL_UNIT_ASSIGNED_CONTEXT ( ( #8706, #3994, #1225 ) ) REPRESENTATION_CONTEXT ( 'NONE', 'WORKASPACE' ) );
#1440 = CARTESIAN_POINT ( 'NONE',  ( -1.008745939355516041, -3.304518555618224163, 0.9810000000000000941 ) ) ;
#1441 = EDGE_LOOP ( 'NONE', ( #2575, #300, #11819, #3539 ) ) ;
#1442 = ORIENTED_EDGE ( 'NONE', *, *, #2253, .T. ) ;
#1443 = PRESENTATION_LAYER_ASSIGNMENT (  '', '', ( #8693 ) ) ;
#1444 = FILL_AREA_STYLE ('',( #11738 ) ) ;
#1445 = FILL_AREA_STYLE_COLOUR ( '', #9960 ) ;
#1446 = PRESENTATION_LAYER_ASSIGNMENT (  '', '', ( #5939 ) ) ;
#1447 = CARTESIAN_POINT ( 'NONE',  ( -1.570795981394180085, -3.160487368500210170, 0.9810000000000000941 ) ) ;
#1448 = CARTESIAN_POINT ( 'NONE',  ( -1.004586907690135922, -3.314812158990505964, 0.9810000000000000941 ) ) ;
#1449 = ORIENTED_EDGE ( 'NONE', *, *, #6148, .F. ) ;
#1450 = CARTESIAN_POINT ( 'NONE',  ( -0.8187821680439378857, -3.266567391672931198, 0.9810000000000000941 ) ) ;
#1451 = CARTESIAN_POINT ( 'NONE',  ( -1.579471882353748358, -3.331113871176613284, 0.9799999999999999822 ) ) ;
#1452 = EDGE_LOOP ( 'NONE', ( #355, #11414, #10112, #1325, #3357, #2228, #10391, #6009 ) ) ;
#1453 = SURFACE_STYLE_FILL_AREA ( #4032 ) ;
#1454 = MECHANICAL_DESIGN_GEOMETRIC_PRESENTATION_REPRESENTATION (  '', ( #5182 ), #4595 ) ;
#1455 = LINE ( 'NONE', #2195, #2571 ) ;
#1456 = LINE ( 'NONE', #5206, #2984 ) ;
#1457 = CARTESIAN_POINT ( 'NONE',  ( -0.9626846636624908360, -3.333839728858221996, 0.9810000000000000941 ) ) ;
#1458 = CARTESIAN_POINT ( 'NONE',  ( -7.500000000000000000, 3.799999999999999822, 0.0000000000000000000 ) ) ;
#1459 = DIRECTION ( 'NONE',  ( -0.0000000000000000000, -0.0000000000000000000, -1.000000000000000000 ) ) ;
#1460 = ORIENTED_EDGE ( 'NONE', *, *, #5805, .F. ) ;
#1461 = CARTESIAN_POINT ( 'NONE',  ( -2.675735931288071079, 3.799999999999999822, 0.5000000000000000000 ) ) ;
#1462 = CARTESIAN_POINT ( 'NONE',  ( -0.9712431710112083838, -3.185193337746856646, 0.9810000000000000941 ) ) ;
#1463 = PRESENTATION_STYLE_ASSIGNMENT (( #8820 ) ) ;
#1464 = ORIENTED_EDGE ( 'NONE', *, *, #6300, .T. ) ;
#1465 = PRODUCT_RELATED_PRODUCT_CATEGORY ( 'part', '', ( #11751 ) ) ;
#1466 = PLANE ( 'NONE',  #3491 ) ;
#1467 =( NAMED_UNIT ( * ) SI_UNIT ( $, .STERADIAN. ) SOLID_ANGLE_UNIT ( ) );
#1468 = CARTESIAN_POINT ( 'NONE',  ( -1.981456359901579756, -3.426549002369938535, 0.9799999999999999822 ) ) ;
#1469 = FACE_OUTER_BOUND ( 'NONE', #3229, .T. ) ;
#1470 = ADVANCED_FACE ( 'NONE', ( #8800 ), #3338, .F. ) ;
#1472 = SURFACE_STYLE_FILL_AREA ( #5998 ) ;
#1471 = VECTOR ( 'NONE', #3932, 1000.000000000000000 ) ;
#1473 = EDGE_CURVE ( 'NONE', #654, #7352, #1378, .T. ) ;
#1474 = CARTESIAN_POINT ( 'NONE',  ( -1.773234185274330743, -3.273274384352724553, 0.9800000000000002043 ) ) ;
#1475 = ORIENTED_EDGE ( 'NONE', *, *, #2459, .F. ) ;
#1476 =( NAMED_UNIT ( * ) SI_UNIT ( $, .STERADIAN. ) SOLID_ANGLE_UNIT ( ) );
#1477 = SURFACE_STYLE_USAGE ( .BOTH. , #7825 ) ;
#1478 = ADVANCED_FACE ( 'NONE', ( #415 ), #9466, .F. ) ;
#1479 = SURFACE_STYLE_USAGE ( .BOTH. , #11614 ) ;
#1480 = DIRECTION ( 'NONE',  ( -0.0000000000000000000, -0.0000000000000000000, -1.000000000000000000 ) ) ;
#1481 = ORIENTED_EDGE ( 'NONE', *, *, #3079, .F. ) ;
#1482 = ORIENTED_EDGE ( 'NONE', *, *, #4033, .T. ) ;
#1483 = CARTESIAN_POINT ( 'NONE',  ( -0.9661158647865787374, -2.980633964685847737, 0.9810000000000000941 ) ) ;
#1484 = DIRECTION ( 'NONE',  ( -1.000000000000000000, 0.0000000000000000000, 0.0000000000000000000 ) ) ;
#1485 = SURFACE_SIDE_STYLE ('',( #11725 ) ) ;
#1486 = DIRECTION ( 'NONE',  ( 1.000000000000000000, -0.0000000000000000000, -0.0000000000000000000 ) ) ;
#1487 = ORIENTED_EDGE ( 'NONE', *, *, #295, .T. ) ;
#1488 = CARTESIAN_POINT ( 'NONE',  ( -2.033511848397659083, -3.176393205311723200, 0.9800000000000002043 ) ) ;
#1489 = CARTESIAN_POINT ( 'NONE',  ( -0.9945532437980214580, -3.220090212813853547, 0.9810000000000000941 ) ) ;
#1490 = ADVANCED_FACE ( 'NONE', ( #3602 ), #3977, .F. ) ;
#1491 = VERTEX_POINT ( 'NONE', #4435 ) ;
#1492 = FILL_AREA_STYLE_COLOUR ( '', #9252 ) ;
#1493 = ADVANCED_FACE ( 'NONE', ( #12053 ), #8674, .F. ) ;
#1494 = ORIENTED_EDGE ( 'NONE', *, *, #3745, .T. ) ;
#1495 = ORIENTED_EDGE ( 'NONE', *, *, #5148, .T. ) ;
#1496 = DIRECTION ( 'NONE',  ( 0.0000000000000000000, 1.000000000000000000, -0.0000000000000000000 ) ) ;
#1497 = CARTESIAN_POINT ( 'NONE',  ( -0.3498513477856780574, -3.307221926200337059, 0.9800000000000002043 ) ) ;
#1498 = DIRECTION ( 'NONE',  ( -0.0000000000000000000, 1.000000000000000000, -0.0000000000000000000 ) ) ;
#1499 = CARTESIAN_POINT ( 'NONE',  ( -1.576579952140586105, -3.241462710728314267, 0.9799999999999999822 ) ) ;
#1500 = ADVANCED_FACE ( 'NONE', ( #5597 ), #10521, .F. ) ;
#1501 = VERTEX_POINT ( 'NONE', #5719 ) ;
#1502 = LINE ( 'NONE', #7082, #9929 ) ;
#1503 = CARTESIAN_POINT ( 'NONE',  ( -1.035259766221189093, -3.007771646301291568, 0.9810000000000000941 ) ) ;
#1504 = FACE_OUTER_BOUND ( 'NONE', #8778, .T. ) ;
#1505 = UNCERTAINTY_MEASURE_WITH_UNIT (LENGTH_MEASURE( 1.000000000000000082E-05 ), #10970, 'distance_accuracy_value', 'NONE');
#1506 = EDGE_LOOP ( 'NONE', ( #1266, #2700, #11111, #11158 ) ) ;
#1507 = COLOUR_RGB ( '',0.9686274509803921573, 0.8784313725490195957, 0.5999999999999999778 ) ;
#1508 = CARTESIAN_POINT ( 'NONE',  ( -0.9975685417553713519, -2.830908824736320550, 0.9799999999999999822 ) ) ;
#1509 = VERTEX_POINT ( 'NONE', #4796 ) ;
#1510 = SURFACE_STYLE_USAGE ( .BOTH. , #552 ) ;
#1511 = DIRECTION ( 'NONE',  ( -1.000000000000000000, 0.0000000000000000000, 0.0000000000000000000 ) ) ;
#1512 = CARTESIAN_POINT ( 'NONE',  ( -0.7845741325972768188, -3.254090296677486727, 0.9810000000000000941 ) ) ;
#1513 = SURFACE_SIDE_STYLE ('',( #2439 ) ) ;
#1514 = MECHANICAL_DESIGN_GEOMETRIC_PRESENTATION_REPRESENTATION (  '', ( #1319 ), #7944 ) ;
#1515 = STYLED_ITEM ( 'NONE', ( #304 ), #7390 ) ;
#1516 = STYLED_ITEM ( 'NONE', ( #9725 ), #6662 ) ;
#1517 = ORIENTED_EDGE ( 'NONE', *, *, #3665, .T. ) ;
#1518 = CARTESIAN_POINT ( 'NONE',  ( -0.8896416700412819178, -3.007251767343725568, 0.9810000000000000941 ) ) ;
#1519 = FILL_AREA_STYLE_COLOUR ( '', #9481 ) ;
#1520 = SURFACE_STYLE_FILL_AREA ( #6049 ) ;
#1521 =( GEOMETRIC_REPRESENTATION_CONTEXT ( 3 ) GLOBAL_UNCERTAINTY_ASSIGNED_CONTEXT ( ( #5224 ) ) GLOBAL_UNIT_ASSIGNED_CONTEXT ( ( #4878, #2015, #1091 ) ) REPRESENTATION_CONTEXT ( 'NONE', 'WORKASPACE' ) );
#1522 = PLANE ( 'NONE',  #6595 ) ;
#1523 = ORIENTED_EDGE ( 'NONE', *, *, #2237, .T. ) ;
#1524 = B_SPLINE_CURVE_WITH_KNOTS ( 'NONE', 3,
 ( #5867, #9564, #3989, #3918 ),
 .UNSPECIFIED., .F., .F.,
 ( 4, 4 ),
 ( 11.00000000000000000, 12.00000000000000000 ),
 .UNSPECIFIED. ) ;
#1525 = LINE ( 'NONE', #1776, #1717 ) ;
#1526 =( GEOMETRIC_REPRESENTATION_CONTEXT ( 3 ) GLOBAL_UNCERTAINTY_ASSIGNED_CONTEXT ( ( #3424 ) ) GLOBAL_UNIT_ASSIGNED_CONTEXT ( ( #10808, #9661, #10684 ) ) REPRESENTATION_CONTEXT ( 'NONE', 'WORKASPACE' ) );
#1527 = VECTOR ( 'NONE', #8810, 1000.000000000000114 ) ;
#1528 = CARTESIAN_POINT ( 'NONE',  ( -1.037755185220968768, -3.150426432419600076, 0.9810000000000000941 ) ) ;
#1529 = FILL_AREA_STYLE ('',( #5507 ) ) ;
#1530 = CARTESIAN_POINT ( 'NONE',  ( -0.9755256739289275281, -3.306390119868237942, 0.9810000000000000941 ) ) ;
#1531 =( NAMED_UNIT ( * ) PLANE_ANGLE_UNIT ( ) SI_UNIT ( $, .RADIAN. ) );
#1532 = B_SPLINE_CURVE_WITH_KNOTS ( 'NONE', 3,
 ( #11343, #1277, #10418, #10533 ),
 .UNSPECIFIED., .F., .F.,
 ( 4, 4 ),
 ( 5.000000000000000000, 6.000000000000000000 ),
 .UNSPECIFIED. ) ;
#1533 = CARTESIAN_POINT ( 'NONE',  ( -0.8746691560460576609, -2.999349607179018662, 0.9810000000000000941 ) ) ;
#1534 = LINE ( 'NONE', #10904, #7994 ) ;
#1535 = ORIENTED_EDGE ( 'NONE', *, *, #1108, .T. ) ;
#1536 = CARTESIAN_POINT ( 'NONE',  ( -0.2060528279593351886, -3.274781479212180990, 0.9810000000000000941 ) ) ;
#1537 = CARTESIAN_POINT ( 'NONE',  ( -0.8255405945006136781, -3.235582605765955133, 0.9810000000000000941 ) ) ;
#1538 = LINE ( 'NONE', #4482, #247 ) ;
#1539 = VECTOR ( 'NONE', #3036, 1000.000000000000000 ) ;
#1540 = UNCERTAINTY_MEASURE_WITH_UNIT (LENGTH_MEASURE( 1.000000000000000082E-05 ), #1892, 'distance_accuracy_value', 'NONE');
#1541 = EDGE_CURVE ( 'NONE', #11079, #501, #8528, .T. ) ;
#1542 = CARTESIAN_POINT ( 'NONE',  ( -0.3296800442085461302, -3.300151572370511932, 0.9810000000000000941 ) ) ;
#1543 = ORIENTED_EDGE ( 'NONE', *, *, #9263, .T. ) ;
#1544 = VERTEX_POINT ( 'NONE', #2050 ) ;
#1545 = DIRECTION ( 'NONE',  ( -0.0000000000000000000, -0.0000000000000000000, -1.000000000000000000 ) ) ;
#1546 = PLANE ( 'NONE',  #10555 ) ;
#1547 = PRESENTATION_STYLE_ASSIGNMENT (( #8255 ) ) ;
#1548 = SURFACE_STYLE_USAGE ( .BOTH. , #11847 ) ;
#1549 = EDGE_CURVE ( 'NONE', #2339, #489, #1756, .T. ) ;
#1550 = CARTESIAN_POINT ( 'NONE',  ( -2.055201697326993315, -3.328221885802723268, 0.9810000000000000941 ) ) ;
#1551 = CARTESIAN_POINT ( 'NONE',  ( -0.9601372567676421665, -3.011202847425386686, 0.9800000000000002043 ) ) ;
#1552 = EDGE_LOOP ( 'NONE', ( #8043, #8534, #9530, #2058 ) ) ;
#1553 = LINE ( 'NONE', #9154, #3599 ) ;
#1554 = VECTOR ( 'NONE', #6962, 1000.000000000000000 ) ;
#1555 = EDGE_CURVE ( 'NONE', #5504, #6949, #5776, .T. ) ;
#1556 = STYLED_ITEM ( 'NONE', ( #2287 ), #11812 ) ;
#1557 = EDGE_CURVE ( 'NONE', #9896, #6949, #4611, .T. ) ;
#1558 = VERTEX_POINT ( 'NONE', #7242 ) ;
#1559 =( NAMED_UNIT ( * ) SI_UNIT ( $, .STERADIAN. ) SOLID_ANGLE_UNIT ( ) );
#1560 = ADVANCED_FACE ( 'NONE', ( #7309 ), #11844, .F. ) ;
#1561 =( NAMED_UNIT ( * ) SI_UNIT ( $, .STERADIAN. ) SOLID_ANGLE_UNIT ( ) );
#1562 = EDGE_CURVE ( 'NONE', #7147, #2529, #11169, .T. ) ;
#1563 = LINE ( 'NONE', #11802, #7786 ) ;
#1564 = STYLED_ITEM ( 'NONE', ( #8666 ), #6207 ) ;
#1565 = CARTESIAN_POINT ( 'NONE',  ( -0.2934964687217503365, -3.226848639269142005, 0.9810000000000000941 ) ) ;
#1566 =( NAMED_UNIT ( * ) PLANE_ANGLE_UNIT ( ) SI_UNIT ( $, .RADIAN. ) );
#1567 = ORIENTED_EDGE ( 'NONE', *, *, #11983, .T. ) ;
#1568 = MECHANICAL_DESIGN_GEOMETRIC_PRESENTATION_REPRESENTATION (  '', ( #207 ), #4880 ) ;
#1569 = CARTESIAN_POINT ( 'NONE',  ( -1.887467193814489574, -3.339789882455566961, 0.9810000000000000941 ) ) ;
#1570 = ORIENTED_EDGE ( 'NONE', *, *, #3976, .F. ) ;
#1571 = STYLED_ITEM ( 'NONE', ( #9870 ), #2090 ) ;
#1572 = CARTESIAN_POINT ( 'NONE',  ( -0.9228619354678770925, -2.800963796745862489, 0.9799999999999999822 ) ) ;
#1573 = ORIENTED_EDGE ( 'NONE', *, *, #5227, .F. ) ;
#1574 = ORIENTED_EDGE ( 'NONE', *, *, #4620, .T. ) ;
#1575 =( LENGTH_UNIT ( ) NAMED_UNIT ( * ) SI_UNIT ( .MILLI., .METRE. ) );
#1576 = EDGE_CURVE ( 'NONE', #8918, #8493, #11045, .T. ) ;
#1577 = CARTESIAN_POINT ( 'NONE',  ( -0.3553100768456650127, -3.007771646301291124, 0.9799999999999999822 ) ) ;
#1578 = CARTESIAN_POINT ( 'NONE',  ( -0.7461550775894828513, -3.185154346825209704, 0.9810000000000000941 ) ) ;
#1579 = CARTESIAN_POINT ( 'NONE',  ( -1.725516619677668562, -2.836586302968011619, 0.9810000000000000941 ) ) ;
#1580 = PRESENTATION_STYLE_ASSIGNMENT (( #9239 ) ) ;
#1581 = DIRECTION ( 'NONE',  ( -0.0000000000000000000, -0.0000000000000000000, -1.000000000000000000 ) ) ;
#1582 = ORIENTED_EDGE ( 'NONE', *, *, #210, .T. ) ;
#1583 = VECTOR ( 'NONE', #8813, 1000.000000000000000 ) ;
#1584 =( LENGTH_UNIT ( ) NAMED_UNIT ( * ) SI_UNIT ( .MILLI., .METRE. ) );
#1585 = FACE_OUTER_BOUND ( 'NONE', #351, .T. ) ;
#1586 = COLOUR_RGB ( '',0.0000000000000000000, 0.0000000000000000000, 0.0000000000000000000 ) ;
#1587 = LINE ( 'NONE', #675, #345 ) ;
#1588 = CARTESIAN_POINT ( 'NONE',  ( -0.5205795976444335116, -2.903483927294328915, 0.9799999999999999822 ) ) ;
#1589 = EDGE_LOOP ( 'NONE', ( #5380, #11030, #8033, #1243 ) ) ;
#1590 = FILL_AREA_STYLE_COLOUR ( '', #5631 ) ;
#1591 = FILL_AREA_STYLE_COLOUR ( '', #1425 ) ;
#1592 =( NAMED_UNIT ( * ) PLANE_ANGLE_UNIT ( ) SI_UNIT ( $, .RADIAN. ) );
#1593 = CARTESIAN_POINT ( 'NONE',  ( -0.8156109063993235431, -3.313044570532008848, 0.9800000000000002043 ) ) ;
#1594 = ORIENTED_EDGE ( 'NONE', *, *, #9722, .T. ) ;
#1595 = CARTESIAN_POINT ( 'NONE',  ( -0.8077087462353104153, -2.984585044767507966, 0.9810000000000000941 ) ) ;
#1596 = FILL_AREA_STYLE ('',( #9984 ) ) ;
#1597 =( NAMED_UNIT ( * ) SI_UNIT ( $, .STERADIAN. ) SOLID_ANGLE_UNIT ( ) );
#1598 = CARTESIAN_POINT ( 'NONE',  ( -0.9445408880226360271, -3.181827121492629473, 0.9810000000000000941 ) ) ;
#1599 = STYLED_ITEM ( 'NONE', ( #4402 ), #11311 ) ;
#1600 = CARTESIAN_POINT ( 'NONE',  ( -0.4802889783873196539, -3.238805855307024029, 0.9800000000000002043 ) ) ;
#1601 = MECHANICAL_DESIGN_GEOMETRIC_PRESENTATION_REPRESENTATION (  '', ( #4546 ), #1015 ) ;
#1602 = ORIENTED_EDGE ( 'NONE', *, *, #7088, .F. ) ;
#1603 = MECHANICAL_DESIGN_GEOMETRIC_PRESENTATION_REPRESENTATION (  '', ( #4708 ), #10975 ) ;
#1604 = ORIENTED_EDGE ( 'NONE', *, *, #3055, .T. ) ;
#1605 = CARTESIAN_POINT ( 'NONE',  ( -1.949644631116431270, -3.339789882455566961, 0.9799999999999999822 ) ) ;
#1606 =( NAMED_UNIT ( * ) PLANE_ANGLE_UNIT ( ) SI_UNIT ( $, .RADIAN. ) );
#1607 = B_SPLINE_CURVE_WITH_KNOTS ( 'NONE', 3,
 ( #458, #6992, #10618, #1237 ),
 .UNSPECIFIED., .F., .F.,
 ( 4, 4 ),
 ( 5.000000000000000000, 6.000000000000000000 ),
 .UNSPECIFIED. ) ;
#1608 = CARTESIAN_POINT ( 'NONE',  ( -0.8518984576790159524, -3.201166618736268621, 0.9800000000000002043 ) ) ;
#1609 = CARTESIAN_POINT ( 'NONE',  ( -0.2658908960417202816, -3.226120808728545342, 0.9810000000000000941 ) ) ;
#1610 = B_SPLINE_SURFACE_WITH_KNOTS ( 'NONE', 3, 1, ( 
 ( #8728, #4250 ),
 ( #6200, #10002 ),
 ( #2539, #6142 ),
 ( #7951, #11729 ) ),
 .UNSPECIFIED., .F., .F., .F.,
 ( 4, 4 ),
 ( 2, 2 ),
 ( 4.000000000000000000, 5.000000000000000000 ),
 ( 0.0000000000000000000, 1.000000000000000000 ),
 .UNSPECIFIED. ) ;
#1611 = AXIS2_PLACEMENT_3D ( 'NONE', #7355, #11100, #2721 ) ;
#1612 = DIRECTION ( 'NONE',  ( -0.0000000000000000000, -1.000000000000000000, -0.0000000000000000000 ) ) ;
#1613 = CARTESIAN_POINT ( 'NONE',  ( -0.8077087462353104153, -2.827789550986767431, 0.9810000000000000941 ) ) ;
#1614 =( GEOMETRIC_REPRESENTATION_CONTEXT ( 3 ) GLOBAL_UNCERTAINTY_ASSIGNED_CONTEXT ( ( #9729 ) ) GLOBAL_UNIT_ASSIGNED_CONTEXT ( ( #10234, #6026, #5125 ) ) REPRESENTATION_CONTEXT ( 'NONE', 'WORKASPACE' ) );
#1615 = FILL_AREA_STYLE ('',( #11054 ) ) ;
#1616 = EDGE_LOOP ( 'NONE', ( #5491, #4358, #12006, #7211 ) ) ;
#1617 = CARTESIAN_POINT ( 'NONE',  ( -1.116256907902850815, -2.804394997869956718, 0.9800000000000002043 ) ) ;
#1618 = B_SPLINE_CURVE_WITH_KNOTS ( 'NONE', 3,
 ( #11791, #3392, #9084, #5235 ),
 .UNSPECIFIED., .F., .F.,
 ( 4, 4 ),
 ( 3.000000000000000000, 4.000000000000000000 ),
 .UNSPECIFIED. ) ;
#1619 = VECTOR ( 'NONE', #6548, 1000.000000000000000 ) ;
#1620 = STYLED_ITEM ( 'NONE', ( #5726 ), #8427 ) ;
#1621 = STYLED_ITEM ( 'NONE', ( #10883 ), #4835 ) ;
#1622 = EDGE_LOOP ( 'NONE', ( #3957, #4242, #11603, #5474 ) ) ;
#1623 = SURFACE_STYLE_FILL_AREA ( #1871 ) ;
#1624 =( LENGTH_UNIT ( ) NAMED_UNIT ( * ) SI_UNIT ( .MILLI., .METRE. ) );
#1625 = CARTESIAN_POINT ( 'NONE',  ( -0.8007943560920566251, -3.333839728858221996, 0.9799999999999999822 ) ) ;
#1626 = EDGE_CURVE ( 'NONE', #9932, #6527, #8130, .T. ) ;
#1627 = EDGE_CURVE ( 'NONE', #11487, #3168, #8766, .T. ) ;
#1628 = DIRECTION ( 'NONE',  ( -0.0000000000000000000, 1.000000000000000000, -0.0000000000000000000 ) ) ;
#1630 = AXIS2_PLACEMENT_3D ( 'NONE', #11040, #11096, #12086 ) ;
#1629 = CARTESIAN_POINT ( 'NONE',  ( -0.9605531599343881677, -3.244108620679740262, 0.9799999999999999822 ) ) ;
#1631 = EDGE_LOOP ( 'NONE', ( #9758, #5274, #8300, #10950 ) ) ;
#1632 = CARTESIAN_POINT ( 'NONE',  ( -0.8077087462353104153, -2.827789550986767431, 0.9800000000000002043 ) ) ;
#1633 = CARTESIAN_POINT ( 'NONE',  ( -0.3744936104020317735, -3.150426432419600076, 0.9810000000000000941 ) ) ;
#1634 = VECTOR ( 'NONE', #5948, 1000.000000000000000 ) ;
#1635 = LINE ( 'NONE', #715, #6096 ) ;
#1636 = UNCERTAINTY_MEASURE_WITH_UNIT (LENGTH_MEASURE( 1.000000000000000082E-05 ), #6966, 'distance_accuracy_value', 'NONE');
#1637 = ORIENTED_EDGE ( 'NONE', *, *, #11896, .F. ) ;
#1638 = ADVANCED_FACE ( 'NONE', ( #2664 ), #1714, .F. ) ;
#1639 = CARTESIAN_POINT ( 'NONE',  ( -0.5481851703216898963, -2.904211757836307584, 0.9810000000000000941 ) ) ;
#1640 = EDGE_LOOP ( 'NONE', ( #12100, #9805, #7277, #8868 ) ) ;
#1641 = STYLED_ITEM ( 'NONE', ( #4938 ), #3364 ) ;
#1642 = EDGE_LOOP ( 'NONE', ( #8425, #11116, #6398, #5674 ) ) ;
#1643 = VECTOR ( 'NONE', #908, 1000.000000000000000 ) ;
#1644 = FILL_AREA_STYLE_COLOUR ( '', #6726 ) ;
#1645 = FILL_AREA_STYLE_COLOUR ( '', #4714 ) ;
#1646 = CARTESIAN_POINT ( 'NONE',  ( -0.2658908960417202816, -3.257625473593091847, 0.9799999999999999822 ) ) ;
#1647 =( NAMED_UNIT ( * ) PLANE_ANGLE_UNIT ( ) SI_UNIT ( $, .RADIAN. ) );
#1648 =( NAMED_UNIT ( * ) PLANE_ANGLE_UNIT ( ) SI_UNIT ( $, .RADIAN. ) );
#1649 = EDGE_LOOP ( 'NONE', ( #208, #804, #10733, #11134 ) ) ;
#1650 = CARTESIAN_POINT ( 'NONE',  ( -2.053755663270016463, -3.231340734341733967, 0.9810000000000000941 ) ) ;
#1651 = LINE ( 'NONE', #10286, #9627 ) ;
#1652 = DIRECTION ( 'NONE',  ( 0.0000000000000000000, -0.0000000000000000000, -1.000000000000000000 ) ) ;
#1653 = PRESENTATION_STYLE_ASSIGNMENT (( #7105 ) ) ;
#1654 = MECHANICAL_DESIGN_GEOMETRIC_PRESENTATION_REPRESENTATION (  '', ( #870 ), #1251 ) ;
#1655 = ORIENTED_EDGE ( 'NONE', *, *, #8100, .F. ) ;
#1656 = COLOUR_RGB ( '',0.0000000000000000000, 0.0000000000000000000, 0.0000000000000000000 ) ;
#1657 = EDGE_CURVE ( 'NONE', #8235, #9958, #2677, .T. ) ;
#1658 = EDGE_CURVE ( 'NONE', #5555, #11085, #5392, .T. ) ;
#1659 =( LENGTH_UNIT ( ) NAMED_UNIT ( * ) SI_UNIT ( .MILLI., .METRE. ) );
#1660 = CARTESIAN_POINT ( 'NONE',  ( -0.7409043001118279514, -3.396745082795791237, 0.9799999999999999822 ) ) ;
#1661 = CARTESIAN_POINT ( 'NONE',  ( -1.443549121416401793, -3.326775920696483979, 0.9810000000000000941 ) ) ;
#1662 = DIRECTION ( 'NONE',  ( 0.0000000000000000000, -1.000000000000000000, 0.0000000000000000000 ) ) ;
#1663 = ORIENTED_EDGE ( 'NONE', *, *, #4045, .F. ) ;
#1664 = ORIENTED_EDGE ( 'NONE', *, *, #4344, .F. ) ;
#1665 = LINE ( 'NONE', #9132, #10453 ) ;
#1666 = SURFACE_STYLE_USAGE ( .BOTH. , #6953 ) ;
#1667 = PRESENTATION_STYLE_ASSIGNMENT (( #9136 ) ) ;
#1668 = DIRECTION ( 'NONE',  ( -0.3559357243643079816, 0.9345104387438672999, -0.0000000000000000000 ) ) ;
#1669 = CARTESIAN_POINT ( 'NONE',  ( 7.500000000000000000, 3.799999999999999822, 0.0000000000000000000 ) ) ;
#1670 = B_SPLINE_CURVE_WITH_KNOTS ( 'NONE', 3,
 ( #884, #11297, #10312, #9339 ),
 .UNSPECIFIED., .F., .F.,
 ( 4, 4 ),
 ( 2.000000000000000000, 3.000000000000000000 ),
 .UNSPECIFIED. ) ;
#1671 = ORIENTED_EDGE ( 'NONE', *, *, #2241, .T. ) ;
#1672 = EDGE_LOOP ( 'NONE', ( #6453, #542, #8109, #3136 ) ) ;
#1673 = SURFACE_STYLE_FILL_AREA ( #5396 ) ;
#1674 = FACE_BOUND ( 'NONE', #11805, .T. ) ;
#1675 = DIRECTION ( 'NONE',  ( -0.0000000000000000000, -1.000000000000000000, -0.0000000000000000000 ) ) ;
#1676 = UNCERTAINTY_MEASURE_WITH_UNIT (LENGTH_MEASURE( 1.000000000000000082E-05 ), #516, 'distance_accuracy_value', 'NONE');
#1677 = CARTESIAN_POINT ( 'NONE',  ( -1.964104475242384407, -2.869844010648710864, 0.9799999999999999822 ) ) ;
#1678 = SURFACE_SIDE_STYLE ('',( #3645 ) ) ;
#1679 = EDGE_LOOP ( 'NONE', ( #2692, #6598, #4195, #1475, #12065, #2795 ) ) ;
#1680 =( NAMED_UNIT ( * ) SI_UNIT ( $, .STERADIAN. ) SOLID_ANGLE_UNIT ( ) );
#1681 = CARTESIAN_POINT ( 'NONE',  ( -0.5481851703216898963, -2.904211757836307584, 0.9800000000000002043 ) ) ;
#1682 = LINE ( 'NONE', #11053, #9128 ) ;
#1683 = CARTESIAN_POINT ( 'NONE',  ( -2.209922321820471769, -3.215434952690258807, 0.9800000000000002043 ) ) ;
#1684 = ORIENTED_EDGE ( 'NONE', *, *, #6793, .T. ) ;
#1685 =( NAMED_UNIT ( * ) PLANE_ANGLE_UNIT ( ) SI_UNIT ( $, .RADIAN. ) );
#1686 = VERTEX_POINT ( 'NONE', #3714 ) ;
#1687 = UNCERTAINTY_MEASURE_WITH_UNIT (LENGTH_MEASURE( 1.000000000000000082E-05 ), #11608, 'distance_accuracy_value', 'NONE');
#1688 = FACE_OUTER_BOUND ( 'NONE', #3101, .T. ) ;
#1689 = SURFACE_STYLE_USAGE ( .BOTH. , #11928 ) ;
#1690 = CARTESIAN_POINT ( 'NONE',  ( -0.9755256739289275281, -3.306390119868237942, 0.9810000000000000941 ) ) ;
#1691 = CARTESIAN_POINT ( 'NONE',  ( -0.8501308692212133922, -3.247331870220810046, 0.9810000000000000941 ) ) ;
#1692 = ORIENTED_EDGE ( 'NONE', *, *, #9860, .F. ) ;
#1693 = CARTESIAN_POINT ( 'NONE',  ( -2.675735931288072411, -3.799999999999999822, 0.9799999999999999822 ) ) ;
#1694 = CARTESIAN_POINT ( 'NONE',  ( -1.398723541192248954, -3.130121687562049448, 0.9810000000000000941 ) ) ;
#1695 =( NAMED_UNIT ( * ) PLANE_ANGLE_UNIT ( ) SI_UNIT ( $, .RADIAN. ) );
#1696 = CARTESIAN_POINT ( 'NONE',  ( -0.7855619026180425957, -3.306494095659747057, 0.9810000000000000941 ) ) ;
#1697 = ORIENTED_EDGE ( 'NONE', *, *, #6204, .T. ) ;
#1698 = EDGE_CURVE ( 'NONE', #5994, #11565, #1927, .T. ) ;
#1699 = PRESENTATION_STYLE_ASSIGNMENT (( #10088 ) ) ;
#1700 = VERTEX_POINT ( 'NONE', #5656 ) ;
#1701 = ORIENTED_EDGE ( 'NONE', *, *, #9721, .F. ) ;
#1702 = CARTESIAN_POINT ( 'NONE',  ( -1.035259766221189093, -2.984585044767507966, 0.9810000000000000941 ) ) ;
#1703 = CARTESIAN_POINT ( 'NONE',  ( -0.9175071821987061949, -3.238078024765040475, 0.9810000000000000941 ) ) ;
#1704 = CARTESIAN_POINT ( 'NONE',  ( -0.3306678142293116851, -3.156768955710224756, 0.9800000000000002043 ) ) ;
#1705 = VERTEX_POINT ( 'NONE', #6394 ) ;
#1706 = CARTESIAN_POINT ( 'NONE',  ( -1.579471882353748358, -3.331113871176613284, 0.9810000000000000941 ) ) ;
#1707 = SURFACE_SIDE_STYLE ('',( #11081 ) ) ;
#1708 = FACE_OUTER_BOUND ( 'NONE', #3515, .T. ) ;
#1709 = VECTOR ( 'NONE', #5536, 1000.000000000000000 ) ;
#1710 =( NAMED_UNIT ( * ) SI_UNIT ( $, .STERADIAN. ) SOLID_ANGLE_UNIT ( ) );
#1711 = MECHANICAL_DESIGN_GEOMETRIC_PRESENTATION_REPRESENTATION (  '', ( #156 ), #7928 ) ;
#1712 = VERTEX_POINT ( 'NONE', #1748 ) ;
#1713 = EDGE_CURVE ( 'NONE', #10058, #820, #778, .T. ) ;
#1714 = B_SPLINE_SURFACE_WITH_KNOTS ( 'NONE', 3, 1, ( 
 ( #8253, #1793 ),
 ( #152, #9222 ),
 ( #9409, #11994 ),
 ( #3604, #1812 ) ),
 .UNSPECIFIED., .F., .F., .F.,
 ( 4, 4 ),
 ( 2, 2 ),
 ( 7.000000000000000000, 8.000000000000000000 ),
 ( 0.0000000000000000000, 1.000000000000000000 ),
 .UNSPECIFIED. ) ;
#1715 = SURFACE_STYLE_USAGE ( .BOTH. , #10109 ) ;
#1716 = FILL_AREA_STYLE_COLOUR ( '', #10573 ) ;
#1717 = VECTOR ( 'NONE', #737, 1000.000000000000000 ) ;
#1718 = FILL_AREA_STYLE ('',( #11035 ) ) ;
#1719 = EDGE_CURVE ( 'NONE', #5514, #3400, #10142, .T. ) ;
#1721 = ORIENTED_EDGE ( 'NONE', *, *, #9953, .T. ) ;
#1720 = EDGE_CURVE ( 'NONE', #7186, #9850, #4570, .T. ) ;
#1722 = ORIENTED_EDGE ( 'NONE', *, *, #8121, .F. ) ;
#1723 = SURFACE_STYLE_USAGE ( .BOTH. , #4603 ) ;
#1724 = SURFACE_STYLE_USAGE ( .BOTH. , #6440 ) ;
#1725 = DIRECTION ( 'NONE',  ( -1.000000000000000000, 0.0000000000000000000, 0.0000000000000000000 ) ) ;
#1726 = COLOUR_RGB ( '',0.0000000000000000000, 0.0000000000000000000, 0.0000000000000000000 ) ;
#1727 = CARTESIAN_POINT ( 'NONE',  ( -7.500000000000000000, -3.799999999999999822, 0.0000000000000000000 ) ) ;
#1728 = COLOUR_RGB ( '',0.0000000000000000000, 0.0000000000000000000, 0.0000000000000000000 ) ;
#1729 = COLOUR_RGB ( '',0.0000000000000000000, 0.0000000000000000000, 0.0000000000000000000 ) ;
#1730 = DIRECTION ( 'NONE',  ( -0.5048830486499203962, 0.8631877589412179086, 0.0000000000000000000 ) ) ;
#1731 = VERTEX_POINT ( 'NONE', #5408 ) ;
#1732 = CARTESIAN_POINT ( 'NONE',  ( -0.9879507810293111092, -3.329992624568071768, 0.9800000000000002043 ) ) ;
#1733 = SURFACE_SIDE_STYLE ('',( #8120 ) ) ;
#1734 = B_SPLINE_CURVE_WITH_KNOTS ( 'NONE', 3,
 ( #5126, #10523, #2074, #2131 ),
 .UNSPECIFIED., .F., .F.,
 ( 4, 4 ),
 ( 27.00000000000000000, 28.00000000000000000 ),
 .UNSPECIFIED. ) ;
#1735 =( NAMED_UNIT ( * ) PLANE_ANGLE_UNIT ( ) SI_UNIT ( $, .RADIAN. ) );
#1736 = PLANE ( 'NONE',  #9594 ) ;
#1737 = VECTOR ( 'NONE', #9335, 1000.000000000000000 ) ;
#1738 = CARTESIAN_POINT ( 'NONE',  ( -0.8156109063993235431, -3.313044570532008848, 0.9800000000000002043 ) ) ;
#1739 = VERTEX_POINT ( 'NONE', #8274 ) ;
#1740 = LINE ( 'NONE', #11340, #10899 ) ;
#1741 = CARTESIAN_POINT ( 'NONE',  ( -0.9445408880226360271, -3.181827121492629473, 0.9799999999999999822 ) ) ;
#1742 = PRESENTATION_STYLE_ASSIGNMENT (( #10132 ) ) ;
#1743 =( LENGTH_UNIT ( ) NAMED_UNIT ( * ) SI_UNIT ( .MILLI., .METRE. ) );
#1744 = ORIENTED_EDGE ( 'NONE', *, *, #10395, .F. ) ;
#1745 = CARTESIAN_POINT ( 'NONE',  ( -1.816613800392248290, -2.836586302968011619, 0.9800000000000002043 ) ) ;
#1746 = COLOUR_RGB ( '',0.0000000000000000000, 0.0000000000000000000, 0.0000000000000000000 ) ;
#1747 = ORIENTED_EDGE ( 'NONE', *, *, #9263, .F. ) ;
#1748 = CARTESIAN_POINT ( 'NONE',  ( -0.8573571867396971857, -3.224353220270048226, 0.9799999999999999822 ) ) ;
#1749 = LINE ( 'NONE', #4682, #11952 ) ;
#1750 = CARTESIAN_POINT ( 'NONE',  ( -1.362573861928358276, -3.266044448500084574, 0.9799999999999999822 ) ) ;
#1751 = VERTEX_POINT ( 'NONE', #12054 ) ;
#1752 = CARTESIAN_POINT ( 'NONE',  ( -0.9175071821987060838, -3.257521497800196286, 0.9810000000000000941 ) ) ;
#1753 =( LENGTH_UNIT ( ) NAMED_UNIT ( * ) SI_UNIT ( .MILLI., .METRE. ) );
#1754 = SURFACE_STYLE_USAGE ( .BOTH. , #8087 ) ;
#1755 = PRESENTATION_LAYER_ASSIGNMENT (  '', '', ( #1556 ) ) ;
#1757 = ORIENTED_EDGE ( 'NONE', *, *, #8584, .F. ) ;
#1756 = B_SPLINE_CURVE_WITH_KNOTS ( 'NONE', 3,
 ( #9532, #1124, #6588, #1926 ),
 .UNSPECIFIED., .F., .F.,
 ( 4, 4 ),
 ( 6.000000000000000000, 7.000000000000000000 ),
 .UNSPECIFIED. ) ;
#1758 = CARTESIAN_POINT ( 'NONE',  ( -0.5554114878401739119, -2.949337251404330118, 0.9810000000000000941 ) ) ;
#1759 = ORIENTED_EDGE ( 'NONE', *, *, #7618, .F. ) ;
#1760 = VERTEX_POINT ( 'NONE', #3655 ) ;
#1761 = VECTOR ( 'NONE', #1006, 1000.000000000000000 ) ;
#1762 =( LENGTH_UNIT ( ) NAMED_UNIT ( * ) SI_UNIT ( .MILLI., .METRE. ) );
#1763 = FILL_AREA_STYLE_COLOUR ( '', #4357 ) ;
#1764 = CIRCLE ( 'NONE', #11559, 0.3000000000000006550 ) ;
#1765 = LINE ( 'NONE', #5495, #7026 ) ;
#1766 = FILL_AREA_STYLE_COLOUR ( '', #9989 ) ;
#1767 = CARTESIAN_POINT ( 'NONE',  ( -0.8746691560460576609, -2.974187465603711278, 0.9810000000000000941 ) ) ;
#1768 = VERTEX_POINT ( 'NONE', #6468 ) ;
#1769 = PRESENTATION_STYLE_ASSIGNMENT (( #6293 ) ) ;
#1770 =( NAMED_UNIT ( * ) SI_UNIT ( $, .STERADIAN. ) SOLID_ANGLE_UNIT ( ) );
#1771 = SURFACE_STYLE_FILL_AREA ( #11145 ) ;
#1772 =( LENGTH_UNIT ( ) NAMED_UNIT ( * ) SI_UNIT ( .MILLI., .METRE. ) );
#1773 = COLOUR_RGB ( '',0.9686274509803921573, 0.8784313725490195957, 0.5999999999999999778 ) ;
#1774 = MECHANICAL_DESIGN_GEOMETRIC_PRESENTATION_REPRESENTATION (  '', ( #11363 ), #1353 ) ;
#1775 = ORIENTED_EDGE ( 'NONE', *, *, #5003, .F. ) ;
#1776 = CARTESIAN_POINT ( 'NONE',  ( -0.6302220699198716192, -3.007771646301292012, 0.9810000000000000941 ) ) ;
#1777 = ADVANCED_FACE ( 'NONE', ( #11249 ), #5622, .T. ) ;
#1778 = FILL_AREA_STYLE_COLOUR ( '', #6470 ) ;
#1779 = CARTESIAN_POINT ( 'NONE',  ( -0.6797145467369921645, -3.294328928038837923, 0.9810000000000000941 ) ) ;
#1780 = ORIENTED_EDGE ( 'NONE', *, *, #3502, .F. ) ;
#1781 =( LENGTH_UNIT ( ) NAMED_UNIT ( * ) SI_UNIT ( .MILLI., .METRE. ) );
#1782 = EDGE_CURVE ( 'NONE', #5244, #11072, #7256, .T. ) ;
#1783 = FILL_AREA_STYLE_COLOUR ( '', #265 ) ;
#1784 = ADVANCED_FACE ( 'NONE', ( #1688 ), #10498, .T. ) ;
#1785 = ORIENTED_EDGE ( 'NONE', *, *, #11222, .F. ) ;
#1786 = CARTESIAN_POINT ( 'NONE',  ( -0.3553100768456650127, -3.007771646301291568, 0.9810000000000000941 ) ) ;
#1787 = UNCERTAINTY_MEASURE_WITH_UNIT (LENGTH_MEASURE( 1.000000000000000082E-05 ), #11303, 'distance_accuracy_value', 'NONE');
#1788 =( GEOMETRIC_REPRESENTATION_CONTEXT ( 3 ) GLOBAL_UNCERTAINTY_ASSIGNED_CONTEXT ( ( #7862 ) ) GLOBAL_UNIT_ASSIGNED_CONTEXT ( ( #85, #2776, #6506 ) ) REPRESENTATION_CONTEXT ( 'NONE', 'WORKASPACE' ) );
#1789 = EDGE_CURVE ( 'NONE', #8128, #10813, #2044, .T. ) ;
#1790 = B_SPLINE_CURVE_WITH_KNOTS ( 'NONE', 3,
 ( #11270, #1956, #4766, #11089 ),
 .UNSPECIFIED., .F., .F.,
 ( 4, 4 ),
 ( 5.000000000000000000, 6.000000000000000000 ),
 .UNSPECIFIED. ) ;
#1791 = PLANE ( 'NONE',  #12005 ) ;
#1792 = ORIENTED_EDGE ( 'NONE', *, *, #10781, .F. ) ;
#1793 = CARTESIAN_POINT ( 'NONE',  ( -0.9226019959884024235, -2.824670277238598537, 0.9799999999999999822 ) ) ;
#1794 = CARTESIAN_POINT ( 'NONE',  ( -1.949644631116431270, -3.339789882455566961, 0.9810000000000000941 ) ) ;
#1795 = SURFACE_SIDE_STYLE ('',( #2852 ) ) ;
#1796 = CARTESIAN_POINT ( 'NONE',  ( -0.4802889783873196539, -3.007771646301291568, 0.9810000000000000941 ) ) ;
#1797 = ORIENTED_EDGE ( 'NONE', *, *, #2610, .F. ) ;
#1798 = LINE ( 'NONE', #2023, #5802 ) ;
#1799 = PRESENTATION_LAYER_ASSIGNMENT (  '', '', ( #823 ) ) ;
#1800 = UNCERTAINTY_MEASURE_WITH_UNIT (LENGTH_MEASURE( 1.000000000000000082E-05 ), #4100, 'distance_accuracy_value', 'NONE');
#1801 = MECHANICAL_DESIGN_GEOMETRIC_PRESENTATION_REPRESENTATION (  '', ( #11783 ), #2792 ) ;
#1802 = VECTOR ( 'NONE', #430, 1000.000000000000000 ) ;
#1803 = VERTEX_POINT ( 'NONE', #10443 ) ;
#1804 = CARTESIAN_POINT ( 'NONE',  ( -0.3841633590238469620, -2.929165947827201855, 0.9810000000000000941 ) ) ;
#1805 = VECTOR ( 'NONE', #93, 1000.000000000000000 ) ;
#1806 = ADVANCED_FACE ( 'NONE', ( #160 ), #8238, .F. ) ;
#1807 = VECTOR ( 'NONE', #7510, 1000.000000000000000 ) ;
#1808 = ORIENTED_EDGE ( 'NONE', *, *, #3272, .F. ) ;
#1809 = PRESENTATION_LAYER_ASSIGNMENT (  '', '', ( #4925 ) ) ;
#1810 = UNCERTAINTY_MEASURE_WITH_UNIT (LENGTH_MEASURE( 1.000000000000000082E-05 ), #4556, 'distance_accuracy_value', 'NONE');
#1811 = VECTOR ( 'NONE', #742, 1000.000000000000000 ) ;
#1812 = CARTESIAN_POINT ( 'NONE',  ( -0.8746691560460576609, -2.836731469066607225, 0.9799999999999999822 ) ) ;
#1813 = CARTESIAN_POINT ( 'NONE',  ( -0.1639946202437250755, -3.153025827211590304, 0.9810000000000000941 ) ) ;
#1814 = DIRECTION ( 'NONE',  ( -0.0000000000000000000, -0.0000000000000000000, -1.000000000000000000 ) ) ;
#1815 = CARTESIAN_POINT ( 'NONE',  ( -0.2546095226514470955, -3.330408527734124657, 0.9810000000000000941 ) ) ;
#1816 = ORIENTED_EDGE ( 'NONE', *, *, #3008, .F. ) ;
#1817 = STYLED_ITEM ( 'NONE', ( #9490 ), #2633 ) ;
#1818 = EDGE_CURVE ( 'NONE', #9598, #9878, #8591, .T. ) ;
#1819 = FACE_OUTER_BOUND ( 'NONE', #9249, .T. ) ;
#1820 = B_SPLINE_SURFACE_WITH_KNOTS ( 'NONE', 3, 1, ( 
 ( #7751, #3129 ),
 ( #6863, #4463 ),
 ( #3623, #4531 ),
 ( #11951, #1588 ) ),
 .UNSPECIFIED., .F., .F., .F.,
 ( 4, 4 ),
 ( 2, 2 ),
 ( 4.000000000000000000, 5.000000000000000000 ),
 ( 0.0000000000000000000, 1.000000000000000000 ),
 .UNSPECIFIED. ) ;
#1821 = STYLED_ITEM ( 'NONE', ( #6235 ), #4632 ) ;
#1822 = ORIENTED_EDGE ( 'NONE', *, *, #6763, .T. ) ;
#1823 = CARTESIAN_POINT ( 'NONE',  ( -0.7245801008262332532, -2.984585044767507966, 0.9800000000000002043 ) ) ;
#1824 = EDGE_LOOP ( 'NONE', ( #4325, #9086, #8025, #7138 ) ) ;
#1825 = VERTEX_POINT ( 'NONE', #9533 ) ;
#1826 = STYLED_ITEM ( 'NONE', ( #3441 ), #2923 ) ;
#1827 = SURFACE_STYLE_FILL_AREA ( #5493 ) ;
#1828 = CARTESIAN_POINT ( 'NONE',  ( -1.468130859187484649, -2.895871782478157019, 0.9810000000000000941 ) ) ;
#1829 = MECHANICAL_DESIGN_GEOMETRIC_PRESENTATION_REPRESENTATION (  '', ( #7304 ), #10046 ) ;
#1830 = CARTESIAN_POINT ( 'NONE',  ( 2.675735931288064862, -3.799999999999999822, 0.1999999999999999833 ) ) ;
#1831 = ORIENTED_EDGE ( 'NONE', *, *, #6465, .T. ) ;
#1832 = CARTESIAN_POINT ( 'NONE',  ( -0.8233571028760637844, -3.207925045192944413, 0.9810000000000000941 ) ) ;
#1833 = UNCERTAINTY_MEASURE_WITH_UNIT (LENGTH_MEASURE( 1.000000000000000082E-05 ), #5196, 'distance_accuracy_value', 'NONE');
#1834 =( LENGTH_UNIT ( ) NAMED_UNIT ( * ) SI_UNIT ( .MILLI., .METRE. ) );
#1835 = SURFACE_SIDE_STYLE ('',( #1771 ) ) ;
#1836 = SURFACE_STYLE_USAGE ( .BOTH. , #5273 ) ;
#1837 = ORIENTED_EDGE ( 'NONE', *, *, #4322, .F. ) ;
#1838 = CARTESIAN_POINT ( 'NONE',  ( -1.494158672385574205, -3.331113871176613284, 0.9799999999999999822 ) ) ;
#1839 = AXIS2_PLACEMENT_3D ( 'NONE', #4779, #2961, #9266 ) ;
#1840 = DIRECTION ( 'NONE',  ( -1.000000000000000000, 0.0000000000000000000, 0.0000000000000000000 ) ) ;
#1841 = PRESENTATION_STYLE_ASSIGNMENT (( #9977 ) ) ;
#1842 = LINE ( 'NONE', #134, #6862 ) ;
#1843 = SURFACE_SIDE_STYLE ('',( #3690 ) ) ;
#1844 = VECTOR ( 'NONE', #617, 1000.000000000000000 ) ;
#1845 = VERTEX_POINT ( 'NONE', #3941 ) ;
#1846 = CARTESIAN_POINT ( 'NONE',  ( -0.8746691560460573278, -2.974187465603711278, 0.9810000000000000941 ) ) ;
#1847 = CARTESIAN_POINT ( 'NONE',  ( -0.8501308692212133922, -3.247331870220810046, 0.9810000000000000941 ) ) ;
#1848 = FILL_AREA_STYLE_COLOUR ( '', #11772 ) ;
#1849 = STYLED_ITEM ( 'NONE', ( #1667 ), #3 ) ;
#1850 = DIRECTION ( 'NONE',  ( -1.000000000000000000, -0.0000000000000000000, -0.0000000000000000000 ) ) ;
#1851 = CARTESIAN_POINT ( 'NONE',  ( -1.997362169133766852, -2.866952039066210212, 0.9810000000000000941 ) ) ;
#1852 = CARTESIAN_POINT ( 'NONE',  ( -7.500000000000000000, -3.799999999999999822, 0.4799999999999999822 ) ) ;
#1853 = EDGE_CURVE ( 'NONE', #8258, #515, #112, .T. ) ;
#1854 = ADVANCED_FACE ( 'NONE', ( #11307 ), #7666, .F. ) ;
#1855 = CARTESIAN_POINT ( 'NONE',  ( -1.968442425721822264, -2.953711186560602719, 0.9810000000000000941 ) ) ;
#1856 = ORIENTED_EDGE ( 'NONE', *, *, #4687, .T. ) ;
#1857 = LINE ( 'NONE', #2901, #8024 ) ;
#1858 = FACE_BOUND ( 'NONE', #8210, .T. ) ;
#1859 = CARTESIAN_POINT ( 'NONE',  ( -2.075445470828630512, -2.953711186560602719, 0.9810000000000000941 ) ) ;
#1860 = CARTESIAN_POINT ( 'NONE',  ( -0.8233571028760637844, -3.207925045192944413, 0.9799999999999999822 ) ) ;
#1861 = DIRECTION ( 'NONE',  ( -0.3315284183504029758, -0.9434452330824933952, 0.0000000000000000000 ) ) ;
#1862 = CARTESIAN_POINT ( 'NONE',  ( -0.8575131504269682958, -3.299007838662480818, 0.9799999999999999822 ) ) ;
#1863 = ORIENTED_EDGE ( 'NONE', *, *, #1557, .T. ) ;
#1864 = CARTESIAN_POINT ( 'NONE',  ( -0.8920331132488582560, -3.236934291058397140, 0.9799999999999999822 ) ) ;
#1865 = FACE_OUTER_BOUND ( 'NONE', #425, .T. ) ;
#1866 = EDGE_LOOP ( 'NONE', ( #6281, #900, #4610, #9375 ) ) ;
#1867 = CARTESIAN_POINT ( 'NONE',  ( -0.9975685417553713519, -2.830908824736320550, 0.9810000000000000941 ) ) ;
#1868 = EDGE_CURVE ( 'NONE', #9322, #1712, #6581, .T. ) ;
#1869 = FILL_AREA_STYLE_COLOUR ( '', #11129 ) ;
#1870 = ORIENTED_EDGE ( 'NONE', *, *, #1340, .T. ) ;
#1871 = FILL_AREA_STYLE ('',( #2617 ) ) ;
#1872 = AXIS2_PLACEMENT_3D ( 'NONE', #5164, #9922, #8064 ) ;
#1873 = CARTESIAN_POINT ( 'NONE',  ( -1.862885400882674958, -3.283396360739304853, 0.9810000000000000941 ) ) ;
#1874 = LINE ( 'NONE', #8401, #4815 ) ;
#1875 = EDGE_CURVE ( 'NONE', #11141, #6503, #9883, .T. ) ;
#1876 = ADVANCED_FACE ( 'NONE', ( #8851 ), #738, .F. ) ;
#1877 =( LENGTH_UNIT ( ) NAMED_UNIT ( * ) SI_UNIT ( .MILLI., .METRE. ) );
#1878 = SURFACE_STYLE_USAGE ( .BOTH. , #11708 ) ;
#1879 = ORIENTED_EDGE ( 'NONE', *, *, #3225, .T. ) ;
#1880 = ORIENTED_EDGE ( 'NONE', *, *, #244, .F. ) ;
#1881 = ORIENTED_EDGE ( 'NONE', *, *, #1108, .F. ) ;
#1882 = SURFACE_STYLE_USAGE ( .BOTH. , #6601 ) ;
#1883 = EDGE_CURVE ( 'NONE', #8903, #1998, #4197, .T. ) ;
#1884 = FILL_AREA_STYLE ('',( #11076 ) ) ;
#1885 =( NAMED_UNIT ( * ) SI_UNIT ( $, .STERADIAN. ) SOLID_ANGLE_UNIT ( ) );
#1886 = VERTEX_POINT ( 'NONE', #525 ) ;
#1887 = PRESENTATION_STYLE_ASSIGNMENT (( #6488 ) ) ;
#1888 = CARTESIAN_POINT ( 'NONE',  ( -1.043525841656193887, -3.215515277981726872, 0.9810000000000000941 ) ) ;
#1889 = UNCERTAINTY_MEASURE_WITH_UNIT (LENGTH_MEASURE( 1.000000000000000082E-05 ), #3018, 'distance_accuracy_value', 'NONE');
#1890 = EDGE_LOOP ( 'NONE', ( #7181, #8018, #7601, #1165 ) ) ;
#1891 = AXIS2_PLACEMENT_3D ( 'NONE', #8233, #11883, #7224 ) ;
#1892 =( LENGTH_UNIT ( ) NAMED_UNIT ( * ) SI_UNIT ( .MILLI., .METRE. ) );
#1893 = CARTESIAN_POINT ( 'NONE',  ( -1.443549121416401793, -3.326775920696483979, 0.9799999999999999822 ) ) ;
#1894 = DIRECTION ( 'NONE',  ( -1.000000000000000000, 0.0000000000000000000, 0.0000000000000000000 ) ) ;
#1895 = LINE ( 'NONE', #4712, #6143 ) ;
#1896 =( NAMED_UNIT ( * ) PLANE_ANGLE_UNIT ( ) SI_UNIT ( $, .RADIAN. ) );
#1897 =( GEOMETRIC_REPRESENTATION_CONTEXT ( 3 ) GLOBAL_UNCERTAINTY_ASSIGNED_CONTEXT ( ( #8294 ) ) GLOBAL_UNIT_ASSIGNED_CONTEXT ( ( #11591, #5214, #2508 ) ) REPRESENTATION_CONTEXT ( 'NONE', 'WORKASPACE' ) );
#1898 = ORIENTED_EDGE ( 'NONE', *, *, #4410, .T. ) ;
#1899 =( NAMED_UNIT ( * ) PLANE_ANGLE_UNIT ( ) SI_UNIT ( $, .RADIAN. ) );
#1900 = FILL_AREA_STYLE ('',( #252 ) ) ;
#1901 = SURFACE_SIDE_STYLE ('',( #27 ) ) ;
#1902 = DIRECTION ( 'NONE',  ( 0.0000000000000000000, 0.0000000000000000000, -1.000000000000000000 ) ) ;
#1903 = UNCERTAINTY_MEASURE_WITH_UNIT (LENGTH_MEASURE( 1.000000000000000082E-05 ), #11430, 'distance_accuracy_value', 'NONE');
#1904 = PRESENTATION_STYLE_ASSIGNMENT (( #1970 ) ) ;
#1905 = STYLED_ITEM ( 'NONE', ( #3300 ), #6436 ) ;
#1906 =( NAMED_UNIT ( * ) PLANE_ANGLE_UNIT ( ) SI_UNIT ( $, .RADIAN. ) );
#1907 = ORIENTED_EDGE ( 'NONE', *, *, #1366, .F. ) ;
#1908 = DIRECTION ( 'NONE',  ( -0.0000000000000000000, -0.0000000000000000000, -1.000000000000000000 ) ) ;
#1909 = CARTESIAN_POINT ( 'NONE',  ( -1.026941702891116748, -2.877178052012376419, 0.9799999999999999822 ) ) ;
#1910 = CARTESIAN_POINT ( 'NONE',  ( -0.6302220699198716192, -3.007771646301292012, 0.9810000000000000941 ) ) ;
#1911 = CARTESIAN_POINT ( 'NONE',  ( -0.9945532437980212359, -3.220090212813853103, 0.9810000000000000941 ) ) ;
#1912 = DIRECTION ( 'NONE',  ( 0.9409537876760559749, -0.3385350343141514950, 0.0000000000000000000 ) ) ;
#1913 = ORIENTED_EDGE ( 'NONE', *, *, #4108, .F. ) ;
#1914 = B_SPLINE_SURFACE_WITH_KNOTS ( 'NONE', 3, 1, ( 
 ( #4872, #9495 ),
 ( #301, #4027 ),
 ( #7732, #5914 ),
 ( #11505, #3110 ) ),
 .UNSPECIFIED., .F., .F., .F.,
 ( 4, 4 ),
 ( 2, 2 ),
 ( 3.000000000000000000, 4.000000000000000000 ),
 ( 0.0000000000000000000, 1.000000000000000000 ),
 .UNSPECIFIED. ) ;
#1915 = STYLED_ITEM ( 'NONE', ( #10165 ), #142 ) ;
#1916 = VECTOR ( 'NONE', #3331, 1000.000000000000000 ) ;
#1917 = B_SPLINE_CURVE_WITH_KNOTS ( 'NONE', 3,
 ( #9617, #4951, #314, #3119 ),
 .UNSPECIFIED., .F., .F.,
 ( 4, 4 ),
 ( 13.00000000000000000, 14.00000000000000000 ),
 .UNSPECIFIED. ) ;
#1918 = COLOUR_RGB ( '',0.0000000000000000000, 0.0000000000000000000, 0.0000000000000000000 ) ;
#1919 =( GEOMETRIC_REPRESENTATION_CONTEXT ( 3 ) GLOBAL_UNCERTAINTY_ASSIGNED_CONTEXT ( ( #3513 ) ) GLOBAL_UNIT_ASSIGNED_CONTEXT ( ( #10107, #5275, #622 ) ) REPRESENTATION_CONTEXT ( 'NONE', 'WORKASPACE' ) );
#1920 = CARTESIAN_POINT ( 'NONE',  ( -0.7409043001118278404, -3.374078360219573192, 0.9810000000000000941 ) ) ;
#1921 = VERTEX_POINT ( 'NONE', #7947 ) ;
#1922 = COLOUR_RGB ( '',0.0000000000000000000, 0.0000000000000000000, 0.0000000000000000000 ) ;
#1923 = EDGE_CURVE ( 'NONE', #6527, #4171, #3652, .T. ) ;
#1924 = VECTOR ( 'NONE', #3834, 1000.000000000000000 ) ;
#1925 = UNCERTAINTY_MEASURE_WITH_UNIT (LENGTH_MEASURE( 1.000000000000000082E-05 ), #1055, 'distance_accuracy_value', 'NONE');
#1926 = CARTESIAN_POINT ( 'NONE',  ( -2.231612129378391263, -3.101201944150103973, 0.9810000000000000941 ) ) ;
#1927 = LINE ( 'NONE', #8206, #6419 ) ;
#1928 = SURFACE_STYLE_FILL_AREA ( #6536 ) ;
#1929 = SURFACE_STYLE_USAGE ( .BOTH. , #7668 ) ;
#1930 = LINE ( 'NONE', #3945, #5432 ) ;
#1931 = ADVANCED_FACE ( 'NONE', ( #2475 ), #879, .F. ) ;
#1932 = FILL_AREA_STYLE ('',( #223 ) ) ;
#1933 = ADVANCED_FACE ( 'NONE', ( #5466 ), #2788, .F. ) ;
#1934 = SURFACE_SIDE_STYLE ('',( #5604 ) ) ;
#1935 = VECTOR ( 'NONE', #1480, 1000.000000000000000 ) ;
#1936 = ORIENTED_EDGE ( 'NONE', *, *, #9872, .T. ) ;
#1937 = EDGE_CURVE ( 'NONE', #7034, #3973, #10309, .T. ) ;
#1938 = EDGE_CURVE ( 'NONE', #2177, #8235, #5973, .T. ) ;
#1939 = ORIENTED_EDGE ( 'NONE', *, *, #4189, .T. ) ;
#1940 = CARTESIAN_POINT ( 'NONE',  ( -0.7594119910226668768, -3.290897726914749022, 0.9810000000000000941 ) ) ;
#1941 = CARTESIAN_POINT ( 'NONE',  ( -0.6049559525544373484, -2.827789550986767431, 0.9799999999999999822 ) ) ;
#1942 = COLOUR_RGB ( '',0.7529411764705882248, 0.7529411764705882248, 0.7529411764705882248 ) ;
#1943 =( GEOMETRIC_REPRESENTATION_CONTEXT ( 3 ) GLOBAL_UNCERTAINTY_ASSIGNED_CONTEXT ( ( #9019 ) ) GLOBAL_UNIT_ASSIGNED_CONTEXT ( ( #696, #5174, #579 ) ) REPRESENTATION_CONTEXT ( 'NONE', 'WORKASPACE' ) );
#1944 = CARTESIAN_POINT ( 'NONE',  ( -0.4698913992235199677, -3.307221926200337059, 0.9810000000000000941 ) ) ;
#1945 = SURFACE_STYLE_FILL_AREA ( #7506 ) ;
#1946 = VERTEX_POINT ( 'NONE', #8384 ) ;
#1947 = CARTESIAN_POINT ( 'NONE',  ( -1.468130859187484649, -2.895871782478157019, 0.9799999999999999822 ) ) ;
#1948 = UNCERTAINTY_MEASURE_WITH_UNIT (LENGTH_MEASURE( 1.000000000000000082E-05 ), #11082, 'distance_accuracy_value', 'NONE');
#1949 = LINE ( 'NONE', #5562, #284 ) ;
#1950 = CARTESIAN_POINT ( 'NONE',  ( -1.362573861928358276, -3.266044448500084574, 0.9799999999999999822 ) ) ;
#1951 =( NAMED_UNIT ( * ) PLANE_ANGLE_UNIT ( ) SI_UNIT ( $, .RADIAN. ) );
#1952 = EDGE_LOOP ( 'NONE', ( #119, #9747, #10026, #9286, #482, #325, #2348, #5585, #6999, #5531, #6464, #1151, #9586, #8677, #6665, #9194, #4749, #934, #6812, #2714, #6998, #2165, #2918, #10276, #7923, #2070, #3109, #5349, #6533, #10797, #2284, #6404, #3022 ) ) ;
#1953 =( GEOMETRIC_REPRESENTATION_CONTEXT ( 3 ) GLOBAL_UNCERTAINTY_ASSIGNED_CONTEXT ( ( #7434 ) ) GLOBAL_UNIT_ASSIGNED_CONTEXT ( ( #639, #10861, #11915 ) ) REPRESENTATION_CONTEXT ( 'NONE', 'WORKASPACE' ) );
#1954 = CARTESIAN_POINT ( 'NONE',  ( -0.9975685417553713519, -2.830908824736320550, 0.9810000000000000941 ) ) ;
#1955 = EDGE_CURVE ( 'NONE', #10263, #2654, #6577, .T. ) ;
#1956 = CARTESIAN_POINT ( 'NONE',  ( -0.5853565158320180872, -2.834132074276004332, 0.9800000000000002043 ) ) ;
#1957 = SURFACE_STYLE_USAGE ( .BOTH. , #5685 ) ;
#1958 = CARTESIAN_POINT ( 'NONE',  ( -0.5704879776276085002, -2.846921096647376803, 0.9810000000000000941 ) ) ;
#1959 = CARTESIAN_POINT ( 'NONE',  ( -0.1977347646271890025, -3.251802829261419170, 0.9810000000000000941 ) ) ;
#1960 = DIRECTION ( 'NONE',  ( 1.000000000000000000, -0.0000000000000000000, -0.0000000000000000000 ) ) ;
#1961 = PLANE ( 'NONE',  #803 ) ;
#1962 = ORIENTED_EDGE ( 'NONE', *, *, #6117, .F. ) ;
#1963 = SURFACE_STYLE_FILL_AREA ( #194 ) ;
#1964 = CARTESIAN_POINT ( 'NONE',  ( -0.1006213752429521158, -3.330408527734125101, 0.9799999999999999822 ) ) ;
#1965 = SURFACE_STYLE_FILL_AREA ( #4774 ) ;
#1966 = VECTOR ( 'NONE', #6686, 1000.000000000000000 ) ;
#1967 = VECTOR ( 'NONE', #6590, 1000.000000000000227 ) ;
#1968 =( NAMED_UNIT ( * ) PLANE_ANGLE_UNIT ( ) SI_UNIT ( $, .RADIAN. ) );
#1969 = DIRECTION ( 'NONE',  ( -0.0000000000000000000, -0.0000000000000000000, -1.000000000000000000 ) ) ;
#1970 = SURFACE_STYLE_USAGE ( .BOTH. , #10247 ) ;
#1971 = STYLED_ITEM ( 'NONE', ( #10012 ), #2226 ) ;
#1972 = STYLED_ITEM ( 'NONE', ( #3983 ), #10407 ) ;
#1973 = PRESENTATION_LAYER_ASSIGNMENT (  '', '', ( #11363 ) ) ;
#1974 = COLOUR_RGB ( '',0.0000000000000000000, 0.0000000000000000000, 0.0000000000000000000 ) ;
#1975 = DIRECTION ( 'NONE',  ( -0.3493954794691490617, 0.9369753459544831742, 0.0000000000000000000 ) ) ;
#1976 = B_SPLINE_CURVE_WITH_KNOTS ( 'NONE', 3,
 ( #10651, #7965, #3237, #11749 ),
 .UNSPECIFIED., .F., .F.,
 ( 4, 4 ),
 ( 0.0000000000000000000, 1.000000000000000000 ),
 .UNSPECIFIED. ) ;
#1977 = ORIENTED_EDGE ( 'NONE', *, *, #9360, .F. ) ;
#1978 = DIRECTION ( 'NONE',  ( -0.0000000000000000000, -0.0000000000000000000, -1.000000000000000000 ) ) ;
#1979 =( NAMED_UNIT ( * ) SI_UNIT ( $, .STERADIAN. ) SOLID_ANGLE_UNIT ( ) );
#1980 = CARTESIAN_POINT ( 'NONE',  ( -1.838303607950860785, -3.426549002369938535, 0.9810000000000000941 ) ) ;
#1981 = CARTESIAN_POINT ( 'NONE',  ( -0.9829079551346840971, -3.281539905667470780, 0.9800000000000002043 ) ) ;
#1982 = VERTEX_POINT ( 'NONE', #12044 ) ;
#1983 = CARTESIAN_POINT ( 'NONE',  ( -0.9926816795480085664, -3.248579579720348498, 0.9810000000000000941 ) ) ;
#1984 =( GEOMETRIC_REPRESENTATION_CONTEXT ( 3 ) GLOBAL_UNCERTAINTY_ASSIGNED_CONTEXT ( ( #7284 ) ) GLOBAL_UNIT_ASSIGNED_CONTEXT ( ( #3144, #2219, #6646 ) ) REPRESENTATION_CONTEXT ( 'NONE', 'WORKASPACE' ) );
#1985 = STYLED_ITEM ( 'NONE', ( #1580 ), #10531 ) ;
#1986 = CARTESIAN_POINT ( 'NONE',  ( -0.7757881782047097996, -3.322298415987779752, 0.9799999999999999822 ) ) ;
#1987 = ORIENTED_EDGE ( 'NONE', *, *, #7456, .F. ) ;
#1988 = VECTOR ( 'NONE', #1628, 1000.000000000000000 ) ;
#1989 = FILL_AREA_STYLE_COLOUR ( '', #6279 ) ;
#1990 = SURFACE_STYLE_USAGE ( .BOTH. , #5953 ) ;
#1991 = FILL_AREA_STYLE ('',( #6469 ) ) ;
#1992 =( GEOMETRIC_REPRESENTATION_CONTEXT ( 3 ) GLOBAL_UNCERTAINTY_ASSIGNED_CONTEXT ( ( #11347 ) ) GLOBAL_UNIT_ASSIGNED_CONTEXT ( ( #1575, #5313, #496 ) ) REPRESENTATION_CONTEXT ( 'NONE', 'WORKASPACE' ) );
#1993 = COLOUR_RGB ( '',0.0000000000000000000, 0.0000000000000000000, 0.0000000000000000000 ) ;
#1994 = LINE ( 'NONE', #11373, #3290 ) ;
#1995 = EDGE_CURVE ( 'NONE', #10677, #1921, #40, .T. ) ;
#1996 = PRESENTATION_STYLE_ASSIGNMENT (( #10390 ) ) ;
#1997 = STYLED_ITEM ( 'NONE', ( #2694 ), #4915 ) ;
#1998 = VERTEX_POINT ( 'NONE', #4425 ) ;
#1999 = MECHANICAL_DESIGN_GEOMETRIC_PRESENTATION_REPRESENTATION (  '', ( #3190 ), #10425 ) ;
#2000 = EDGE_CURVE ( 'NONE', #3555, #1739, #11916, .T. ) ;
#2001 = ORIENTED_EDGE ( 'NONE', *, *, #1061, .T. ) ;
#2002 = ADVANCED_FACE ( 'NONE', ( #2093 ), #7483, .F. ) ;
#2003 = PLANE ( 'NONE',  #5911 ) ;
#2004 = CARTESIAN_POINT ( 'NONE',  ( -1.008745939355516041, -3.291521581663829910, 0.9810000000000000941 ) ) ;
#2005 = FILL_AREA_STYLE_COLOUR ( '', #809 ) ;
#2006 = ORIENTED_EDGE ( 'NONE', *, *, #8065, .F. ) ;
#2007 = SURFACE_SIDE_STYLE ('',( #11264 ) ) ;
#2008 = CARTESIAN_POINT ( 'NONE',  ( -1.997362169133766852, -2.866952039066210212, 0.9799999999999999822 ) ) ;
#2009 = PRESENTATION_LAYER_ASSIGNMENT (  '', '', ( #1620 ) ) ;
#2010 = COLOUR_RGB ( '',0.0000000000000000000, 0.0000000000000000000, 0.0000000000000000000 ) ;
#2011 = EDGE_CURVE ( 'NONE', #1768, #11146, #7154, .T. ) ;
#2012 =( GEOMETRIC_REPRESENTATION_CONTEXT ( 3 ) GLOBAL_UNCERTAINTY_ASSIGNED_CONTEXT ( ( #10467 ) ) GLOBAL_UNIT_ASSIGNED_CONTEXT ( ( #8969, #4378, #3405 ) ) REPRESENTATION_CONTEXT ( 'NONE', 'WORKASPACE' ) );
#2013 = SURFACE_SIDE_STYLE ('',( #8423 ) ) ;
#2014 = ORIENTED_EDGE ( 'NONE', *, *, #11214, .T. ) ;
#2015 =( NAMED_UNIT ( * ) PLANE_ANGLE_UNIT ( ) SI_UNIT ( $, .RADIAN. ) );
#2016 = STYLED_ITEM ( 'NONE', ( #698 ), #2693 ) ;
#2017 = B_SPLINE_SURFACE_WITH_KNOTS ( 'NONE', 3, 1, ( 
 ( #856, #4589 ),
 ( #10, #7399 ),
 ( #8293, #5374 ),
 ( #7451, #12071 ) ),
 .UNSPECIFIED., .F., .F., .F.,
 ( 4, 4 ),
 ( 2, 2 ),
 ( 5.000000000000000000, 6.000000000000000000 ),
 ( 0.0000000000000000000, 1.000000000000000000 ),
 .UNSPECIFIED. ) ;
#2018 =( GEOMETRIC_REPRESENTATION_CONTEXT ( 3 ) GLOBAL_UNCERTAINTY_ASSIGNED_CONTEXT ( ( #1053 ) ) GLOBAL_UNIT_ASSIGNED_CONTEXT ( ( #6797, #7692, #11459 ) ) REPRESENTATION_CONTEXT ( 'NONE', 'WORKASPACE' ) );
#2019 = LINE ( 'NONE', #1039, #8462 ) ;
#2020 = PRESENTATION_STYLE_ASSIGNMENT (( #2950 ) ) ;
#2021 = DIRECTION ( 'NONE',  ( -1.000000000000000000, -0.0000000000000000000, -0.0000000000000000000 ) ) ;
#2022 = SURFACE_STYLE_USAGE ( .BOTH. , #190 ) ;
#2023 = CARTESIAN_POINT ( 'NONE',  ( -0.9175071821987060838, -3.330408527734124657, 0.9810000000000000941 ) ) ;
#2024 = EDGE_LOOP ( 'NONE', ( #8409, #8172, #1987, #2331, #1744, #7362 ) ) ;
#2025 = DIRECTION ( 'NONE',  ( 0.0000000000000000000, 0.0000000000000000000, 1.000000000000000000 ) ) ;
#2026 = CARTESIAN_POINT ( 'NONE',  ( -3.623086578651017575, -3.799999999999999822, 1.084202172485504434E-16 ) ) ;
#2027 = FACE_OUTER_BOUND ( 'NONE', #7865, .T. ) ;
#2028 = EDGE_CURVE ( 'NONE', #10653, #11333, #1012, .T. ) ;
#2029 = CARTESIAN_POINT ( 'NONE',  ( -0.4158759754714215218, -2.841826282857685015, 0.9810000000000000941 ) ) ;
#2030 = EDGE_CURVE ( 'NONE', #10752, #928, #10544, .T. ) ;
#2031 = CARTESIAN_POINT ( 'NONE',  ( -1.964104475242384407, -2.869844010648710864, 0.9810000000000000941 ) ) ;
#2032 = MECHANICAL_DESIGN_GEOMETRIC_PRESENTATION_REPRESENTATION (  '', ( #9852 ), #7312 ) ;
#2033 =( LENGTH_UNIT ( ) NAMED_UNIT ( * ) SI_UNIT ( .MILLI., .METRE. ) );
#2034 =( NAMED_UNIT ( * ) SI_UNIT ( $, .STERADIAN. ) SOLID_ANGLE_UNIT ( ) );
#2035 = VERTEX_POINT ( 'NONE', #3874 ) ;
#2037 = CARTESIAN_POINT ( 'NONE',  ( -0.7363813531761502773, -3.398096768086847685, 0.9810000000000000941 ) ) ;
#2036 = STYLED_ITEM ( 'NONE', ( #6977 ), #3090 ) ;
#2038 = CARTESIAN_POINT ( 'NONE',  ( -1.116256907902850815, -3.215515277981726872, 0.9810000000000000941 ) ) ;
#2039 = CARTESIAN_POINT ( 'NONE',  ( -0.6797145467369921645, -3.294328928038837923, 0.9810000000000000941 ) ) ;
#2040 = SURFACE_STYLE_USAGE ( .BOTH. , #10429 ) ;
#2041 = CARTESIAN_POINT ( 'NONE',  ( -2.140514893504466887, -3.018780609235746315, 0.9799999999999999822 ) ) ;
#2042 = ORIENTED_EDGE ( 'NONE', *, *, #6959, .F. ) ;
#2043 = DIRECTION ( 'NONE',  ( 1.000000000000000000, -0.0000000000000000000, -0.0000000000000000000 ) ) ;
#2044 = B_SPLINE_CURVE_WITH_KNOTS ( 'NONE', 3,
 ( #4856, #4916, #8665, #279 ),
 .UNSPECIFIED., .F., .F.,
 ( 4, 4 ),
 ( 2.000000000000000000, 3.000000000000000000 ),
 .UNSPECIFIED. ) ;
#2045 = DIRECTION ( 'NONE',  ( -0.0000000000000000000, -0.0000000000000000000, -1.000000000000000000 ) ) ;
#2046 = PRESENTATION_LAYER_ASSIGNMENT (  '', '', ( #11442 ) ) ;
#2047 =( GEOMETRIC_REPRESENTATION_CONTEXT ( 3 ) GLOBAL_UNCERTAINTY_ASSIGNED_CONTEXT ( ( #10588 ) ) GLOBAL_UNIT_ASSIGNED_CONTEXT ( ( #2203, #9448, #10477 ) ) REPRESENTATION_CONTEXT ( 'NONE', 'WORKASPACE' ) );
#2048 = ORIENTED_EDGE ( 'NONE', *, *, #3145, .F. ) ;
#2049 = VERTEX_POINT ( 'NONE', #99 ) ;
#2050 = CARTESIAN_POINT ( 'NONE',  ( -0.9445408880226360271, -3.181827121492629473, 0.9800000000000002043 ) ) ;
#2051 = SURFACE_SIDE_STYLE ('',( #1299 ) ) ;
#2052 = CARTESIAN_POINT ( 'NONE',  ( -0.8007943560920566251, -3.181827121492629473, 0.9810000000000000941 ) ) ;
#2053 = FILL_AREA_STYLE ('',( #10207 ) ) ;
#2054 = LINE ( 'NONE', #5781, #1320 ) ;
#2055 =( NAMED_UNIT ( * ) PLANE_ANGLE_UNIT ( ) SI_UNIT ( $, .RADIAN. ) );
#2056 = CARTESIAN_POINT ( 'NONE',  ( -1.601161745072399167, -3.241462710728314267, 0.9800000000000002043 ) ) ;
#2057 = ORIENTED_EDGE ( 'NONE', *, *, #11214, .F. ) ;
#2058 = ORIENTED_EDGE ( 'NONE', *, *, #8584, .T. ) ;
#2059 = CARTESIAN_POINT ( 'NONE',  ( -0.9271769308205284332, -2.987808294308576418, 0.9799999999999999822 ) ) ;
#2060 = DIRECTION ( 'NONE',  ( 0.0000000000000000000, -1.000000000000000000, 0.0000000000000000000 ) ) ;
#2061 = CARTESIAN_POINT ( 'NONE',  ( -2.140514893504466887, -3.098309903617555872, 0.9799999999999999822 ) ) ;
#2062 = PLANE ( 'NONE',  #7058 ) ;
#2063 = CARTESIAN_POINT ( 'NONE',  ( -0.4314723442150319443, -3.330408527734124657, 0.9810000000000000941 ) ) ;
#2064 = SURFACE_STYLE_FILL_AREA ( #11260 ) ;
#2065 = ORIENTED_EDGE ( 'NONE', *, *, #10314, .T. ) ;
#2066 = DIRECTION ( 'NONE',  ( -0.0000000000000000000, -1.000000000000000000, -0.0000000000000000000 ) ) ;
#2067 = PRESENTATION_STYLE_ASSIGNMENT (( #4758 ) ) ;
#2068 = CARTESIAN_POINT ( 'NONE',  ( -0.4220105471776305905, -2.844633629231312355, 0.9800000000000002043 ) ) ;
#2069 = ADVANCED_FACE ( 'NONE', ( #11294 ), #11419, .T. ) ;
#2070 = ORIENTED_EDGE ( 'NONE', *, *, #7828, .F. ) ;
#2071 = LINE ( 'NONE', #131, #7949 ) ;
#2072 = SURFACE_SIDE_STYLE ('',( #8365 ) ) ;
#2073 = B_SPLINE_CURVE_WITH_KNOTS ( 'NONE', 3,
 ( #2098, #7427, #2796, #6528 ),
 .UNSPECIFIED., .F., .F.,
 ( 4, 4 ),
 ( 10.00000000000000000, 11.00000000000000000 ),
 .UNSPECIFIED. ) ;
#2074 = CARTESIAN_POINT ( 'NONE',  ( -1.621405532364044610, -3.261706553179992696, 0.9810000000000000941 ) ) ;
#2075 = DIRECTION ( 'NONE',  ( -0.0000000000000000000, -0.0000000000000000000, -1.000000000000000000 ) ) ;
#2076 = ORIENTED_EDGE ( 'NONE', *, *, #9344, .F. ) ;
#2077 = SURFACE_SIDE_STYLE ('',( #1963 ) ) ;
#2078 = CARTESIAN_POINT ( 'NONE',  ( -0.8549657435321196264, -3.240989346931574033, 0.9810000000000000941 ) ) ;
#2079 = CARTESIAN_POINT ( 'NONE',  ( -0.8746691560460573278, -2.809281860076622728, 0.9810000000000000941 ) ) ;
#2080 = DIRECTION ( 'NONE',  ( 1.000000000000000000, 0.0000000000000000000, 0.0000000000000000000 ) ) ;
#2081 = DIRECTION ( 'NONE',  ( -0.0000000000000000000, -1.000000000000000000, -0.0000000000000000000 ) ) ;
#2082 = ADVANCED_FACE ( 'NONE', ( #1286 ), #10669, .T. ) ;
#2083 = ORIENTED_EDGE ( 'NONE', *, *, #6815, .F. ) ;
#2084 = DIRECTION ( 'NONE',  ( 1.000000000000000000, -0.0000000000000000000, -0.0000000000000000000 ) ) ;
#2085 = EDGE_LOOP ( 'NONE', ( #4154, #11016, #7753, #3528 ) ) ;
#2086 = EDGE_CURVE ( 'NONE', #7528, #8956, #2276, .T. ) ;
#2087 = STYLED_ITEM ( 'NONE', ( #8126 ), #7070 ) ;
#2088 = LINE ( 'NONE', #2783, #5298 ) ;
#2089 = CARTESIAN_POINT ( 'NONE',  ( -0.9767733834284669792, -3.333839728858221996, 0.9810000000000000941 ) ) ;
#2090 = ADVANCED_FACE ( 'NONE', ( #4352 ), #10325, .T. ) ;
#2091 = DIRECTION ( 'NONE',  ( -1.000000000000000000, -0.0000000000000000000, -0.0000000000000000000 ) ) ;
#2092 = MECHANICAL_DESIGN_GEOMETRIC_PRESENTATION_REPRESENTATION (  '', ( #541 ), #11293 ) ;
#2093 = FACE_OUTER_BOUND ( 'NONE', #6248, .T. ) ;
#2094 = ORIENTED_EDGE ( 'NONE', *, *, #1549, .T. ) ;
#2095 = FILL_AREA_STYLE_COLOUR ( '', #635 ) ;
#2096 = FILL_AREA_STYLE ('',( #5166 ) ) ;
#2097 = PRESENTATION_LAYER_ASSIGNMENT (  '', '', ( #7371 ) ) ;
#2098 = CARTESIAN_POINT ( 'NONE',  ( -1.917832902331976896, -3.426549002369938535, 0.9810000000000000941 ) ) ;
#2099 = VECTOR ( 'NONE', #11078, 1000.000000000000000 ) ;
#2100 = LINE ( 'NONE', #9474, #1539 ) ;
#2101 = ORIENTED_EDGE ( 'NONE', *, *, #8100, .T. ) ;
#2102 = ORIENTED_EDGE ( 'NONE', *, *, #5710, .F. ) ;
#2103 = FACE_OUTER_BOUND ( 'NONE', #6307, .T. ) ;
#2104 = VECTOR ( 'NONE', #8421, 1000.000000000000000 ) ;
#2105 = AXIS2_PLACEMENT_3D ( 'NONE', #1830, #4807, #7622 ) ;
#2106 = COLOUR_RGB ( '',0.0000000000000000000, 0.0000000000000000000, 0.0000000000000000000 ) ;
#2107 = CARTESIAN_POINT ( 'NONE',  ( -1.579471882353748358, -3.331113871176613284, 0.9810000000000000941 ) ) ;
#2108 = PRESENTATION_STYLE_ASSIGNMENT (( #10500 ) ) ;
#2109 = FILL_AREA_STYLE_COLOUR ( '', #12105 ) ;
#2110 = B_SPLINE_SURFACE_WITH_KNOTS ( 'NONE', 3, 1, ( 
 ( #697, #5818 ),
 ( #1980, #5703 ),
 ( #11417, #8574 ),
 ( #6701, #7420 ) ),
 .UNSPECIFIED., .F., .F., .F.,
 ( 4, 4 ),
 ( 2, 2 ),
 ( 10.00000000000000000, 11.00000000000000000 ),
 ( 0.0000000000000000000, 1.000000000000000000 ),
 .UNSPECIFIED. ) ;
#2111 = AXIS2_PLACEMENT_3D ( 'NONE', #6018, #5958, #10638 ) ;
#2112 = PRESENTATION_LAYER_ASSIGNMENT (  '', '', ( #7397 ) ) ;
#2113 = CARTESIAN_POINT ( 'NONE',  ( -0.6067235410115465744, -3.185154346825209704, 0.9810000000000000941 ) ) ;
#2114 = ORIENTED_EDGE ( 'NONE', *, *, #914, .F. ) ;
#2115 = ORIENTED_EDGE ( 'NONE', *, *, #971, .F. ) ;
#2116 = LINE ( 'NONE', #5841, #5138 ) ;
#2117 = B_SPLINE_CURVE_WITH_KNOTS ( 'NONE', 3,
 ( #7607, #2985, #3773, #1873, #11251, #2863, #6591 ),
 .UNSPECIFIED., .F., .F.,
 ( 4, 3, 4 ),
 ( 0.0000000000000000000, 1.000000000000000000, 2.000000000000000000 ),
 .UNSPECIFIED. ) ;
#2118 = FILL_AREA_STYLE_COLOUR ( '', #9185 ) ;
#2119 = SURFACE_SIDE_STYLE ('',( #962 ) ) ;
#2120 = LINE ( 'NONE', #11448, #1643 ) ;
#2121 = VERTEX_POINT ( 'NONE', #9698 ) ;
#2122 =( NAMED_UNIT ( * ) PLANE_ANGLE_UNIT ( ) SI_UNIT ( $, .RADIAN. ) );
#2123 = DIRECTION ( 'NONE',  ( -0.0000000000000000000, -0.0000000000000000000, -1.000000000000000000 ) ) ;
#2124 = CARTESIAN_POINT ( 'NONE',  ( -0.2934964687217503365, -3.226848639269142005, 0.9810000000000000941 ) ) ;
#2125 = MECHANICAL_DESIGN_GEOMETRIC_PRESENTATION_REPRESENTATION (  '', ( #382 ), #7218 ) ;
#2126 = LINE ( 'NONE', #4943, #339 ) ;
#2127 = UNCERTAINTY_MEASURE_WITH_UNIT (LENGTH_MEASURE( 1.000000000000000082E-05 ), #7999, 'distance_accuracy_value', 'NONE');
#2128 = ORIENTED_EDGE ( 'NONE', *, *, #11887, .T. ) ;
#2129 = CARTESIAN_POINT ( 'NONE',  ( -0.9706388117222577439, -3.310757103115949729, 0.9800000000000002043 ) ) ;
#2130 = SURFACE_SIDE_STYLE ('',( #9614 ) ) ;
#2131 = CARTESIAN_POINT ( 'NONE',  ( -1.621405532364044610, -3.286288290951770108, 0.9810000000000000941 ) ) ;
#2132 = FACE_OUTER_BOUND ( 'NONE', #5891, .T. ) ;
#2133 = LINE ( 'NONE', #5860, #1163 ) ;
#2134 = SURFACE_STYLE_FILL_AREA ( #135 ) ;
#2135 = FACE_OUTER_BOUND ( 'NONE', #4865, .T. ) ;
#2136 = ORIENTED_EDGE ( 'NONE', *, *, #11086, .F. ) ;
#2137 =( NAMED_UNIT ( * ) SI_UNIT ( $, .STERADIAN. ) SOLID_ANGLE_UNIT ( ) );
#2138 = LINE ( 'NONE', #2079, #7074 ) ;
#2139 = SURFACE_STYLE_USAGE ( .BOTH. , #254 ) ;
#2140 =( NAMED_UNIT ( * ) SI_UNIT ( $, .STERADIAN. ) SOLID_ANGLE_UNIT ( ) );
#2141 = VECTOR ( 'NONE', #7620, 1000.000000000000000 ) ;
#2142 = FILL_AREA_STYLE_COLOUR ( '', #5137 ) ;
#2143 = STYLED_ITEM ( 'NONE', ( #10209 ), #11663 ) ;
#2144 = ORIENTED_EDGE ( 'NONE', *, *, #11283, .F. ) ;
#2145 = FILL_AREA_STYLE_COLOUR ( '', #11429 ) ;
#2146 = B_SPLINE_SURFACE_WITH_KNOTS ( 'NONE', 3, 1, ( 
 ( #2697, #4522 ),
 ( #2564, #6285 ),
 ( #3617, #1646 ),
 ( #3552, #5370 ) ),
 .UNSPECIFIED., .F., .F., .F.,
 ( 4, 4 ),
 ( 2, 2 ),
 ( 4.000000000000000000, 5.000000000000000000 ),
 ( 0.0000000000000000000, 1.000000000000000000 ),
 .UNSPECIFIED. ) ;
#2147 = EDGE_CURVE ( 'NONE', #8658, #3531, #10732, .T. ) ;
#2148 = DIRECTION ( 'NONE',  ( -0.0000000000000000000, -1.000000000000000000, -0.0000000000000000000 ) ) ;
#2149 = SURFACE_SIDE_STYLE ('',( #8830 ) ) ;
#2150 = ORIENTED_EDGE ( 'NONE', *, *, #11740, .F. ) ;
#2151 = CARTESIAN_POINT ( 'NONE',  ( 2.675735931288066194, 3.799999999999999822, 0.5000000000000006661 ) ) ;
#2152 = EDGE_CURVE ( 'NONE', #2749, #8838, #391, .T. ) ;
#2153 =( NAMED_UNIT ( * ) SI_UNIT ( $, .STERADIAN. ) SOLID_ANGLE_UNIT ( ) );
#2154 = PRESENTATION_LAYER_ASSIGNMENT (  '', '', ( #4301 ) ) ;
#2155 = EDGE_CURVE ( 'NONE', #6066, #3168, #11778, .T. ) ;
#2156 =( NAMED_UNIT ( * ) SI_UNIT ( $, .STERADIAN. ) SOLID_ANGLE_UNIT ( ) );
#2157 = CARTESIAN_POINT ( 'NONE',  ( -0.8920331132488581449, -3.236934291058397140, 0.9810000000000000941 ) ) ;
#2158 = AXIS2_PLACEMENT_3D ( 'NONE', #5165, #9921, #5099 ) ;
#2159 = ORIENTED_EDGE ( 'NONE', *, *, #8168, .T. ) ;
#2160 = CARTESIAN_POINT ( 'NONE',  ( -0.7461550775894828513, -3.185154346825209704, 0.9810000000000000941 ) ) ;
#2161 = EDGE_CURVE ( 'NONE', #11014, #8918, #1534, .T. ) ;
#2162 =( GEOMETRIC_REPRESENTATION_CONTEXT ( 3 ) GLOBAL_UNCERTAINTY_ASSIGNED_CONTEXT ( ( #11247 ) ) GLOBAL_UNIT_ASSIGNED_CONTEXT ( ( #9008, #10903, #9981 ) ) REPRESENTATION_CONTEXT ( 'NONE', 'WORKASPACE' ) );
#2163 = COLOUR_RGB ( '',0.0000000000000000000, 0.0000000000000000000, 0.0000000000000000000 ) ;
#2164 = FILL_AREA_STYLE_COLOUR ( '', #6227 ) ;
#2165 = ORIENTED_EDGE ( 'NONE', *, *, #10235, .F. ) ;
#2166 = ORIENTED_EDGE ( 'NONE', *, *, #12120, .F. ) ;
#2167 = VECTOR ( 'NONE', #1110, 1000.000000000000000 ) ;
#2168 = VECTOR ( 'NONE', #1511, 1000.000000000000000 ) ;
#2169 = MECHANICAL_DESIGN_GEOMETRIC_PRESENTATION_REPRESENTATION (  '', ( #2573 ), #6685 ) ;
#2170 = CARTESIAN_POINT ( 'NONE',  ( -0.9605531599343881677, -3.244108620679740262, 0.9810000000000000941 ) ) ;
#2171 = FACE_OUTER_BOUND ( 'NONE', #7773, .T. ) ;
#2172 = EDGE_CURVE ( 'NONE', #6600, #3459, #2516, .T. ) ;
#2173 = FILL_AREA_STYLE ('',( #7895 ) ) ;
#2174 = MECHANICAL_DESIGN_GEOMETRIC_PRESENTATION_REPRESENTATION (  '', ( #6080 ), #5885 ) ;
#2175 = CARTESIAN_POINT ( 'NONE',  ( -0.2934964687217503365, -3.252218732427472059, 0.9810000000000000941 ) ) ;
#2176 = EDGE_LOOP ( 'NONE', ( #3347, #759, #8620, #3836 ) ) ;
#2177 = VERTEX_POINT ( 'NONE', #1593 ) ;
#2178 = DIRECTION ( 'NONE',  ( -0.3416038306815482595, 0.9398440417769813315, 0.0000000000000000000 ) ) ;
#2179 = CARTESIAN_POINT ( 'NONE',  ( -0.9661158647865787374, -2.980633964685847737, 0.9799999999999999822 ) ) ;
#2180 = LINE ( 'NONE', #1261, #10778 ) ;
#2181 = CARTESIAN_POINT ( 'NONE',  ( -0.9922657763819543453, -2.862413489600865724, 0.9799999999999999822 ) ) ;
#2182 = ORIENTED_EDGE ( 'NONE', *, *, #7238, .F. ) ;
#2183 = CARTESIAN_POINT ( 'NONE',  ( -0.7363813531761502773, -3.398096768086847685, 0.9810000000000000941 ) ) ;
#2184 = CARTESIAN_POINT ( 'NONE',  ( -0.7736566744759153513, -3.260432819966722295, 0.9810000000000000941 ) ) ;
#2185 = CYLINDRICAL_SURFACE ( 'NONE', #4542, 0.7800000000000009148 ) ;
#2186 = STYLED_ITEM ( 'NONE', ( #8704 ), #11244 ) ;
#2187 = CARTESIAN_POINT ( 'NONE',  ( -0.1660741360753699436, -3.163943285332953437, 0.9810000000000000941 ) ) ;
#2188 = B_SPLINE_CURVE_WITH_KNOTS ( 'NONE', 3,
 ( #9095, #4437, #8137, #11927 ),
 .UNSPECIFIED., .F., .F.,
 ( 4, 4 ),
 ( 2.000000000000000000, 3.000000000000000000 ),
 .UNSPECIFIED. ) ;
#2189 = CARTESIAN_POINT ( 'NONE',  ( -1.790586014773487333, -2.749827072733562972, 0.9800000000000002043 ) ) ;
#2190 = COLOUR_RGB ( '',0.9686274509803921573, 0.8784313725490195957, 0.5999999999999999778 ) ;
#2191 = STYLED_ITEM ( 'NONE', ( #10920 ), #5064 ) ;
#2192 = VERTEX_POINT ( 'NONE', #9892 ) ;
#2193 = VECTOR ( 'NONE', #6358, 1000.000000000000000 ) ;
#2194 = DIRECTION ( 'NONE',  ( 0.4630180653866943774, -0.8863488427958615690, 0.0000000000000000000 ) ) ;
#2195 = CARTESIAN_POINT ( 'NONE',  ( -1.615621561618332702, -3.083850031912276357, 0.9800000000000002043 ) ) ;
#2196 = CARTESIAN_POINT ( 'NONE',  ( -1.443549121416401793, -3.238570725354417590, 0.9799999999999999822 ) ) ;
#2197 = SURFACE_STYLE_FILL_AREA ( #1216 ) ;
#2198 = VECTOR ( 'NONE', #1969, 1000.000000000000000 ) ;
#2199 = CARTESIAN_POINT ( 'NONE',  ( -0.9175071821987060838, -3.257521497800196286, 0.9800000000000002043 ) ) ;
#2200 = CARTESIAN_POINT ( 'NONE',  ( -0.8920331132488581449, -3.330408527734124657, 0.9810000000000000941 ) ) ;
#2201 = EDGE_CURVE ( 'NONE', #9741, #2, #3282, .T. ) ;
#2202 = VERTEX_POINT ( 'NONE', #707 ) ;
#2203 =( LENGTH_UNIT ( ) NAMED_UNIT ( * ) SI_UNIT ( .MILLI., .METRE. ) );
#2204 = LINE ( 'NONE', #5929, #5024 ) ;
#2205 =( LENGTH_UNIT ( ) NAMED_UNIT ( * ) SI_UNIT ( .MILLI., .METRE. ) );
#2206 = ORIENTED_EDGE ( 'NONE', *, *, #7740, .T. ) ;
#2207 = DIRECTION ( 'NONE',  ( -0.0000000000000000000, -0.0000000000000000000, -1.000000000000000000 ) ) ;
#2208 = DIRECTION ( 'NONE',  ( -1.000000000000000000, 0.0000000000000000000, 0.0000000000000000000 ) ) ;
#2209 = STYLED_ITEM ( 'NONE', ( #3499 ), #4641 ) ;
#2210 = CARTESIAN_POINT ( 'NONE',  ( -1.809383836958895930, -3.185069133852000967, 0.9810000000000000941 ) ) ;
#2211 = EDGE_LOOP ( 'NONE', ( #3462, #2048, #7565, #5008 ) ) ;
#2212 = CARTESIAN_POINT ( 'NONE',  ( -2.036403861351574029, -3.386061372626611998, 0.9810000000000000941 ) ) ;
#2213 = CARTESIAN_POINT ( 'NONE',  ( -1.726962584784596855, -2.749827072733562972, 0.9810000000000000941 ) ) ;
#2214 = CARTESIAN_POINT ( 'NONE',  ( -1.142510795289743974, -2.804394997869956718, 0.9810000000000000941 ) ) ;
#2215 = PRESENTATION_STYLE_ASSIGNMENT (( #7649 ) ) ;
#2216 = COLOUR_RGB ( '',0.0000000000000000000, 0.0000000000000000000, 0.0000000000000000000 ) ;
#2217 = DIRECTION ( 'NONE',  ( -0.0000000000000000000, -0.0000000000000000000, -1.000000000000000000 ) ) ;
#2218 = ORIENTED_EDGE ( 'NONE', *, *, #10779, .F. ) ;
#2219 =( NAMED_UNIT ( * ) PLANE_ANGLE_UNIT ( ) SI_UNIT ( $, .RADIAN. ) );
#2220 = ADVANCED_FACE ( 'NONE', ( #8864 ), #8919, .F. ) ;
#2221 = COLOUR_RGB ( '',0.0000000000000000000, 0.0000000000000000000, 0.0000000000000000000 ) ;
#2222 =( NAMED_UNIT ( * ) SI_UNIT ( $, .STERADIAN. ) SOLID_ANGLE_UNIT ( ) );
#2223 = LINE ( 'NONE', #7935, #1634 ) ;
#2224 = B_SPLINE_CURVE_WITH_KNOTS ( 'NONE', 3,
 ( #3135, #3995, #7706, #10540 ),
 .UNSPECIFIED., .F., .F.,
 ( 4, 4 ),
 ( 11.00000000000000000, 12.00000000000000000 ),
 .UNSPECIFIED. ) ;
#2225 = EDGE_CURVE ( 'NONE', #11276, #8281, #9031, .T. ) ;
#2226 = ADVANCED_FACE ( 'NONE', ( #10873 ), #6960, .F. ) ;
#2227 = SURFACE_SIDE_STYLE ('',( #1294 ) ) ;
#2228 = ORIENTED_EDGE ( 'NONE', *, *, #3824, .T. ) ;
#2229 = ORIENTED_EDGE ( 'NONE', *, *, #10707, .T. ) ;
#2230 =( LENGTH_UNIT ( ) NAMED_UNIT ( * ) SI_UNIT ( .MILLI., .METRE. ) );
#2231 = DIRECTION ( 'NONE',  ( -1.000000000000000000, 0.0000000000000000000, 0.0000000000000000000 ) ) ;
#2232 = CARTESIAN_POINT ( 'NONE',  ( -0.9284246403200677733, -3.301087354494127712, 0.9810000000000000941 ) ) ;
#2233 = CARTESIAN_POINT ( 'NONE',  ( -1.142510795289743974, -3.330408527734125101, 0.9799999999999999822 ) ) ;
#2234 =( GEOMETRIC_REPRESENTATION_CONTEXT ( 3 ) GLOBAL_UNCERTAINTY_ASSIGNED_CONTEXT ( ( #7028 ) ) GLOBAL_UNIT_ASSIGNED_CONTEXT ( ( #9209, #11106, #1979 ) ) REPRESENTATION_CONTEXT ( 'NONE', 'WORKASPACE' ) );
#2235 =( GEOMETRIC_REPRESENTATION_CONTEXT ( 3 ) GLOBAL_UNCERTAINTY_ASSIGNED_CONTEXT ( ( #4704 ) ) GLOBAL_UNIT_ASSIGNED_CONTEXT ( ( #7413, #1968, #2777 ) ) REPRESENTATION_CONTEXT ( 'NONE', 'WORKASPACE' ) );
#2236 = CARTESIAN_POINT ( 'NONE',  ( -0.7292070235534214850, -2.827789550986767875, 0.9799999999999999822 ) ) ;
#2237 = EDGE_CURVE ( 'NONE', #3612, #5762, #7200, .T. ) ;
#2238 = CARTESIAN_POINT ( 'NONE',  ( -0.1771475578853914379, -3.127031879302791140, 0.9810000000000000941 ) ) ;
#2239 = VERTEX_POINT ( 'NONE', #6270 ) ;
#2240 = ORIENTED_EDGE ( 'NONE', *, *, #5540, .T. ) ;
#2241 = EDGE_CURVE ( 'NONE', #693, #10691, #2188, .T. ) ;
#2242 = B_SPLINE_CURVE_WITH_KNOTS ( 'NONE', 3,
 ( #1838, #10229, #5795, #10347 ),
 .UNSPECIFIED., .F., .F.,
 ( 4, 4 ),
 ( 33.00000000000000000, 34.00000000000000000 ),
 .UNSPECIFIED. ) ;
#2243 = EDGE_CURVE ( 'NONE', #10558, #10290, #1734, .T. ) ;
#2244 = CARTESIAN_POINT ( 'NONE',  ( -0.7955955665101568375, -3.313044570532008848, 0.9810000000000000941 ) ) ;
#2245 = DIRECTION ( 'NONE',  ( -0.5048830486499203962, 0.8631877589412179086, 0.0000000000000000000 ) ) ;
#2246 =( NAMED_UNIT ( * ) PLANE_ANGLE_UNIT ( ) SI_UNIT ( $, .RADIAN. ) );
#2247 = CARTESIAN_POINT ( 'NONE',  ( -0.9780210929280128695, -2.847233024021917025, 0.9799999999999999822 ) ) ;
#2248 = ORIENTED_EDGE ( 'NONE', *, *, #3651, .F. ) ;
#2249 = LINE ( 'NONE', #3177, #6391 ) ;
#2250 = UNCERTAINTY_MEASURE_WITH_UNIT (LENGTH_MEASURE( 1.000000000000000082E-05 ), #10466, 'distance_accuracy_value', 'NONE');
#2251 = ORIENTED_EDGE ( 'NONE', *, *, #4761, .T. ) ;
#2252 = B_SPLINE_CURVE_WITH_KNOTS ( 'NONE', 3,
 ( #2031, #5758, #3809, #1851 ),
 .UNSPECIFIED., .F., .F.,
 ( 4, 4 ),
 ( 4.000000000000000000, 5.000000000000000000 ),
 .UNSPECIFIED. ) ;
#2253 = EDGE_CURVE ( 'NONE', #9653, #3418, #78, .T. ) ;
#2254 = LINE ( 'NONE', #10654, #7004 ) ;
#2255 = EDGE_CURVE ( 'NONE', #9485, #3704, #6798, .T. ) ;
#2256 = FILL_AREA_STYLE ('',( #5924 ) ) ;
#2257 = UNCERTAINTY_MEASURE_WITH_UNIT (LENGTH_MEASURE( 1.000000000000000082E-05 ), #7980, 'distance_accuracy_value', 'NONE');
#2258 = CARTESIAN_POINT ( 'NONE',  ( 7.500000000000000000, -3.799999999999999822, 0.4799999999999981504 ) ) ;
#2259 = CARTESIAN_POINT ( 'NONE',  ( -1.502834628505179682, -3.242908675834546894, 0.9799999999999999822 ) ) ;
#2260 = CARTESIAN_POINT ( 'NONE',  ( -0.8217974660012865584, -3.238909831098533143, 0.9810000000000000941 ) ) ;
#2261 = FACE_OUTER_BOUND ( 'NONE', #4383, .T. ) ;
#2262 = FILL_AREA_STYLE ('',( #316 ) ) ;
#2263 = ORIENTED_EDGE ( 'NONE', *, *, #952, .F. ) ;
#2264 = CARTESIAN_POINT ( 'NONE',  ( -1.576579952140586105, -3.241462710728314267, 0.9799999999999999822 ) ) ;
#2265 = SURFACE_STYLE_FILL_AREA ( #11766 ) ;
#2266 = SURFACE_STYLE_FILL_AREA ( #4044 ) ;
#2267 = EDGE_LOOP ( 'NONE', ( #7433, #6266, #4493, #3985 ) ) ;
#2268 = B_SPLINE_CURVE_WITH_KNOTS ( 'NONE', 3,
 ( #1750, #4509, #9952, #5253 ),
 .UNSPECIFIED., .F., .F.,
 ( 4, 4 ),
 ( 34.00000000000000000, 35.00000000000000000 ),
 .UNSPECIFIED. ) ;
#2269 = FACE_OUTER_BOUND ( 'NONE', #6460, .T. ) ;
#2270 = ORIENTED_EDGE ( 'NONE', *, *, #8678, .F. ) ;
#2271 =( LENGTH_UNIT ( ) NAMED_UNIT ( * ) SI_UNIT ( .MILLI., .METRE. ) );
#2272 = LINE ( 'NONE', #7818, #12033 ) ;
#2273 = PRESENTATION_STYLE_ASSIGNMENT (( #4966 ) ) ;
#2274 =( LENGTH_UNIT ( ) NAMED_UNIT ( * ) SI_UNIT ( .MILLI., .METRE. ) );
#2275 = CARTESIAN_POINT ( 'NONE',  ( -1.773234185274330743, -3.281950285312991156, 0.9799999999999999822 ) ) ;
#2276 = LINE ( 'NONE', #4292, #4130 ) ;
#2277 = ORIENTED_EDGE ( 'NONE', *, *, #464, .F. ) ;
#2278 = DIRECTION ( 'NONE',  ( 0.0000000000000000000, 0.0000000000000000000, 1.000000000000000000 ) ) ;
#2279 = FILL_AREA_STYLE_COLOUR ( '', #11467 ) ;
#2280 = DIRECTION ( 'NONE',  ( -0.3385350342956581771, -0.9409537876827095415, 0.0000000000000000000 ) ) ;
#2281 = CARTESIAN_POINT ( 'NONE',  ( -0.8156109063993235431, -3.313044570532008848, 0.9810000000000000941 ) ) ;
#2282 = MECHANICAL_DESIGN_GEOMETRIC_PRESENTATION_REPRESENTATION (  '', ( #12084 ), #5226 ) ;
#2283 = DIRECTION ( 'NONE',  ( -0.9398440417769813315, -0.3416038306815482595, 0.0000000000000000000 ) ) ;
#2284 = ORIENTED_EDGE ( 'NONE', *, *, #295, .F. ) ;
#2285 = VERTEX_POINT ( 'NONE', #7570 ) ;
#2286 = STYLED_ITEM ( 'NONE', ( #9610 ), #310 ) ;
#2287 = PRESENTATION_STYLE_ASSIGNMENT (( #7062 ) ) ;
#2288 = CARTESIAN_POINT ( 'NONE',  ( -0.1633707654932584075, -3.153025827211590304, 0.9800000000000002043 ) ) ;
#2289 = CARTESIAN_POINT ( 'NONE',  ( -0.8573571867396971857, -3.224353220270048226, 0.9799999999999999822 ) ) ;
#2290 = PRESENTATION_STYLE_ASSIGNMENT (( #342 ) ) ;
#2291 = B_SPLINE_SURFACE_WITH_KNOTS ( 'NONE', 3, 1, ( 
 ( #5486, #4513 ),
 ( #1696, #9228 ),
 ( #7922, #2384 ),
 ( #11067, #3306 ) ),
 .UNSPECIFIED., .F., .F., .F.,
 ( 4, 4 ),
 ( 2, 2 ),
 ( 1.000000000000000000, 2.000000000000000000 ),
 ( 0.0000000000000000000, 1.000000000000000000 ),
 .UNSPECIFIED. ) ;
#2292 = CARTESIAN_POINT ( 'NONE',  ( -0.9802045845525627632, -3.208444924150506417, 0.9810000000000000941 ) ) ;
#2293 = CARTESIAN_POINT ( 'NONE',  ( -0.5481851703216898963, -2.878841664677973977, 0.9810000000000000941 ) ) ;
#2294 = MECHANICAL_DESIGN_GEOMETRIC_PRESENTATION_REPRESENTATION (  '', ( #3271 ), #927 ) ;
#2295 = PRESENTATION_STYLE_ASSIGNMENT (( #6084 ) ) ;
#2296 = CARTESIAN_POINT ( 'NONE',  ( 3.410954544295047963, 3.799999999999999822, 0.5678679656440351886 ) ) ;
#2297 = EDGE_CURVE ( 'NONE', #3334, #4624, #9380, .T. ) ;
#2298 = ORIENTED_EDGE ( 'NONE', *, *, #4543, .F. ) ;
#2299 = STYLED_ITEM ( 'NONE', ( #5846 ), #6681 ) ;
#2300 = EDGE_LOOP ( 'NONE', ( #3264, #1757, #4339, #9690 ) ) ;
#2301 = CARTESIAN_POINT ( 'NONE',  ( -1.530308351650157661, -2.825018409740929659, 0.9799999999999999822 ) ) ;
#2302 = SURFACE_STYLE_USAGE ( .BOTH. , #7900 ) ;
#2303 = CARTESIAN_POINT ( 'NONE',  ( -0.2934964687217503365, -3.201478546110804402, 0.9810000000000000941 ) ) ;
#2304 = ADVANCED_FACE ( 'NONE', ( #9503 ), #7693, .T. ) ;
#2305 = EDGE_CURVE ( 'NONE', #11146, #6527, #9615, .T. ) ;
#2306 = PRESENTATION_STYLE_ASSIGNMENT (( #7849 ) ) ;
#2307 = CARTESIAN_POINT ( 'NONE',  ( -0.8920331132488581449, -3.236934291058397140, 0.9810000000000000941 ) ) ;
#2308 = FILL_AREA_STYLE ('',( #8741 ) ) ;
#2309 = ORIENTED_EDGE ( 'NONE', *, *, #4033, .F. ) ;
#2310 = SURFACE_STYLE_FILL_AREA ( #356 ) ;
#2311 = CARTESIAN_POINT ( 'NONE',  ( -0.7245801008262332532, -3.007771646301291568, 0.9800000000000002043 ) ) ;
#2312 = STYLED_ITEM ( 'NONE', ( #5900 ), #7689 ) ;
#2313 = PRESENTATION_LAYER_ASSIGNMENT (  '', '', ( #12084 ) ) ;
#2314 = COLOUR_RGB ( '',0.0000000000000000000, 0.0000000000000000000, 0.0000000000000000000 ) ;
#2315 = ORIENTED_EDGE ( 'NONE', *, *, #3434, .T. ) ;
#2316 = ADVANCED_FACE ( 'NONE', ( #9553 ), #3012, .F. ) ;
#2317 = FILL_AREA_STYLE_COLOUR ( '', #11120 ) ;
#2318 = PRESENTATION_LAYER_ASSIGNMENT (  '', '', ( #5049 ) ) ;
#2319 = CARTESIAN_POINT ( 'NONE',  ( -2.887867965644038026, 3.799999999999999822, 0.4121320343559627952 ) ) ;
#2320 = PRESENTATION_LAYER_ASSIGNMENT (  '', '', ( #7582 ) ) ;
#2321 = LINE ( 'NONE', #1578, #8644 ) ;
#2322 = COLOUR_RGB ( '',0.0000000000000000000, 0.0000000000000000000, 0.0000000000000000000 ) ;
#2323 = CARTESIAN_POINT ( 'NONE',  ( -1.862885400882674958, -3.251584631954842042, 0.9800000000000002043 ) ) ;
#2324 = DIRECTION ( 'NONE',  ( 0.0000000000000000000, 1.000000000000000000, -0.0000000000000000000 ) ) ;
#2325 = ORIENTED_EDGE ( 'NONE', *, *, #4404, .T. ) ;
#2326 = FILL_AREA_STYLE_COLOUR ( '', #4906 ) ;
#2327 = UNCERTAINTY_MEASURE_WITH_UNIT (LENGTH_MEASURE( 1.000000000000000082E-05 ), #5724, 'distance_accuracy_value', 'NONE');
#2328 = CARTESIAN_POINT ( 'NONE',  ( -0.9175071821987060838, -3.271454253879594098, 0.9800000000000002043 ) ) ;
#2329 = SURFACE_STYLE_USAGE ( .BOTH. , #9970 ) ;
#2330 =( LENGTH_UNIT ( ) NAMED_UNIT ( * ) SI_UNIT ( .MILLI., .METRE. ) );
#2331 = ORIENTED_EDGE ( 'NONE', *, *, #4107, .F. ) ;
#2332 = ADVANCED_FACE ( 'NONE', ( #5005 ), #4095, .T. ) ;
#2333 = CARTESIAN_POINT ( 'NONE',  ( -0.8575131504269685179, -3.325313713944428429, 0.9799999999999999822 ) ) ;
#2334 = COLOUR_RGB ( '',0.0000000000000000000, 0.0000000000000000000, 0.0000000000000000000 ) ;
#2335 = FILL_AREA_STYLE ('',( #3199 ) ) ;
#2336 = CARTESIAN_POINT ( 'NONE',  ( -0.8077087462353104153, -2.892878396548891562, 0.9810000000000000941 ) ) ;
#2337 =( NAMED_UNIT ( * ) PLANE_ANGLE_UNIT ( ) SI_UNIT ( $, .RADIAN. ) );
#2338 =( LENGTH_UNIT ( ) NAMED_UNIT ( * ) SI_UNIT ( .MILLI., .METRE. ) );
#2339 = VERTEX_POINT ( 'NONE', #3352 ) ;
#2340 = VECTOR ( 'NONE', #5057, 1000.000000000000000 ) ;
#2341 = AXIS2_PLACEMENT_3D ( 'NONE', #3450, #8848, #9081 ) ;
#2342 = CARTESIAN_POINT ( 'NONE',  ( -0.1006213752429521158, -3.330408527734124657, 0.9810000000000000941 ) ) ;
#2343 = B_SPLINE_CURVE_WITH_KNOTS ( 'NONE', 3,
 ( #7522, #11277, #2891, #6630 ),
 .UNSPECIFIED., .F., .F.,
 ( 4, 4 ),
 ( 7.000000000000000000, 8.000000000000000000 ),
 .UNSPECIFIED. ) ;
#2344 = FACE_OUTER_BOUND ( 'NONE', #3930, .T. ) ;
#2345 = VECTOR ( 'NONE', #7066, 1000.000000000000000 ) ;
#2346 = DIRECTION ( 'NONE',  ( -0.0000000000000000000, -0.0000000000000000000, -1.000000000000000000 ) ) ;
#2347 = VERTEX_POINT ( 'NONE', #7094 ) ;
#2348 = ORIENTED_EDGE ( 'NONE', *, *, #9595, .F. ) ;
#2349 = MECHANICAL_DESIGN_GEOMETRIC_PRESENTATION_REPRESENTATION (  '', ( #7611 ), #10059 ) ;
#2350 = CARTESIAN_POINT ( 'NONE',  ( -1.398723541192248954, -3.067944250259414307, 0.9799999999999999822 ) ) ;
#2351 = CARTESIAN_POINT ( 'NONE',  ( -0.5556194394245878021, -2.859710119017364160, 0.9800000000000002043 ) ) ;
#2352 = SURFACE_STYLE_FILL_AREA ( #6954 ) ;
#2353 = AXIS2_PLACEMENT_3D ( 'NONE', #8368, #1662, #5385 ) ;
#2354 = STYLED_ITEM ( 'NONE', ( #8058 ), #5437 ) ;
#2355 =( NAMED_UNIT ( * ) SI_UNIT ( $, .STERADIAN. ) SOLID_ANGLE_UNIT ( ) );
#2356 = SURFACE_STYLE_FILL_AREA ( #8916 ) ;
#2357 = ORIENTED_EDGE ( 'NONE', *, *, #7954, .T. ) ;
#2358 = STYLED_ITEM ( 'NONE', ( #150 ), #2069 ) ;
#2359 = STYLED_ITEM ( 'NONE', ( #9427 ), #10625 ) ;
#2360 = ORIENTED_EDGE ( 'NONE', *, *, #1938, .T. ) ;
#2361 =( NAMED_UNIT ( * ) PLANE_ANGLE_UNIT ( ) SI_UNIT ( $, .RADIAN. ) );
#2362 = CARTESIAN_POINT ( 'NONE',  ( -0.3152274091715781545, -3.286010864708079460, 0.9800000000000002043 ) ) ;
#2363 = CARTESIAN_POINT ( 'NONE',  ( -1.018259724290067059, -2.964933620149330817, 0.9800000000000002043 ) ) ;
#2364 = VERTEX_POINT ( 'NONE', #9681 ) ;
#2365 = CARTESIAN_POINT ( 'NONE',  ( -1.862885400882674958, -3.283396360739304853, 0.9799999999999999822 ) ) ;
#2366 = CARTESIAN_POINT ( 'NONE',  ( -0.9945532437980212359, -3.195343974404594611, 0.9799999999999999822 ) ) ;
#2367 = EDGE_CURVE ( 'NONE', #7661, #2432, #8879, .T. ) ;
#2368 =( GEOMETRIC_REPRESENTATION_CONTEXT ( 3 ) GLOBAL_UNCERTAINTY_ASSIGNED_CONTEXT ( ( #4088 ) ) GLOBAL_UNIT_ASSIGNED_CONTEXT ( ( #10717, #11588, #10890 ) ) REPRESENTATION_CONTEXT ( 'NONE', 'WORKASPACE' ) );
#2369 = CARTESIAN_POINT ( 'NONE',  ( -1.726962584784596855, -2.749827072733562972, 0.9799999999999999822 ) ) ;
#2370 = VECTOR ( 'NONE', #9224, 1000.000000000000000 ) ;
#2371 = UNCERTAINTY_MEASURE_WITH_UNIT (LENGTH_MEASURE( 1.000000000000000082E-05 ), #5669, 'distance_accuracy_value', 'NONE');
#2372 = ORIENTED_EDGE ( 'NONE', *, *, #3421, .T. ) ;
#2373 = EDGE_CURVE ( 'NONE', #3169, #7357, #3296, .T. ) ;
#2374 = CARTESIAN_POINT ( 'NONE',  ( -0.9755256739289275281, -3.306390119868237942, 0.9800000000000002043 ) ) ;
#2375 = EDGE_CURVE ( 'NONE', #1047, #11176, #4035, .T. ) ;
#2376 = UNCERTAINTY_MEASURE_WITH_UNIT (LENGTH_MEASURE( 1.000000000000000082E-05 ), #9686, 'distance_accuracy_value', 'NONE');
#2377 = LINE ( 'NONE', #5142, #11395 ) ;
#2378 = SURFACE_STYLE_FILL_AREA ( #8816 ) ;
#2379 = EDGE_CURVE ( 'NONE', #11057, #14, #6103, .T. ) ;
#2380 = ORIENTED_EDGE ( 'NONE', *, *, #7172, .T. ) ;
#2381 = CARTESIAN_POINT ( 'NONE',  ( -0.3756893320058169450, -3.307221926200337059, 0.9810000000000000941 ) ) ;
#2382 = CARTESIAN_POINT ( 'NONE',  ( -1.033128262493087535, -3.307221926200337059, 0.9810000000000000941 ) ) ;
#2383 = CARTESIAN_POINT ( 'NONE',  ( -0.9605531599343878346, -3.244108620679739818, 0.9800000000000002043 ) ) ;
#2384 = CARTESIAN_POINT ( 'NONE',  ( -0.7955955665101568375, -3.313044570532008848, 0.9799999999999999822 ) ) ;
#2385 = ORIENTED_EDGE ( 'NONE', *, *, #9931, .F. ) ;
#2386 = MECHANICAL_DESIGN_GEOMETRIC_PRESENTATION_REPRESENTATION (  '', ( #11399 ), #3950 ) ;
#2387 = SURFACE_SIDE_STYLE ('',( #11598 ) ) ;
#2388 = AXIS2_PLACEMENT_3D ( 'NONE', #2408, #4804, #1484 ) ;
#2389 =( LENGTH_UNIT ( ) NAMED_UNIT ( * ) SI_UNIT ( .MILLI., .METRE. ) );
#2390 = STYLED_ITEM ( 'NONE', ( #10898 ), #1256 ) ;
#2391 =( LENGTH_UNIT ( ) NAMED_UNIT ( * ) SI_UNIT ( .MILLI., .METRE. ) );
#2392 = DIRECTION ( 'NONE',  ( -0.0000000000000000000, -0.0000000000000000000, -1.000000000000000000 ) ) ;
#2393 = SURFACE_STYLE_FILL_AREA ( #1416 ) ;
#2394 = CARTESIAN_POINT ( 'NONE',  ( -0.9309720472149166648, -3.011202847425386686, 0.9799999999999999822 ) ) ;
#2395 = EDGE_CURVE ( 'NONE', #2992, #7831, #7863, .T. ) ;
#2396 =( NAMED_UNIT ( * ) PLANE_ANGLE_UNIT ( ) SI_UNIT ( $, .RADIAN. ) );
#2397 = B_SPLINE_CURVE_WITH_KNOTS ( 'NONE', 3,
 ( #1391, #5140, #10706, #3241 ),
 .UNSPECIFIED., .F., .F.,
 ( 4, 4 ),
 ( 4.000000000000000000, 5.000000000000000000 ),
 .UNSPECIFIED. ) ;
#2399 = ORIENTED_EDGE ( 'NONE', *, *, #11528, .F. ) ;
#2398 = EDGE_CURVE ( 'NONE', #7010, #5932, #1455, .T. ) ;
#2400 = LINE ( 'NONE', #4234, #2752 ) ;
#2401 = MECHANICAL_DESIGN_GEOMETRIC_PRESENTATION_REPRESENTATION (  '', ( #11410 ), #92 ) ;
#2402 = CARTESIAN_POINT ( 'NONE',  ( -0.4698913992235199677, -3.330408527734124657, 0.9810000000000000941 ) ) ;
#2403 = STYLED_ITEM ( 'NONE', ( #11474 ), #4568 ) ;
#2404 =( LENGTH_UNIT ( ) NAMED_UNIT ( * ) SI_UNIT ( .MILLI., .METRE. ) );
#2405 = CARTESIAN_POINT ( 'NONE',  ( -1.940968674996824683, -2.962387115099497148, 0.9800000000000002043 ) ) ;
#2406 = EDGE_LOOP ( 'NONE', ( #5769, #577, #6308, #6773 ) ) ;
#2407 = ORIENTED_EDGE ( 'NONE', *, *, #10902, .F. ) ;
#2408 = CARTESIAN_POINT ( 'NONE',  ( 0.0000000000000000000, 0.0000000000000000000, 0.9809999999999996501 ) ) ;
#2409 =( GEOMETRIC_REPRESENTATION_CONTEXT ( 3 ) GLOBAL_UNCERTAINTY_ASSIGNED_CONTEXT ( ( #3887 ) ) GLOBAL_UNIT_ASSIGNED_CONTEXT ( ( #10550, #6995, #5167 ) ) REPRESENTATION_CONTEXT ( 'NONE', 'WORKASPACE' ) );
#2410 = COLOUR_RGB ( '',0.0000000000000000000, 0.0000000000000000000, 0.0000000000000000000 ) ;
#2411 = UNCERTAINTY_MEASURE_WITH_UNIT (LENGTH_MEASURE( 1.000000000000000082E-05 ), #5233, 'distance_accuracy_value', 'NONE');
#2412 = CARTESIAN_POINT ( 'NONE',  ( -0.7349776799893397161, -2.916168973874188275, 0.9800000000000002043 ) ) ;
#2413 = PRESENTATION_STYLE_ASSIGNMENT (( #10803 ) ) ;
#2414 = FILL_AREA_STYLE_COLOUR ( '', #7921 ) ;
#2415 = VECTOR ( 'NONE', #11172, 1000.000000000000000 ) ;
#2416 = ORIENTED_EDGE ( 'NONE', *, *, #5068, .T. ) ;
#2417 =( LENGTH_UNIT ( ) NAMED_UNIT ( * ) SI_UNIT ( .MILLI., .METRE. ) );
#2418 =( GEOMETRIC_REPRESENTATION_CONTEXT ( 3 ) GLOBAL_UNCERTAINTY_ASSIGNED_CONTEXT ( ( #8527 ) ) GLOBAL_UNIT_ASSIGNED_CONTEXT ( ( #4806, #5735, #11324 ) ) REPRESENTATION_CONTEXT ( 'NONE', 'WORKASPACE' ) );
#2419 = ORIENTED_EDGE ( 'NONE', *, *, #8966, .F. ) ;
#2420 = ORIENTED_EDGE ( 'NONE', *, *, #9361, .F. ) ;
#2421 = DIRECTION ( 'NONE',  ( 0.0000000000000000000, 0.0000000000000000000, 1.000000000000000000 ) ) ;
#2422 = MECHANICAL_DESIGN_GEOMETRIC_PRESENTATION_REPRESENTATION (  '', ( #11036 ), #5554 ) ;
#2423 = CARTESIAN_POINT ( 'NONE',  ( -0.9993881181082362453, -2.908370789500994480, 0.9810000000000000941 ) ) ;
#2424 = CARTESIAN_POINT ( 'NONE',  ( -0.8181063253984089956, -3.333839728858221996, 0.9799999999999999822 ) ) ;
#2425 = COLOUR_RGB ( '',0.0000000000000000000, 0.0000000000000000000, 0.0000000000000000000 ) ;
#2426 = CARTESIAN_POINT ( 'NONE',  ( -0.6891763437750957344, -3.330096600359580883, 0.9800000000000002043 ) ) ;
#2427 = CARTESIAN_POINT ( 'NONE',  ( -0.8746691560460573278, -2.999349607179018218, 0.9810000000000000941 ) ) ;
#2428 = ORIENTED_EDGE ( 'NONE', *, *, #2916, .T. ) ;
#2429 = FACE_OUTER_BOUND ( 'NONE', #6353, .T. ) ;
#2430 = LINE ( 'NONE', #9781, #7421 ) ;
#2431 =( NAMED_UNIT ( * ) SI_UNIT ( $, .STERADIAN. ) SOLID_ANGLE_UNIT ( ) );
#2432 = VERTEX_POINT ( 'NONE', #11513 ) ;
#2433 = LINE ( 'NONE', #3546, #4270 ) ;
#2434 = COLOUR_RGB ( '',0.0000000000000000000, 0.0000000000000000000, 0.0000000000000000000 ) ;
#2435 = ORIENTED_EDGE ( 'NONE', *, *, #2624, .T. ) ;
#2436 = CARTESIAN_POINT ( 'NONE',  ( -0.3756893320058169450, -3.307221926200337059, 0.9800000000000002043 ) ) ;
#2437 = CARTESIAN_POINT ( 'NONE',  ( -1.362573861928358276, -3.266044448500084574, 0.9810000000000000941 ) ) ;
#2438 = CARTESIAN_POINT ( 'NONE',  ( -0.5530200446325973518, -3.238805855307024029, 0.9810000000000000941 ) ) ;
#2439 = SURFACE_STYLE_FILL_AREA ( #4397 ) ;
#2440 =( NAMED_UNIT ( * ) PLANE_ANGLE_UNIT ( ) SI_UNIT ( $, .RADIAN. ) );
#2441 = ORIENTED_EDGE ( 'NONE', *, *, #10858, .F. ) ;
#2442 = SURFACE_STYLE_FILL_AREA ( #8992 ) ;
#2443 = EDGE_CURVE ( 'NONE', #3037, #8438, #554, .T. ) ;
#2444 = UNCERTAINTY_MEASURE_WITH_UNIT (LENGTH_MEASURE( 1.000000000000000082E-05 ), #11917, 'distance_accuracy_value', 'NONE');
#2445 = CARTESIAN_POINT ( 'NONE',  ( -0.4220105471776301465, -2.844633629231312355, 0.9809999999999996501 ) ) ;
#2446 = LINE ( 'NONE', #9744, #8640 ) ;
#2447 = SURFACE_SIDE_STYLE ('',( #8937 ) ) ;
#2448 = SURFACE_STYLE_FILL_AREA ( #2574 ) ;
#2449 = VERTEX_POINT ( 'NONE', #429 ) ;
#2450 = LINE ( 'NONE', #9250, #5436 ) ;
#2451 = EDGE_CURVE ( 'NONE', #10089, #5451, #7841, .T. ) ;
#2452 = SURFACE_STYLE_USAGE ( .BOTH. , #4112 ) ;
#2454 = CARTESIAN_POINT ( 'NONE',  ( -1.397277520925285899, -3.303640092870908873, 0.9810000000000000941 ) ) ;
#2453 =( GEOMETRIC_REPRESENTATION_CONTEXT ( 3 ) GLOBAL_UNCERTAINTY_ASSIGNED_CONTEXT ( ( #1298 ) ) GLOBAL_UNIT_ASSIGNED_CONTEXT ( ( #6822, #3877, #9468 ) ) REPRESENTATION_CONTEXT ( 'NONE', 'WORKASPACE' ) );
#2455 = CARTESIAN_POINT ( 'NONE',  ( -0.8896416700412819178, -3.007251767343725568, 0.9799999999999999822 ) ) ;
#2456 = CARTESIAN_POINT ( 'NONE',  ( -0.9761495286786930903, -3.271038350713540321, 0.9810000000000000941 ) ) ;
#2457 = ORIENTED_EDGE ( 'NONE', *, *, #11224, .T. ) ;
#2458 = PLANE ( 'NONE',  #7991 ) ;
#2459 = EDGE_CURVE ( 'NONE', #7382, #10476, #8930, .T. ) ;
#2460 =( NAMED_UNIT ( * ) SI_UNIT ( $, .STERADIAN. ) SOLID_ANGLE_UNIT ( ) );
#2461 = EDGE_CURVE ( 'NONE', #3549, #1700, #6923, .T. ) ;
#2462 = CARTESIAN_POINT ( 'NONE',  ( -0.9211463349058286454, -3.293289170122325693, 0.9800000000000002043 ) ) ;
#2463 = CARTESIAN_POINT ( 'NONE',  ( -0.9801525966568087611, -3.186298080533246591, 0.9799999999999999822 ) ) ;
#2464 = LINE ( 'NONE', #5337, #3978 ) ;
#2465 = EDGE_CURVE ( 'NONE', #7641, #9878, #10592, .T. ) ;
#2466 = EDGE_CURVE ( 'NONE', #8956, #7240, #6225, .T. ) ;
#2467 = SURFACE_STYLE_USAGE ( .BOTH. , #10855 ) ;
#2468 = ORIENTED_EDGE ( 'NONE', *, *, #3530, .T. ) ;
#2469 = ORIENTED_EDGE ( 'NONE', *, *, #7478, .F. ) ;
#2470 = DIRECTION ( 'NONE',  ( 0.0000000000000000000, 0.0000000000000000000, 1.000000000000000000 ) ) ;
#2471 = CARTESIAN_POINT ( 'NONE',  ( -1.975672389155174180, -3.315208089523751234, 0.9810000000000000941 ) ) ;
#2472 = B_SPLINE_CURVE_WITH_KNOTS ( 'NONE', 3,
 ( #1310, #11857, #6089, #10933 ),
 .UNSPECIFIED., .F., .F.,
 ( 4, 4 ),
 ( 1.000000000000000000, 2.000000000000000000 ),
 .UNSPECIFIED. ) ;
#2473 = CARTESIAN_POINT ( 'NONE',  ( -3.623086578651014023, 3.799999999999999822, 0.7800000000000008038 ) ) ;
#2474 = CARTESIAN_POINT ( 'NONE',  ( -0.3760532472761146106, -2.952144597777958790, 0.9810000000000000941 ) ) ;
#2475 = FACE_OUTER_BOUND ( 'NONE', #1642, .T. ) ;
#2476 = ORIENTED_EDGE ( 'NONE', *, *, #244, .T. ) ;
#2477 = SURFACE_STYLE_USAGE ( .BOTH. , #10746 ) ;
#2478 = CARTESIAN_POINT ( 'NONE',  ( -1.142510795289743974, -3.330408527734124657, 0.9810000000000000941 ) ) ;
#2479 = ORIENTED_EDGE ( 'NONE', *, *, #1032, .T. ) ;
#2480 = LINE ( 'NONE', #10929, #4753 ) ;
#2481 = EDGE_CURVE ( 'NONE', #11998, #3459, #6284, .T. ) ;
#2482 = VERTEX_POINT ( 'NONE', #1703 ) ;
#2483 = CARTESIAN_POINT ( 'NONE',  ( -1.530308351650157661, -2.825018409740929659, 0.9810000000000000941 ) ) ;
#2484 = AXIS2_PLACEMENT_3D ( 'NONE', #6295, #7402, #1652 ) ;
#2485 =( NAMED_UNIT ( * ) PLANE_ANGLE_UNIT ( ) SI_UNIT ( $, .RADIAN. ) );
#2486 = DIRECTION ( 'NONE',  ( -0.0000000000000000000, -0.0000000000000000000, -1.000000000000000000 ) ) ;
#2487 = CARTESIAN_POINT ( 'NONE',  ( -2.675735931288072411, 3.799999999999999822, 0.1999999999999999833 ) ) ;
#2488 = VERTEX_POINT ( 'NONE', #1577 ) ;
#2489 = SURFACE_STYLE_FILL_AREA ( #6157 ) ;
#2490 = SURFACE_STYLE_USAGE ( .BOTH. , #7144 ) ;
#2491 =( NAMED_UNIT ( * ) SI_UNIT ( $, .STERADIAN. ) SOLID_ANGLE_UNIT ( ) );
#2492 = UNCERTAINTY_MEASURE_WITH_UNIT (LENGTH_MEASURE( 1.000000000000000082E-05 ), #4452, 'distance_accuracy_value', 'NONE');
#2493 = VERTEX_POINT ( 'NONE', #9047 ) ;
#2494 = PRESENTATION_LAYER_ASSIGNMENT (  '', '', ( #6986 ) ) ;
#2495 = ORIENTED_EDGE ( 'NONE', *, *, #7193, .F. ) ;
#2496 = ORIENTED_EDGE ( 'NONE', *, *, #1092, .F. ) ;
#2497 = CARTESIAN_POINT ( 'NONE',  ( -0.5481851703216898963, -2.904211757836307584, 0.9800000000000002043 ) ) ;
#2498 = CARTESIAN_POINT ( 'NONE',  ( -1.585255853100152601, -2.777300828629293949, 0.9810000000000000941 ) ) ;
#2499 = DIRECTION ( 'NONE',  ( 0.0000000000000000000, 0.0000000000000000000, -1.000000000000000000 ) ) ;
#2500 = SURFACE_SIDE_STYLE ('',( #2378 ) ) ;
#2501 =( GEOMETRIC_REPRESENTATION_CONTEXT ( 3 ) GLOBAL_UNCERTAINTY_ASSIGNED_CONTEXT ( ( #5438 ) ) GLOBAL_UNIT_ASSIGNED_CONTEXT ( ( #2205, #506, #4227 ) ) REPRESENTATION_CONTEXT ( 'NONE', 'WORKASPACE' ) );
#2502 = COLOUR_RGB ( '',0.0000000000000000000, 0.0000000000000000000, 0.0000000000000000000 ) ;
#2503 = PRESENTATION_STYLE_ASSIGNMENT (( #11945 ) ) ;
#2504 = COLOUR_RGB ( '',0.0000000000000000000, 0.0000000000000000000, 0.0000000000000000000 ) ;
#2505 = ORIENTED_EDGE ( 'NONE', *, *, #3603, .T. ) ;
#2506 = CARTESIAN_POINT ( 'NONE',  ( -0.5554114878401739119, -2.949337251404330118, 0.9810000000000000941 ) ) ;
#2507 = SURFACE_STYLE_FILL_AREA ( #6423 ) ;
#2508 =( NAMED_UNIT ( * ) SI_UNIT ( $, .STERADIAN. ) SOLID_ANGLE_UNIT ( ) );
#2509 =( GEOMETRIC_REPRESENTATION_CONTEXT ( 3 ) GLOBAL_UNCERTAINTY_ASSIGNED_CONTEXT ( ( #7857 ) ) GLOBAL_UNIT_ASSIGNED_CONTEXT ( ( #8765, #7813, #8890 ) ) REPRESENTATION_CONTEXT ( 'NONE', 'WORKASPACE' ) );
#2510 = FILL_AREA_STYLE_COLOUR ( '', #7755 ) ;
#2511 = ORIENTED_EDGE ( 'NONE', *, *, #6406, .T. ) ;
#2512 = CARTESIAN_POINT ( 'NONE',  ( -1.035259766221189093, -2.984585044767507966, 0.9810000000000000941 ) ) ;
#2513 = CARTESIAN_POINT ( 'NONE',  ( -2.231612129378391263, -3.101201944150103973, 0.9810000000000000941 ) ) ;
#2514 =( LENGTH_UNIT ( ) NAMED_UNIT ( * ) SI_UNIT ( .MILLI., .METRE. ) );
#2515 = CARTESIAN_POINT ( 'NONE',  ( -2.033511848397659083, -3.176393205311723200, 0.9810000000000000941 ) ) ;
#2516 = LINE ( 'NONE', #6239, #3544 ) ;
#2517 = ORIENTED_EDGE ( 'NONE', *, *, #3825, .T. ) ;
#2518 = FILL_AREA_STYLE_COLOUR ( '', #11357 ) ;
#2519 = CARTESIAN_POINT ( 'NONE',  ( -0.8292317351034912409, -3.232359356226271352, 0.9799999999999999822 ) ) ;
#2520 =( NAMED_UNIT ( * ) PLANE_ANGLE_UNIT ( ) SI_UNIT ( $, .RADIAN. ) );
#2521 = ORIENTED_EDGE ( 'NONE', *, *, #4321, .F. ) ;
#2522 = DIRECTION ( 'NONE',  ( -1.000000000000000000, 0.0000000000000000000, -4.051977475832535632E-17 ) ) ;
#2523 = STYLED_ITEM ( 'NONE', ( #226 ), #4180 ) ;
#2524 = UNCERTAINTY_MEASURE_WITH_UNIT (LENGTH_MEASURE( 1.000000000000000082E-05 ), #10316, 'distance_accuracy_value', 'NONE');
#2525 = CARTESIAN_POINT ( 'NONE',  ( -0.7594119910226668768, -3.290897726914749022, 0.9810000000000000941 ) ) ;
#2526 = EDGE_CURVE ( 'NONE', #996, #2049, #5100, .T. ) ;
#2527 = EDGE_CURVE ( 'NONE', #1257, #6809, #9111, .T. ) ;
#2528 = CARTESIAN_POINT ( 'NONE',  ( -0.3157992760262828269, -3.169557978080211225, 0.9799999999999999822 ) ) ;
#2529 = VERTEX_POINT ( 'NONE', #10220 ) ;
#2530 = ORIENTED_EDGE ( 'NONE', *, *, #11302, .F. ) ;
#2531 = FILL_AREA_STYLE ('',( #4551 ) ) ;
#2532 = CIRCLE ( 'NONE', #5843, 0.3000000000000000444 ) ;
#2533 = FILL_AREA_STYLE_COLOUR ( '', #9831 ) ;
#2534 = UNCERTAINTY_MEASURE_WITH_UNIT (LENGTH_MEASURE( 1.000000000000000082E-05 ), #211, 'distance_accuracy_value', 'NONE');
#2535 = DIRECTION ( 'NONE',  ( 1.000000000000000000, 0.0000000000000000000, 0.0000000000000000000 ) ) ;
#2536 = CARTESIAN_POINT ( 'NONE',  ( -0.8573571867396971857, -3.211460222108549090, 0.9800000000000002043 ) ) ;
#2537 = FACE_OUTER_BOUND ( 'NONE', #5574, .T. ) ;
#2538 = CARTESIAN_POINT ( 'NONE',  ( -0.9794247661155177642, -2.966389281231902153, 0.9799999999999999822 ) ) ;
#2539 = CARTESIAN_POINT ( 'NONE',  ( -0.7359134621136491639, -3.376053900261096974, 0.9810000000000000941 ) ) ;
#2540 = ADVANCED_FACE ( 'NONE', ( #7217, #11870 ), #4521, .F. ) ;
#2541 = CARTESIAN_POINT ( 'NONE',  ( -0.6797145467369926086, -3.294328928038837923, 0.9799999999999999822 ) ) ;
#2542 = ORIENTED_EDGE ( 'NONE', *, *, #6262, .T. ) ;
#2543 = CARTESIAN_POINT ( 'NONE',  ( -1.997362169133766852, -2.866952039066210212, 0.9810000000000000941 ) ) ;
#2544 = VECTOR ( 'NONE', #11004, 1000.000000000000000 ) ;
#2545 =( GEOMETRIC_REPRESENTATION_CONTEXT ( 3 ) GLOBAL_UNCERTAINTY_ASSIGNED_CONTEXT ( ( #7664 ) ) GLOBAL_UNIT_ASSIGNED_CONTEXT ( ( #4149, #5971, #6215 ) ) REPRESENTATION_CONTEXT ( 'NONE', 'WORKASPACE' ) );
#2546 = EDGE_LOOP ( 'NONE', ( #5553, #11885, #4953, #4514 ) ) ;
#2547 = DIRECTION ( 'NONE',  ( -0.0000000000000000000, -0.0000000000000000000, -1.000000000000000000 ) ) ;
#2548 = CARTESIAN_POINT ( 'NONE',  ( -0.7921123774909988313, -3.279564365627333444, 0.9810000000000000941 ) ) ;
#2549 =( GEOMETRIC_REPRESENTATION_CONTEXT ( 3 ) GLOBAL_UNCERTAINTY_ASSIGNED_CONTEXT ( ( #1687 ) ) GLOBAL_UNIT_ASSIGNED_CONTEXT ( ( #11608, #266, #7590 ) ) REPRESENTATION_CONTEXT ( 'NONE', 'WORKASPACE' ) );
#2550 = PRESENTATION_LAYER_ASSIGNMENT (  '', '', ( #1564 ) ) ;
#2551 = CARTESIAN_POINT ( 'NONE',  ( -0.8077087462353104153, -2.984585044767507966, 0.9810000000000000941 ) ) ;
#2552 = EDGE_CURVE ( 'NONE', #6254, #5121, #3495, .T. ) ;
#2553 = ORIENTED_EDGE ( 'NONE', *, *, #464, .T. ) ;
#2554 = AXIS2_PLACEMENT_3D ( 'NONE', #1536, #4295, #1354 ) ;
#2555 = CARTESIAN_POINT ( 'NONE',  ( -0.7003537413759326480, -3.356506451434439153, 0.9810000000000000941 ) ) ;
#2556 = CARTESIAN_POINT ( 'NONE',  ( -0.3306678142293116851, -3.156768955710224756, 0.9810000000000000941 ) ) ;
#2557 = VERTEX_POINT ( 'NONE', #11136 ) ;
#2558 = PRESENTATION_LAYER_ASSIGNMENT (  '', '', ( #2358 ) ) ;
#2559 = STYLED_ITEM ( 'NONE', ( #3299 ), #10474 ) ;
#2560 = CARTESIAN_POINT ( 'NONE',  ( -0.4745183219514081951, -3.127031879302791140, 0.9810000000000000941 ) ) ;
#2561 = ORIENTED_EDGE ( 'NONE', *, *, #4719, .F. ) ;
#2562 = ORIENTED_EDGE ( 'NONE', *, *, #10045, .T. ) ;
#2563 = CARTESIAN_POINT ( 'NONE',  ( -1.037755185220968768, -3.150426432419600076, 0.9800000000000002043 ) ) ;
#2564 = CARTESIAN_POINT ( 'NONE',  ( -0.2761325115182485801, -3.282891590958525896, 0.9810000000000000941 ) ) ;
#2565 =( NAMED_UNIT ( * ) PLANE_ANGLE_UNIT ( ) SI_UNIT ( $, .RADIAN. ) );
#2566 = MECHANICAL_DESIGN_GEOMETRIC_PRESENTATION_REPRESENTATION (  '', ( #7080 ), #10227 ) ;
#2567 = FILL_AREA_STYLE_COLOUR ( '', #1586 ) ;
#2568 =( LENGTH_UNIT ( ) NAMED_UNIT ( * ) SI_UNIT ( .MILLI., .METRE. ) );
#2569 = EDGE_LOOP ( 'NONE', ( #6472, #7445, #10073, #8131, #896, #11937, #578, #3907, #9567, #9362, #10066, #7677, #4814, #7719, #746, #6654, #965, #3827, #4304, #9538, #6140 ) ) ;
#2570 = DIRECTION ( 'NONE',  ( 1.000000000000000000, 0.0000000000000000000, -0.0000000000000000000 ) ) ;
#2571 = VECTOR ( 'NONE', #10768, 1000.000000000000000 ) ;
#2572 = UNCERTAINTY_MEASURE_WITH_UNIT (LENGTH_MEASURE( 1.000000000000000082E-05 ), #1877, 'distance_accuracy_value', 'NONE');
#2573 = STYLED_ITEM ( 'NONE', ( #2306 ), #10690 ) ;
#2574 = FILL_AREA_STYLE ('',( #7987 ) ) ;
#2575 = ORIENTED_EDGE ( 'NONE', *, *, #4478, .T. ) ;
#2576 = DIRECTION ( 'NONE',  ( -1.000000000000000000, 0.0000000000000000000, -0.0000000000000000000 ) ) ;
#2577 =( GEOMETRIC_REPRESENTATION_CONTEXT ( 3 ) GLOBAL_UNCERTAINTY_ASSIGNED_CONTEXT ( ( #5718 ) ) GLOBAL_UNIT_ASSIGNED_CONTEXT ( ( #6537, #5600, #11372 ) ) REPRESENTATION_CONTEXT ( 'NONE', 'WORKASPACE' ) );
#2578 = FACE_OUTER_BOUND ( 'NONE', #11482, .T. ) ;
#2579 = LINE ( 'NONE', #11033, #1811 ) ;
#2580 = CARTESIAN_POINT ( 'NONE',  ( -0.9560822008937726046, -3.312940594740499733, 0.9810000000000000941 ) ) ;
#2581 = PLANE ( 'NONE',  #11756 ) ;
#2582 = STYLED_ITEM ( 'NONE', ( #6198 ), #9995 ) ;
#2583 = CARTESIAN_POINT ( 'NONE',  ( -0.8573571867396971857, -3.224353220270048226, 0.9810000000000000941 ) ) ;
#2584 = ORIENTED_EDGE ( 'NONE', *, *, #3335, .F. ) ;
#2585 = VERTEX_POINT ( 'NONE', #8221 ) ;
#2586 = DIRECTION ( 'NONE',  ( 1.000000000000000000, -0.0000000000000000000, -0.0000000000000000000 ) ) ;
#2587 = CARTESIAN_POINT ( 'NONE',  ( -0.5481851703216898963, -2.904211757836307584, 0.9810000000000000941 ) ) ;
#2588 = ORIENTED_EDGE ( 'NONE', *, *, #11630, .F. ) ;
#2589 = CARTESIAN_POINT ( 'NONE',  ( -0.9445408880226360271, -3.181827121492629473, 0.9799999999999999822 ) ) ;
#2590 =( GEOMETRIC_REPRESENTATION_CONTEXT ( 3 ) GLOBAL_UNCERTAINTY_ASSIGNED_CONTEXT ( ( #4854 ) ) GLOBAL_UNIT_ASSIGNED_CONTEXT ( ( #8419, #6294, #1770 ) ) REPRESENTATION_CONTEXT ( 'NONE', 'WORKASPACE' ) );
#2591 = DIRECTION ( 'NONE',  ( -0.0000000000000000000, -0.0000000000000000000, -1.000000000000000000 ) ) ;
#2592 = AXIS2_PLACEMENT_3D ( 'NONE', #3451, #1675, #637 ) ;
#2593 = AXIS2_PLACEMENT_3D ( 'NONE', #6432, #6180, #7111 ) ;
#2594 =( NAMED_UNIT ( * ) SI_UNIT ( $, .STERADIAN. ) SOLID_ANGLE_UNIT ( ) );
#2595 = EDGE_LOOP ( 'NONE', ( #2251, #508, #5890, #6586 ) ) ;
#2596 = VERTEX_POINT ( 'NONE', #11074 ) ;
#2597 = CARTESIAN_POINT ( 'NONE',  ( -0.9962688443593771259, -3.322402391779288866, 0.9799999999999999822 ) ) ;
#2598 = FILL_AREA_STYLE ('',( #3700 ) ) ;
#2599 = FILL_AREA_STYLE ('',( #2665 ) ) ;
#2600 = SURFACE_SIDE_STYLE ('',( #4614 ) ) ;
#2601 = DIRECTION ( 'NONE',  ( 0.0000000000000000000, -0.0000000000000000000, 1.000000000000000000 ) ) ;
#2602 = FILL_AREA_STYLE ('',( #2853 ) ) ;
#2603 = DIRECTION ( 'NONE',  ( -1.000000000000000000, 0.0000000000000000000, 0.0000000000000000000 ) ) ;
#2604 = B_SPLINE_SURFACE_WITH_KNOTS ( 'NONE', 3, 1, ( 
 ( #7777, #5779 ),
 ( #4073, #3222 ),
 ( #9709, #8726 ),
 ( #7606, #9534 ) ),
 .UNSPECIFIED., .F., .F., .F.,
 ( 4, 4 ),
 ( 2, 2 ),
 ( 19.00000000000000000, 20.00000000000000000 ),
 ( 0.0000000000000000000, 1.000000000000000000 ),
 .UNSPECIFIED. ) ;
#2605 = MECHANICAL_DESIGN_GEOMETRIC_PRESENTATION_REPRESENTATION (  '', ( #3005 ), #9049 ) ;
#2607 = AXIS2_PLACEMENT_3D ( 'NONE', #9392, #7416, #3924 ) ;
#2606 = CARTESIAN_POINT ( 'NONE',  ( -0.5481851703216898963, -2.878841664677973977, 0.9800000000000002043 ) ) ;
#2608 = DIRECTION ( 'NONE',  ( -0.0000000000000000000, -0.0000000000000000000, -1.000000000000000000 ) ) ;
#2609 = ADVANCED_FACE ( 'NONE', ( #6412 ), #1131, .F. ) ;
#2610 = EDGE_CURVE ( 'NONE', #8918, #3181, #8347, .T. ) ;
#2611 = EDGE_LOOP ( 'NONE', ( #6714, #3032, #979, #10106 ) ) ;
#2612 = SURFACE_STYLE_FILL_AREA ( #11987 ) ;
#2613 = STYLED_ITEM ( 'NONE', ( #8074 ), #2691 ) ;
#2614 = AXIS2_PLACEMENT_3D ( 'NONE', #1078, #8599, #6596 ) ;
#2615 = VECTOR ( 'NONE', #1093, 1000.000000000000000 ) ;
#2616 = EDGE_LOOP ( 'NONE', ( #1419, #375, #10198, #4871, #860, #8085, #7703, #6183, #2933, #9891 ) ) ;
#2617 = FILL_AREA_STYLE_COLOUR ( '', #8861 ) ;
#2618 = DIRECTION ( 'NONE',  ( -0.7071067811865507924, 0.0000000000000000000, 0.7071067811865441310 ) ) ;
#2619 = LINE ( 'NONE', #7012, #10948 ) ;
#2620 = LINE ( 'NONE', #2679, #1198 ) ;
#2622 = STYLED_ITEM ( 'NONE', ( #10191 ), #2768 ) ;
#2621 =( NAMED_UNIT ( * ) SI_UNIT ( $, .STERADIAN. ) SOLID_ANGLE_UNIT ( ) );
#2623 = ORIENTED_EDGE ( 'NONE', *, *, #4562, .T. ) ;
#2624 = EDGE_CURVE ( 'NONE', #7382, #9523, #8607, .T. ) ;
#2625 = DIRECTION ( 'NONE',  ( -0.0000000000000000000, -0.0000000000000000000, -1.000000000000000000 ) ) ;
#2626 = SURFACE_STYLE_USAGE ( .BOTH. , #12000 ) ;
#2627 = CARTESIAN_POINT ( 'NONE',  ( -1.033128262493087535, -3.330408527734124657, 0.9800000000000002043 ) ) ;
#2628 = ORIENTED_EDGE ( 'NONE', *, *, #6300, .F. ) ;
#2629 = CARTESIAN_POINT ( 'NONE',  ( -1.773234185274330743, -3.281950285312990712, 0.9810000000000000941 ) ) ;
#2630 = ORIENTED_EDGE ( 'NONE', *, *, #1408, .T. ) ;
#2631 = ADVANCED_FACE ( 'NONE', ( #1084 ), #2003, .T. ) ;
#2632 =( GEOMETRIC_REPRESENTATION_CONTEXT ( 3 ) GLOBAL_UNCERTAINTY_ASSIGNED_CONTEXT ( ( #7146 ) ) GLOBAL_UNIT_ASSIGNED_CONTEXT ( ( #8758, #6859, #2137 ) ) REPRESENTATION_CONTEXT ( 'NONE', 'WORKASPACE' ) );
#2633 = ADVANCED_FACE ( 'NONE', ( #1020 ), #3048, .T. ) ;
#2634 = ORIENTED_EDGE ( 'NONE', *, *, #9350, .F. ) ;
#2635 = PRESENTATION_LAYER_ASSIGNMENT (  '', '', ( #9852 ) ) ;
#2636 = DIRECTION ( 'NONE',  ( 0.0000000000000000000, -0.0000000000000000000, -1.000000000000000000 ) ) ;
#2637 = CARTESIAN_POINT ( 'NONE',  ( -0.5481851703216898963, -2.929581850994640746, 0.9800000000000002043 ) ) ;
#2638 = PRESENTATION_STYLE_ASSIGNMENT (( #11021 ) ) ;
#2639 = FILL_AREA_STYLE ('',( #2567 ) ) ;
#2640 = CARTESIAN_POINT ( 'NONE',  ( -0.7461550775894828513, -3.185154346825209704, 0.9800000000000002043 ) ) ;
#2641 = ORIENTED_EDGE ( 'NONE', *, *, #3213, .F. ) ;
#2642 = CARTESIAN_POINT ( 'NONE',  ( -0.8115038626296986468, -3.202518304027323737, 0.9810000000000000941 ) ) ;
#2643 = CARTESIAN_POINT ( 'NONE',  ( -1.621405532364044610, -3.309424063617307787, 0.9810000000000000941 ) ) ;
#2644 = CARTESIAN_POINT ( 'NONE',  ( -0.9755256739289275281, -3.306390119868237942, 0.9810000000000000941 ) ) ;
#2645 = PLANE ( 'NONE',  #8114 ) ;
#2646 = FILL_AREA_STYLE_COLOUR ( '', #6620 ) ;
#2647 = UNCERTAINTY_MEASURE_WITH_UNIT (LENGTH_MEASURE( 1.000000000000000082E-05 ), #450, 'distance_accuracy_value', 'NONE');
#2648 = EDGE_LOOP ( 'NONE', ( #8278, #3404, #7191, #4005 ) ) ;
#2649 = STYLED_ITEM ( 'NONE', ( #5692 ), #610 ) ;
#2650 = LINE ( 'NONE', #3684, #10913 ) ;
#2651 = B_SPLINE_CURVE_WITH_KNOTS ( 'NONE', 3,
 ( #3856, #7577, #4770, #7695 ),
 .UNSPECIFIED., .F., .F.,
 ( 4, 4 ),
 ( 3.000000000000000000, 4.000000000000000000 ),
 .UNSPECIFIED. ) ;
#2652 = SURFACE_STYLE_FILL_AREA ( #1529 ) ;
#2653 = CARTESIAN_POINT ( 'NONE',  ( -0.8410329874534082650, -3.193368434364459052, 0.9810000000000000941 ) ) ;
#2654 = VERTEX_POINT ( 'NONE', #638 ) ;
#2655 = EDGE_LOOP ( 'NONE', ( #8827, #686, #10916, #7816 ) ) ;
#2656 = FACE_OUTER_BOUND ( 'NONE', #4686, .T. ) ;
#2657 = CARTESIAN_POINT ( 'NONE',  ( -0.4745183219514081951, -3.127031879302791140, 0.9800000000000002043 ) ) ;
#2658 = CARTESIAN_POINT ( 'NONE',  ( -1.018259724290067059, -2.964933620149330817, 0.9810000000000000941 ) ) ;
#2659 = SURFACE_STYLE_FILL_AREA ( #11968 ) ;
#2660 = UNCERTAINTY_MEASURE_WITH_UNIT (LENGTH_MEASURE( 1.000000000000000082E-05 ), #5364, 'distance_accuracy_value', 'NONE');
#2661 = CARTESIAN_POINT ( 'NONE',  ( -1.773234185274330743, -3.267490413606325195, 0.9810000000000000941 ) ) ;
#2662 = CARTESIAN_POINT ( 'NONE',  ( -0.5704879776276085002, -2.846921096647376803, 0.9800000000000002043 ) ) ;
#2663 = EDGE_LOOP ( 'NONE', ( #11326, #11255, #3875, #11963 ) ) ;
#2664 = FACE_OUTER_BOUND ( 'NONE', #7369, .T. ) ;
#2665 = FILL_AREA_STYLE_COLOUR ( '', #9246 ) ;
#2666 = SURFACE_STYLE_USAGE ( .BOTH. , #1795 ) ;
#2667 = ORIENTED_EDGE ( 'NONE', *, *, #7042, .T. ) ;
#2668 = LINE ( 'NONE', #8500, #11891 ) ;
#2669 = CARTESIAN_POINT ( 'NONE',  ( -0.8311032993528110202, -3.222065752853989107, 0.9799999999999999822 ) ) ;
#2670 = UNCERTAINTY_MEASURE_WITH_UNIT (LENGTH_MEASURE( 1.000000000000000082E-05 ), #10097, 'distance_accuracy_value', 'NONE');
#2671 = DIRECTION ( 'NONE',  ( -0.7071067811865460184, -0.0000000000000000000, -0.7071067811865490160 ) ) ;
#2672 = CARTESIAN_POINT ( 'NONE',  ( -0.9469323312302121431, -3.202518304027323737, 0.9810000000000000941 ) ) ;
#2673 = ORIENTED_EDGE ( 'NONE', *, *, #953, .T. ) ;
#2674 = ORIENTED_EDGE ( 'NONE', *, *, #2225, .T. ) ;
#2675 = UNCERTAINTY_MEASURE_WITH_UNIT (LENGTH_MEASURE( 1.000000000000000082E-05 ), #5026, 'distance_accuracy_value', 'NONE');
#2676 = SURFACE_STYLE_FILL_AREA ( #11992 ) ;
#2677 = LINE ( 'NONE', #4739, #9939 ) ;
#2678 = PLANE ( 'NONE',  #3318 ) ;
#2679 = CARTESIAN_POINT ( 'NONE',  ( -0.3553100768456650127, -3.007771646301291568, 0.9810000000000000941 ) ) ;
#2680 = FILL_AREA_STYLE_COLOUR ( '', #2913 ) ;
#2681 = EDGE_LOOP ( 'NONE', ( #9184, #6280, #2248, #8763, #790, #2469, #6352, #4333, #4184, #2419, #3073, #7696 ) ) ;
#2682 = FACE_OUTER_BOUND ( 'NONE', #5741, .T. ) ;
#2683 = DIRECTION ( 'NONE',  ( -1.000000000000000000, -0.0000000000000000000, -0.0000000000000000000 ) ) ;
#2684 =( NAMED_UNIT ( * ) PLANE_ANGLE_UNIT ( ) SI_UNIT ( $, .RADIAN. ) );
#2685 = PRESENTATION_STYLE_ASSIGNMENT (( #9103 ) ) ;
#2686 = EDGE_CURVE ( 'NONE', #236, #1305, #10494, .T. ) ;
#2687 = ORIENTED_EDGE ( 'NONE', *, *, #8970, .T. ) ;
#2688 = SURFACE_STYLE_FILL_AREA ( #8032 ) ;
#2689 = ORIENTED_EDGE ( 'NONE', *, *, #4272, .F. ) ;
#2690 = B_SPLINE_CURVE_WITH_KNOTS ( 'NONE', 3,
 ( #5325, #10895, #4465, #680 ),
 .UNSPECIFIED., .F., .F.,
 ( 4, 4 ),
 ( 9.000000000000000000, 10.00000000000000000 ),
 .UNSPECIFIED. ) ;
#2691 = ADVANCED_FACE ( 'NONE', ( #7728 ), #11568, .F. ) ;
#2692 = ORIENTED_EDGE ( 'NONE', *, *, #5540, .F. ) ;
#2693 = ADVANCED_FACE ( 'NONE', ( #9996 ), #3452, .F. ) ;
#2694 = PRESENTATION_STYLE_ASSIGNMENT (( #1882 ) ) ;
#2695 = CARTESIAN_POINT ( 'NONE',  ( -1.949644631116431270, -3.339789882455566961, 0.9800000000000002043 ) ) ;
#2696 = VECTOR ( 'NONE', #3289, 1000.000000000000000 ) ;
#2697 = CARTESIAN_POINT ( 'NONE',  ( -0.2965637545741610093, -3.301919160827621269, 0.9810000000000000941 ) ) ;
#2698 = CARTESIAN_POINT ( 'NONE',  ( -0.2934964687217503365, -3.226848639269142005, 0.9800000000000002043 ) ) ;
#2699 = FACE_OUTER_BOUND ( 'NONE', #10879, .T. ) ;
#2700 = ORIENTED_EDGE ( 'NONE', *, *, #289, .F. ) ;
#2701 = LINE ( 'NONE', #7984, #10446 ) ;
#2702 =( LENGTH_UNIT ( ) NAMED_UNIT ( * ) SI_UNIT ( .MILLI., .METRE. ) );
#2703 = FACE_OUTER_BOUND ( 'NONE', #4047, .T. ) ;
#2704 = ADVANCED_FACE ( 'NONE', ( #8682 ), #1037, .F. ) ;
#2705 = AXIS2_PLACEMENT_3D ( 'NONE', #796, #9240, #4525 ) ;
#2706 = ORIENTED_EDGE ( 'NONE', *, *, #5223, .T. ) ;
#2707 = DIRECTION ( 'NONE',  ( 0.0000000000000000000, 0.0000000000000000000, -1.000000000000000000 ) ) ;
#2708 = B_SPLINE_SURFACE_WITH_KNOTS ( 'NONE', 3, 1, ( 
 ( #10127, #2729 ),
 ( #9210, #8453 ),
 ( #5398, #7480 ),
 ( #12043, #8190 ) ),
 .UNSPECIFIED., .F., .F., .F.,
 ( 4, 4 ),
 ( 2, 2 ),
 ( 1.000000000000000000, 2.000000000000000000 ),
 ( 0.0000000000000000000, 1.000000000000000000 ),
 .UNSPECIFIED. ) ;
#2709 = STYLED_ITEM ( 'NONE', ( #11010 ), #7540 ) ;
#2710 = SURFACE_STYLE_USAGE ( .BOTH. , #7292 ) ;
#2711 = FILL_AREA_STYLE_COLOUR ( '', #2434 ) ;
#2712 = VECTOR ( 'NONE', #7287, 1000.000000000000000 ) ;
#2713 = CARTESIAN_POINT ( 'NONE',  ( -0.1771475578853914379, -3.127031879302791140, 0.9810000000000000941 ) ) ;
#2714 = ORIENTED_EDGE ( 'NONE', *, *, #4480, .F. ) ;
#2715 = CARTESIAN_POINT ( 'NONE',  ( -1.917832874751957517, -3.135905575568395331, 0.9799999999999999822 ) ) ;
#2716 = SURFACE_STYLE_FILL_AREA ( #1596 ) ;
#2717 = CARTESIAN_POINT ( 'NONE',  ( -0.4802889783873196539, -3.007771646301291568, 0.9810000000000000941 ) ) ;
#2718 = ADVANCED_FACE ( 'NONE', ( #5645 ), #2708, .F. ) ;
#2719 = SURFACE_SIDE_STYLE ('',( #10054 ) ) ;
#2720 = B_SPLINE_CURVE_WITH_KNOTS ( 'NONE', 3,
 ( #7079, #4024, #10696, #1262 ),
 .UNSPECIFIED., .F., .F.,
 ( 4, 4 ),
 ( 2.000000000000000000, 3.000000000000000000 ),
 .UNSPECIFIED. ) ;
#2721 = DIRECTION ( 'NONE',  ( 0.0000000000000000000, 0.0000000000000000000, 1.000000000000000000 ) ) ;
#2722 = STYLED_ITEM ( 'NONE', ( #378 ), #91 ) ;
#2723 = AXIS2_PLACEMENT_3D ( 'NONE', #10004, #9152, #9888 ) ;
#2724 = CARTESIAN_POINT ( 'NONE',  ( -0.9175071821987060838, -3.271454253879594098, 0.9800000000000002043 ) ) ;
#2725 = PRESENTATION_LAYER_ASSIGNMENT (  '', '', ( #4847 ) ) ;
#2726 = CARTESIAN_POINT ( 'NONE',  ( -0.3157992760262828269, -3.169557978080211225, 0.9810000000000000941 ) ) ;
#2727 = ORIENTED_EDGE ( 'NONE', *, *, #11551, .F. ) ;
#2728 = FILL_AREA_STYLE ('',( #3581 ) ) ;
#2729 = CARTESIAN_POINT ( 'NONE',  ( -1.000843779191503025, -2.983441311059476853, 0.9799999999999999822 ) ) ;
#2730 = FILL_AREA_STYLE_COLOUR ( '', #6055 ) ;
#2731 = FILL_AREA_STYLE_COLOUR ( '', #1922 ) ;
#2732 = ORIENTED_EDGE ( 'NONE', *, *, #1782, .F. ) ;
#2733 = CARTESIAN_POINT ( 'NONE',  ( -0.9794247661155177642, -2.966389281231902153, 0.9799999999999999822 ) ) ;
#2734 = VECTOR ( 'NONE', #4985, 1000.000000000000000 ) ;
#2735 = EDGE_LOOP ( 'NONE', ( #3543, #9393, #7544, #8757 ) ) ;
#2736 = CARTESIAN_POINT ( 'NONE',  ( -0.9975685417553713519, -2.830908824736320550, 0.9799999999999999822 ) ) ;
#2737 = COLOUR_RGB ( '',0.0000000000000000000, 0.0000000000000000000, 0.0000000000000000000 ) ;
#2738 = ORIENTED_EDGE ( 'NONE', *, *, #9378, .F. ) ;
#2739 =( NAMED_UNIT ( * ) PLANE_ANGLE_UNIT ( ) SI_UNIT ( $, .RADIAN. ) );
#2740 = FILL_AREA_STYLE_COLOUR ( '', #4665 ) ;
#2741 = CARTESIAN_POINT ( 'NONE',  ( -0.6861610458177462846, -2.804394997869956718, 0.9810000000000000941 ) ) ;
#2742 = CARTESIAN_POINT ( 'NONE',  ( -1.452225022375277952, -2.939251397593995563, 0.9810000000000000941 ) ) ;
#2743 = ORIENTED_EDGE ( 'NONE', *, *, #11536, .T. ) ;
#2744 = MECHANICAL_DESIGN_GEOMETRIC_PRESENTATION_REPRESENTATION (  '', ( #10169 ), #786 ) ;
#2745 = ORIENTED_EDGE ( 'NONE', *, *, #4388, .T. ) ;
#2746 = CARTESIAN_POINT ( 'NONE',  ( -0.8053692909234896335, -3.271558229671111651, 0.9799999999999999822 ) ) ;
#2747 = ORIENTED_EDGE ( 'NONE', *, *, #11808, .F. ) ;
#2748 = PRESENTATION_LAYER_ASSIGNMENT (  '', '', ( #7988 ) ) ;
#2749 = VERTEX_POINT ( 'NONE', #98 ) ;
#2750 = MECHANICAL_DESIGN_GEOMETRIC_PRESENTATION_REPRESENTATION (  '', ( #3536 ), #8177 ) ;
#2751 = PRESENTATION_STYLE_ASSIGNMENT (( #7559 ) ) ;
#2752 = VECTOR ( 'NONE', #748, 1000.000000000000000 ) ;
#2753 = SURFACE_SIDE_STYLE ('',( #6669 ) ) ;
#2754 = CARTESIAN_POINT ( 'NONE',  ( -0.9927336674444569020, -2.952040621986445679, 0.9799999999999999822 ) ) ;
#2755 = ORIENTED_EDGE ( 'NONE', *, *, #6119, .T. ) ;
#2756 = CARTESIAN_POINT ( 'NONE',  ( -0.9271769308205284332, -2.987808294308576418, 0.9810000000000000941 ) ) ;
#2757 = CARTESIAN_POINT ( 'NONE',  ( -0.7264516650755532545, -3.376989682386107194, 0.9799999999999999822 ) ) ;
#2758 =( NAMED_UNIT ( * ) SI_UNIT ( $, .STERADIAN. ) SOLID_ANGLE_UNIT ( ) );
#2759 = EDGE_CURVE ( 'NONE', #11017, #4821, #2851, .T. ) ;
#2760 = COLOUR_RGB ( '',0.0000000000000000000, 0.0000000000000000000, 0.0000000000000000000 ) ;
#2761 = STYLED_ITEM ( 'NONE', ( #7351 ), #10274 ) ;
#2762 = UNCERTAINTY_MEASURE_WITH_UNIT (LENGTH_MEASURE( 1.000000000000000082E-05 ), #9258, 'distance_accuracy_value', 'NONE');
#2763 = MECHANICAL_DESIGN_GEOMETRIC_PRESENTATION_REPRESENTATION (  '', ( #2354 ), #11960 ) ;
#2764 = EDGE_CURVE ( 'NONE', #7321, #2192, #4554, .T. ) ;
#2765 = EDGE_LOOP ( 'NONE', ( #3455, #10980, #9058, #1822 ) ) ;
#2766 = CARTESIAN_POINT ( 'NONE',  ( -0.9530669029364294831, -2.800963796745862489, 0.9810000000000000941 ) ) ;
#2767 = CARTESIAN_POINT ( 'NONE',  ( -0.6861610458177462846, -3.007771646301291568, 0.9810000000000000941 ) ) ;
#2768 = ADVANCED_FACE ( 'NONE', ( #3643 ), #8551, .T. ) ;
#2769 = CARTESIAN_POINT ( 'NONE',  ( -0.1006213752429521158, -3.330408527734124657, 0.9800000000000002043 ) ) ;
#2770 =( LENGTH_UNIT ( ) NAMED_UNIT ( * ) SI_UNIT ( .MILLI., .METRE. ) );
#2771 = FACE_OUTER_BOUND ( 'NONE', #6222, .T. ) ;
#2772 = PRESENTATION_LAYER_ASSIGNMENT (  '', '', ( #2573 ) ) ;
#2773 = CARTESIAN_POINT ( 'NONE',  ( -0.8410329874534082650, -3.193368434364459052, 0.9799999999999999822 ) ) ;
#2774 = ORIENTED_EDGE ( 'NONE', *, *, #11898, .T. ) ;
#2775 = SURFACE_STYLE_USAGE ( .BOTH. , #1049 ) ;
#2776 =( NAMED_UNIT ( * ) PLANE_ANGLE_UNIT ( ) SI_UNIT ( $, .RADIAN. ) );
#2777 =( NAMED_UNIT ( * ) SI_UNIT ( $, .STERADIAN. ) SOLID_ANGLE_UNIT ( ) );
#2778 = STYLED_ITEM ( 'NONE', ( #6048 ), #735 ) ;
#2779 = FACE_OUTER_BOUND ( 'NONE', #6865, .T. ) ;
#2780 = VECTOR ( 'NONE', #5835, 1000.000000000000000 ) ;
#2781 = VERTEX_POINT ( 'NONE', #5765 ) ;
#2782 = EDGE_CURVE ( 'NONE', #10697, #6558, #3077, .T. ) ;
#2783 = CARTESIAN_POINT ( 'NONE',  ( -0.4318362594867182214, -2.804394997869956718, 0.9800000000000002043 ) ) ;
#2784 = FACE_OUTER_BOUND ( 'NONE', #3779, .T. ) ;
#2785 = EDGE_CURVE ( 'NONE', #7240, #3802, #8650, .T. ) ;
#2786 = CARTESIAN_POINT ( 'NONE',  ( -2.140514893504466887, -3.018780609235746315, 0.9810000000000000941 ) ) ;
#2787 =( NAMED_UNIT ( * ) SI_UNIT ( $, .STERADIAN. ) SOLID_ANGLE_UNIT ( ) );
#2788 = PLANE ( 'NONE',  #9369 ) ;
#2789 = EDGE_LOOP ( 'NONE', ( #4142, #5263, #8808, #9475 ) ) ;
#2790 = STYLED_ITEM ( 'NONE', ( #10835 ), #11310 ) ;
#2791 = DIRECTION ( 'NONE',  ( -1.000000000000000000, -0.0000000000000000000, -0.0000000000000000000 ) ) ;
#2792 =( GEOMETRIC_REPRESENTATION_CONTEXT ( 3 ) GLOBAL_UNCERTAINTY_ASSIGNED_CONTEXT ( ( #102 ) ) GLOBAL_UNIT_ASSIGNED_CONTEXT ( ( #1762, #12066, #4583 ) ) REPRESENTATION_CONTEXT ( 'NONE', 'WORKASPACE' ) );
#2793 = CARTESIAN_POINT ( 'NONE',  ( -1.398723541192248954, -3.067944250259414307, 0.9800000000000002043 ) ) ;
#2794 = PRESENTATION_LAYER_ASSIGNMENT (  '', '', ( #3765 ) ) ;
#2795 = ORIENTED_EDGE ( 'NONE', *, *, #8660, .F. ) ;
#2796 = CARTESIAN_POINT ( 'NONE',  ( -1.773234185274330743, -3.361479579694797604, 0.9810000000000000941 ) ) ;
#2797 = PRESENTATION_LAYER_ASSIGNMENT (  '', '', ( #5901 ) ) ;
#2798 = SURFACE_STYLE_FILL_AREA ( #9342 ) ;
#2799 = VERTEX_POINT ( 'NONE', #205 ) ;
#2800 = VECTOR ( 'NONE', #3029, 1000.000000000000000 ) ;
#2801 = UNCERTAINTY_MEASURE_WITH_UNIT (LENGTH_MEASURE( 1.000000000000000082E-05 ), #828, 'distance_accuracy_value', 'NONE');
#2802 = CARTESIAN_POINT ( 'NONE',  ( -0.6861610458177462846, -2.804394997869956718, 0.9810000000000000941 ) ) ;
#2803 = DIRECTION ( 'NONE',  ( 0.0000000000000000000, -0.0000000000000000000, -1.000000000000000000 ) ) ;
#2804 = DIRECTION ( 'NONE',  ( 4.051977475832535632E-17, 0.0000000000000000000, -1.000000000000000000 ) ) ;
#2805 = LINE ( 'NONE', #5547, #4640 ) ;
#2806 = SURFACE_STYLE_USAGE ( .BOTH. , #5602 ) ;
#2807 = FILL_AREA_STYLE_COLOUR ( '', #7657 ) ;
#2808 = B_SPLINE_SURFACE_WITH_KNOTS ( 'NONE', 3, 1, ( 
 ( #7881, #11660 ),
 ( #6067, #7769 ),
 ( #11719, #8899 ),
 ( #9818, #1422 ) ),
 .UNSPECIFIED., .F., .F., .F.,
 ( 4, 4 ),
 ( 2, 2 ),
 ( 2.000000000000000000, 3.000000000000000000 ),
 ( 0.0000000000000000000, 1.000000000000000000 ),
 .UNSPECIFIED. ) ;
#2809 =( GEOMETRIC_REPRESENTATION_CONTEXT ( 3 ) GLOBAL_UNCERTAINTY_ASSIGNED_CONTEXT ( ( #87 ) ) GLOBAL_UNIT_ASSIGNED_CONTEXT ( ( #1659, #12026, #9062 ) ) REPRESENTATION_CONTEXT ( 'NONE', 'WORKASPACE' ) );
#2810 = ORIENTED_EDGE ( 'NONE', *, *, #7829, .T. ) ;
#2811 =( NAMED_UNIT ( * ) PLANE_ANGLE_UNIT ( ) SI_UNIT ( $, .RADIAN. ) );
#2812 = ORIENTED_EDGE ( 'NONE', *, *, #10902, .T. ) ;
#2813 = VERTEX_POINT ( 'NONE', #3873 ) ;
#2814 = SURFACE_STYLE_USAGE ( .BOTH. , #4643 ) ;
#2815 = VECTOR ( 'NONE', #4837, 1000.000000000000000 ) ;
#2816 = SURFACE_SIDE_STYLE ('',( #11384 ) ) ;
#2817 = CARTESIAN_POINT ( 'NONE',  ( -0.6049559525544373484, -2.827789550986767431, 0.9810000000000000941 ) ) ;
#2818 = MECHANICAL_DESIGN_GEOMETRIC_PRESENTATION_REPRESENTATION (  '', ( #8871 ), #2409 ) ;
#2819 = CARTESIAN_POINT ( 'NONE',  ( -0.2934964687217503365, -3.226848639269142005, 0.9810000000000000941 ) ) ;
#2820 = CARTESIAN_POINT ( 'NONE',  ( -1.043525841656193887, -3.238805855307024029, 0.9810000000000000941 ) ) ;
#2821 = SURFACE_STYLE_USAGE ( .BOTH. , #8291 ) ;
#2822 = EDGE_LOOP ( 'NONE', ( #9779, #11441, #1907, #560, #8550, #866, #3196, #6161 ) ) ;
#2823 = UNCERTAINTY_MEASURE_WITH_UNIT (LENGTH_MEASURE( 1.000000000000000082E-05 ), #9402, 'distance_accuracy_value', 'NONE');
#2824 = DIRECTION ( 'NONE',  ( 1.000000000000000000, 0.0000000000000000000, 4.051977475832535632E-17 ) ) ;
#2825 = CARTESIAN_POINT ( 'NONE',  ( -1.874453259634733193, -3.135905575568395331, 0.9799999999999999822 ) ) ;
#2826 = CARTESIAN_POINT ( 'NONE',  ( -0.4052184568288403343, -3.307221926200337059, 0.9800000000000002043 ) ) ;
#2827 = B_SPLINE_CURVE_WITH_KNOTS ( 'NONE', 3,
 ( #994, #4726, #8515, #11290 ),
 .UNSPECIFIED., .F., .F.,
 ( 4, 4 ),
 ( 26.00000000000000000, 27.00000000000000000 ),
 .UNSPECIFIED. ) ;
#2828 = ORIENTED_EDGE ( 'NONE', *, *, #519, .T. ) ;
#2829 = VECTOR ( 'NONE', #8562, 1000.000000000000000 ) ;
#2830 =( GEOMETRIC_REPRESENTATION_CONTEXT ( 3 ) GLOBAL_UNCERTAINTY_ASSIGNED_CONTEXT ( ( #7326 ) ) GLOBAL_UNIT_ASSIGNED_CONTEXT ( ( #2033, #5638, #3752 ) ) REPRESENTATION_CONTEXT ( 'NONE', 'WORKASPACE' ) );
#2831 = CARTESIAN_POINT ( 'NONE',  ( -0.4524234662298953769, -2.929165947827201855, 0.9800000000000002043 ) ) ;
#2832 = CARTESIAN_POINT ( 'NONE',  ( -1.494158672385574205, -3.331113871176613284, 0.9799999999999999822 ) ) ;
#2833 = CARTESIAN_POINT ( 'NONE',  ( -1.043525841656193887, -3.215515277981726872, 0.9810000000000000941 ) ) ;
#2834 = CARTESIAN_POINT ( 'NONE',  ( -0.5716836992313939492, -2.813336915949796957, 0.9800000000000002043 ) ) ;
#2835 = EDGE_CURVE ( 'NONE', #8408, #4624, #12118, .T. ) ;
#2836 =( NAMED_UNIT ( * ) PLANE_ANGLE_UNIT ( ) SI_UNIT ( $, .RADIAN. ) );
#2837 = ORIENTED_EDGE ( 'NONE', *, *, #8202, .T. ) ;
#2838 = FILL_AREA_STYLE_COLOUR ( '', #8629 ) ;
#2839 = PRESENTATION_LAYER_ASSIGNMENT (  '', '', ( #8067 ) ) ;
#2840 = MECHANICAL_DESIGN_GEOMETRIC_PRESENTATION_REPRESENTATION (  '', ( #11824 ), #286 ) ;
#2841 = CARTESIAN_POINT ( 'NONE',  ( -0.4169157333879343619, -2.837147372234046117, 0.9800000000000002043 ) ) ;
#2842 = CARTESIAN_POINT ( 'NONE',  ( -0.8575131504269682958, -3.299007838662480818, 0.9799999999999999822 ) ) ;
#2843 = SURFACE_STYLE_USAGE ( .BOTH. , #8311 ) ;
#2844 = EDGE_CURVE ( 'NONE', #10476, #1409, #4057, .T. ) ;
#2845 = SURFACE_STYLE_FILL_AREA ( #7585 ) ;
#2846 = ORIENTED_EDGE ( 'NONE', *, *, #2610, .T. ) ;
#2847 = CARTESIAN_POINT ( 'NONE',  ( -0.7308706362197150419, -3.398824598628831239, 0.9810000000000000941 ) ) ;
#2848 = FACE_BOUND ( 'NONE', #9235, .T. ) ;
#2849 = ADVANCED_FACE ( 'NONE', ( #4121 ), #8516, .F. ) ;
#2850 = EDGE_CURVE ( 'NONE', #501, #9968, #388, .T. ) ;
#2851 = LINE ( 'NONE', #1911, #2415 ) ;
#2852 = SURFACE_STYLE_FILL_AREA ( #9334 ) ;
#2853 = FILL_AREA_STYLE_COLOUR ( '', #8568 ) ;
#2854 = ORIENTED_EDGE ( 'NONE', *, *, #4728, .T. ) ;
#2855 = CARTESIAN_POINT ( 'NONE',  ( -0.8292317351034912409, -3.232359356226271352, 0.9800000000000002043 ) ) ;
#2856 = SURFACE_STYLE_USAGE ( .BOTH. , #6459 ) ;
#2857 = EDGE_CURVE ( 'NONE', #125, #7398, #6643, .T. ) ;
#2858 =( NAMED_UNIT ( * ) PLANE_ANGLE_UNIT ( ) SI_UNIT ( $, .RADIAN. ) );
#2859 = ADVANCED_FACE ( 'NONE', ( #10543 ), #10851, .F. ) ;
#2860 = ORIENTED_EDGE ( 'NONE', *, *, #26, .T. ) ;
#2861 = CARTESIAN_POINT ( 'NONE',  ( -0.9755256739289275281, -3.306390119868237942, 0.9810000000000000941 ) ) ;
#2862 = CARTESIAN_POINT ( 'NONE',  ( -0.7921123774909988313, -3.279564365627333444, 0.9799999999999999822 ) ) ;
#2863 = CARTESIAN_POINT ( 'NONE',  ( -1.888913158920726199, -3.227002839023036085, 0.9810000000000000941 ) ) ;
#2864 = SURFACE_SIDE_STYLE ('',( #955 ) ) ;
#2865 = CARTESIAN_POINT ( 'NONE',  ( -0.3433528608077843214, -3.330408527734124657, 0.9810000000000000941 ) ) ;
#2866 = EDGE_CURVE ( 'NONE', #3376, #198, #814, .T. ) ;
#2867 = FILL_AREA_STYLE_COLOUR ( '', #3100 ) ;
#2868 = EDGE_LOOP ( 'NONE', ( #3287, #7464, #6120, #10392 ) ) ;
#2869 = ORIENTED_EDGE ( 'NONE', *, *, #3657, .F. ) ;
#2870 = SURFACE_STYLE_FILL_AREA ( #8220 ) ;
#2871 = DIRECTION ( 'NONE',  ( -0.0000000000000000000, 1.000000000000000000, -0.0000000000000000000 ) ) ;
#2872 = CARTESIAN_POINT ( 'NONE',  ( -1.530308351650157661, -2.825018409740929659, 0.9810000000000000941 ) ) ;
#2873 = PRESENTATION_STYLE_ASSIGNMENT (( #11259 ) ) ;
#2874 = ORIENTED_EDGE ( 'NONE', *, *, #11302, .T. ) ;
#2875 = FILL_AREA_STYLE_COLOUR ( '', #3406 ) ;
#2876 = FILL_AREA_STYLE_COLOUR ( '', #10799 ) ;
#2877 =( LENGTH_UNIT ( ) NAMED_UNIT ( * ) SI_UNIT ( .MILLI., .METRE. ) );
#2878 = CARTESIAN_POINT ( 'NONE',  ( -0.1490740941435531042, -3.127031879302791140, 0.9799999999999999822 ) ) ;
#2879 = UNCERTAINTY_MEASURE_WITH_UNIT (LENGTH_MEASURE( 1.000000000000000082E-05 ), #3862, 'distance_accuracy_value', 'NONE');
#2880 = ORIENTED_EDGE ( 'NONE', *, *, #660, .F. ) ;
#2881 = CARTESIAN_POINT ( 'NONE',  ( -0.9228619354678770925, -2.800963796745862489, 0.9799999999999999822 ) ) ;
#2882 = FILL_AREA_STYLE_COLOUR ( '', #6316 ) ;
#2883 =( LENGTH_UNIT ( ) NAMED_UNIT ( * ) SI_UNIT ( .MILLI., .METRE. ) );
#2884 =( NAMED_UNIT ( * ) SI_UNIT ( $, .STERADIAN. ) SOLID_ANGLE_UNIT ( ) );
#2885 = CARTESIAN_POINT ( 'NONE',  ( -1.495604637492501165, -2.856830131629684910, 0.9800000000000002043 ) ) ;
#2886 = FILL_AREA_STYLE_COLOUR ( '', #7995 ) ;
#2887 = DIRECTION ( 'NONE',  ( -0.9910683662997867849, -0.1333547648937655483, 0.0000000000000000000 ) ) ;
#2888 = STYLED_ITEM ( 'NONE', ( #5738 ), #7339 ) ;
#2889 = PRESENTATION_LAYER_ASSIGNMENT (  '', '', ( #3087 ) ) ;
#2890 = EDGE_LOOP ( 'NONE', ( #7845, #9156, #11640, #6493 ) ) ;
#2891 = CARTESIAN_POINT ( 'NONE',  ( -0.8301155293320466866, -3.185674225782779700, 0.9810000000000000941 ) ) ;
#2892 = CARTESIAN_POINT ( 'NONE',  ( -0.2965637545741610093, -3.153961609335209193, 0.9810000000000000941 ) ) ;
#2893 = CARTESIAN_POINT ( 'NONE',  ( -0.8077087462353106373, -2.916168973874187831, 0.9799999999999999822 ) ) ;
#2894 =( LENGTH_UNIT ( ) NAMED_UNIT ( * ) SI_UNIT ( .MILLI., .METRE. ) );
#2895 = LINE ( 'NONE', #6633, #2198 ) ;
#2896 = DIRECTION ( 'NONE',  ( -0.0000000000000000000, -0.0000000000000000000, -1.000000000000000000 ) ) ;
#2897 = VECTOR ( 'NONE', #4633, 1000.000000000000000 ) ;
#2898 = VECTOR ( 'NONE', #6454, 1000.000000000000000 ) ;
#2899 =( NAMED_UNIT ( * ) SI_UNIT ( $, .STERADIAN. ) SOLID_ANGLE_UNIT ( ) );
#2900 = ORIENTED_EDGE ( 'NONE', *, *, #2152, .F. ) ;
#2901 = CARTESIAN_POINT ( 'NONE',  ( -1.398723541192248954, -3.130121687562049448, 0.9810000000000000941 ) ) ;
#2902 = SURFACE_STYLE_USAGE ( .BOTH. , #6761 ) ;
#2903 = CARTESIAN_POINT ( 'NONE',  ( -0.8746691560460573278, -2.836731469066607669, 0.9799999999999999822 ) ) ;
#2904 = CARTESIAN_POINT ( 'NONE',  ( -0.9356509578385598935, -3.308989514658840836, 0.9800000000000002043 ) ) ;
#2905 = SURFACE_SIDE_STYLE ('',( #7591 ) ) ;
#2906 = ORIENTED_EDGE ( 'NONE', *, *, #2466, .F. ) ;
#2907 = B_SPLINE_SURFACE_WITH_KNOTS ( 'NONE', 3, 1, ( 
 ( #56, #8407 ),
 ( #7385, #2746 ),
 ( #7612, #1013 ),
 ( #5664, #4747 ) ),
 .UNSPECIFIED., .F., .F., .F.,
 ( 4, 4 ),
 ( 2, 2 ),
 ( 3.000000000000000000, 4.000000000000000000 ),
 ( 0.0000000000000000000, 1.000000000000000000 ),
 .UNSPECIFIED. ) ;
#2908 = SURFACE_STYLE_FILL_AREA ( #8652 ) ;
#2909 = EDGE_CURVE ( 'NONE', #10689, #10877, #3984, .T. ) ;
#2910 = UNCERTAINTY_MEASURE_WITH_UNIT (LENGTH_MEASURE( 1.000000000000000082E-05 ), #8698, 'distance_accuracy_value', 'NONE');
#2911 = AXIS2_PLACEMENT_3D ( 'NONE', #6296, #10892, #3365 ) ;
#2912 =( GEOMETRIC_REPRESENTATION_CONTEXT ( 3 ) GLOBAL_UNCERTAINTY_ASSIGNED_CONTEXT ( ( #8234 ) ) GLOBAL_UNIT_ASSIGNED_CONTEXT ( ( #6379, #3640, #4365 ) ) REPRESENTATION_CONTEXT ( 'NONE', 'WORKASPACE' ) );
#2913 = COLOUR_RGB ( '',0.0000000000000000000, 0.0000000000000000000, 0.0000000000000000000 ) ;
#2914 = DIRECTION ( 'NONE',  ( 1.000000000000000000, -0.0000000000000000000, -0.0000000000000000000 ) ) ;
#2915 = EDGE_CURVE ( 'NONE', #6742, #6698, #11965, .T. ) ;
#2916 = EDGE_CURVE ( 'NONE', #5943, #4018, #10907, .T. ) ;
#2917 = SURFACE_STYLE_USAGE ( .BOTH. , #6399 ) ;
#2918 = ORIENTED_EDGE ( 'NONE', *, *, #10552, .F. ) ;
#2919 = MECHANICAL_DESIGN_GEOMETRIC_PRESENTATION_REPRESENTATION (  '', ( #5049 ), #10735 ) ;
#2920 = VECTOR ( 'NONE', #4947, 1000.000000000000000 ) ;
#2921 = UNCERTAINTY_MEASURE_WITH_UNIT (LENGTH_MEASURE( 1.000000000000000082E-05 ), #7681, 'distance_accuracy_value', 'NONE');
#2922 = CARTESIAN_POINT ( 'NONE',  ( -0.8255405945006136781, -3.235582605765955133, 0.9810000000000000941 ) ) ;
#2923 = ADVANCED_FACE ( 'NONE', ( #11835 ), #5532, .F. ) ;
#2924 = DIRECTION ( 'NONE',  ( -0.0000000000000000000, -1.000000000000000000, -0.0000000000000000000 ) ) ;
#2925 = SURFACE_STYLE_USAGE ( .BOTH. , #3830 ) ;
#2926 = CARTESIAN_POINT ( 'NONE',  ( -0.5792739320201754083, -3.127031879302790252, 0.9799999999999999822 ) ) ;
#2927 = CARTESIAN_POINT ( 'NONE',  ( -0.07161212937888518371, -3.330408527734124657, 0.9810000000000000941 ) ) ;
#2928 =( NAMED_UNIT ( * ) SI_UNIT ( $, .STERADIAN. ) SOLID_ANGLE_UNIT ( ) );
#2929 = FILL_AREA_STYLE_COLOUR ( '', #7289 ) ;
#2930 = MECHANICAL_DESIGN_GEOMETRIC_PRESENTATION_REPRESENTATION (  '', ( #3512 ), #775 ) ;
#2931 = SURFACE_STYLE_FILL_AREA ( #11317 ) ;
#2932 = VERTEX_POINT ( 'NONE', #6242 ) ;
#2933 = ORIENTED_EDGE ( 'NONE', *, *, #5899, .F. ) ;
#2934 = PLANE ( 'NONE',  #8434 ) ;
#2935 = ADVANCED_FACE ( 'NONE', ( #868 ), #8110, .F. ) ;
#2936 = EDGE_CURVE ( 'NONE', #125, #693, #1101, .T. ) ;
#2937 =( NAMED_UNIT ( * ) PLANE_ANGLE_UNIT ( ) SI_UNIT ( $, .RADIAN. ) );
#2938 = STYLED_ITEM ( 'NONE', ( #10394 ), #5827 ) ;
#2939 = COLOUR_RGB ( '',0.0000000000000000000, 0.0000000000000000000, 0.0000000000000000000 ) ;
#2940 = FACE_OUTER_BOUND ( 'NONE', #634, .T. ) ;
#2941 = CARTESIAN_POINT ( 'NONE',  ( -0.9993881181082362453, -2.932701124742809640, 0.9799999999999999822 ) ) ;
#2942 = ORIENTED_EDGE ( 'NONE', *, *, #829, .T. ) ;
#2943 = CARTESIAN_POINT ( 'NONE',  ( -0.8410329874534082650, -3.193368434364459052, 0.9810000000000000941 ) ) ;
#2944 = CARTESIAN_POINT ( 'NONE',  ( -1.327870147770007447, -3.228448804129268268, 0.9810000000000000941 ) ) ;
#2945 = PLANE ( 'NONE',  #7173 ) ;
#2946 = ORIENTED_EDGE ( 'NONE', *, *, #10117, .F. ) ;
#2947 = CIRCLE ( 'NONE', #8598, 0.7800000000000001377 ) ;
#2948 = PRESENTATION_LAYER_ASSIGNMENT (  '', '', ( #11163 ) ) ;
#2949 = CARTESIAN_POINT ( 'NONE',  ( -1.116256907902850815, -2.804394997869956718, 0.9810000000000000941 ) ) ;
#2950 = SURFACE_STYLE_USAGE ( .BOTH. , #312 ) ;
#2951 = DIRECTION ( 'NONE',  ( 1.000000000000000000, -0.0000000000000000000, -0.0000000000000000000 ) ) ;
#2952 = SURFACE_SIDE_STYLE ('',( #11519 ) ) ;
#2953 = FACE_OUTER_BOUND ( 'NONE', #4243, .T. ) ;
#2954 = VERTEX_POINT ( 'NONE', #10240 ) ;
#2955 = PLANE ( 'NONE',  #11970 ) ;
#2956 = CARTESIAN_POINT ( 'NONE',  ( -1.116256907902850815, -3.307221926200337059, 0.9810000000000000941 ) ) ;
#2957 = SURFACE_STYLE_FILL_AREA ( #11524 ) ;
#2958 = COLOUR_RGB ( '',0.0000000000000000000, 0.0000000000000000000, 0.0000000000000000000 ) ;
#2959 =( NAMED_UNIT ( * ) SI_UNIT ( $, .STERADIAN. ) SOLID_ANGLE_UNIT ( ) );
#2960 =( LENGTH_UNIT ( ) NAMED_UNIT ( * ) SI_UNIT ( .MILLI., .METRE. ) );
#2961 = DIRECTION ( 'NONE',  ( 0.0000000000000000000, 1.000000000000000000, -0.0000000000000000000 ) ) ;
#2962 = COLOUR_RGB ( '',0.9686274509803921573, 0.8784313725490195957, 0.5999999999999999778 ) ;
#2963 = AXIS2_PLACEMENT_3D ( 'NONE', #8224, #853, #9308 ) ;
#2964 = STYLED_ITEM ( 'NONE', ( #1333 ), #5565 ) ;
#2965 = PRESENTATION_STYLE_ASSIGNMENT (( #10249 ) ) ;
#2966 = ORIENTED_EDGE ( 'NONE', *, *, #6627, .F. ) ;
#2967 = CARTESIAN_POINT ( 'NONE',  ( -1.017167978477792056, -2.850872176729037477, 0.9800000000000002043 ) ) ;
#2968 =( NAMED_UNIT ( * ) SI_UNIT ( $, .STERADIAN. ) SOLID_ANGLE_UNIT ( ) );
#2969 = LINE ( 'NONE', #9520, #7282 ) ;
#2970 = CARTESIAN_POINT ( 'NONE',  ( -2.075445470828630512, -2.953711186560602719, 0.9810000000000000941 ) ) ;
#2971 = EDGE_LOOP ( 'NONE', ( #6737, #12062, #4487, #6796 ) ) ;
#2972 = VECTOR ( 'NONE', #11062, 1000.000000000000000 ) ;
#2973 = CARTESIAN_POINT ( 'NONE',  ( -1.511510529464747954, -3.017334699289550226, 0.9799999999999999822 ) ) ;
#2974 = B_SPLINE_CURVE_WITH_KNOTS ( 'NONE', 3,
 ( #387, #10049, #11830, #11034 ),
 .UNSPECIFIED., .F., .F.,
 ( 4, 4 ),
 ( 4.000000000000000000, 5.000000000000000000 ),
 .UNSPECIFIED. ) ;
#2975 = PLANE ( 'NONE',  #5268 ) ;
#2976 = ORIENTED_EDGE ( 'NONE', *, *, #10927, .F. ) ;
#2977 = COLOUR_RGB ( '',0.0000000000000000000, 0.0000000000000000000, 0.0000000000000000000 ) ;
#2978 = CARTESIAN_POINT ( 'NONE',  ( -2.170880670972001436, -3.258814512647445039, 0.9810000000000000941 ) ) ;
#2979 =( NAMED_UNIT ( * ) SI_UNIT ( $, .STERADIAN. ) SOLID_ANGLE_UNIT ( ) );
#2980 = CARTESIAN_POINT ( 'NONE',  ( -0.8167026522115985454, -3.181827121492629473, 0.9799999999999999822 ) ) ;
#2981 =( NAMED_UNIT ( * ) PLANE_ANGLE_UNIT ( ) SI_UNIT ( $, .RADIAN. ) );
#2982 = EDGE_CURVE ( 'NONE', #5715, #2799, #8165, .T. ) ;
#2983 = PRESENTATION_LAYER_ASSIGNMENT (  '', '', ( #11984 ) ) ;
#2984 = VECTOR ( 'NONE', #4277, 1000.000000000000000 ) ;
#2985 = CARTESIAN_POINT ( 'NONE',  ( -1.887467193814489574, -3.339789882455566961, 0.9810000000000000941 ) ) ;
#2986 = DIRECTION ( 'NONE',  ( -0.0000000000000000000, -0.0000000000000000000, -1.000000000000000000 ) ) ;
#2987 = DIRECTION ( 'NONE',  ( 0.0000000000000000000, -1.000000000000000000, 0.0000000000000000000 ) ) ;
#2988 = SURFACE_STYLE_FILL_AREA ( #11376 ) ;
#2989 = PRESENTATION_LAYER_ASSIGNMENT (  '', '', ( #11399 ) ) ;
#2990 = AXIS2_PLACEMENT_3D ( 'NONE', #7234, #7175, #2522 ) ;
#2991 = MECHANICAL_DESIGN_GEOMETRIC_PRESENTATION_REPRESENTATION (  '', ( #8231 ), #8656 ) ;
#2992 = VERTEX_POINT ( 'NONE', #8440 ) ;
#2993 = AXIS2_PLACEMENT_3D ( 'NONE', #9063, #9124, #11889 ) ;
#2994 = ORIENTED_EDGE ( 'NONE', *, *, #8330, .T. ) ;
#2995 =( NAMED_UNIT ( * ) PLANE_ANGLE_UNIT ( ) SI_UNIT ( $, .RADIAN. ) );
#2996 = DIRECTION ( 'NONE',  ( -0.0000000000000000000, -0.0000000000000000000, -1.000000000000000000 ) ) ;
#2997 = EDGE_CURVE ( 'NONE', #902, #7333, #4888, .T. ) ;
#2999 = VECTOR ( 'NONE', #857, 1000.000000000000000 ) ;
#2998 = DIRECTION ( 'NONE',  ( -0.9398440417738201935, -0.3416038306902453026, 0.0000000000000000000 ) ) ;
#3000 = SURFACE_STYLE_USAGE ( .BOTH. , #11140 ) ;
#3001 = ORIENTED_EDGE ( 'NONE', *, *, #5593, .T. ) ;
#3002 = CARTESIAN_POINT ( 'NONE',  ( -0.2934964687217503365, -3.226848639269142005, 0.9800000000000002043 ) ) ;
#3003 = LINE ( 'NONE', #8744, #7654 ) ;
#3004 = DIRECTION ( 'NONE',  ( 1.000000000000000000, -0.0000000000000000000, -5.732948384547406140E-16 ) ) ;
#3005 = STYLED_ITEM ( 'NONE', ( #2295 ), #8494 ) ;
#3006 = STYLED_ITEM ( 'NONE', ( #2965 ), #4548 ) ;
#3007 = EDGE_LOOP ( 'NONE', ( #2457, #11050, #7623, #1604 ) ) ;
#3008 = EDGE_CURVE ( 'NONE', #5373, #11498, #11730, .T. ) ;
#3009 = EDGE_CURVE ( 'NONE', #9531, #4464, #6565, .T. ) ;
#3010 = CARTESIAN_POINT ( 'NONE',  ( -0.9469323312302121431, -3.202518304027323737, 0.9810000000000000941 ) ) ;
#3011 = PRESENTATION_LAYER_ASSIGNMENT (  '', '', ( #2613 ) ) ;
#3012 = B_SPLINE_SURFACE_WITH_KNOTS ( 'NONE', 3, 1, ( 
 ( #1094, #2832 ),
 ( #10292, #1893 ),
 ( #5625, #4710 ),
 ( #2437, #11643 ) ),
 .UNSPECIFIED., .F., .F., .F.,
 ( 4, 4 ),
 ( 2, 2 ),
 ( 33.00000000000000000, 34.00000000000000000 ),
 ( 0.0000000000000000000, 1.000000000000000000 ),
 .UNSPECIFIED. ) ;
#3013 = VECTOR ( 'NONE', #2045, 1000.000000000000000 ) ;
#3014 = CARTESIAN_POINT ( 'NONE',  ( -1.523078415797519458, -3.017334699289550226, 0.9799999999999999822 ) ) ;
#3015 = SURFACE_STYLE_USAGE ( .BOTH. , #7635 ) ;
#3016 = EDGE_CURVE ( 'NONE', #11986, #6357, #8633, .T. ) ;
#3017 = ORIENTED_EDGE ( 'NONE', *, *, #9344, .T. ) ;
#3018 =( LENGTH_UNIT ( ) NAMED_UNIT ( * ) SI_UNIT ( .MILLI., .METRE. ) );
#3019 =( NAMED_UNIT ( * ) PLANE_ANGLE_UNIT ( ) SI_UNIT ( $, .RADIAN. ) );
#3020 = LINE ( 'NONE', #9689, #6903 ) ;
#3021 = CIRCLE ( 'NONE', #11236, 0.7800000000000000266 ) ;
#3022 = ORIENTED_EDGE ( 'NONE', *, *, #9573, .F. ) ;
#3023 = DIRECTION ( 'NONE',  ( 1.000000000000000000, 0.0000000000000000000, -0.0000000000000000000 ) ) ;
#3024 = PLANE ( 'NONE',  #2607 ) ;
#3025 = ORIENTED_EDGE ( 'NONE', *, *, #9581, .F. ) ;
#3027 = CARTESIAN_POINT ( 'NONE',  ( 2.675735931288065750, -3.799999999999999822, 0.7800000000000008038 ) ) ;
#3026 =( GEOMETRIC_REPRESENTATION_CONTEXT ( 3 ) GLOBAL_UNCERTAINTY_ASSIGNED_CONTEXT ( ( #424 ) ) GLOBAL_UNIT_ASSIGNED_CONTEXT ( ( #1584, #673, #8097 ) ) REPRESENTATION_CONTEXT ( 'NONE', 'WORKASPACE' ) );
#3028 = DIRECTION ( 'NONE',  ( -1.000000000000000000, 0.0000000000000000000, 1.118624075033640162E-16 ) ) ;
#3029 = DIRECTION ( 'NONE',  ( 1.000000000000000000, 0.0000000000000000000, 2.237248150067282790E-16 ) ) ;
#3030 = STYLED_ITEM ( 'NONE', ( #10729 ), #9500 ) ;
#3031 = CARTESIAN_POINT ( 'NONE',  ( -2.075445470828630512, -2.953711186560602719, 0.9799999999999999822 ) ) ;
#3032 = ORIENTED_EDGE ( 'NONE', *, *, #2253, .F. ) ;
#3033 = PRESENTATION_STYLE_ASSIGNMENT (( #5947 ) ) ;
#3034 = LINE ( 'NONE', #10437, #4186 ) ;
#3035 = VECTOR ( 'NONE', #2021, 1000.000000000000000 ) ;
#3036 = DIRECTION ( 'NONE',  ( -1.000000000000000000, 0.0000000000000000000, 1.118624075033640162E-16 ) ) ;
#3037 = VERTEX_POINT ( 'NONE', #1964 ) ;
#3038 = EDGE_LOOP ( 'NONE', ( #7592, #9754, #5193, #6935 ) ) ;
#3039 = CARTESIAN_POINT ( 'NONE',  ( -0.8077087462353104153, -2.916168973874188275, 0.9810000000000000941 ) ) ;
#3040 = FILL_AREA_STYLE_COLOUR ( '', #5119 ) ;
#3041 = CARTESIAN_POINT ( 'NONE',  ( -0.5704879776276085002, -2.846921096647376803, 0.9810000000000000941 ) ) ;
#3042 = SURFACE_STYLE_FILL_AREA ( #12117 ) ;
#3043 =( NAMED_UNIT ( * ) PLANE_ANGLE_UNIT ( ) SI_UNIT ( $, .RADIAN. ) );
#3044 = FACE_OUTER_BOUND ( 'NONE', #8701, .T. ) ;
#3045 = ORIENTED_EDGE ( 'NONE', *, *, #2785, .T. ) ;
#3046 = VERTEX_POINT ( 'NONE', #3805 ) ;
#3047 = CARTESIAN_POINT ( 'NONE',  ( -0.9515072660623394851, -3.262096432632321630, 0.9799999999999999822 ) ) ;
#3048 = PLANE ( 'NONE',  #468 ) ;
#3049 = CARTESIAN_POINT ( 'NONE',  ( -0.7855619026180425957, -3.306494095659747057, 0.9810000000000000941 ) ) ;
#3050 = SURFACE_STYLE_USAGE ( .BOTH. , #1023 ) ;
#3051 = SURFACE_STYLE_USAGE ( .BOTH. , #5130 ) ;
#3052 = ORIENTED_EDGE ( 'NONE', *, *, #10708, .F. ) ;
#3053 =( NAMED_UNIT ( * ) PLANE_ANGLE_UNIT ( ) SI_UNIT ( $, .RADIAN. ) );
#3054 = DIRECTION ( 'NONE',  ( 1.000000000000000000, -0.0000000000000000000, -0.0000000000000000000 ) ) ;
#3055 = EDGE_CURVE ( 'NONE', #5774, #6503, #5806, .T. ) ;
#3056 = CARTESIAN_POINT ( 'NONE',  ( -0.4524234662298953769, -2.929165947827201855, 0.9810000000000000941 ) ) ;
#3057 = VERTEX_POINT ( 'NONE', #5693 ) ;
#3058 = ADVANCED_FACE ( 'NONE', ( #9449 ), #11342, .F. ) ;
#3059 = DIRECTION ( 'NONE',  ( 0.9903286039881273872, 0.1387416884823255425, 0.0000000000000000000 ) ) ;
#3060 = EDGE_CURVE ( 'NONE', #7016, #10809, #9508, .T. ) ;
#3061 = CARTESIAN_POINT ( 'NONE',  ( -0.5205795976444335116, -2.903483927294328915, 0.9810000000000000941 ) ) ;
#3062 = CARTESIAN_POINT ( 'NONE',  ( -0.6281425540868388335, -2.804394997869956274, 0.9799999999999999822 ) ) ;
#3063 = CARTESIAN_POINT ( 'NONE',  ( -0.1633707654932584075, -3.153025827211590304, 0.9800000000000002043 ) ) ;
#3064 =( LENGTH_UNIT ( ) NAMED_UNIT ( * ) SI_UNIT ( .MILLI., .METRE. ) );
#3065 = EDGE_CURVE ( 'NONE', #1803, #7499, #3987, .T. ) ;
#3066 = ORIENTED_EDGE ( 'NONE', *, *, #11510, .F. ) ;
#3067 = DIRECTION ( 'NONE',  ( 0.0000000000000000000, 0.0000000000000000000, 1.000000000000000000 ) ) ;
#3068 = CARTESIAN_POINT ( 'NONE',  ( -1.576579952140586105, -3.241462710728314267, 0.9810000000000000941 ) ) ;
#3069 = LINE ( 'NONE', #5807, #8428 ) ;
#3070 = CARTESIAN_POINT ( 'NONE',  ( -0.6743597934671352601, -3.299631693411562150, 0.9799999999999999822 ) ) ;
#3071 = SURFACE_SIDE_STYLE ('',( #441 ) ) ;
#3072 = SURFACE_STYLE_FILL_AREA ( #8762 ) ;
#3073 = ORIENTED_EDGE ( 'NONE', *, *, #1408, .F. ) ;
#3074 = VERTEX_POINT ( 'NONE', #6930 ) ;
#3075 = PRESENTATION_LAYER_ASSIGNMENT (  '', '', ( #2087 ) ) ;
#3076 = DIRECTION ( 'NONE',  ( 4.051977475832535632E-17, 0.0000000000000000000, -1.000000000000000000 ) ) ;
#3077 = LINE ( 'NONE', #8775, #9270 ) ;
#3078 = FILL_AREA_STYLE_COLOUR ( '', #11353 ) ;
#3079 = EDGE_CURVE ( 'NONE', #8955, #3820, #8703, .T. ) ;
#3080 = SURFACE_STYLE_FILL_AREA ( #6644 ) ;
#3081 = EDGE_LOOP ( 'NONE', ( #1177, #4314, #10177, #4274, #4588, #3202, #6229, #547, #7213, #1063, #2495, #5339, #2218, #5200 ) ) ;
#3082 = LINE ( 'NONE', #3931, #9451 ) ;
#3083 = CARTESIAN_POINT ( 'NONE',  ( -0.8339626336221952485, -3.007771646301291568, 0.9800000000000002043 ) ) ;
#3084 = DIRECTION ( 'NONE',  ( 0.9369753459439787990, 0.3493954794973186950, -0.0000000000000000000 ) ) ;
#3085 = MECHANICAL_DESIGN_GEOMETRIC_PRESENTATION_REPRESENTATION (  '', ( #7371 ), #11496 ) ;
#3086 = FILL_AREA_STYLE_COLOUR ( '', #9467 ) ;
#3087 = STYLED_ITEM ( 'NONE', ( #11025 ), #6507 ) ;
#3088 = EDGE_LOOP ( 'NONE', ( #8602, #11071, #4430, #1831 ) ) ;
#3089 = ORIENTED_EDGE ( 'NONE', *, *, #9360, .T. ) ;
#3090 = ADVANCED_FACE ( 'NONE', ( #7698 ), #12003, .F. ) ;
#3091 = COLOUR_RGB ( '',0.0000000000000000000, 0.0000000000000000000, 0.0000000000000000000 ) ;
#3092 = B_SPLINE_CURVE_WITH_KNOTS ( 'NONE', 3,
 ( #9256, #4660, #864, #8367 ),
 .UNSPECIFIED., .F., .F.,
 ( 4, 4 ),
 ( 10.00000000000000000, 11.00000000000000000 ),
 .UNSPECIFIED. ) ;
#3093 = PRESENTATION_LAYER_ASSIGNMENT (  '', '', ( #940 ) ) ;
#3094 = CARTESIAN_POINT ( 'NONE',  ( -2.140514893504466887, -3.098309903617555872, 0.9810000000000000941 ) ) ;
#3095 = LINE ( 'NONE', #5896, #4907 ) ;
#3096 = CARTESIAN_POINT ( 'NONE',  ( -1.142510795289743974, -3.127031879302791140, 0.9800000000000002043 ) ) ;
#3097 =( GEOMETRIC_REPRESENTATION_CONTEXT ( 3 ) GLOBAL_UNCERTAINTY_ASSIGNED_CONTEXT ( ( #730 ) ) GLOBAL_UNIT_ASSIGNED_CONTEXT ( ( #9833, #8963, #6203 ) ) REPRESENTATION_CONTEXT ( 'NONE', 'WORKASPACE' ) );
#3098 = VECTOR ( 'NONE', #835, 1000.000000000000227 ) ;
#3099 = CARTESIAN_POINT ( 'NONE',  ( -0.5512524561754880148, -2.831324727902375216, 0.9799999999999999822 ) ) ;
#3100 = COLOUR_RGB ( '',0.0000000000000000000, 0.0000000000000000000, 0.0000000000000000000 ) ;
#3101 = EDGE_LOOP ( 'NONE', ( #1481, #10071, #7340, #6834 ) ) ;
#3102 = ORIENTED_EDGE ( 'NONE', *, *, #12063, .F. ) ;
#3103 = SURFACE_STYLE_USAGE ( .BOTH. , #3388 ) ;
#3104 = CARTESIAN_POINT ( 'NONE',  ( -0.9945532437980212359, -3.220090212813853103, 0.9810000000000000941 ) ) ;
#3105 = CARTESIAN_POINT ( 'NONE',  ( -0.9829079551346840971, -3.289442065832175466, 0.9810000000000000941 ) ) ;
#3106 = CARTESIAN_POINT ( 'NONE',  ( -1.773234185274330743, -3.361479579694797604, 0.9800000000000002043 ) ) ;
#3107 = DIRECTION ( 'NONE',  ( -0.0000000000000000000, 1.000000000000000000, -0.0000000000000000000 ) ) ;
#3108 = CARTESIAN_POINT ( 'NONE',  ( -0.8007943560920566251, -3.181827121492629473, 0.9799999999999999822 ) ) ;
#3109 = ORIENTED_EDGE ( 'NONE', *, *, #4905, .F. ) ;
#3110 = CARTESIAN_POINT ( 'NONE',  ( -0.5512524561754880148, -2.831324727902375216, 0.9799999999999999822 ) ) ;
#3111 = LINE ( 'NONE', #3845, #11980 ) ;
#3112 = FILL_AREA_STYLE ('',( #5134 ) ) ;
#3113 = VECTOR ( 'NONE', #6888, 1000.000000000000000 ) ;
#3114 = CARTESIAN_POINT ( 'NONE',  ( -0.6303780336071427293, -2.984585044767507966, 0.9810000000000000941 ) ) ;
#3115 = ORIENTED_EDGE ( 'NONE', *, *, #71, .F. ) ;
#3116 = DIRECTION ( 'NONE',  ( -0.0000000000000000000, 1.000000000000000000, -0.0000000000000000000 ) ) ;
#3117 = ADVANCED_FACE ( 'NONE', ( #5079 ), #8818, .T. ) ;
#3118 = SURFACE_SIDE_STYLE ('',( #11700 ) ) ;
#3119 = CARTESIAN_POINT ( 'NONE',  ( -0.8311032993528110202, -3.222065752853989107, 0.9810000000000000941 ) ) ;
#3120 = FACE_OUTER_BOUND ( 'NONE', #2569, .T. ) ;
#3121 = FILL_AREA_STYLE_COLOUR ( '', #10705 ) ;
#3122 = VERTEX_POINT ( 'NONE', #11649 ) ;
#3123 = LINE ( 'NONE', #6857, #11771 ) ;
#3124 = EDGE_CURVE ( 'NONE', #10716, #1491, #8884, .T. ) ;
#3125 = PRESENTATION_STYLE_ASSIGNMENT (( #3193 ) ) ;
#3126 = CARTESIAN_POINT ( 'NONE',  ( -0.7349776799893397161, -2.892878396548891562, 0.9800000000000002043 ) ) ;
#3127 = DIRECTION ( 'NONE',  ( -0.0000000000000000000, -0.0000000000000000000, -1.000000000000000000 ) ) ;
#3128 = EDGE_CURVE ( 'NONE', #5078, #996, #6162, .T. ) ;
#3129 = CARTESIAN_POINT ( 'NONE',  ( -0.5512524561754880148, -2.979282279394789512, 0.9799999999999999822 ) ) ;
#3130 = CARTESIAN_POINT ( 'NONE',  ( -0.9993881181082362453, -2.908370789500994480, 0.9799999999999999822 ) ) ;
#3131 = VECTOR ( 'NONE', #5401, 1000.000000000000000 ) ;
#3132 = ORIENTED_EDGE ( 'NONE', *, *, #11735, .T. ) ;
#3133 = CARTESIAN_POINT ( 'NONE',  ( -0.6797145467369921645, -3.294328928038837923, 0.9810000000000000941 ) ) ;
#3134 = B_SPLINE_SURFACE_WITH_KNOTS ( 'NONE', 3, 1, ( 
 ( #1530, #683 ),
 ( #11890, #9191 ),
 ( #3501, #10048 ),
 ( #2580, #743 ) ),
 .UNSPECIFIED., .F., .F., .F.,
 ( 4, 4 ),
 ( 2, 2 ),
 ( 3.000000000000000000, 4.000000000000000000 ),
 ( 0.0000000000000000000, 1.000000000000000000 ),
 .UNSPECIFIED. ) ;
#3135 = CARTESIAN_POINT ( 'NONE',  ( -1.773234185274330743, -3.281950285312990712, 0.9810000000000000941 ) ) ;
#3136 = ORIENTED_EDGE ( 'NONE', *, *, #9197, .T. ) ;
#3137 =( NAMED_UNIT ( * ) PLANE_ANGLE_UNIT ( ) SI_UNIT ( $, .RADIAN. ) );
#3138 = SURFACE_SIDE_STYLE ('',( #993 ) ) ;
#3139 = LINE ( 'NONE', #4179, #8605 ) ;
#3140 = COLOUR_RGB ( '',0.6470588235294117974, 0.6196078431372549211, 0.5882352941176470784 ) ;
#3141 = CARTESIAN_POINT ( 'NONE',  ( -0.9806204877193099856, -3.275405333961253440, 0.9800000000000002043 ) ) ;
#3142 = SURFACE_STYLE_USAGE ( .BOTH. , #4838 ) ;
#3143 = ORIENTED_EDGE ( 'NONE', *, *, #6946, .T. ) ;
#3144 =( LENGTH_UNIT ( ) NAMED_UNIT ( * ) SI_UNIT ( .MILLI., .METRE. ) );
#3145 = EDGE_CURVE ( 'NONE', #820, #10332, #4225, .T. ) ;
#3146 = SURFACE_SIDE_STYLE ('',( #11542 ) ) ;
#3147 =( NAMED_UNIT ( * ) SI_UNIT ( $, .STERADIAN. ) SOLID_ANGLE_UNIT ( ) );
#3148 = DIRECTION ( 'NONE',  ( 0.3559357243643079816, -0.9345104387438672999, 0.0000000000000000000 ) ) ;
#3149 = CARTESIAN_POINT ( 'NONE',  ( -0.7663783690616761124, -3.188273620574769485, 0.9799999999999999822 ) ) ;
#3150 = STYLED_ITEM ( 'NONE', ( #9868 ), #5295 ) ;
#3151 = EDGE_CURVE ( 'NONE', #1288, #4147, #8993, .T. ) ;
#3152 = EDGE_CURVE ( 'NONE', #1712, #7482, #7461, .T. ) ;
#3153 = DIRECTION ( 'NONE',  ( -0.0000000000000000000, -1.000000000000000000, -0.0000000000000000000 ) ) ;
#3154 = ORIENTED_EDGE ( 'NONE', *, *, #2000, .T. ) ;
#3155 = ORIENTED_EDGE ( 'NONE', *, *, #6505, .F. ) ;
#3156 = PRESENTATION_LAYER_ASSIGNMENT (  '', '', ( #8441 ) ) ;
#3157 = UNCERTAINTY_MEASURE_WITH_UNIT (LENGTH_MEASURE( 1.000000000000000082E-05 ), #1753, 'distance_accuracy_value', 'NONE');
#3158 = FILL_AREA_STYLE_COLOUR ( '', #2190 ) ;
#3159 = SURFACE_STYLE_USAGE ( .BOTH. , #8725 ) ;
#3160 = CARTESIAN_POINT ( 'NONE',  ( -0.7855619026180425957, -3.293393145913836140, 0.9799999999999999822 ) ) ;
#3161 = VECTOR ( 'NONE', #668, 1000.000000000000000 ) ;
#3162 = MECHANICAL_DESIGN_GEOMETRIC_PRESENTATION_REPRESENTATION (  '', ( #5689 ), #11181 ) ;
#3163 = CARTESIAN_POINT ( 'NONE',  ( -1.008745939355516041, -3.264383900048381193, 0.9799999999999999822 ) ) ;
#3164 = DIRECTION ( 'NONE',  ( -1.000000000000000000, -0.0000000000000000000, -0.0000000000000000000 ) ) ;
#3165 = EDGE_CURVE ( 'NONE', #7688, #2, #2701, .T. ) ;
#3166 = CARTESIAN_POINT ( 'NONE',  ( -0.07161212937888518371, -3.330408527734124657, 0.9800000000000002043 ) ) ;
#3167 = CARTESIAN_POINT ( 'NONE',  ( -1.116256907902850815, -3.238805855307024029, 0.9810000000000000941 ) ) ;
#3168 = VERTEX_POINT ( 'NONE', #11080 ) ;
#3169 = VERTEX_POINT ( 'NONE', #2445 ) ;
#3170 = SURFACE_STYLE_FILL_AREA ( #9717 ) ;
#3171 =( LENGTH_UNIT ( ) NAMED_UNIT ( * ) SI_UNIT ( .MILLI., .METRE. ) );
#3172 = PLANE ( 'NONE',  #1191 ) ;
#3173 = CARTESIAN_POINT ( 'NONE',  ( -0.9922657763819543453, -2.862413489600865724, 0.9810000000000000941 ) ) ;
#3174 = EDGE_LOOP ( 'NONE', ( #6759, #6543, #7887, #3847, #8542, #3712, #10967 ) ) ;
#3175 = FACE_OUTER_BOUND ( 'NONE', #6639, .T. ) ;
#3176 = DIRECTION ( 'NONE',  ( -0.0000000000000000000, -0.0000000000000000000, -1.000000000000000000 ) ) ;
#3177 = CARTESIAN_POINT ( 'NONE',  ( -0.2256002767859923985, -3.330408527734124657, 0.9810000000000000941 ) ) ;
#3178 = B_SPLINE_SURFACE_WITH_KNOTS ( 'NONE', 3, 1, ( 
 ( #1164, #4894 ),
 ( #8637, #4958 ),
 ( #10536, #8566 ),
 ( #379, #8825 ) ),
 .UNSPECIFIED., .F., .F., .F.,
 ( 4, 4 ),
 ( 2, 2 ),
 ( 1.000000000000000000, 2.000000000000000000 ),
 ( 0.0000000000000000000, 1.000000000000000000 ),
 .UNSPECIFIED. ) ;
#3179 = AXIS2_PLACEMENT_3D ( 'NONE', #2474, #5344, #5290 ) ;
#3180 = STYLED_ITEM ( 'NONE', ( #2751 ), #4929 ) ;
#3181 = VERTEX_POINT ( 'NONE', #6231 ) ;
#3182 = CARTESIAN_POINT ( 'NONE',  ( -0.4037627957462677220, -2.804394997869956718, 0.9810000000000000941 ) ) ;
#3183 = COLOUR_RGB ( '',0.0000000000000000000, 0.0000000000000000000, 0.0000000000000000000 ) ;
#3184 = FILL_AREA_STYLE ('',( #5796 ) ) ;
#3185 = CARTESIAN_POINT ( 'NONE',  ( -1.725516619677668562, -2.836586302968011619, 0.9799999999999999822 ) ) ;
#3186 = CARTESIAN_POINT ( 'NONE',  ( -0.8007943560920566251, -3.248059700762786939, 0.9810000000000000941 ) ) ;
#3187 =( NAMED_UNIT ( * ) PLANE_ANGLE_UNIT ( ) SI_UNIT ( $, .RADIAN. ) );
#3188 = CARTESIAN_POINT ( 'NONE',  ( -1.919278895018924569, -3.339789882455566961, 0.9799999999999999822 ) ) ;
#3189 = PLANE ( 'NONE',  #10505 ) ;
#3190 = STYLED_ITEM ( 'NONE', ( #9840 ), #1470 ) ;
#3191 = ORIENTED_EDGE ( 'NONE', *, *, #4045, .T. ) ;
#3192 = UNCERTAINTY_MEASURE_WITH_UNIT (LENGTH_MEASURE( 1.000000000000000082E-05 ), #51, 'distance_accuracy_value', 'NONE');
#3193 = SURFACE_STYLE_USAGE ( .BOTH. , #5150 ) ;
#3194 = DIRECTION ( 'NONE',  ( 0.3283461648125119425, -0.9445574604294407761, 0.0000000000000000000 ) ) ;
#3195 = PRESENTATION_STYLE_ASSIGNMENT (( #11592 ) ) ;
#3196 = ORIENTED_EDGE ( 'NONE', *, *, #5293, .F. ) ;
#3197 = COLOUR_RGB ( '',0.0000000000000000000, 0.0000000000000000000, 0.0000000000000000000 ) ;
#3198 = CARTESIAN_POINT ( 'NONE',  ( -0.8181063253984089956, -3.333839728858221996, 0.9810000000000000941 ) ) ;
#3199 = FILL_AREA_STYLE_COLOUR ( '', #5422 ) ;
#3200 = STYLED_ITEM ( 'NONE', ( #3333 ), #8502 ) ;
#3201 = SURFACE_SIDE_STYLE ('',( #5158 ) ) ;
#3202 = ORIENTED_EDGE ( 'NONE', *, *, #4575, .F. ) ;
#3203 = SURFACE_SIDE_STYLE ('',( #5876 ) ) ;
#3204 = CARTESIAN_POINT ( 'NONE',  ( -0.4220105471776301465, -2.844633629231312355, 0.9809999999999996501 ) ) ;
#3205 = DIRECTION ( 'NONE',  ( -0.3559357243698768603, -0.9345104387417462188, -0.0000000000000000000 ) ) ;
#3206 = PRESENTATION_STYLE_ASSIGNMENT (( #2040 ) ) ;
#3207 = COLOUR_RGB ( '',0.6470588235294117974, 0.6196078431372549211, 0.5882352941176470784 ) ;
#3208 = PLANE ( 'NONE',  #3535 ) ;
#3209 = FILL_AREA_STYLE_COLOUR ( '', #2962 ) ;
#3210 = ORIENTED_EDGE ( 'NONE', *, *, #9875, .F. ) ;
#3211 = FACE_OUTER_BOUND ( 'NONE', #10512, .T. ) ;
#3212 = PRESENTATION_LAYER_ASSIGNMENT (  '', '', ( #8871 ) ) ;
#3213 = EDGE_CURVE ( 'NONE', #4233, #654, #8158, .T. ) ;
#3214 =( NAMED_UNIT ( * ) SI_UNIT ( $, .STERADIAN. ) SOLID_ANGLE_UNIT ( ) );
#3215 = COLOUR_RGB ( '',0.0000000000000000000, 0.0000000000000000000, 0.0000000000000000000 ) ;
#3216 = EDGE_CURVE ( 'NONE', #6918, #4668, #10163, .T. ) ;
#3217 = EDGE_CURVE ( 'NONE', #6066, #1509, #9391, .T. ) ;
#3218 =( NAMED_UNIT ( * ) PLANE_ANGLE_UNIT ( ) SI_UNIT ( $, .RADIAN. ) );
#3219 = VERTEX_POINT ( 'NONE', #3557 ) ;
#3220 = VERTEX_POINT ( 'NONE', #4341 ) ;
#3221 = CARTESIAN_POINT ( 'NONE',  ( -1.449333092162113035, -3.017334699289550226, 0.9799999999999999822 ) ) ;
#3222 = CARTESIAN_POINT ( 'NONE',  ( -1.968442425721822264, -2.953711186560602719, 0.9799999999999999822 ) ) ;
#3223 =( NAMED_UNIT ( * ) SI_UNIT ( $, .STERADIAN. ) SOLID_ANGLE_UNIT ( ) );
#3224 = EDGE_CURVE ( 'NONE', #3122, #663, #6769, .T. ) ;
#3225 = EDGE_CURVE ( 'NONE', #4015, #4532, #3425, .T. ) ;
#3226 = SURFACE_SIDE_STYLE ('',( #7071 ) ) ;
#3227 = MECHANICAL_DESIGN_GEOMETRIC_PRESENTATION_REPRESENTATION (  '', ( #8067 ), #4003 ) ;
#3228 = STYLED_ITEM ( 'NONE', ( #8370 ), #587 ) ;
#3229 = EDGE_LOOP ( 'NONE', ( #4215, #11541, #3446, #8243 ) ) ;
#3230 = ORIENTED_EDGE ( 'NONE', *, *, #9714, .F. ) ;
#3231 = CARTESIAN_POINT ( 'NONE',  ( -1.891805144293927210, -2.894425789790516124, 0.9810000000000000941 ) ) ;
#3232 = CARTESIAN_POINT ( 'NONE',  ( -0.6045400493869972358, -2.984585044767507966, 0.9810000000000000941 ) ) ;
#3233 = ADVANCED_FACE ( 'NONE', ( #731 ), #10230, .F. ) ;
#3234 = CARTESIAN_POINT ( 'NONE',  ( -0.9993881181082362453, -2.882792744759634651, 0.9810000000000000941 ) ) ;
#3235 = EDGE_LOOP ( 'NONE', ( #1123, #5440, #6428, #10615, #12034, #10754, #193, #2094, #7938, #2774, #10023, #10497, #1574, #4256, #9109, #218, #11692, #5975, #736, #12023, #2623, #11842, #10161, #9100, #11677, #6688, #8344, #1495, #943, #2812, #2745, #11068, #11203 ) ) ;
#3236 = DIRECTION ( 'NONE',  ( 0.0000000000000000000, 1.000000000000000000, -0.0000000000000000000 ) ) ;
#3237 = CARTESIAN_POINT ( 'NONE',  ( -0.9801525966568087611, -3.186298080533246591, 0.9800000000000002043 ) ) ;
#3238 = CARTESIAN_POINT ( 'NONE',  ( -1.000843779191503025, -2.983441311059476853, 0.9810000000000000941 ) ) ;
#3239 = CARTESIAN_POINT ( 'NONE',  ( -0.9226019959884024235, -2.824670277238598537, 0.9799999999999999822 ) ) ;
#3240 = VERTEX_POINT ( 'NONE', #799 ) ;
#3241 = CARTESIAN_POINT ( 'NONE',  ( -0.8187821680439378857, -3.266567391672931198, 0.9810000000000000941 ) ) ;
#3242 = FACE_OUTER_BOUND ( 'NONE', #6087, .T. ) ;
#3243 = UNCERTAINTY_MEASURE_WITH_UNIT (LENGTH_MEASURE( 1.000000000000000082E-05 ), #11775, 'distance_accuracy_value', 'NONE');
#3244 = CARTESIAN_POINT ( 'NONE',  ( -1.502834628505179682, -3.242908675834546894, 0.9810000000000000941 ) ) ;
#3245 = CARTESIAN_POINT ( 'NONE',  ( -0.9829079551346840971, -3.289442065832175466, 0.9800000000000002043 ) ) ;
#3246 = CARTESIAN_POINT ( 'NONE',  ( -1.621405532364044610, -2.836586302968011619, 0.9799999999999999822 ) ) ;
#3247 = ORIENTED_EDGE ( 'NONE', *, *, #4689, .T. ) ;
#3248 = CARTESIAN_POINT ( 'NONE',  ( -0.8746691560460573278, -2.999349607179018218, 0.9810000000000000941 ) ) ;
#3249 = CARTESIAN_POINT ( 'NONE',  ( -0.1601995038493300716, -3.167270510664148553, 0.9810000000000000941 ) ) ;
#3250 = CARTESIAN_POINT ( 'NONE',  ( -0.8311032993528110202, -3.222065752853989107, 0.9799999999999999822 ) ) ;
#3251 = DIRECTION ( 'NONE',  ( -0.9903286039881273872, -0.1387416884823255425, -0.0000000000000000000 ) ) ;
#3252 = CARTESIAN_POINT ( 'NONE',  ( -0.8305834203945547944, -3.313044570532008848, 0.9799999999999999822 ) ) ;
#3253 = VERTEX_POINT ( 'NONE', #7625 ) ;
#3254 = CARTESIAN_POINT ( 'NONE',  ( -0.6599071584301589022, -2.827789550986767431, 0.9800000000000002043 ) ) ;
#3255 = DIRECTION ( 'NONE',  ( 0.0000000000000000000, 0.0000000000000000000, 1.000000000000000000 ) ) ;
#3256 = SURFACE_SIDE_STYLE ('',( #2393 ) ) ;
#3257 = CARTESIAN_POINT ( 'NONE',  ( -0.9761495286786930903, -3.271038350713540321, 0.9799999999999999822 ) ) ;
#3258 = ORIENTED_EDGE ( 'NONE', *, *, #3884, .T. ) ;
#3259 =( NAMED_UNIT ( * ) PLANE_ANGLE_UNIT ( ) SI_UNIT ( $, .RADIAN. ) );
#3260 =( NAMED_UNIT ( * ) PLANE_ANGLE_UNIT ( ) SI_UNIT ( $, .RADIAN. ) );
#3261 = CARTESIAN_POINT ( 'NONE',  ( -1.816613800392248290, -2.836586302968011619, 0.9810000000000000941 ) ) ;
#3262 =( GEOMETRIC_REPRESENTATION_CONTEXT ( 3 ) GLOBAL_UNCERTAINTY_ASSIGNED_CONTEXT ( ( #10775 ) ) GLOBAL_UNIT_ASSIGNED_CONTEXT ( ( #5897, #4076, #3223 ) ) REPRESENTATION_CONTEXT ( 'NONE', 'WORKASPACE' ) );
#3263 = ORIENTED_EDGE ( 'NONE', *, *, #1883, .T. ) ;
#3264 = ORIENTED_EDGE ( 'NONE', *, *, #8953, .T. ) ;
#3265 = FILL_AREA_STYLE ('',( #7183 ) ) ;
#3266 = EDGE_CURVE ( 'NONE', #3506, #11962, #7400, .T. ) ;
#3267 = SURFACE_STYLE_USAGE ( .BOTH. , #11848 ) ;
#3268 = PRESENTATION_STYLE_ASSIGNMENT (( #2477 ) ) ;
#3269 =( NAMED_UNIT ( * ) SI_UNIT ( $, .STERADIAN. ) SOLID_ANGLE_UNIT ( ) );
#3270 = VECTOR ( 'NONE', #11206, 1000.000000000000000 ) ;
#3271 = STYLED_ITEM ( 'NONE', ( #10475 ), #6429 ) ;
#3272 = EDGE_CURVE ( 'NONE', #5913, #9652, #11204, .T. ) ;
#3273 = SURFACE_STYLE_USAGE ( .BOTH. , #11672 ) ;
#3274 = EDGE_CURVE ( 'NONE', #3507, #6809, #9496, .T. ) ;
#3275 = SURFACE_STYLE_FILL_AREA ( #10686 ) ;
#3276 = ORIENTED_EDGE ( 'NONE', *, *, #365, .T. ) ;
#3277 = ADVANCED_FACE ( 'NONE', ( #11263 ), #8337, .F. ) ;
#3278 = STYLED_ITEM ( 'NONE', ( #8475 ), #7603 ) ;
#3279 = MECHANICAL_DESIGN_GEOMETRIC_PRESENTATION_REPRESENTATION (  '', ( #2299 ), #7564 ) ;
#3280 = VERTEX_POINT ( 'NONE', #8355 ) ;
#3281 = PRESENTATION_STYLE_ASSIGNMENT (( #5188 ) ) ;
#3282 = LINE ( 'NONE', #7011, #9411 ) ;
#3283 = CARTESIAN_POINT ( 'NONE',  ( -0.9975685417553713519, -2.830908824736320550, 0.9810000000000000941 ) ) ;
#3284 =( NAMED_UNIT ( * ) PLANE_ANGLE_UNIT ( ) SI_UNIT ( $, .RADIAN. ) );
#3285 =( NAMED_UNIT ( * ) SI_UNIT ( $, .STERADIAN. ) SOLID_ANGLE_UNIT ( ) );
#3286 = B_SPLINE_CURVE_WITH_KNOTS ( 'NONE', 3,
 ( #6471, #6538, #9294, #3891 ),
 .UNSPECIFIED., .F., .F.,
 ( 4, 4 ),
 ( 8.000000000000000000, 9.000000000000000000 ),
 .UNSPECIFIED. ) ;
#3287 = ORIENTED_EDGE ( 'NONE', *, *, #11681, .T. ) ;
#3288 = CARTESIAN_POINT ( 'NONE',  ( -0.8285039045615154585, -3.211460222108549090, 0.9800000000000002043 ) ) ;
#3289 = DIRECTION ( 'NONE',  ( -0.0000000000000000000, 1.000000000000000000, -0.0000000000000000000 ) ) ;
#3290 = VECTOR ( 'NONE', #4801, 1000.000000000000000 ) ;
#3291 = STYLED_ITEM ( 'NONE', ( #1699 ), #4043 ) ;
#3292 = ORIENTED_EDGE ( 'NONE', *, *, #4134, .T. ) ;
#3293 = DIRECTION ( 'NONE',  ( -0.0000000000000000000, -1.000000000000000000, -0.0000000000000000000 ) ) ;
#3294 = EDGE_CURVE ( 'NONE', #8567, #2339, #8326, .T. ) ;
#3295 = EDGE_CURVE ( 'NONE', #3418, #8722, #1949, .T. ) ;
#3296 = LINE ( 'NONE', #4219, #6869 ) ;
#3297 = DIRECTION ( 'NONE',  ( -0.0000000000000000000, -1.000000000000000000, -0.0000000000000000000 ) ) ;
#3298 =( NAMED_UNIT ( * ) PLANE_ANGLE_UNIT ( ) SI_UNIT ( $, .RADIAN. ) );
#3299 = PRESENTATION_STYLE_ASSIGNMENT (( #11701 ) ) ;
#3300 = PRESENTATION_STYLE_ASSIGNMENT (( #1218 ) ) ;
#3301 = ORIENTED_EDGE ( 'NONE', *, *, #829, .F. ) ;
#3302 = SURFACE_STYLE_FILL_AREA ( #3423 ) ;
#3303 = CARTESIAN_POINT ( 'NONE',  ( -0.6045400493869972358, -2.984585044767507966, 0.9800000000000002043 ) ) ;
#3304 = DIRECTION ( 'NONE',  ( 0.0000000000000000000, 0.0000000000000000000, 1.000000000000000000 ) ) ;
#3305 = FACE_OUTER_BOUND ( 'NONE', #1090, .T. ) ;
#3306 = CARTESIAN_POINT ( 'NONE',  ( -0.8156109063993235431, -3.313044570532008848, 0.9799999999999999822 ) ) ;
#3307 = ORIENTED_EDGE ( 'NONE', *, *, #594, .F. ) ;
#3308 = CARTESIAN_POINT ( 'NONE',  ( -0.9175071821987060838, -3.271454253879594098, 0.9810000000000000941 ) ) ;
#3309 = DIRECTION ( 'NONE',  ( -0.0000000000000000000, -1.000000000000000000, -0.0000000000000000000 ) ) ;
#3310 = LINE ( 'NONE', #7764, #1182 ) ;
#3311 = FILL_AREA_STYLE_COLOUR ( '', #2760 ) ;
#3312 = ORIENTED_EDGE ( 'NONE', *, *, #4827, .T. ) ;
#3313 = CARTESIAN_POINT ( 'NONE',  ( -0.9962688443593771259, -3.322402391779288866, 0.9799999999999999822 ) ) ;
#3314 = MECHANICAL_DESIGN_GEOMETRIC_PRESENTATION_REPRESENTATION (  '', ( #7787 ), #2545 ) ;
#3315 = CARTESIAN_POINT ( 'NONE',  ( -0.9175071821987061949, -3.271454253879594098, 0.9800000000000002043 ) ) ;
#3316 = SURFACE_SIDE_STYLE ('',( #3444 ) ) ;
#3317 = CARTESIAN_POINT ( 'NONE',  ( -0.9560822008937726046, -3.312940594740499733, 0.9800000000000002043 ) ) ;
#3318 = AXIS2_PLACEMENT_3D ( 'NONE', #2741, #9290, #2803 ) ;
#3319 =( NAMED_UNIT ( * ) SI_UNIT ( $, .STERADIAN. ) SOLID_ANGLE_UNIT ( ) );
#3320 = ORIENTED_EDGE ( 'NONE', *, *, #6465, .F. ) ;
#3321 = ORIENTED_EDGE ( 'NONE', *, *, #3294, .F. ) ;
#3322 = CARTESIAN_POINT ( 'NONE',  ( -1.004586907690135922, -3.314812158990505964, 0.9810000000000000941 ) ) ;
#3323 =( GEOMETRIC_REPRESENTATION_CONTEXT ( 3 ) GLOBAL_UNCERTAINTY_ASSIGNED_CONTEXT ( ( #5921 ) ) GLOBAL_UNIT_ASSIGNED_CONTEXT ( ( #1356, #11543, #3147 ) ) REPRESENTATION_CONTEXT ( 'NONE', 'WORKASPACE' ) );
#3324 = FILL_AREA_STYLE_COLOUR ( '', #10010 ) ;
#3325 = CARTESIAN_POINT ( 'NONE',  ( -0.4052184568288403343, -3.307221926200337059, 0.9810000000000000941 ) ) ;
#3326 = CARTESIAN_POINT ( 'NONE',  ( -0.8410329874534082650, -3.193368434364459052, 0.9799999999999999822 ) ) ;
#3327 = ORIENTED_EDGE ( 'NONE', *, *, #2030, .T. ) ;
#3328 = SURFACE_SIDE_STYLE ('',( #9087 ) ) ;
#3329 = CARTESIAN_POINT ( 'NONE',  ( -1.142510795289743974, -3.330408527734124657, 0.9810000000000000941 ) ) ;
#3330 = CARTESIAN_POINT ( 'NONE',  ( -1.502834628505179682, -3.242908675834546894, 0.9810000000000000941 ) ) ;
#3331 = DIRECTION ( 'NONE',  ( -0.0000000000000000000, -0.0000000000000000000, -1.000000000000000000 ) ) ;
#3332 = STYLED_ITEM ( 'NONE', ( #11715 ), #10256 ) ;
#3333 = PRESENTATION_STYLE_ASSIGNMENT (( #7955 ) ) ;
#3334 = VERTEX_POINT ( 'NONE', #7509 ) ;
#3335 = EDGE_CURVE ( 'NONE', #8715, #5373, #7604, .T. ) ;
#3336 = VECTOR ( 'NONE', #5980, 1000.000000000000000 ) ;
#3337 = ORIENTED_EDGE ( 'NONE', *, *, #6255, .T. ) ;
#3338 = PLANE ( 'NONE',  #7291 ) ;
#3339 = VERTEX_POINT ( 'NONE', #8418 ) ;
#3340 = LINE ( 'NONE', #1450, #8549 ) ;
#3341 = DIRECTION ( 'NONE',  ( -0.0000000000000000000, -1.000000000000000000, -0.0000000000000000000 ) ) ;
#3342 = VECTOR ( 'NONE', #502, 1000.000000000000000 ) ;
#3343 = VECTOR ( 'NONE', #9134, 1000.000000000000000 ) ;
#3344 = UNCERTAINTY_MEASURE_WITH_UNIT (LENGTH_MEASURE( 1.000000000000000082E-05 ), #11291, 'distance_accuracy_value', 'NONE');
#3345 = ORIENTED_EDGE ( 'NONE', *, *, #1473, .T. ) ;
#3346 = FILL_AREA_STYLE ('',( #3416 ) ) ;
#3347 = ORIENTED_EDGE ( 'NONE', *, *, #5837, .F. ) ;
#3348 = ADVANCED_FACE ( 'NONE', ( #66 ), #3729, .F. ) ;
#3349 = ADVANCED_FACE ( 'NONE', ( #8869 ), #6617, .F. ) ;
#3350 = DIRECTION ( 'NONE',  ( 0.0000000000000000000, -1.000000000000000000, 0.0000000000000000000 ) ) ;
#3351 = UNCERTAINTY_MEASURE_WITH_UNIT (LENGTH_MEASURE( 1.000000000000000082E-05 ), #224, 'distance_accuracy_value', 'NONE');
#3352 = CARTESIAN_POINT ( 'NONE',  ( -2.163650693749332277, -2.936359426011495355, 0.9810000000000000941 ) ) ;
#3353 = CARTESIAN_POINT ( 'NONE',  ( -0.9975685417553713519, -2.830908824736320550, 0.9810000000000000941 ) ) ;
#3354 = FILL_AREA_STYLE_COLOUR ( '', #6651 ) ;
#3355 = VECTOR ( 'NONE', #11205, 1000.000000000000000 ) ;
#3356 = SURFACE_STYLE_USAGE ( .BOTH. , #2500 ) ;
#3357 = ORIENTED_EDGE ( 'NONE', *, *, #9338, .T. ) ;
#3358 = CARTESIAN_POINT ( 'NONE',  ( -0.5481851703216898963, -2.929581850994640746, 0.9810000000000000941 ) ) ;
#3359 = AXIS2_PLACEMENT_3D ( 'NONE', #3479, #3350, #2636 ) ;
#3360 = CARTESIAN_POINT ( 'NONE',  ( -0.9626846636624908360, -3.333839728858221996, 0.9810000000000000941 ) ) ;
#3361 =( LENGTH_UNIT ( ) NAMED_UNIT ( * ) SI_UNIT ( .MILLI., .METRE. ) );
#3362 = DIRECTION ( 'NONE',  ( -0.0000000000000000000, -0.0000000000000000000, -1.000000000000000000 ) ) ;
#3363 = VECTOR ( 'NONE', #11816, 1000.000000000000000 ) ;
#3364 = ADVANCED_FACE ( 'NONE', ( #9676 ), #11687, .F. ) ;
#3365 = DIRECTION ( 'NONE',  ( 1.000000000000000000, 0.0000000000000000000, -0.0000000000000000000 ) ) ;
#3366 = EDGE_CURVE ( 'NONE', #10228, #9523, #4829, .T. ) ;
#3367 = ORIENTED_EDGE ( 'NONE', *, *, #5148, .F. ) ;
#3368 = VECTOR ( 'NONE', #5848, 1000.000000000000000 ) ;
#3369 = VECTOR ( 'NONE', #3791, 1000.000000000000000 ) ;
#3370 = PRESENTATION_STYLE_ASSIGNMENT (( #5156 ) ) ;
#3371 = VECTOR ( 'NONE', #7580, 1000.000000000000000 ) ;
#3372 = VECTOR ( 'NONE', #6520, 1000.000000000000000 ) ;
#3373 = SURFACE_STYLE_FILL_AREA ( #7290 ) ;
#3374 =( GEOMETRIC_REPRESENTATION_CONTEXT ( 3 ) GLOBAL_UNCERTAINTY_ASSIGNED_CONTEXT ( ( #2647 ) ) GLOBAL_UNIT_ASSIGNED_CONTEXT ( ( #450, #3137, #6873 ) ) REPRESENTATION_CONTEXT ( 'NONE', 'WORKASPACE' ) );
#3375 = CARTESIAN_POINT ( 'NONE',  ( -0.4524234662298953769, -2.929165947827201855, 0.9810000000000000941 ) ) ;
#3376 = VERTEX_POINT ( 'NONE', #10698 ) ;
#3377 = DIRECTION ( 'NONE',  ( -1.000000000000000000, -0.0000000000000000000, -0.0000000000000000000 ) ) ;
#3378 = MECHANICAL_DESIGN_GEOMETRIC_PRESENTATION_REPRESENTATION (  '', ( #2016 ), #6722 ) ;
#3379 = CARTESIAN_POINT ( 'NONE',  ( -0.9560822008937726046, -3.312940594740499733, 0.9810000000000000941 ) ) ;
#3380 = UNCERTAINTY_MEASURE_WITH_UNIT (LENGTH_MEASURE( 1.000000000000000082E-05 ), #12061, 'distance_accuracy_value', 'NONE');
#3381 = MECHANICAL_DESIGN_GEOMETRIC_PRESENTATION_REPRESENTATION (  '', ( #258 ), #7097 ) ;
#3382 = STYLED_ITEM ( 'NONE', ( #3281 ), #1478 ) ;
#3383 = SURFACE_SIDE_STYLE ('',( #9928 ) ) ;
#3384 = FILL_AREA_STYLE_COLOUR ( '', #2737 ) ;
#3385 = PRESENTATION_LAYER_ASSIGNMENT (  '', '', ( #1826 ) ) ;
#3386 = EDGE_LOOP ( 'NONE', ( #1003, #4899, #6844, #2380 ) ) ;
#3387 = VERTEX_POINT ( 'NONE', #6344 ) ;
#3388 = SURFACE_SIDE_STYLE ('',( #11499 ) ) ;
#3389 = VECTOR ( 'NONE', #6188, 1000.000000000000000 ) ;
#3390 = UNCERTAINTY_MEASURE_WITH_UNIT (LENGTH_MEASURE( 1.000000000000000082E-05 ), #3361, 'distance_accuracy_value', 'NONE');
#3391 = SURFACE_STYLE_USAGE ( .BOTH. , #8737 ) ;
#3392 = CARTESIAN_POINT ( 'NONE',  ( -0.8053692909234896335, -3.271558229671111651, 0.9810000000000000941 ) ) ;
#3393 = CARTESIAN_POINT ( 'NONE',  ( -1.511510529464747954, -3.017334699289550226, 0.9799999999999999822 ) ) ;
#3394 = ORIENTED_EDGE ( 'NONE', *, *, #6877, .F. ) ;
#3395 = CARTESIAN_POINT ( 'NONE',  ( -0.5716836992313939492, -2.998309849262499771, 0.9810000000000000941 ) ) ;
#3396 = FILL_AREA_STYLE ('',( #11793 ) ) ;
#3397 =( LENGTH_UNIT ( ) NAMED_UNIT ( * ) SI_UNIT ( .MILLI., .METRE. ) );
#3398 = CARTESIAN_POINT ( 'NONE',  ( -2.231612129378391263, -3.159041430973994036, 0.9800000000000002043 ) ) ;
#3399 = COLOUR_RGB ( '',0.0000000000000000000, 0.0000000000000000000, 0.0000000000000000000 ) ;
#3400 = VERTEX_POINT ( 'NONE', #2555 ) ;
#3401 = CARTESIAN_POINT ( 'NONE',  ( -0.9175071821987060838, -3.271454253879594098, 0.9810000000000000941 ) ) ;
#3402 = STYLED_ITEM ( 'NONE', ( #8254 ), #9280 ) ;
#3403 = B_SPLINE_CURVE_WITH_KNOTS ( 'NONE', 3,
 ( #4678, #11361, #3709, #2973 ),
 .UNSPECIFIED., .F., .F.,
 ( 4, 4 ),
 ( 22.00000000000000000, 23.00000000000000000 ),
 .UNSPECIFIED. ) ;
#3404 = ORIENTED_EDGE ( 'NONE', *, *, #3939, .F. ) ;
#3405 =( NAMED_UNIT ( * ) SI_UNIT ( $, .STERADIAN. ) SOLID_ANGLE_UNIT ( ) );
#3406 = COLOUR_RGB ( '',0.0000000000000000000, 0.0000000000000000000, 0.0000000000000000000 ) ;
#3407 = CARTESIAN_POINT ( 'NONE',  ( -0.8181063253984089956, -3.333839728858221996, 0.9810000000000000941 ) ) ;
#3408 = VECTOR ( 'NONE', #1111, 1000.000000000000000 ) ;
#3409 = CARTESIAN_POINT ( 'NONE',  ( -0.1649823902644828588, -3.159160398917800983, 0.9800000000000002043 ) ) ;
#3410 = CARTESIAN_POINT ( 'NONE',  ( -3.623086578651014023, 3.799999999999999822, 0.7800000000000001377 ) ) ;
#3411 = VERTEX_POINT ( 'NONE', #3412 ) ;
#3412 = CARTESIAN_POINT ( 'NONE',  ( -0.8746691560460573278, -2.809281860076622728, 0.9810000000000000941 ) ) ;
#3413 = CARTESIAN_POINT ( 'NONE',  ( -0.8182103011906193268, -3.204285892485820852, 0.9810000000000000941 ) ) ;
#3414 =( LENGTH_UNIT ( ) NAMED_UNIT ( * ) SI_UNIT ( .MILLI., .METRE. ) );
#3415 = ORIENTED_EDGE ( 'NONE', *, *, #2552, .F. ) ;
#3416 = FILL_AREA_STYLE_COLOUR ( '', #1729 ) ;
#3417 = ORIENTED_EDGE ( 'NONE', *, *, #6886, .F. ) ;
#3418 = VERTEX_POINT ( 'NONE', #9844 ) ;
#3419 = FACE_OUTER_BOUND ( 'NONE', #8307, .T. ) ;
#3420 = CARTESIAN_POINT ( 'NONE',  ( -1.726962584784596855, -2.749827072733562972, 0.9810000000000000941 ) ) ;
#3421 = EDGE_CURVE ( 'NONE', #11709, #1544, #10549, .T. ) ;
#3422 = EDGE_LOOP ( 'NONE', ( #10863, #3307, #1336, #3639 ) ) ;
#3423 = FILL_AREA_STYLE ('',( #4224 ) ) ;
#3424 = UNCERTAINTY_MEASURE_WITH_UNIT (LENGTH_MEASURE( 1.000000000000000082E-05 ), #10808, 'distance_accuracy_value', 'NONE');
#3425 = LINE ( 'NONE', #1650, #1844 ) ;
#3426 = DIRECTION ( 'NONE',  ( 0.0000000000000000000, -1.000000000000000000, 0.0000000000000000000 ) ) ;
#3427 = SURFACE_STYLE_FILL_AREA ( #4104 ) ;
#3428 = EDGE_CURVE ( 'NONE', #9359, #12057, #5578, .T. ) ;
#3429 = EDGE_CURVE ( 'NONE', #7457, #6943, #3340, .T. ) ;
#3430 = ORIENTED_EDGE ( 'NONE', *, *, #210, .F. ) ;
#3431 = B_SPLINE_SURFACE_WITH_KNOTS ( 'NONE', 3, 1, ( 
 ( #2653, #2773 ),
 ( #6502, #865 ),
 ( #745, #7228 ),
 ( #2583, #5632 ) ),
 .UNSPECIFIED., .F., .F., .F.,
 ( 4, 4 ),
 ( 2, 2 ),
 ( 6.000000000000000000, 7.000000000000000000 ),
 ( 0.0000000000000000000, 1.000000000000000000 ),
 .UNSPECIFIED. ) ;
#3432 = CARTESIAN_POINT ( 'NONE',  ( -0.5530200446325973518, -3.307221926200337059, 0.9810000000000000941 ) ) ;
#3433 = CARTESIAN_POINT ( 'NONE',  ( -2.207030346789430553, -2.979739027338710766, 0.9810000000000000941 ) ) ;
#3434 = EDGE_CURVE ( 'NONE', #903, #10689, #1502, .T. ) ;
#3435 = CARTESIAN_POINT ( 'NONE',  ( -0.7594119910226668768, -3.281331954084442781, 0.9810000000000000941 ) ) ;
#3436 = DIRECTION ( 'NONE',  ( -0.0000000000000000000, -0.0000000000000000000, -1.000000000000000000 ) ) ;
#3437 = SURFACE_STYLE_USAGE ( .BOTH. , #8836 ) ;
#3438 =( NAMED_UNIT ( * ) SI_UNIT ( $, .STERADIAN. ) SOLID_ANGLE_UNIT ( ) );
#3439 = ORIENTED_EDGE ( 'NONE', *, *, #9731, .F. ) ;
#3440 = CARTESIAN_POINT ( 'NONE',  ( -0.5792739320201751863, -3.127031879302791140, 0.9800000000000002043 ) ) ;
#3441 = PRESENTATION_STYLE_ASSIGNMENT (( #4414 ) ) ;
#3442 =( NAMED_UNIT ( * ) PLANE_ANGLE_UNIT ( ) SI_UNIT ( $, .RADIAN. ) );
#3443 = FILL_AREA_STYLE ('',( #9261 ) ) ;
#3444 = SURFACE_STYLE_FILL_AREA ( #10793 ) ;
#3445 = CARTESIAN_POINT ( 'NONE',  ( -0.3152274091715781545, -3.286010864708079460, 0.9810000000000000941 ) ) ;
#3446 = ORIENTED_EDGE ( 'NONE', *, *, #11454, .T. ) ;
#3447 = ORIENTED_EDGE ( 'NONE', *, *, #230, .T. ) ;
#3448 = EDGE_CURVE ( 'NONE', #8722, #8161, #8019, .T. ) ;
#3449 = DIRECTION ( 'NONE',  ( -0.7071067811865462405, 0.0000000000000000000, -0.7071067811865489050 ) ) ;
#3450 = CARTESIAN_POINT ( 'NONE',  ( -1.523078415797519458, -3.017334699289550226, 0.9810000000000000941 ) ) ;
#3451 = CARTESIAN_POINT ( 'NONE',  ( -2.675735931288072411, 3.799999999999999822, 0.1999999999999999833 ) ) ;
#3452 = PLANE ( 'NONE',  #11799 ) ;
#3453 = CARTESIAN_POINT ( 'NONE',  ( -1.615621561618332702, -3.083850031912276357, 0.9810000000000000941 ) ) ;
#3454 =( NAMED_UNIT ( * ) SI_UNIT ( $, .STERADIAN. ) SOLID_ANGLE_UNIT ( ) );
#3455 = ORIENTED_EDGE ( 'NONE', *, *, #7691, .T. ) ;
#3456 = DIRECTION ( 'NONE',  ( -0.0000000000000000000, -0.0000000000000000000, -1.000000000000000000 ) ) ;
#3457 = FILL_AREA_STYLE ('',( #2414 ) ) ;
#3458 = CARTESIAN_POINT ( 'NONE',  ( -0.9469323312302121431, -3.202518304027323737, 0.9799999999999999822 ) ) ;
#3459 = VERTEX_POINT ( 'NONE', #10821 ) ;
#3460 =( NAMED_UNIT ( * ) SI_UNIT ( $, .STERADIAN. ) SOLID_ANGLE_UNIT ( ) );
#3461 = COLOUR_RGB ( '',0.0000000000000000000, 0.0000000000000000000, 0.0000000000000000000 ) ;
#3462 = ORIENTED_EDGE ( 'NONE', *, *, #8966, .T. ) ;
#3463 = CARTESIAN_POINT ( 'NONE',  ( -0.8255405945006136781, -3.235582605765955133, 0.9799999999999999822 ) ) ;
#3464 = COLOUR_RGB ( '',0.0000000000000000000, 0.0000000000000000000, 0.0000000000000000000 ) ;
#3465 = DIRECTION ( 'NONE',  ( 0.0000000000000000000, 0.0000000000000000000, 1.000000000000000000 ) ) ;
#3466 = DIRECTION ( 'NONE',  ( -0.0000000000000000000, -0.0000000000000000000, -1.000000000000000000 ) ) ;
#3467 = CARTESIAN_POINT ( 'NONE',  ( -0.8573571867396971857, -3.224353220270048226, 0.9810000000000000941 ) ) ;
#3468 = VERTEX_POINT ( 'NONE', #8026 ) ;
#3469 = CARTESIAN_POINT ( 'NONE',  ( -1.919278895018924569, -3.339789882455566961, 0.9799999999999999822 ) ) ;
#3470 =( NAMED_UNIT ( * ) SI_UNIT ( $, .STERADIAN. ) SOLID_ANGLE_UNIT ( ) );
#3471 = CARTESIAN_POINT ( 'NONE',  ( -0.1673218455763035573, -3.167270510664148553, 0.9810000000000000941 ) ) ;
#3472 = UNCERTAINTY_MEASURE_WITH_UNIT (LENGTH_MEASURE( 1.000000000000000082E-05 ), #1624, 'distance_accuracy_value', 'NONE');
#3473 = ORIENTED_EDGE ( 'NONE', *, *, #588, .F. ) ;
#3474 = PRESENTATION_LAYER_ASSIGNMENT (  '', '', ( #2709 ) ) ;
#3475 = STYLED_ITEM ( 'NONE', ( #5861 ), #6437 ) ;
#3476 = PLANE ( 'NONE',  #3498 ) ;
#3477 = ORIENTED_EDGE ( 'NONE', *, *, #10318, .F. ) ;
#3478 = ORIENTED_EDGE ( 'NONE', *, *, #10248, .F. ) ;
#3479 = CARTESIAN_POINT ( 'NONE',  ( -1.142510795289743974, -3.127031879302791140, 0.9810000000000000941 ) ) ;
#3480 = FILL_AREA_STYLE ('',( #3354 ) ) ;
#3481 =( NAMED_UNIT ( * ) PLANE_ANGLE_UNIT ( ) SI_UNIT ( $, .RADIAN. ) );
#3482 = PRESENTATION_LAYER_ASSIGNMENT (  '', '', ( #1915 ) ) ;
#3483 = VECTOR ( 'NONE', #5243, 1000.000000000000000 ) ;
#3484 = FILL_AREA_STYLE_COLOUR ( '', #11695 ) ;
#3485 = VECTOR ( 'NONE', #8119, 1000.000000000000000 ) ;
#3486 = ORIENTED_EDGE ( 'NONE', *, *, #3060, .T. ) ;
#3487 = FILL_AREA_STYLE_COLOUR ( '', #10389 ) ;
#3488 = CARTESIAN_POINT ( 'NONE',  ( -2.055201697326993315, -3.328221885802723268, 0.9810000000000000941 ) ) ;
#3489 =( NAMED_UNIT ( * ) SI_UNIT ( $, .STERADIAN. ) SOLID_ANGLE_UNIT ( ) );
#3490 = CARTESIAN_POINT ( 'NONE',  ( -0.7245801008262332532, -3.007771646301291568, 0.9810000000000000941 ) ) ;
#3491 = AXIS2_PLACEMENT_3D ( 'NONE', #1346, #1411, #9628 ) ;
#3492 = SURFACE_STYLE_FILL_AREA ( #6426 ) ;
#3493 = ORIENTED_EDGE ( 'NONE', *, *, #4117, .F. ) ;
#3494 = SURFACE_STYLE_USAGE ( .BOTH. , #8053 ) ;
#3495 = B_SPLINE_CURVE_WITH_KNOTS ( 'NONE', 3,
 ( #5425, #12012, #8038, #9174, #2695, #792 ),
 .UNSPECIFIED., .F., .F.,
 ( 4, 2, 4 ),
 ( 2.000000000000000000, 3.000000000000000000, 4.000000000000000000 ),
 .UNSPECIFIED. ) ;
#3496 = STYLED_ITEM ( 'NONE', ( #3033 ), #7972 ) ;
#3497 = PRESENTATION_LAYER_ASSIGNMENT (  '', '', ( #10736 ) ) ;
#3498 = AXIS2_PLACEMENT_3D ( 'NONE', #6544, #6479, #171 ) ;
#3499 = PRESENTATION_STYLE_ASSIGNMENT (( #10843 ) ) ;
#3500 = CARTESIAN_POINT ( 'NONE',  ( -0.9175071821987061949, -3.214371544273697090, 0.9800000000000002043 ) ) ;
#3501 = CARTESIAN_POINT ( 'NONE',  ( -0.9641403247457498438, -3.312940594740499733, 0.9810000000000000941 ) ) ;
#3502 = EDGE_CURVE ( 'NONE', #1257, #5244, #603, .T. ) ;
#3503 = CARTESIAN_POINT ( 'NONE',  ( -0.8746691560460573278, -2.974187465603711278, 0.9810000000000000941 ) ) ;
#3504 = ADVANCED_FACE ( 'NONE', ( #2429 ), #4745, .T. ) ;
#3505 = FILL_AREA_STYLE_COLOUR ( '', #988 ) ;
#3506 = VERTEX_POINT ( 'NONE', #1693 ) ;
#3507 = VERTEX_POINT ( 'NONE', #8922 ) ;
#3508 = LINE ( 'NONE', #4413, #9489 ) ;
#3509 = SURFACE_STYLE_FILL_AREA ( #3572 ) ;
#3510 = CARTESIAN_POINT ( 'NONE',  ( -0.9945532437980212359, -3.220090212813853103, 0.9810000000000000941 ) ) ;
#3511 =( NAMED_UNIT ( * ) PLANE_ANGLE_UNIT ( ) SI_UNIT ( $, .RADIAN. ) );
#3512 = STYLED_ITEM ( 'NONE', ( #400 ), #4409 ) ;
#3513 = UNCERTAINTY_MEASURE_WITH_UNIT (LENGTH_MEASURE( 1.000000000000000082E-05 ), #10107, 'distance_accuracy_value', 'NONE');
#3514 =( NAMED_UNIT ( * ) PLANE_ANGLE_UNIT ( ) SI_UNIT ( $, .RADIAN. ) );
#3515 = EDGE_LOOP ( 'NONE', ( #6098, #4363, #2166, #11550 ) ) ;
#3516 = ORIENTED_EDGE ( 'NONE', *, *, #10384, .T. ) ;
#3517 =( NAMED_UNIT ( * ) PLANE_ANGLE_UNIT ( ) SI_UNIT ( $, .RADIAN. ) );
#3518 = STYLED_ITEM ( 'NONE', ( #10034 ), #5739 ) ;
#3519 = EDGE_CURVE ( 'NONE', #8081, #4223, #543, .T. ) ;
#3520 = CARTESIAN_POINT ( 'NONE',  ( -0.3734538524855118280, -3.127031879302791140, 0.9810000000000000941 ) ) ;
#3521 = MECHANICAL_DESIGN_GEOMETRIC_PRESENTATION_REPRESENTATION (  '', ( #1556 ), #4296 ) ;
#3522 = CARTESIAN_POINT ( 'NONE',  ( -0.5530200446325973518, -3.307221926200337059, 0.9810000000000000941 ) ) ;
#3523 = ORIENTED_EDGE ( 'NONE', *, *, #10844, .T. ) ;
#3524 =( NAMED_UNIT ( * ) SI_UNIT ( $, .STERADIAN. ) SOLID_ANGLE_UNIT ( ) );
#3525 = CARTESIAN_POINT ( 'NONE',  ( -0.9486999196880161467, -2.987808294308576418, 0.9800000000000002043 ) ) ;
#3526 = DIRECTION ( 'NONE',  ( -0.0000000000000000000, -0.0000000000000000000, -1.000000000000000000 ) ) ;
#3527 = ADVANCED_FACE ( 'NONE', ( #2682 ), #1466, .F. ) ;
#3528 = ORIENTED_EDGE ( 'NONE', *, *, #11443, .T. ) ;
#3529 = LINE ( 'NONE', #9026, #851 ) ;
#3530 = EDGE_CURVE ( 'NONE', #3400, #8031, #4407, .T. ) ;
#3531 = VERTEX_POINT ( 'NONE', #3254 ) ;
#3532 = B_SPLINE_CURVE_WITH_KNOTS ( 'NONE', 3,
 ( #1312, #3049, #2244, #6784 ),
 .UNSPECIFIED., .F., .F.,
 ( 4, 4 ),
 ( 1.000000000000000000, 2.000000000000000000 ),
 .UNSPECIFIED. ) ;
#3533 = CARTESIAN_POINT ( 'NONE',  ( -0.9829079551346840971, -3.296408443870491478, 0.9810000000000000941 ) ) ;
#3534 = CARTESIAN_POINT ( 'NONE',  ( -0.7866536484303175980, -3.329992624568071768, 0.9810000000000000941 ) ) ;
#3535 = AXIS2_PLACEMENT_3D ( 'NONE', #10668, #7295, #11155 ) ;
#3536 = STYLED_ITEM ( 'NONE', ( #5599 ), #6195 ) ;
#3537 = CARTESIAN_POINT ( 'NONE',  ( -0.8339626336221952485, -2.804394997869956718, 0.9810000000000000941 ) ) ;
#3538 = PRESENTATION_STYLE_ASSIGNMENT (( #3606 ) ) ;
#3539 = ORIENTED_EDGE ( 'NONE', *, *, #3616, .T. ) ;
#3540 = CARTESIAN_POINT ( 'NONE',  ( -0.4180594670959714154, -2.830388945777370324, 0.9800000000000002043 ) ) ;
#3541 = CARTESIAN_POINT ( 'NONE',  ( -0.8156109063993235431, -3.313044570532008848, 0.9800000000000002043 ) ) ;
#3542 = FILL_AREA_STYLE_COLOUR ( '', #6405 ) ;
#3543 = ORIENTED_EDGE ( 'NONE', *, *, #2526, .F. ) ;
#3544 = VECTOR ( 'NONE', #9982, 1000.000000000000000 ) ;
#3545 = COLOUR_RGB ( '',0.0000000000000000000, 0.0000000000000000000, 0.0000000000000000000 ) ;
#3546 = CARTESIAN_POINT ( 'NONE',  ( -0.07161212937888518371, -3.330408527734124657, 0.9810000000000000941 ) ) ;
#3547 = PRESENTATION_LAYER_ASSIGNMENT (  '', '', ( #1370 ) ) ;
#3548 = ORIENTED_EDGE ( 'NONE', *, *, #7560, .F. ) ;
#3549 = VERTEX_POINT ( 'NONE', #8708 ) ;
#3550 = DIRECTION ( 'NONE',  ( 0.0000000000000000000, 0.0000000000000000000, 1.000000000000000000 ) ) ;
#3551 =( NAMED_UNIT ( * ) PLANE_ANGLE_UNIT ( ) SI_UNIT ( $, .RADIAN. ) );
#3552 = CARTESIAN_POINT ( 'NONE',  ( -0.2658908960417202816, -3.226120808728545342, 0.9810000000000000941 ) ) ;
#3553 = CARTESIAN_POINT ( 'NONE',  ( -1.116256907902850815, -2.804394997869956718, 0.9810000000000000941 ) ) ;
#3554 = PLANE ( 'NONE',  #2705 ) ;
#3555 = VERTEX_POINT ( 'NONE', #9867 ) ;
#3556 =( LENGTH_UNIT ( ) NAMED_UNIT ( * ) SI_UNIT ( .MILLI., .METRE. ) );
#3557 = CARTESIAN_POINT ( 'NONE',  ( -0.2965637545741610093, -3.301919160827621269, 0.9810000000000000941 ) ) ;
#3558 = DIRECTION ( 'NONE',  ( -0.0000000000000000000, -0.0000000000000000000, -1.000000000000000000 ) ) ;
#3559 = FILL_AREA_STYLE ('',( #9117 ) ) ;
#3560 = LINE ( 'NONE', #10837, #4048 ) ;
#3561 = VERTEX_POINT ( 'NONE', #9692 ) ;
#3562 = CARTESIAN_POINT ( 'NONE',  ( -0.6759194303426055983, -3.306286144076720390, 0.9810000000000000941 ) ) ;
#3563 = PRESENTATION_STYLE_ASSIGNMENT (( #9123 ) ) ;
#3564 = B_SPLINE_CURVE_WITH_KNOTS ( 'NONE', 3,
 ( #9281, #4791, #3707, #9527, #1067, #1116 ),
 .UNSPECIFIED., .F., .F.,
 ( 4, 2, 4 ),
 ( 2.000000000000000000, 3.000000000000000000, 4.000000000000000000 ),
 .UNSPECIFIED. ) ;
#3565 = FACE_OUTER_BOUND ( 'NONE', #5231, .T. ) ;
#3566 = CARTESIAN_POINT ( 'NONE',  ( -0.6331333920850178432, -3.185154346825209704, 0.9800000000000002043 ) ) ;
#3567 = COLOUR_RGB ( '',0.0000000000000000000, 0.0000000000000000000, 0.0000000000000000000 ) ;
#3568 = MECHANICAL_DESIGN_GEOMETRIC_PRESENTATION_REPRESENTATION (  '', ( #4722 ), #1953 ) ;
#3569 = SURFACE_STYLE_FILL_AREA ( #5450 ) ;
#3570 = ORIENTED_EDGE ( 'NONE', *, *, #10840, .F. ) ;
#3571 = ORIENTED_EDGE ( 'NONE', *, *, #664, .T. ) ;
#3572 = FILL_AREA_STYLE ('',( #1783 ) ) ;
#3573 = FILL_AREA_STYLE ('',( #2838 ) ) ;
#3574 = EDGE_LOOP ( 'NONE', ( #7761, #2298, #7136, #5606, #5340, #185, #349, #1913, #4537, #1017, #3720, #5524, #8089, #10968, #3897 ) ) ;
#3575 = STYLED_ITEM ( 'NONE', ( #9181 ), #11470 ) ;
#3576 = FACE_OUTER_BOUND ( 'NONE', #7087, .T. ) ;
#3577 = VECTOR ( 'NONE', #5636, 1000.000000000000000 ) ;
#3578 = ORIENTED_EDGE ( 'NONE', *, *, #9433, .F. ) ;
#3579 = ORIENTED_EDGE ( 'NONE', *, *, #1406, .T. ) ;
#3580 = CARTESIAN_POINT ( 'NONE',  ( -0.9794247661155177642, -2.966389281231902153, 0.9810000000000000941 ) ) ;
#3581 = FILL_AREA_STYLE_COLOUR ( '', #274 ) ;
#3582 =( NAMED_UNIT ( * ) SI_UNIT ( $, .STERADIAN. ) SOLID_ANGLE_UNIT ( ) );
#3583 = CARTESIAN_POINT ( 'NONE',  ( -0.8311032993528110202, -3.222065752853989107, 0.9799999999999999822 ) ) ;
#3584 =( LENGTH_UNIT ( ) NAMED_UNIT ( * ) SI_UNIT ( .MILLI., .METRE. ) );
#3585 = SURFACE_STYLE_FILL_AREA ( #9085 ) ;
#3586 = CARTESIAN_POINT ( 'NONE',  ( -0.7292070235534214850, -2.827789550986767431, 0.9800000000000002043 ) ) ;
#3587 = B_SPLINE_SURFACE_WITH_KNOTS ( 'NONE', 3, 1, ( 
 ( #7165, #976 ),
 ( #4767, #11272 ),
 ( #5570, #2179 ),
 ( #11337, #3852 ) ),
 .UNSPECIFIED., .F., .F., .F.,
 ( 4, 4 ),
 ( 2, 2 ),
 ( 11.00000000000000000, 12.00000000000000000 ),
 ( 0.0000000000000000000, 1.000000000000000000 ),
 .UNSPECIFIED. ) ;
#3588 = EDGE_CURVE ( 'NONE', #11572, #7009, #4111, .T. ) ;
#3590 = VECTOR ( 'NONE', #4832, 1000.000000000000227 ) ;
#3589 = DIRECTION ( 'NONE',  ( -0.0000000000000000000, -0.0000000000000000000, -1.000000000000000000 ) ) ;
#3591 = PLANE ( 'NONE',  #7551 ) ;
#3592 =( GEOMETRIC_REPRESENTATION_CONTEXT ( 3 ) GLOBAL_UNCERTAINTY_ASSIGNED_CONTEXT ( ( #5793 ) ) GLOBAL_UNIT_ASSIGNED_CONTEXT ( ( #7327, #2739, #833 ) ) REPRESENTATION_CONTEXT ( 'NONE', 'WORKASPACE' ) );
#3593 = CARTESIAN_POINT ( 'NONE',  ( -0.9643482763287762882, -3.202518304027323737, 0.9799999999999999822 ) ) ;
#3594 = ORIENTED_EDGE ( 'NONE', *, *, #3366, .T. ) ;
#3595 = CARTESIAN_POINT ( 'NONE',  ( -1.891805144293927210, -2.894425789790516124, 0.9800000000000002043 ) ) ;
#3596 = ADVANCED_FACE ( 'NONE', ( #7924 ), #10606, .F. ) ;
#3597 = EDGE_CURVE ( 'NONE', #3387, #9067, #11586, .T. ) ;
#3598 = COLOUR_RGB ( '',0.0000000000000000000, 0.0000000000000000000, 0.0000000000000000000 ) ;
#3599 = VECTOR ( 'NONE', #5297, 1000.000000000000000 ) ;
#3600 = STYLED_ITEM ( 'NONE', ( #4949 ), #4778 ) ;
#3601 = VERTEX_POINT ( 'NONE', #10784 ) ;
#3602 = FACE_OUTER_BOUND ( 'NONE', #2789, .T. ) ;
#3603 = EDGE_CURVE ( 'NONE', #3334, #8586, #6612, .T. ) ;
#3604 = CARTESIAN_POINT ( 'NONE',  ( -0.8746691560460576609, -2.836731469066607225, 0.9810000000000000941 ) ) ;
#3605 = DIRECTION ( 'NONE',  ( 0.0000000000000000000, 0.0000000000000000000, 1.000000000000000000 ) ) ;
#3607 = AXIS2_PLACEMENT_3D ( 'NONE', #981, #9386, #5576 ) ;
#3606 = SURFACE_STYLE_USAGE ( .BOTH. , #8209 ) ;
#3608 = ORIENTED_EDGE ( 'NONE', *, *, #1923, .F. ) ;
#3609 = LINE ( 'NONE', #3661, #11934 ) ;
#3610 = MECHANICAL_DESIGN_GEOMETRIC_PRESENTATION_REPRESENTATION (  '', ( #11032 ), #2418 ) ;
#3611 =( LENGTH_UNIT ( ) NAMED_UNIT ( * ) SI_UNIT ( .MILLI., .METRE. ) );
#3612 = VERTEX_POINT ( 'NONE', #7044 ) ;
#3613 = EDGE_LOOP ( 'NONE', ( #703, #1283, #5619, #7791 ) ) ;
#3614 = ORIENTED_EDGE ( 'NONE', *, *, #10900, .F. ) ;
#3615 = STYLED_ITEM ( 'NONE', ( #6641 ), #9352 ) ;
#3616 = EDGE_CURVE ( 'NONE', #6645, #6680, #10723, .T. ) ;
#3617 = CARTESIAN_POINT ( 'NONE',  ( -0.2658908960417202816, -3.257625473593091847, 0.9810000000000000941 ) ) ;
#3618 = SURFACE_STYLE_USAGE ( .BOTH. , #9966 ) ;
#3619 = CARTESIAN_POINT ( 'NONE',  ( -0.4745183219514081951, -3.127031879302791140, 0.9810000000000000941 ) ) ;
#3620 = CARTESIAN_POINT ( 'NONE',  ( -0.8339626336221952485, -2.804394997869956274, 0.9799999999999999822 ) ) ;
#3621 = EDGE_LOOP ( 'NONE', ( #7267, #2880, #7441, #8069 ) ) ;
#3622 = CARTESIAN_POINT ( 'NONE',  ( -0.8311032993528110202, -3.222065752853989107, 0.9810000000000000941 ) ) ;
#3623 = CARTESIAN_POINT ( 'NONE',  ( -0.5205795976444335116, -2.934988592158872756, 0.9810000000000000941 ) ) ;
#3624 = UNCERTAINTY_MEASURE_WITH_UNIT (LENGTH_MEASURE( 1.000000000000000082E-05 ), #10065, 'distance_accuracy_value', 'NONE');
#3625 = ORIENTED_EDGE ( 'NONE', *, *, #4108, .T. ) ;
#3626 = MECHANICAL_DESIGN_GEOMETRIC_PRESENTATION_REPRESENTATION (  '', ( #3228 ), #12039 ) ;
#3627 = CARTESIAN_POINT ( 'NONE',  ( -1.350282951672181042, -3.011189251056769489, 0.9810000000000000941 ) ) ;
#3628 =( NAMED_UNIT ( * ) SI_UNIT ( $, .STERADIAN. ) SOLID_ANGLE_UNIT ( ) );
#3629 = PRESENTATION_STYLE_ASSIGNMENT (( #8304 ) ) ;
#3630 = CARTESIAN_POINT ( 'NONE',  ( -0.7021733177294906536, -3.398824598628831239, 0.9810000000000000941 ) ) ;
#3631 = ORIENTED_EDGE ( 'NONE', *, *, #5959, .F. ) ;
#3632 =( NAMED_UNIT ( * ) SI_UNIT ( $, .STERADIAN. ) SOLID_ANGLE_UNIT ( ) );
#3633 =( NAMED_UNIT ( * ) SI_UNIT ( $, .STERADIAN. ) SOLID_ANGLE_UNIT ( ) );
#3634 = VERTEX_POINT ( 'NONE', #8301 ) ;
#3635 = FILL_AREA_STYLE ('',( #575 ) ) ;
#3636 = EDGE_CURVE ( 'NONE', #9871, #9447, #8641, .T. ) ;
#3637 =( GEOMETRIC_REPRESENTATION_CONTEXT ( 3 ) GLOBAL_UNCERTAINTY_ASSIGNED_CONTEXT ( ( #1676 ) ) GLOBAL_UNIT_ASSIGNED_CONTEXT ( ( #516, #3260, #6991 ) ) REPRESENTATION_CONTEXT ( 'NONE', 'WORKASPACE' ) );
#3638 =( NAMED_UNIT ( * ) PLANE_ANGLE_UNIT ( ) SI_UNIT ( $, .RADIAN. ) );
#3639 = ORIENTED_EDGE ( 'NONE', *, *, #518, .T. ) ;
#3640 =( NAMED_UNIT ( * ) PLANE_ANGLE_UNIT ( ) SI_UNIT ( $, .RADIAN. ) );
#3641 = SURFACE_STYLE_USAGE ( .BOTH. , #1733 ) ;
#3642 = SURFACE_SIDE_STYLE ('',( #4367 ) ) ;
#3643 = FACE_OUTER_BOUND ( 'NONE', #5261, .T. ) ;
#3644 = PLANE ( 'NONE',  #5856 ) ;
#3645 = SURFACE_STYLE_FILL_AREA ( #2602 ) ;
#3646 = ORIENTED_EDGE ( 'NONE', *, *, #3807, .T. ) ;
#3647 = CARTESIAN_POINT ( 'NONE',  ( -0.8156109063993235431, -3.313044570532008848, 0.9810000000000000941 ) ) ;
#3648 = CARTESIAN_POINT ( 'NONE',  ( -1.452225022375277952, -2.939251397593995563, 0.9799999999999999822 ) ) ;
#3649 = CARTESIAN_POINT ( 'NONE',  ( -0.8077087462353104153, -2.827789550986767431, 0.9810000000000000941 ) ) ;
#3650 = ORIENTED_EDGE ( 'NONE', *, *, #5682, .F. ) ;
#3651 = EDGE_CURVE ( 'NONE', #11038, #4668, #2450, .T. ) ;
#3652 = B_SPLINE_CURVE_WITH_KNOTS ( 'NONE', 3,
 ( #640, #4370, #8076, #9275 ),
 .UNSPECIFIED., .F., .F.,
 ( 4, 4 ),
 ( 3.000000000000000000, 4.000000000000000000 ),
 .UNSPECIFIED. ) ;
#3653 = VERTEX_POINT ( 'NONE', #5441 ) ;
#3654 = UNCERTAINTY_MEASURE_WITH_UNIT (LENGTH_MEASURE( 1.000000000000000082E-05 ), #6306, 'distance_accuracy_value', 'NONE');
#3655 = CARTESIAN_POINT ( 'NONE',  ( -2.675735931288071079, -3.799999999999999822, 0.5000000000000000000 ) ) ;
#3656 = EDGE_CURVE ( 'NONE', #6881, #4538, #7348, .T. ) ;
#3657 = EDGE_CURVE ( 'NONE', #6698, #41, #2650, .T. ) ;
#3658 = CARTESIAN_POINT ( 'NONE',  ( -0.5530200446325971297, -3.150426432419600076, 0.9799999999999999822 ) ) ;
#3659 = CARTESIAN_POINT ( 'NONE',  ( -1.369803797780998034, -2.965279155633430808, 0.9810000000000000941 ) ) ;
#3660 = ORIENTED_EDGE ( 'NONE', *, *, #11735, .F. ) ;
#3661 = CARTESIAN_POINT ( 'NONE',  ( -0.5530200446325973518, -3.215515277981726872, 0.9810000000000000941 ) ) ;
#3662 = CARTESIAN_POINT ( 'NONE',  ( -0.3311097113434117167, -3.133751314837303070, 0.9810000000000000941 ) ) ;
#3663 = B_SPLINE_CURVE_WITH_KNOTS ( 'NONE', 3,
 ( #4809, #11389, #5675, #3002 ),
 .UNSPECIFIED., .F., .F.,
 ( 4, 4 ),
 ( 3.000000000000000000, 4.000000000000000000 ),
 .UNSPECIFIED. ) ;
#3664 = VERTEX_POINT ( 'NONE', #3562 ) ;
#3665 = EDGE_CURVE ( 'NONE', #5406, #2932, #1525, .T. ) ;
#3666 = DIRECTION ( 'NONE',  ( -0.3897582650654624059, -0.9209172030172749768, -0.0000000000000000000 ) ) ;
#3667 = EDGE_LOOP ( 'NONE', ( #6948, #699, #5418, #6149 ) ) ;
#3668 = STYLED_ITEM ( 'NONE', ( #1742 ), #7114 ) ;
#3669 = EDGE_LOOP ( 'NONE', ( #2854, #991, #10052, #9983 ) ) ;
#3670 = DIRECTION ( 'NONE',  ( -0.0000000000000000000, 0.0000000000000000000, -1.000000000000000000 ) ) ;
#3671 = STYLED_ITEM ( 'NONE', ( #183 ), #220 ) ;
#3672 = CARTESIAN_POINT ( 'NONE',  ( -0.4802889783873196539, -3.215515277981726872, 0.9799999999999999822 ) ) ;
#3673 = CARTESIAN_POINT ( 'NONE',  ( -0.7895129826997018263, -3.202518304027323737, 0.9810000000000000941 ) ) ;
#3674 =( NAMED_UNIT ( * ) PLANE_ANGLE_UNIT ( ) SI_UNIT ( $, .RADIAN. ) );
#3675 = EDGE_LOOP ( 'NONE', ( #10537, #11533, #9548, #9730 ) ) ;
#3676 = CARTESIAN_POINT ( 'NONE',  ( -0.8182103011906193268, -3.204285892485820852, 0.9810000000000000941 ) ) ;
#3677 = UNCERTAINTY_MEASURE_WITH_UNIT (LENGTH_MEASURE( 1.000000000000000082E-05 ), #5503, 'distance_accuracy_value', 'NONE');
#3678 = CARTESIAN_POINT ( 'NONE',  ( -0.7148063764122076780, -3.376989682386107194, 0.9799999999999999822 ) ) ;
#3679 = SURFACE_STYLE_FILL_AREA ( #12073 ) ;
#3680 = PRESENTATION_LAYER_ASSIGNMENT (  '', '', ( #6201 ) ) ;
#3681 = ORIENTED_EDGE ( 'NONE', *, *, #11825, .F. ) ;
#3682 = EDGE_CURVE ( 'NONE', #6698, #7270, #9187, .T. ) ;
#3683 = EDGE_CURVE ( 'NONE', #10099, #9949, #3848, .T. ) ;
#3684 = CARTESIAN_POINT ( 'NONE',  ( -1.035259766221189093, -3.007771646301291568, 0.9810000000000000941 ) ) ;
#3685 = B_SPLINE_SURFACE_WITH_KNOTS ( 'NONE', 3, 1, ( 
 ( #17, #2881 ),
 ( #2766, #7458 ),
 ( #10470, #7514 ),
 ( #1954, #9436 ) ),
 .UNSPECIFIED., .F., .F., .F.,
 ( 4, 4 ),
 ( 2, 2 ),
 ( 4.000000000000000000, 5.000000000000000000 ),
 ( 0.0000000000000000000, 1.000000000000000000 ),
 .UNSPECIFIED. ) ;
#3686 = PRESENTATION_LAYER_ASSIGNMENT (  '', '', ( #350 ) ) ;
#3687 = AXIS2_PLACEMENT_3D ( 'NONE', #3410, #9895, #710 ) ;
#3688 = DIRECTION ( 'NONE',  ( -0.3559357243698748618, 0.9345104387417469960, -0.0000000000000000000 ) ) ;
#3689 = MECHANICAL_DESIGN_GEOMETRIC_PRESENTATION_REPRESENTATION (  '', ( #10518 ), #11707 ) ;
#3690 = SURFACE_STYLE_FILL_AREA ( #1718 ) ;
#3691 = EDGE_LOOP ( 'NONE', ( #6025, #5567, #9962, #7366 ) ) ;
#3692 = LINE ( 'NONE', #3861, #5697 ) ;
#3693 = EDGE_CURVE ( 'NONE', #8281, #8961, #2690, .T. ) ;
#3694 =( NAMED_UNIT ( * ) SI_UNIT ( $, .STERADIAN. ) SOLID_ANGLE_UNIT ( ) );
#3695 = VECTOR ( 'NONE', #11627, 1000.000000000000000 ) ;
#3696 =( NAMED_UNIT ( * ) SI_UNIT ( $, .STERADIAN. ) SOLID_ANGLE_UNIT ( ) );
#3697 = CARTESIAN_POINT ( 'NONE',  ( -2.053755663270016463, -3.231340734341733967, 0.9799999999999999822 ) ) ;
#3698 = ORIENTED_EDGE ( 'NONE', *, *, #5228, .T. ) ;
#3699 = SURFACE_STYLE_FILL_AREA ( #2531 ) ;
#3700 = FILL_AREA_STYLE_COLOUR ( '', #9487 ) ;
#3701 = CARTESIAN_POINT ( 'NONE',  ( -2.140514893504466887, -3.098309903617555872, 0.9810000000000000941 ) ) ;
#3702 = DIRECTION ( 'NONE',  ( -0.0000000000000000000, -0.0000000000000000000, -1.000000000000000000 ) ) ;
#3703 =( LENGTH_UNIT ( ) NAMED_UNIT ( * ) SI_UNIT ( .MILLI., .METRE. ) );
#3704 = VERTEX_POINT ( 'NONE', #9974 ) ;
#3705 = VECTOR ( 'NONE', #7830, 1000.000000000000000 ) ;
#3706 =( NAMED_UNIT ( * ) PLANE_ANGLE_UNIT ( ) SI_UNIT ( $, .RADIAN. ) );
#3707 = CARTESIAN_POINT ( 'NONE',  ( -1.975672389155174180, -3.251584631954842042, 0.9810000000000000941 ) ) ;
#3708 = ORIENTED_EDGE ( 'NONE', *, *, #3152, .T. ) ;
#3709 = CARTESIAN_POINT ( 'NONE',  ( -1.515848479944878591, -3.017334699289550226, 0.9800000000000002043 ) ) ;
#3710 = B_SPLINE_CURVE_WITH_KNOTS ( 'NONE', 3,
 ( #3816, #7532, #10428, #2903 ),
 .UNSPECIFIED., .F., .F.,
 ( 4, 4 ),
 ( 7.000000000000000000, 8.000000000000000000 ),
 .UNSPECIFIED. ) ;
#3711 = DIRECTION ( 'NONE',  ( 0.0000000000000000000, 1.000000000000000000, 0.0000000000000000000 ) ) ;
#3712 = ORIENTED_EDGE ( 'NONE', *, *, #6627, .T. ) ;
#3713 = CARTESIAN_POINT ( 'NONE',  ( -2.163650693749332277, -2.936359426011495355, 0.9810000000000000941 ) ) ;
#3714 = CARTESIAN_POINT ( 'NONE',  ( -2.163650693749332277, -2.936359426011495355, 0.9799999999999999822 ) ) ;
#3715 = LINE ( 'NONE', #9410, #25 ) ;
#3716 = DIRECTION ( 'NONE',  ( -1.000000000000000000, -0.0000000000000000000, -0.0000000000000000000 ) ) ;
#3717 = ORIENTED_EDGE ( 'NONE', *, *, #4905, .T. ) ;
#3718 = STYLED_ITEM ( 'NONE', ( #6838 ), #6040 ) ;
#3719 = STYLED_ITEM ( 'NONE', ( #4366 ), #11781 ) ;
#3720 = ORIENTED_EDGE ( 'NONE', *, *, #1244, .F. ) ;
#3721 = EDGE_CURVE ( 'NONE', #1739, #10889, #4405, .T. ) ;
#3722 = ORIENTED_EDGE ( 'NONE', *, *, #10996, .F. ) ;
#3723 = STYLED_ITEM ( 'NONE', ( #10613 ), #10189 ) ;
#3724 = VERTEX_POINT ( 'NONE', #862 ) ;
#3725 = COLOUR_RGB ( '',0.0000000000000000000, 0.0000000000000000000, 0.0000000000000000000 ) ;
#3726 = PRESENTATION_LAYER_ASSIGNMENT (  '', '', ( #207 ) ) ;
#3727 = DIRECTION ( 'NONE',  ( -1.000000000000000000, -0.0000000000000000000, -0.0000000000000000000 ) ) ;
#3728 = ORIENTED_EDGE ( 'NONE', *, *, #11887, .F. ) ;
#3729 = PLANE ( 'NONE',  #11633 ) ;
#3730 =( NAMED_UNIT ( * ) PLANE_ANGLE_UNIT ( ) SI_UNIT ( $, .RADIAN. ) );
#3731 = CARTESIAN_POINT ( 'NONE',  ( -1.035259766221189093, -2.984585044767507966, 0.9810000000000000941 ) ) ;
#3732 = ADVANCED_FACE ( 'NONE', ( #5381, #6179 ), #8236, .F. ) ;
#3733 = AXIS2_PLACEMENT_3D ( 'NONE', #3854, #11463, #191 ) ;
#3734 = ORIENTED_EDGE ( 'NONE', *, *, #6806, .F. ) ;
#3735 = EDGE_CURVE ( 'NONE', #9986, #12077, #8103, .T. ) ;
#3736 = ADVANCED_FACE ( 'NONE', ( #8363 ), #3685, .F. ) ;
#3737 = VECTOR ( 'NONE', #4783, 1000.000000000000000 ) ;
#3738 = LINE ( 'NONE', #2767, #11394 ) ;
#3739 = PLANE ( 'NONE',  #11002 ) ;
#3740 = DIRECTION ( 'NONE',  ( 4.051977475832535632E-17, 0.0000000000000000000, -1.000000000000000000 ) ) ;
#3741 = VECTOR ( 'NONE', #9854, 1000.000000000000000 ) ;
#3742 = PRESENTATION_LAYER_ASSIGNMENT (  '', '', ( #6267 ) ) ;
#3743 =( NAMED_UNIT ( * ) SI_UNIT ( $, .STERADIAN. ) SOLID_ANGLE_UNIT ( ) );
#3744 = EDGE_CURVE ( 'NONE', #2, #1700, #2242, .T. ) ;
#3745 = EDGE_CURVE ( 'NONE', #8480, #7641, #11211, .T. ) ;
#3746 = ORIENTED_EDGE ( 'NONE', *, *, #4178, .T. ) ;
#3747 = PLANE ( 'NONE',  #8897 ) ;
#3748 = DIRECTION ( 'NONE',  ( -0.0000000000000000000, -0.0000000000000000000, -1.000000000000000000 ) ) ;
#3749 = SURFACE_STYLE_USAGE ( .BOTH. , #1901 ) ;
#3750 = CARTESIAN_POINT ( 'NONE',  ( -0.9829079551346840971, -3.289442065832175466, 0.9810000000000000941 ) ) ;
#3751 = UNCERTAINTY_MEASURE_WITH_UNIT (LENGTH_MEASURE( 1.000000000000000082E-05 ), #4362, 'distance_accuracy_value', 'NONE');
#3752 =( NAMED_UNIT ( * ) SI_UNIT ( $, .STERADIAN. ) SOLID_ANGLE_UNIT ( ) );
#3753 = PRESENTATION_LAYER_ASSIGNMENT (  '', '', ( #7266 ) ) ;
#3754 = ORIENTED_EDGE ( 'NONE', *, *, #7404, .T. ) ;
#3755 = CARTESIAN_POINT ( 'NONE',  ( -0.7363813531761502773, -3.398096768086847685, 0.9799999999999999822 ) ) ;
#3756 = CARTESIAN_POINT ( 'NONE',  ( -1.017167978477792056, -2.850872176729037477, 0.9799999999999999822 ) ) ;
#3757 = CARTESIAN_POINT ( 'NONE',  ( -0.8285039045615154585, -3.211460222108549090, 0.9810000000000000941 ) ) ;
#3758 = CARTESIAN_POINT ( 'NONE',  ( -0.8896416700412819178, -3.007251767343725568, 0.9800000000000002043 ) ) ;
#3759 = EDGE_CURVE ( 'NONE', #6809, #11072, #2071, .T. ) ;
#3760 = CARTESIAN_POINT ( 'NONE',  ( -0.4607415295606541727, -2.952144597777958790, 0.9800000000000002043 ) ) ;
#3761 = ORIENTED_EDGE ( 'NONE', *, *, #10919, .F. ) ;
#3762 = CARTESIAN_POINT ( 'NONE',  ( -0.6291823120047378426, -2.827789550986767431, 0.9800000000000002043 ) ) ;
#3763 = UNCERTAINTY_MEASURE_WITH_UNIT (LENGTH_MEASURE( 1.000000000000000082E-05 ), #60, 'distance_accuracy_value', 'NONE');
#3764 = FILL_AREA_STYLE ('',( #45 ) ) ;
#3765 = STYLED_ITEM ( 'NONE', ( #7835 ), #9965 ) ;
#3766 = VECTOR ( 'NONE', #8538, 1000.000000000000000 ) ;
#3767 = SURFACE_SIDE_STYLE ('',( #5591 ) ) ;
#3768 = VERTEX_POINT ( 'NONE', #3849 ) ;
#3769 =( GEOMETRIC_REPRESENTATION_CONTEXT ( 3 ) GLOBAL_UNCERTAINTY_ASSIGNED_CONTEXT ( ( #6587 ) ) GLOBAL_UNIT_ASSIGNED_CONTEXT ( ( #2330, #9804, #1279 ) ) REPRESENTATION_CONTEXT ( 'NONE', 'WORKASPACE' ) );
#3770 = PRESENTATION_LAYER_ASSIGNMENT (  '', '', ( #4360 ) ) ;
#3771 = UNCERTAINTY_MEASURE_WITH_UNIT (LENGTH_MEASURE( 1.000000000000000082E-05 ), #7, 'distance_accuracy_value', 'NONE');
#3772 = VECTOR ( 'NONE', #7462, 1000.000000000000000 ) ;
#3773 = CARTESIAN_POINT ( 'NONE',  ( -1.862885400882674958, -3.313762069257482512, 0.9810000000000000941 ) ) ;
#3774 = CARTESIAN_POINT ( 'NONE',  ( -0.9226019959884024235, -2.824670277238598537, 0.9799999999999999822 ) ) ;
#3775 = B_SPLINE_SURFACE_WITH_KNOTS ( 'NONE', 3, 1, ( 
 ( #816, #7233 ),
 ( #9072, #690 ),
 ( #8112, #4540 ),
 ( #6313, #12089 ) ),
 .UNSPECIFIED., .F., .F., .F.,
 ( 4, 4 ),
 ( 2, 2 ),
 ( 7.000000000000000000, 8.000000000000000000 ),
 ( 0.0000000000000000000, 1.000000000000000000 ),
 .UNSPECIFIED. ) ;
#3776 = PRESENTATION_LAYER_ASSIGNMENT (  '', '', ( #3006 ) ) ;
#3777 = CARTESIAN_POINT ( 'NONE',  ( -0.1673218455763031964, -3.167270510664148109, 0.9810000000000000941 ) ) ;
#3778 = ORIENTED_EDGE ( 'NONE', *, *, #9060, .F. ) ;
#3779 = EDGE_LOOP ( 'NONE', ( #5386, #6447, #4364, #615 ) ) ;
#3780 = PRESENTATION_STYLE_ASSIGNMENT (( #2814 ) ) ;
#3781 = PRESENTATION_LAYER_ASSIGNMENT (  '', '', ( #861 ) ) ;
#3782 = CARTESIAN_POINT ( 'NONE',  ( -0.3744936104020314960, -3.150426432419600076, 0.9810000000000000941 ) ) ;
#3783 = DIRECTION ( 'NONE',  ( -0.0000000000000000000, -0.0000000000000000000, -1.000000000000000000 ) ) ;
#3784 = VECTOR ( 'NONE', #1293, 1000.000000000000000 ) ;
#3785 = FILL_AREA_STYLE ('',( #8413 ) ) ;
#3786 = SURFACE_STYLE_FILL_AREA ( #3841 ) ;
#3787 = CARTESIAN_POINT ( 'NONE',  ( -0.9794247661155177642, -2.966389281231902153, 0.9810000000000000941 ) ) ;
#3788 = ORIENTED_EDGE ( 'NONE', *, *, #2152, .T. ) ;
#3789 =( LENGTH_UNIT ( ) NAMED_UNIT ( * ) SI_UNIT ( .MILLI., .METRE. ) );
#3790 = CARTESIAN_POINT ( 'NONE',  ( -2.163650693749332277, -2.936359426011495355, 0.9810000000000000941 ) ) ;
#3791 = DIRECTION ( 'NONE',  ( -0.0000000000000000000, -0.0000000000000000000, -1.000000000000000000 ) ) ;
#3792 =( LENGTH_UNIT ( ) NAMED_UNIT ( * ) SI_UNIT ( .MILLI., .METRE. ) );
#3793 = EDGE_LOOP ( 'NONE', ( #11239, #7897, #8935, #11579 ) ) ;
#3794 = MECHANICAL_DESIGN_GEOMETRIC_PRESENTATION_REPRESENTATION (  '', ( #10264 ), #4555 ) ;
#3795 = SURFACE_STYLE_USAGE ( .BOTH. , #73 ) ;
#3796 = MECHANICAL_DESIGN_GEOMETRIC_PRESENTATION_REPRESENTATION (  '', ( #8684 ), #1439 ) ;
#3797 = DIRECTION ( 'NONE',  ( -0.0000000000000000000, -1.000000000000000000, -0.0000000000000000000 ) ) ;
#3798 = CARTESIAN_POINT ( 'NONE',  ( -0.4052184568288403343, -3.150426432419600076, 0.9810000000000000941 ) ) ;
#3799 = CARTESIAN_POINT ( 'NONE',  ( -1.452225022375277952, -2.939251397593995563, 0.9799999999999999822 ) ) ;
#3800 = DIRECTION ( 'NONE',  ( 0.0000000000000000000, 0.0000000000000000000, 1.000000000000000000 ) ) ;
#3801 = CARTESIAN_POINT ( 'NONE',  ( -0.8920331132488581449, -3.236934291058397140, 0.9810000000000000941 ) ) ;
#3802 = VERTEX_POINT ( 'NONE', #9549 ) ;
#3803 = CARTESIAN_POINT ( 'NONE',  ( -1.917832902331976896, -3.426549002369938535, 0.9810000000000000941 ) ) ;
#3804 = ADVANCED_FACE ( 'NONE', ( #5620 ), #9251, .F. ) ;
#3805 = CARTESIAN_POINT ( 'NONE',  ( -0.1294746574211336765, -3.251802829261419170, 0.9810000000000000941 ) ) ;
#3806 = CARTESIAN_POINT ( 'NONE',  ( 7.500000000000000000, 3.799999999999999822, 0.0000000000000000000 ) ) ;
#3807 = EDGE_CURVE ( 'NONE', #9968, #5774, #5202, .T. ) ;
#3808 = SURFACE_SIDE_STYLE ('',( #1162 ) ) ;
#3809 = CARTESIAN_POINT ( 'NONE',  ( -1.985794282800996902, -2.866952039066210212, 0.9810000000000000941 ) ) ;
#3810 = DIRECTION ( 'NONE',  ( -0.0000000000000000000, 0.0000000000000000000, -1.000000000000000000 ) ) ;
#3811 = EDGE_CURVE ( 'NONE', #11498, #7457, #2397, .T. ) ;
#3812 = CARTESIAN_POINT ( 'NONE',  ( -1.919278867438905190, -2.975400994119907772, 0.9810000000000000941 ) ) ;
#3813 = VERTEX_POINT ( 'NONE', #9613 ) ;
#3814 = CARTESIAN_POINT ( 'NONE',  ( -0.7409043001118279514, -3.396745082795791237, 0.9799999999999999822 ) ) ;
#3815 = LINE ( 'NONE', #11477, #4380 ) ;
#3816 = CARTESIAN_POINT ( 'NONE',  ( -0.9226019959884024235, -2.824670277238598537, 0.9799999999999999822 ) ) ;
#3817 = B_SPLINE_CURVE_WITH_KNOTS ( 'NONE', 3,
 ( #11273, #80, #1095, #6625 ),
 .UNSPECIFIED., .F., .F.,
 ( 4, 4 ),
 ( 3.000000000000000000, 4.000000000000000000 ),
 .UNSPECIFIED. ) ;
#3818 = CARTESIAN_POINT ( 'NONE',  ( -0.8285039045615154585, -3.211460222108549090, 0.9799999999999999822 ) ) ;
#3819 = CARTESIAN_POINT ( 'NONE',  ( -0.5308212131195741978, -2.960254709525693251, 0.9810000000000000941 ) ) ;
#3820 = VERTEX_POINT ( 'NONE', #4216 ) ;
#3821 =( LENGTH_UNIT ( ) NAMED_UNIT ( * ) SI_UNIT ( .MILLI., .METRE. ) );
#3822 = SURFACE_STYLE_FILL_AREA ( #3764 ) ;
#3823 = CARTESIAN_POINT ( 'NONE',  ( -1.026941702891116748, -2.909930426376465373, 0.9810000000000000941 ) ) ;
#3824 = EDGE_CURVE ( 'NONE', #11986, #5367, #10765, .T. ) ;
#3825 = EDGE_CURVE ( 'NONE', #7873, #2932, #4090, .T. ) ;
#3826 = SURFACE_STYLE_FILL_AREA ( #107 ) ;
#3827 = ORIENTED_EDGE ( 'NONE', *, *, #3811, .T. ) ;
#3828 = FACE_OUTER_BOUND ( 'NONE', #1640, .T. ) ;
#3829 = CARTESIAN_POINT ( 'NONE',  ( -0.6728001565930520345, -3.294536879621864145, 0.9810000000000000941 ) ) ;
#3830 = SURFACE_SIDE_STYLE ('',( #6396 ) ) ;
#3831 = LINE ( 'NONE', #52, #9808 ) ;
#3832 = SURFACE_SIDE_STYLE ('',( #1009 ) ) ;
#3833 = FILL_AREA_STYLE ('',( #2929 ) ) ;
#3834 = DIRECTION ( 'NONE',  ( 1.000000000000000000, 0.0000000000000000000, 2.237248150067282790E-16 ) ) ;
#3835 = ORIENTED_EDGE ( 'NONE', *, *, #11997, .T. ) ;
#3836 = ORIENTED_EDGE ( 'NONE', *, *, #6899, .T. ) ;
#3837 = FACE_OUTER_BOUND ( 'NONE', #8747, .T. ) ;
#3838 = CARTESIAN_POINT ( 'NONE',  ( -0.4180594670959714154, -2.830388945777370324, 0.9810000000000000941 ) ) ;
#3839 =( LENGTH_UNIT ( ) NAMED_UNIT ( * ) SI_UNIT ( .MILLI., .METRE. ) );
#3840 = CARTESIAN_POINT ( 'NONE',  ( -0.7409043001118278404, -3.374078360219573192, 0.9799999999999999822 ) ) ;
#3841 = FILL_AREA_STYLE ('',( #63 ) ) ;
#3842 = ORIENTED_EDGE ( 'NONE', *, *, #4634, .F. ) ;
#3843 = FILL_AREA_STYLE ('',( #1025 ) ) ;
#3844 = SURFACE_SIDE_STYLE ('',( #7452 ) ) ;
#3845 = CARTESIAN_POINT ( 'NONE',  ( -0.9945532437980212359, -3.195343974404595055, 0.9810000000000000941 ) ) ;
#3846 = UNCERTAINTY_MEASURE_WITH_UNIT (LENGTH_MEASURE( 1.000000000000000082E-05 ), #7221, 'distance_accuracy_value', 'NONE');
#3847 = ORIENTED_EDGE ( 'NONE', *, *, #4272, .T. ) ;
#3848 = B_SPLINE_CURVE_WITH_KNOTS ( 'NONE', 3,
 ( #11031, #9061, #10842, #11088 ),
 .UNSPECIFIED., .F., .F.,
 ( 4, 4 ),
 ( 2.000000000000000000, 3.000000000000000000 ),
 .UNSPECIFIED. ) ;
#3849 = CARTESIAN_POINT ( 'NONE',  ( -0.3841633590238469620, -2.929165947827201855, 0.9800000000000002043 ) ) ;
#3850 = MECHANICAL_DESIGN_GEOMETRIC_PRESENTATION_REPRESENTATION (  '', ( #2286 ), #7430 ) ;
#3851 = DIRECTION ( 'NONE',  ( 1.000000000000000000, 0.0000000000000000000, -0.0000000000000000000 ) ) ;
#3852 = CARTESIAN_POINT ( 'NONE',  ( -0.9794247661155177642, -2.966389281231902153, 0.9799999999999999822 ) ) ;
#3853 = CARTESIAN_POINT ( 'NONE',  ( 3.410954544295047963, 3.799999999999999822, 0.5678679656440351886 ) ) ;
#3854 = CARTESIAN_POINT ( 'NONE',  ( -0.8373028559287168937, -3.309535387564455089, 0.9810000000000000941 ) ) ;
#3855 =( GEOMETRIC_REPRESENTATION_CONTEXT ( 3 ) GLOBAL_UNCERTAINTY_ASSIGNED_CONTEXT ( ( #9909 ) ) GLOBAL_UNIT_ASSIGNED_CONTEXT ( ( #2877, #3905, #11329 ) ) REPRESENTATION_CONTEXT ( 'NONE', 'WORKASPACE' ) );
#3856 = CARTESIAN_POINT ( 'NONE',  ( -0.4186833218450503602, -2.830388945777369880, 0.9800000000000002043 ) ) ;
#3857 =( GEOMETRIC_REPRESENTATION_CONTEXT ( 3 ) GLOBAL_UNCERTAINTY_ASSIGNED_CONTEXT ( ( #1800 ) ) GLOBAL_UNIT_ASSIGNED_CONTEXT ( ( #4100, #1272, #6974 ) ) REPRESENTATION_CONTEXT ( 'NONE', 'WORKASPACE' ) );
#3858 = ORIENTED_EDGE ( 'NONE', *, *, #891, .T. ) ;
#3859 = SURFACE_SIDE_STYLE ('',( #4822 ) ) ;
#3860 =( NAMED_UNIT ( * ) SI_UNIT ( $, .STERADIAN. ) SOLID_ANGLE_UNIT ( ) );
#3861 = CARTESIAN_POINT ( 'NONE',  ( -0.7409043001118278404, -3.396745082795791237, 0.9800000000000002043 ) ) ;
#3862 =( LENGTH_UNIT ( ) NAMED_UNIT ( * ) SI_UNIT ( .MILLI., .METRE. ) );
#3863 = CARTESIAN_POINT ( 'NONE',  ( -0.4802889783873196539, -3.215515277981726872, 0.9810000000000000941 ) ) ;
#3864 = UNCERTAINTY_MEASURE_WITH_UNIT (LENGTH_MEASURE( 1.000000000000000082E-05 ), #34, 'distance_accuracy_value', 'NONE');
#3865 = CARTESIAN_POINT ( 'NONE',  ( -0.8575131504269685179, -3.325313713944428429, 0.9810000000000000941 ) ) ;
#3866 =( GEOMETRIC_REPRESENTATION_CONTEXT ( 3 ) GLOBAL_UNCERTAINTY_ASSIGNED_CONTEXT ( ( #8044 ) ) GLOBAL_UNIT_ASSIGNED_CONTEXT ( ( #9351, #6778, #2928 ) ) REPRESENTATION_CONTEXT ( 'NONE', 'WORKASPACE' ) );
#3867 = EDGE_CURVE ( 'NONE', #2813, #2749, #4156, .T. ) ;
#3868 = LINE ( 'NONE', #5699, #3590 ) ;
#3869 = ORIENTED_EDGE ( 'NONE', *, *, #8340, .T. ) ;
#3870 = DIRECTION ( 'NONE',  ( -1.000000000000000000, -0.0000000000000000000, -0.0000000000000000000 ) ) ;
#3871 =( NAMED_UNIT ( * ) PLANE_ANGLE_UNIT ( ) SI_UNIT ( $, .RADIAN. ) );
#3872 = CARTESIAN_POINT ( 'NONE',  ( -7.500000000000000000, -3.799999999999999822, 0.4799999999999999822 ) ) ;
#3873 = CARTESIAN_POINT ( 'NONE',  ( -0.7663783690616761124, -3.213019858982632648, 0.9810000000000000941 ) ) ;
#3874 = CARTESIAN_POINT ( 'NONE',  ( -0.7921123774909988313, -3.279564365627333444, 0.9799999999999999822 ) ) ;
#3875 = ORIENTED_EDGE ( 'NONE', *, *, #4687, .F. ) ;
#3876 = SURFACE_SIDE_STYLE ('',( #8779 ) ) ;
#3877 =( NAMED_UNIT ( * ) PLANE_ANGLE_UNIT ( ) SI_UNIT ( $, .RADIAN. ) );
#3878 = COLOUR_RGB ( '',0.0000000000000000000, 0.0000000000000000000, 0.0000000000000000000 ) ;
#3879 = VECTOR ( 'NONE', #7779, 1000.000000000000000 ) ;
#3880 = COLOUR_RGB ( '',0.0000000000000000000, 0.0000000000000000000, 0.0000000000000000000 ) ;
#3881 =( NAMED_UNIT ( * ) SI_UNIT ( $, .STERADIAN. ) SOLID_ANGLE_UNIT ( ) );
#3882 = PRESENTATION_LAYER_ASSIGNMENT (  '', '', ( #10518 ) ) ;
#3883 = CARTESIAN_POINT ( 'NONE',  ( -0.8331828151851505826, -3.333839728858221996, 0.9810000000000000941 ) ) ;
#3884 = EDGE_CURVE ( 'NONE', #11085, #8408, #7214, .T. ) ;
#3885 = ORIENTED_EDGE ( 'NONE', *, *, #1555, .F. ) ;
#3886 = VECTOR ( 'NONE', #6078, 1000.000000000000000 ) ;
#3887 = UNCERTAINTY_MEASURE_WITH_UNIT (LENGTH_MEASURE( 1.000000000000000082E-05 ), #10550, 'distance_accuracy_value', 'NONE');
#3888 = FILL_AREA_STYLE ('',( #4009 ) ) ;
#3889 =( NAMED_UNIT ( * ) SI_UNIT ( $, .STERADIAN. ) SOLID_ANGLE_UNIT ( ) );
#3890 = PLANE ( 'NONE',  #11378 ) ;
#3891 = CARTESIAN_POINT ( 'NONE',  ( -0.8007943560920566251, -3.181827121492629473, 0.9810000000000000941 ) ) ;
#3892 = EDGE_CURVE ( 'NONE', #179, #5078, #7797, .T. ) ;
#3893 = ADVANCED_FACE ( 'NONE', ( #8926 ), #494, .F. ) ;
#3894 = AXIS2_PLACEMENT_3D ( 'NONE', #5051, #11561, #5903 ) ;
#3895 = LINE ( 'NONE', #4579, #4469 ) ;
#3896 = VERTEX_POINT ( 'NONE', #3182 ) ;
#3897 = ORIENTED_EDGE ( 'NONE', *, *, #8953, .F. ) ;
#3898 =( NAMED_UNIT ( * ) SI_UNIT ( $, .STERADIAN. ) SOLID_ANGLE_UNIT ( ) );
#3899 = CARTESIAN_POINT ( 'NONE',  ( -0.6861610458177462846, -3.007771646301291568, 0.9810000000000000941 ) ) ;
#3900 = PRESENTATION_LAYER_ASSIGNMENT (  '', '', ( #2964 ) ) ;
#3901 = EDGE_LOOP ( 'NONE', ( #5001, #3320, #7324, #1361 ) ) ;
#3902 = SURFACE_STYLE_FILL_AREA ( #8490 ) ;
#3903 = CARTESIAN_POINT ( 'NONE',  ( -0.7264516650755532545, -3.376989682386107194, 0.9810000000000000941 ) ) ;
#3904 = CARTESIAN_POINT ( 'NONE',  ( -1.142510795289743974, -3.127031879302790252, 0.9799999999999999822 ) ) ;
#3905 =( NAMED_UNIT ( * ) PLANE_ANGLE_UNIT ( ) SI_UNIT ( $, .RADIAN. ) );
#3906 = CARTESIAN_POINT ( 'NONE',  ( 7.500000000000000000, -3.799999999999999822, 0.0000000000000000000 ) ) ;
#3907 = ORIENTED_EDGE ( 'NONE', *, *, #5607, .T. ) ;
#3908 = STYLED_ITEM ( 'NONE', ( #584 ), #6271 ) ;
#3909 =( LENGTH_UNIT ( ) NAMED_UNIT ( * ) SI_UNIT ( .MILLI., .METRE. ) );
#3910 = DIRECTION ( 'NONE',  ( 0.0000000000000000000, -0.0000000000000000000, 1.000000000000000000 ) ) ;
#3911 = DIRECTION ( 'NONE',  ( -0.0000000000000000000, -0.0000000000000000000, -1.000000000000000000 ) ) ;
#3912 = EDGE_CURVE ( 'NONE', #8710, #2493, #11696, .T. ) ;
#3913 = CARTESIAN_POINT ( 'NONE',  ( -0.7855619026180425957, -3.293393145913836140, 0.9810000000000000941 ) ) ;
#3914 = CARTESIAN_POINT ( 'NONE',  ( -0.1977347646271890025, -3.251802829261419170, 0.9810000000000000941 ) ) ;
#3915 = EDGE_LOOP ( 'NONE', ( #4971, #7336, #449, #5334 ) ) ;
#3916 = FILL_AREA_STYLE_COLOUR ( '', #7459 ) ;
#3917 = PRESENTATION_LAYER_ASSIGNMENT (  '', '', ( #1369 ) ) ;
#3918 = CARTESIAN_POINT ( 'NONE',  ( -0.8032897750911421886, -3.202518304027323737, 0.9799999999999999822 ) ) ;
#3919 = DIRECTION ( 'NONE',  ( -0.0000000000000000000, -0.0000000000000000000, -1.000000000000000000 ) ) ;
#3920 = B_SPLINE_CURVE_WITH_KNOTS ( 'NONE', 3,
 ( #9018, #471, #1483, #522 ),
 .UNSPECIFIED., .F., .F.,
 ( 4, 4 ),
 ( 11.00000000000000000, 12.00000000000000000 ),
 .UNSPECIFIED. ) ;
#3921 = ORIENTED_EDGE ( 'NONE', *, *, #5254, .F. ) ;
#3922 = PRESENTATION_STYLE_ASSIGNMENT (( #4826 ) ) ;
#3923 = STYLED_ITEM ( 'NONE', ( #6027 ), #2220 ) ;
#3924 = DIRECTION ( 'NONE',  ( 0.0000000000000000000, 0.0000000000000000000, -1.000000000000000000 ) ) ;
#3925 = ORIENTED_EDGE ( 'NONE', *, *, #10465, .T. ) ;
#3926 = FILL_AREA_STYLE_COLOUR ( '', #997 ) ;
#3927 = CARTESIAN_POINT ( 'NONE',  ( -1.116256907902850815, -3.215515277981726872, 0.9810000000000000941 ) ) ;
#3928 = CARTESIAN_POINT ( 'NONE',  ( -0.4186833218450503602, -2.830388945777369880, 0.9810000000000000941 ) ) ;
#3929 = SURFACE_SIDE_STYLE ('',( #8576 ) ) ;
#3930 = EDGE_LOOP ( 'NONE', ( #12060, #9046, #3337, #9036 ) ) ;
#3931 = CARTESIAN_POINT ( 'NONE',  ( -0.7176657106822849075, -3.185154346825209704, 0.9810000000000000941 ) ) ;
#3932 = DIRECTION ( 'NONE',  ( -0.0000000000000000000, -1.000000000000000000, -0.0000000000000000000 ) ) ;
#3933 = SURFACE_SIDE_STYLE ('',( #103 ) ) ;
#3934 = CARTESIAN_POINT ( 'NONE',  ( -0.8575131504269682958, -3.325313713944427985, 0.9810000000000000941 ) ) ;
#3935 = SURFACE_SIDE_STYLE ('',( #2798 ) ) ;
#3936 = ORIENTED_EDGE ( 'NONE', *, *, #1557, .F. ) ;
#3937 = ORIENTED_EDGE ( 'NONE', *, *, #6119, .F. ) ;
#3938 =( GEOMETRIC_REPRESENTATION_CONTEXT ( 3 ) GLOBAL_UNCERTAINTY_ASSIGNED_CONTEXT ( ( #6197 ) ) GLOBAL_UNIT_ASSIGNED_CONTEXT ( ( #8885, #5080, #9799 ) ) REPRESENTATION_CONTEXT ( 'NONE', 'WORKASPACE' ) );
#3939 = EDGE_CURVE ( 'NONE', #2449, #7750, #2254, .T. ) ;
#3940 = CARTESIAN_POINT ( 'NONE',  ( -1.523078415797519458, -3.017334699289550226, 0.9810000000000000941 ) ) ;
#3941 = CARTESIAN_POINT ( 'NONE',  ( -0.3760532472761146106, -2.952144597777958790, 0.9810000000000000941 ) ) ;
#3942 = MECHANICAL_DESIGN_GEOMETRIC_PRESENTATION_REPRESENTATION (  '', ( #11621 ), #5336 ) ;
#3943 = PRESENTATION_LAYER_ASSIGNMENT (  '', '', ( #633 ) ) ;
#3944 = CARTESIAN_POINT ( 'NONE',  ( -0.8746691560460573278, -2.809281860076622728, 0.9800000000000002043 ) ) ;
#3945 = CARTESIAN_POINT ( 'NONE',  ( -0.3157992760262828269, -3.169557978080211225, 0.9810000000000000941 ) ) ;
#3946 = EDGE_CURVE ( 'NONE', #3169, #9485, #7025, .T. ) ;
#3947 = LINE ( 'NONE', #1195, #1916 ) ;
#3948 = EDGE_CURVE ( 'NONE', #1352, #4450, #426, .T. ) ;
#3949 = FACE_OUTER_BOUND ( 'NONE', #10212, .T. ) ;
#3950 =( GEOMETRIC_REPRESENTATION_CONTEXT ( 3 ) GLOBAL_UNCERTAINTY_ASSIGNED_CONTEXT ( ( #6323 ) ) GLOBAL_UNIT_ASSIGNED_CONTEXT ( ( #8975, #8806, #544 ) ) REPRESENTATION_CONTEXT ( 'NONE', 'WORKASPACE' ) );
#3951 = LINE ( 'NONE', #11438, #8364 ) ;
#3952 = VECTOR ( 'NONE', #872, 1000.000000000000000 ) ;
#3953 = PRESENTATION_LAYER_ASSIGNMENT (  '', '', ( #5712 ) ) ;
#3954 = ORIENTED_EDGE ( 'NONE', *, *, #5977, .T. ) ;
#3955 = EDGE_CURVE ( 'NONE', #1305, #11788, #5184, .T. ) ;
#3956 =( GEOMETRIC_REPRESENTATION_CONTEXT ( 3 ) GLOBAL_UNCERTAINTY_ASSIGNED_CONTEXT ( ( #8746 ) ) GLOBAL_UNIT_ASSIGNED_CONTEXT ( ( #2271, #7926, #10786 ) ) REPRESENTATION_CONTEXT ( 'NONE', 'WORKASPACE' ) );
#3957 = ORIENTED_EDGE ( 'NONE', *, *, #12049, .F. ) ;
#3958 = CARTESIAN_POINT ( 'NONE',  ( -0.9605531599343878346, -3.244108620679739818, 0.9810000000000000941 ) ) ;
#3959 = CARTESIAN_POINT ( 'NONE',  ( -0.7679380059364522282, -3.266879319047467867, 0.9799999999999999822 ) ) ;
#3961 = VECTOR ( 'NONE', #9910, 1000.000000000000000 ) ;
#3960 = CARTESIAN_POINT ( 'NONE',  ( -0.9445408880226360271, -3.181827121492629473, 0.9810000000000000941 ) ) ;
#3962 = FACE_OUTER_BOUND ( 'NONE', #10317, .T. ) ;
#3963 = ORIENTED_EDGE ( 'NONE', *, *, #9714, .T. ) ;
#3964 = SURFACE_STYLE_USAGE ( .BOTH. , #7684 ) ;
#3965 = SURFACE_SIDE_STYLE ('',( #6790 ) ) ;
#3966 = FACE_OUTER_BOUND ( 'NONE', #768, .T. ) ;
#3967 =( LENGTH_UNIT ( ) NAMED_UNIT ( * ) SI_UNIT ( .MILLI., .METRE. ) );
#3968 = PRESENTATION_LAYER_ASSIGNMENT (  '', '', ( #9655 ) ) ;
#3969 = MECHANICAL_DESIGN_GEOMETRIC_PRESENTATION_REPRESENTATION (  '', ( #6904 ), #9458 ) ;
#3970 = STYLED_ITEM ( 'NONE', ( #11305 ), #1500 ) ;
#3971 = CARTESIAN_POINT ( 'NONE',  ( -1.919278895018924569, -3.339789882455566961, 0.9810000000000000941 ) ) ;
#3972 = UNCERTAINTY_MEASURE_WITH_UNIT (LENGTH_MEASURE( 1.000000000000000082E-05 ), #3556, 'distance_accuracy_value', 'NONE');
#3973 = VERTEX_POINT ( 'NONE', #9851 ) ;
#3974 =( NAMED_UNIT ( * ) SI_UNIT ( $, .STERADIAN. ) SOLID_ANGLE_UNIT ( ) );
#3975 = PRESENTATION_LAYER_ASSIGNMENT (  '', '', ( #1817 ) ) ;
#3976 = EDGE_CURVE ( 'NONE', #7507, #1760, #717, .T. ) ;
#3977 = B_SPLINE_SURFACE_WITH_KNOTS ( 'NONE', 3, 1, ( 
 ( #6393, #9094 ),
 ( #11926, #10011 ),
 ( #6467, #777 ),
 ( #9288, #8272 ) ),
 .UNSPECIFIED., .F., .F., .F.,
 ( 4, 4 ),
 ( 2, 2 ),
 ( 2.000000000000000000, 3.000000000000000000 ),
 ( 0.0000000000000000000, 1.000000000000000000 ),
 .UNSPECIFIED. ) ;
#3978 = VECTOR ( 'NONE', #2591, 1000.000000000000000 ) ;
#3979 = MECHANICAL_DESIGN_GEOMETRIC_PRESENTATION_REPRESENTATION (  '', ( #1621 ), #1992 ) ;
#3980 = SURFACE_SIDE_STYLE ('',( #245 ) ) ;
#3981 = CARTESIAN_POINT ( 'NONE',  ( -1.468130859187484649, -2.895871782478157019, 0.9800000000000002043 ) ) ;
#3982 = CARTESIAN_POINT ( 'NONE',  ( -0.7622713252927442174, -3.273325818128220988, 0.9810000000000000941 ) ) ;
#3983 = PRESENTATION_STYLE_ASSIGNMENT (( #11339 ) ) ;
#3984 = B_SPLINE_CURVE_WITH_KNOTS ( 'NONE', 3,
 ( #8174, #4539, #9133, #4356 ),
 .UNSPECIFIED., .F., .F.,
 ( 4, 4 ),
 ( 5.000000000000000000, 6.000000000000000000 ),
 .UNSPECIFIED. ) ;
#3985 = ORIENTED_EDGE ( 'NONE', *, *, #3948, .T. ) ;
#3986 =( NAMED_UNIT ( * ) PLANE_ANGLE_UNIT ( ) SI_UNIT ( $, .RADIAN. ) );
#3987 = LINE ( 'NONE', #9743, #9667 ) ;
#3988 = CARTESIAN_POINT ( 'NONE',  ( -1.773234185274330743, -3.281950285312991156, 0.9799999999999999822 ) ) ;
#3989 = CARTESIAN_POINT ( 'NONE',  ( -0.8115038626296986468, -3.202518304027323737, 0.9800000000000002043 ) ) ;
#3990 = CARTESIAN_POINT ( 'NONE',  ( -3.623086578651015355, -3.799999999999999822, 0.4800000000000008149 ) ) ;
#3991 = CARTESIAN_POINT ( 'NONE',  ( -0.4037627957462677220, -2.804394997869956274, 0.9799999999999999822 ) ) ;
#3992 = COLOUR_RGB ( '',0.0000000000000000000, 0.0000000000000000000, 0.0000000000000000000 ) ;
#3993 = ORIENTED_EDGE ( 'NONE', *, *, #11825, .T. ) ;
#3994 =( NAMED_UNIT ( * ) PLANE_ANGLE_UNIT ( ) SI_UNIT ( $, .RADIAN. ) );
#3995 = CARTESIAN_POINT ( 'NONE',  ( -1.773234185274330743, -3.277612334832853858, 0.9810000000000000941 ) ) ;
#3996 = VERTEX_POINT ( 'NONE', #6350 ) ;
#3997 = CARTESIAN_POINT ( 'NONE',  ( -0.7409043001118279514, -3.396745082795791237, 0.9810000000000000941 ) ) ;
#3998 = FACE_OUTER_BOUND ( 'NONE', #10763, .T. ) ;
#3999 = AXIS2_PLACEMENT_3D ( 'NONE', #4901, #3076, #11416 ) ;
#4000 =( NAMED_UNIT ( * ) SI_UNIT ( $, .STERADIAN. ) SOLID_ANGLE_UNIT ( ) );
#4001 = ORIENTED_EDGE ( 'NONE', *, *, #5586, .F. ) ;
#4002 = SURFACE_SIDE_STYLE ('',( #9703 ) ) ;
#4003 =( GEOMETRIC_REPRESENTATION_CONTEXT ( 3 ) GLOBAL_UNCERTAINTY_ASSIGNED_CONTEXT ( ( #6715 ) ) GLOBAL_UNIT_ASSIGNED_CONTEXT ( ( #2770, #1592, #5571 ) ) REPRESENTATION_CONTEXT ( 'NONE', 'WORKASPACE' ) );
#4004 = ORIENTED_EDGE ( 'NONE', *, *, #7533, .F. ) ;
#4005 = ORIENTED_EDGE ( 'NONE', *, *, #8671, .T. ) ;
#4006 = B_SPLINE_SURFACE_WITH_KNOTS ( 'NONE', 3, 1, ( 
 ( #5257, #5484 ),
 ( #12059, #5359 ),
 ( #6345, #10148 ),
 ( #4443, #10020 ) ),
 .UNSPECIFIED., .F., .F., .F.,
 ( 4, 4 ),
 ( 2, 2 ),
 ( 16.00000000000000000, 17.00000000000000000 ),
 ( 0.0000000000000000000, 1.000000000000000000 ),
 .UNSPECIFIED. ) ;
#4007 = UNCERTAINTY_MEASURE_WITH_UNIT (LENGTH_MEASURE( 1.000000000000000082E-05 ), #8911, 'distance_accuracy_value', 'NONE');
#4008 = CARTESIAN_POINT ( 'NONE',  ( -0.5512524561754880148, -2.979282279394789512, 0.9799999999999999822 ) ) ;
#4009 = FILL_AREA_STYLE_COLOUR ( '', #11514 ) ;
#4010 = CARTESIAN_POINT ( 'NONE',  ( -2.140514893504466887, -3.157595383127700384, 0.9799999999999999822 ) ) ;
#4011 = B_SPLINE_CURVE_WITH_KNOTS ( 'NONE', 3,
 ( #10935, #5480, #4508, #11929 ),
 .UNSPECIFIED., .F., .F.,
 ( 4, 4 ),
 ( 8.000000000000000000, 9.000000000000000000 ),
 .UNSPECIFIED. ) ;
#4012 = CARTESIAN_POINT ( 'NONE',  ( -0.5704879776276085002, -2.846921096647376803, 0.9800000000000002043 ) ) ;
#4013 = CARTESIAN_POINT ( 'NONE',  ( -1.621405532364044610, -2.836586302968011619, 0.9810000000000000941 ) ) ;
#4014 = CARTESIAN_POINT ( 'NONE',  ( -0.9469323312302121431, -3.202518304027323737, 0.9810000000000000941 ) ) ;
#4015 = VERTEX_POINT ( 'NONE', #4273 ) ;
#4016 = EDGE_CURVE ( 'NONE', #6906, #8438, #2433, .T. ) ;
#4017 = VECTOR ( 'NONE', #6648, 1000.000000000000000 ) ;
#4018 = VERTEX_POINT ( 'NONE', #4389 ) ;
#4019 = EDGE_CURVE ( 'NONE', #2432, #8646, #4860, .T. ) ;
#4020 = CARTESIAN_POINT ( 'NONE',  ( -0.5530200446325974628, -3.215515277981727760, 0.9799999999999999822 ) ) ;
#4021 = DIRECTION ( 'NONE',  ( 0.0000000000000000000, -0.0000000000000000000, 1.000000000000000000 ) ) ;
#4022 = SURFACE_SIDE_STYLE ('',( #353 ) ) ;
#4023 =( NAMED_UNIT ( * ) SI_UNIT ( $, .STERADIAN. ) SOLID_ANGLE_UNIT ( ) );
#4024 = CARTESIAN_POINT ( 'NONE',  ( -0.7363813531761502773, -3.398096768086847685, 0.9800000000000002043 ) ) ;
#4025 =( NAMED_UNIT ( * ) PLANE_ANGLE_UNIT ( ) SI_UNIT ( $, .RADIAN. ) );
#4026 = VERTEX_POINT ( 'NONE', #4448 ) ;
#4027 = CARTESIAN_POINT ( 'NONE',  ( -0.5205795976444335116, -2.873330947722228856, 0.9799999999999999822 ) ) ;
#4028 = SURFACE_STYLE_FILL_AREA ( #303 ) ;
#4029 = FILL_AREA_STYLE_COLOUR ( '', #4064 ) ;
#4030 =( LENGTH_UNIT ( ) NAMED_UNIT ( * ) SI_UNIT ( .MILLI., .METRE. ) );
#4031 = EDGE_LOOP ( 'NONE', ( #9679, #8079, #2561, #4132 ) ) ;
#4032 = FILL_AREA_STYLE ('',( #2317 ) ) ;
#4033 = EDGE_CURVE ( 'NONE', #629, #10480, #4332, .T. ) ;
#4034 = PRESENTATION_STYLE_ASSIGNMENT (( #188 ) ) ;
#4035 = LINE ( 'NONE', #7799, #8618 ) ;
#4036 = CARTESIAN_POINT ( 'NONE',  ( -0.8007943560920566251, -3.248059700762786939, 0.9810000000000000941 ) ) ;
#4037 = LINE ( 'NONE', #7520, #1966 ) ;
#4038 = SURFACE_STYLE_USAGE ( .BOTH. , #4952 ) ;
#4039 = ORIENTED_EDGE ( 'NONE', *, *, #10539, .T. ) ;
#4040 = CARTESIAN_POINT ( 'NONE',  ( -0.5092982242513865998, -3.007771646301291568, 0.9810000000000000941 ) ) ;
#4041 = CARTESIAN_POINT ( 'NONE',  ( -1.573688021927421188, -3.241462710728314267, 0.9799999999999999822 ) ) ;
#4042 = CARTESIAN_POINT ( 'NONE',  ( -0.6728001565930521455, -3.294536879621864589, 0.9799999999999999822 ) ) ;
#4043 = ADVANCED_FACE ( 'NONE', ( #5262 ), #11755, .F. ) ;
#4044 = FILL_AREA_STYLE ('',( #5014 ) ) ;
#4045 = EDGE_CURVE ( 'NONE', #9329, #3896, #8216, .T. ) ;
#4046 = FACE_OUTER_BOUND ( 'NONE', #10489, .T. ) ;
#4047 = EDGE_LOOP ( 'NONE', ( #1684, #1655, #3066, #8659 ) ) ;
#4048 = VECTOR ( 'NONE', #12022, 1000.000000000000000 ) ;
#4049 = CARTESIAN_POINT ( 'NONE',  ( -0.9228619354678770925, -2.800963796745862489, 0.9799999999999999822 ) ) ;
#4050 = SURFACE_STYLE_USAGE ( .BOTH. , #2149 ) ;
#4051 = ORIENTED_EDGE ( 'NONE', *, *, #2305, .T. ) ;
#4052 = PRESENTATION_LAYER_ASSIGNMENT (  '', '', ( #6599 ) ) ;
#4053 = CARTESIAN_POINT ( 'NONE',  ( -1.981456359901579756, -3.426549002369938535, 0.9810000000000000941 ) ) ;
#4054 = DIRECTION ( 'NONE',  ( -0.0000000000000000000, -0.0000000000000000000, -1.000000000000000000 ) ) ;
#4055 = ADVANCED_FACE ( 'NONE', ( #6221 ), #3476, .T. ) ;
#4056 = CARTESIAN_POINT ( 'NONE',  ( -1.033128262493087535, -3.330408527734124657, 0.9800000000000002043 ) ) ;
#4057 = LINE ( 'NONE', #3928, #2815 ) ;
#4058 = SURFACE_STYLE_FILL_AREA ( #7650 ) ;
#4059 =( LENGTH_UNIT ( ) NAMED_UNIT ( * ) SI_UNIT ( .MILLI., .METRE. ) );
#4060 = ORIENTED_EDGE ( 'NONE', *, *, #5379, .T. ) ;
#4061 = SURFACE_STYLE_USAGE ( .BOTH. , #3876 ) ;
#4062 = PRESENTATION_STYLE_ASSIGNMENT (( #9701 ) ) ;
#4063 = DIRECTION ( 'NONE',  ( 0.0000000000000000000, 0.0000000000000000000, -1.000000000000000000 ) ) ;
#4064 = COLOUR_RGB ( '',0.0000000000000000000, 0.0000000000000000000, 0.0000000000000000000 ) ;
#4065 = CARTESIAN_POINT ( 'NONE',  ( -0.9284246403200677733, -3.301087354494127712, 0.9800000000000002043 ) ) ;
#4066 = COLOUR_RGB ( '',0.0000000000000000000, 0.0000000000000000000, 0.0000000000000000000 ) ;
#4067 = B_SPLINE_CURVE_WITH_KNOTS ( 'NONE', 3,
 ( #1065, #8521, #4790, #10436 ),
 .UNSPECIFIED., .F., .F.,
 ( 4, 4 ),
 ( 4.000000000000000000, 5.000000000000000000 ),
 .UNSPECIFIED. ) ;
#4068 = ORIENTED_EDGE ( 'NONE', *, *, #3682, .T. ) ;
#4069 = ORIENTED_EDGE ( 'NONE', *, *, #8735, .F. ) ;
#4070 = DIRECTION ( 'NONE',  ( -1.000000000000000000, -0.0000000000000000000, -0.0000000000000000000 ) ) ;
#4071 = VECTOR ( 'NONE', #6216, 1000.000000000000000 ) ;
#4072 =( GEOMETRIC_REPRESENTATION_CONTEXT ( 3 ) GLOBAL_UNCERTAINTY_ASSIGNED_CONTEXT ( ( #12076 ) ) GLOBAL_UNIT_ASSIGNED_CONTEXT ( ( #9940, #9998, #3454 ) ) REPRESENTATION_CONTEXT ( 'NONE', 'WORKASPACE' ) );
#4073 = CARTESIAN_POINT ( 'NONE',  ( -1.968442425721822264, -2.953711186560602719, 0.9810000000000000941 ) ) ;
#4074 = AXIS2_PLACEMENT_3D ( 'NONE', #3627, #2707, #2576 ) ;
#4075 = CARTESIAN_POINT ( 'NONE',  ( -1.008745939355516041, -3.264383900048381193, 0.9810000000000000941 ) ) ;
#4076 =( NAMED_UNIT ( * ) PLANE_ANGLE_UNIT ( ) SI_UNIT ( $, .RADIAN. ) );
#4077 = CARTESIAN_POINT ( 'NONE',  ( -0.4148882054506555783, -2.844633629231312355, 0.9810000000000000941 ) ) ;
#4078 = PRESENTATION_LAYER_ASSIGNMENT (  '', '', ( #7209 ) ) ;
#4079 = VERTEX_POINT ( 'NONE', #8282 ) ;
#4080 = ORIENTED_EDGE ( 'NONE', *, *, #1719, .F. ) ;
#4081 = FILL_AREA_STYLE_COLOUR ( '', #646 ) ;
#4082 = SURFACE_STYLE_USAGE ( .BOTH. , #4022 ) ;
#4083 = CARTESIAN_POINT ( 'NONE',  ( -1.142510795289743974, -3.330408527734124657, 0.9810000000000000941 ) ) ;
#4084 = EDGE_LOOP ( 'NONE', ( #7630, #10008, #5187, #5820 ) ) ;
#4085 = DIRECTION ( 'NONE',  ( 0.0000000000000000000, 0.0000000000000000000, 1.000000000000000000 ) ) ;
#4086 = COLOUR_RGB ( '',0.6470588235294117974, 0.6196078431372549211, 0.5882352941176470784 ) ;
#4087 =( NAMED_UNIT ( * ) SI_UNIT ( $, .STERADIAN. ) SOLID_ANGLE_UNIT ( ) );
#4088 = UNCERTAINTY_MEASURE_WITH_UNIT (LENGTH_MEASURE( 1.000000000000000082E-05 ), #10717, 'distance_accuracy_value', 'NONE');
#4089 = VERTEX_POINT ( 'NONE', #3777 ) ;
#4090 = LINE ( 'NONE', #11512, #6022 ) ;
#4091 = MECHANICAL_DESIGN_GEOMETRIC_PRESENTATION_REPRESENTATION (  '', ( #3518 ), #10939 ) ;
#4092 = VECTOR ( 'NONE', #2683, 1000.000000000000000 ) ;
#4093 = DIRECTION ( 'NONE',  ( -0.0000000000000000000, 0.0000000000000000000, 1.000000000000000000 ) ) ;
#4094 = UNCERTAINTY_MEASURE_WITH_UNIT (LENGTH_MEASURE( 1.000000000000000082E-05 ), #5404, 'distance_accuracy_value', 'NONE');
#4095 = PLANE ( 'NONE',  #1000 ) ;
#4096 = CARTESIAN_POINT ( 'NONE',  ( -0.5792739320201751863, -3.127031879302791140, 0.9810000000000000941 ) ) ;
#4097 = DIRECTION ( 'NONE',  ( -1.000000000000000000, 0.0000000000000000000, 0.0000000000000000000 ) ) ;
#4098 = EDGE_CURVE ( 'NONE', #11618, #1946, #8479, .T. ) ;
#4099 = CARTESIAN_POINT ( 'NONE',  ( 3.071543289325506798, 3.799999999999999822, 0.2284567106744905263 ) ) ;
#4100 =( LENGTH_UNIT ( ) NAMED_UNIT ( * ) SI_UNIT ( .MILLI., .METRE. ) );
#4101 = ORIENTED_EDGE ( 'NONE', *, *, #6875, .T. ) ;
#4102 =( LENGTH_UNIT ( ) NAMED_UNIT ( * ) SI_UNIT ( .MILLI., .METRE. ) );
#4103 = DIRECTION ( 'NONE',  ( -0.0000000000000000000, -0.0000000000000000000, -1.000000000000000000 ) ) ;
#4104 = FILL_AREA_STYLE ('',( #9801 ) ) ;
#4105 = LINE ( 'NONE', #8886, #6416 ) ;
#4106 = PRESENTATION_LAYER_ASSIGNMENT (  '', '', ( #9396 ) ) ;
#4107 = EDGE_CURVE ( 'NONE', #9653, #4026, #3895, .T. ) ;
#4108 = EDGE_CURVE ( 'NONE', #10667, #4330, #9357, .T. ) ;
#4109 = ORIENTED_EDGE ( 'NONE', *, *, #11375, .F. ) ;
#4110 = FILL_AREA_STYLE ('',( #2145 ) ) ;
#4111 = LINE ( 'NONE', #383, #942 ) ;
#4112 = SURFACE_SIDE_STYLE ('',( #6871 ) ) ;
#4113 = ORIENTED_EDGE ( 'NONE', *, *, #2936, .F. ) ;
#4114 = ADVANCED_FACE ( 'NONE', ( #8342 ), #2907, .F. ) ;
#4115 = CARTESIAN_POINT ( 'NONE',  ( -0.2546095226514470955, -3.330408527734124657, 0.9810000000000000941 ) ) ;
#4116 = CARTESIAN_POINT ( 'NONE',  ( -0.9309720472149166648, -3.011202847425386686, 0.9810000000000000941 ) ) ;
#4117 = EDGE_CURVE ( 'NONE', #3561, #4706, #6727, .T. ) ;
#4118 = DIRECTION ( 'NONE',  ( 0.0000000000000000000, 1.000000000000000000, -0.0000000000000000000 ) ) ;
#4119 = PRESENTATION_LAYER_ASSIGNMENT (  '', '', ( #9403 ) ) ;
#4120 = MECHANICAL_DESIGN_GEOMETRIC_PRESENTATION_REPRESENTATION (  '', ( #11163 ), #6852 ) ;
#4121 = FACE_OUTER_BOUND ( 'NONE', #11349, .T. ) ;
#4122 = SURFACE_SIDE_STYLE ('',( #8060 ) ) ;
#4123 = COLOUR_RGB ( '',0.0000000000000000000, 0.0000000000000000000, 0.0000000000000000000 ) ;
#4124 = ORIENTED_EDGE ( 'NONE', *, *, #9575, .T. ) ;
#4125 = CARTESIAN_POINT ( 'NONE',  ( -1.037755185220968768, -3.150426432419600076, 0.9810000000000000941 ) ) ;
#4126 = DIRECTION ( 'NONE',  ( 0.0000000000000000000, 1.000000000000000000, -0.0000000000000000000 ) ) ;
#4127 = B_SPLINE_CURVE_WITH_KNOTS ( 'NONE', 3,
 ( #4819, #7518, #246, #7694 ),
 .UNSPECIFIED., .F., .F.,
 ( 4, 4 ),
 ( 26.00000000000000000, 27.00000000000000000 ),
 .UNSPECIFIED. ) ;
#4128 = LINE ( 'NONE', #8718, #6463 ) ;
#4129 = LINE ( 'NONE', #2661, #3389 ) ;
#4130 = VECTOR ( 'NONE', #2217, 1000.000000000000000 ) ;
#4131 = MECHANICAL_DESIGN_GEOMETRIC_PRESENTATION_REPRESENTATION (  '', ( #4705 ), #10766 ) ;
#4132 = ORIENTED_EDGE ( 'NONE', *, *, #7236, .T. ) ;
#4133 = ORIENTED_EDGE ( 'NONE', *, *, #8826, .T. ) ;
#4134 = EDGE_CURVE ( 'NONE', #1296, #10640, #507, .T. ) ;
#4135 = VECTOR ( 'NONE', #10399, 1000.000000000000000 ) ;
#4136 = PRESENTATION_LAYER_ASSIGNMENT (  '', '', ( #5689 ) ) ;
#4137 = FILL_AREA_STYLE ('',( #9069 ) ) ;
#4138 = ADVANCED_FACE ( 'NONE', ( #9232 ), #11313, .T. ) ;
#4139 = VECTOR ( 'NONE', #477, 1000.000000000000000 ) ;
#4140 = CARTESIAN_POINT ( 'NONE',  ( -0.3152274091715781545, -3.286010864708079460, 0.9800000000000002043 ) ) ;
#4141 = ORIENTED_EDGE ( 'NONE', *, *, #7680, .F. ) ;
#4142 = ORIENTED_EDGE ( 'NONE', *, *, #9581, .T. ) ;
#4143 = CARTESIAN_POINT ( 'NONE',  ( -0.6045400493869972358, -2.984585044767507966, 0.9810000000000000941 ) ) ;
#4144 = CARTESIAN_POINT ( 'NONE',  ( -0.3157992760262828269, -3.169557978080211225, 0.9810000000000000941 ) ) ;
#4145 = SURFACE_SIDE_STYLE ('',( #8802 ) ) ;
#4146 = CARTESIAN_POINT ( 'NONE',  ( -1.008745939355516041, -3.304518555618224163, 0.9799999999999999822 ) ) ;
#4147 = VERTEX_POINT ( 'NONE', #4204 ) ;
#4148 = CARTESIAN_POINT ( 'NONE',  ( -0.7845741325972768188, -3.254090296677486727, 0.9799999999999999822 ) ) ;
#4149 =( LENGTH_UNIT ( ) NAMED_UNIT ( * ) SI_UNIT ( .MILLI., .METRE. ) );
#4150 = CARTESIAN_POINT ( 'NONE',  ( -1.964104475242384407, -2.869844010648710864, 0.9799999999999999822 ) ) ;
#4151 =( NAMED_UNIT ( * ) PLANE_ANGLE_UNIT ( ) SI_UNIT ( $, .RADIAN. ) );
#4152 = B_SPLINE_SURFACE_WITH_KNOTS ( 'NONE', 3, 1, ( 
 ( #1342, #5990 ),
 ( #4170, #3252 ),
 ( #6118, #10782 ),
 ( #9865, #6402 ) ),
 .UNSPECIFIED., .F., .F., .F.,
 ( 4, 4 ),
 ( 2, 2 ),
 ( 0.0000000000000000000, 1.000000000000000000 ),
 ( 0.0000000000000000000, 1.000000000000000000 ),
 .UNSPECIFIED. ) ;
#4153 =( GEOMETRIC_REPRESENTATION_CONTEXT ( 3 ) GLOBAL_UNCERTAINTY_ASSIGNED_CONTEXT ( ( #4503 ) ) GLOBAL_UNIT_ASSIGNED_CONTEXT ( ( #2960, #10301, #3694 ) ) REPRESENTATION_CONTEXT ( 'NONE', 'WORKASPACE' ) );
#4154 = ORIENTED_EDGE ( 'NONE', *, *, #2443, .T. ) ;
#4155 = MECHANICAL_DESIGN_GEOMETRIC_PRESENTATION_REPRESENTATION (  '', ( #7472 ), #1614 ) ;
#4156 = LINE ( 'NONE', #9787, #566 ) ;
#4157 = MECHANICAL_DESIGN_GEOMETRIC_PRESENTATION_REPRESENTATION (  '', ( #453 ), #1984 ) ;
#4158 = LINE ( 'NONE', #11644, #6895 ) ;
#4159 = CARTESIAN_POINT ( 'NONE',  ( -0.7245801008262332532, -3.007771646301291568, 0.9810000000000000941 ) ) ;
#4160 =( GEOMETRIC_REPRESENTATION_CONTEXT ( 3 ) GLOBAL_UNCERTAINTY_ASSIGNED_CONTEXT ( ( #3751 ) ) GLOBAL_UNIT_ASSIGNED_CONTEXT ( ( #4362, #10978, #2594 ) ) REPRESENTATION_CONTEXT ( 'NONE', 'WORKASPACE' ) );
#4161 = CARTESIAN_POINT ( 'NONE',  ( -1.997362169133766852, -2.866952039066210212, 0.9799999999999999822 ) ) ;
#4162 = PRESENTATION_LAYER_ASSIGNMENT (  '', '', ( #3970 ) ) ;
#4163 = VERTEX_POINT ( 'NONE', #10568 ) ;
#4164 = SURFACE_STYLE_USAGE ( .BOTH. , #6173 ) ;
#4165 = UNCERTAINTY_MEASURE_WITH_UNIT (LENGTH_MEASURE( 1.000000000000000082E-05 ), #4799, 'distance_accuracy_value', 'NONE');
#4166 = SURFACE_STYLE_FILL_AREA ( #1402 ) ;
#4167 =( NAMED_UNIT ( * ) SI_UNIT ( $, .STERADIAN. ) SOLID_ANGLE_UNIT ( ) );
#4168 = B_SPLINE_CURVE_WITH_KNOTS ( 'NONE', 3,
 ( #7906, #11688, #3288, #7018 ),
 .UNSPECIFIED., .F., .F.,
 ( 4, 4 ),
 ( 12.00000000000000000, 13.00000000000000000 ),
 .UNSPECIFIED. ) ;
#4169 =( LENGTH_UNIT ( ) NAMED_UNIT ( * ) SI_UNIT ( .MILLI., .METRE. ) );
#4170 = CARTESIAN_POINT ( 'NONE',  ( -0.8305834203945547944, -3.313044570532008848, 0.9810000000000000941 ) ) ;
#4171 = VERTEX_POINT ( 'NONE', #3099 ) ;
#4172 = LINE ( 'NONE', #4961, #97 ) ;
#4173 = EDGE_CURVE ( 'NONE', #362, #6819, #7896, .T. ) ;
#4174 = PRESENTATION_LAYER_ASSIGNMENT (  '', '', ( #3600 ) ) ;
#4175 = CARTESIAN_POINT ( 'NONE',  ( -0.4802889783873196539, -3.215515277981726872, 0.9810000000000000941 ) ) ;
#4176 = EDGE_LOOP ( 'NONE', ( #6233, #4228, #4602, #2315 ) ) ;
#4177 =( NAMED_UNIT ( * ) SI_UNIT ( $, .STERADIAN. ) SOLID_ANGLE_UNIT ( ) );
#4178 = EDGE_CURVE ( 'NONE', #11646, #9218, #7007, .T. ) ;
#4179 = CARTESIAN_POINT ( 'NONE',  ( -0.3744936104020314960, -3.150426432419600076, 0.9810000000000000941 ) ) ;
#4180 = ADVANCED_FACE ( 'NONE', ( #3044 ), #8601, .F. ) ;
#4181 =( GEOMETRIC_REPRESENTATION_CONTEXT ( 3 ) GLOBAL_UNCERTAINTY_ASSIGNED_CONTEXT ( ( #6160 ) ) GLOBAL_UNIT_ASSIGNED_CONTEXT ( ( #2274, #10693, #9068 ) ) REPRESENTATION_CONTEXT ( 'NONE', 'WORKASPACE' ) );
#4182 = CARTESIAN_POINT ( 'NONE',  ( -0.4148882054506555783, -2.844633629231312355, 0.9800000000000002043 ) ) ;
#4183 = FILL_AREA_STYLE ('',( #3209 ) ) ;
#4184 = ORIENTED_EDGE ( 'NONE', *, *, #148, .F. ) ;
#4185 = DIRECTION ( 'NONE',  ( 0.0000000000000000000, 0.0000000000000000000, 1.000000000000000000 ) ) ;
#4186 = VECTOR ( 'NONE', #2914, 1000.000000000000000 ) ;
#4187 = PRESENTATION_STYLE_ASSIGNMENT (( #1477 ) ) ;
#4188 = CARTESIAN_POINT ( 'NONE',  ( -0.8746691560460576609, -2.809281860076623172, 0.9799999999999999822 ) ) ;
#4189 = EDGE_CURVE ( 'NONE', #663, #747, #3951, .T. ) ;
#4190 = DIRECTION ( 'NONE',  ( -0.0000000000000000000, -0.0000000000000000000, -1.000000000000000000 ) ) ;
#4191 = VECTOR ( 'NONE', #6609, 1000.000000000000000 ) ;
#4192 = MECHANICAL_DESIGN_GEOMETRIC_PRESENTATION_REPRESENTATION (  '', ( #7497 ), #6131 ) ;
#4193 = FACE_OUTER_BOUND ( 'NONE', #11295, .T. ) ;
#4194 = ORIENTED_EDGE ( 'NONE', *, *, #2161, .T. ) ;
#4195 = ORIENTED_EDGE ( 'NONE', *, *, #9422, .F. ) ;
#4196 = CARTESIAN_POINT ( 'NONE',  ( -0.9755256739289275281, -3.306390119868237942, 0.9810000000000000941 ) ) ;
#4197 = LINE ( 'NONE', #10862, #3886 ) ;
#4198 = SURFACE_STYLE_FILL_AREA ( #476 ) ;
#4199 = DIRECTION ( 'NONE',  ( -0.0000000000000000000, -0.0000000000000000000, -1.000000000000000000 ) ) ;
#4200 = FILL_AREA_STYLE ('',( #5181 ) ) ;
#4201 = EDGE_CURVE ( 'NONE', #6835, #7246, #8676, .T. ) ;
#4202 =( NAMED_UNIT ( * ) PLANE_ANGLE_UNIT ( ) SI_UNIT ( $, .RADIAN. ) );
#4203 = EDGE_CURVE ( 'NONE', #9531, #2482, #8823, .T. ) ;
#4204 = CARTESIAN_POINT ( 'NONE',  ( -1.116256907902850815, -3.238805855307023585, 0.9799999999999999822 ) ) ;
#4205 = ORIENTED_EDGE ( 'NONE', *, *, #945, .F. ) ;
#4206 = ORIENTED_EDGE ( 'NONE', *, *, #7667, .F. ) ;
#4207 = SURFACE_STYLE_USAGE ( .BOTH. , #10872 ) ;
#4208 =( NAMED_UNIT ( * ) SI_UNIT ( $, .STERADIAN. ) SOLID_ANGLE_UNIT ( ) );
#4209 = FACE_OUTER_BOUND ( 'NONE', #2655, .T. ) ;
#4210 = ORIENTED_EDGE ( 'NONE', *, *, #7129, .T. ) ;
#4211 = FILL_AREA_STYLE ('',( #1147 ) ) ;
#4212 = CARTESIAN_POINT ( 'NONE',  ( -2.675735931288072411, -3.799999999999999822, 0.1999999999999999833 ) ) ;
#4213 = B_SPLINE_SURFACE_WITH_KNOTS ( 'NONE', 3, 1, ( 
 ( #2170, #11625 ),
 ( #10562, #344 ),
 ( #4075, #3163 ),
 ( #10682, #7778 ) ),
 .UNSPECIFIED., .F., .F., .F.,
 ( 4, 4 ),
 ( 2, 2 ),
 ( 9.000000000000000000, 10.00000000000000000 ),
 ( 0.0000000000000000000, 1.000000000000000000 ),
 .UNSPECIFIED. ) ;
#4214 = CARTESIAN_POINT ( 'NONE',  ( -0.9637244215790025104, -2.832156534235866996, 0.9799999999999999822 ) ) ;
#4215 = ORIENTED_EDGE ( 'NONE', *, *, #3884, .F. ) ;
#4216 = CARTESIAN_POINT ( 'NONE',  ( -0.9175071821987060838, -3.257521497800196286, 0.9800000000000002043 ) ) ;
#4217 = CARTESIAN_POINT ( 'NONE',  ( -0.8920331132488581449, -3.236934291058397140, 0.9810000000000000941 ) ) ;
#4218 = UNCERTAINTY_MEASURE_WITH_UNIT (LENGTH_MEASURE( 1.000000000000000082E-05 ), #315, 'distance_accuracy_value', 'NONE');
#4219 = CARTESIAN_POINT ( 'NONE',  ( -0.4220105471776305905, -2.844633629231312355, 0.9810000000000000941 ) ) ;
#4220 = CARTESIAN_POINT ( 'NONE',  ( -1.443549121416401793, -3.238570725354417590, 0.9810000000000000941 ) ) ;
#4221 = CARTESIAN_POINT ( 'NONE',  ( -0.7921123774909988313, -3.279564365627333444, 0.9799999999999999822 ) ) ;
#4222 = LINE ( 'NONE', #500, #7749 ) ;
#4223 = VERTEX_POINT ( 'NONE', #6956 ) ;
#4224 = FILL_AREA_STYLE_COLOUR ( '', #1197 ) ;
#4225 = LINE ( 'NONE', #4528, #7322 ) ;
#4226 = LINE ( 'NONE', #9745, #8748 ) ;
#4227 =( NAMED_UNIT ( * ) SI_UNIT ( $, .STERADIAN. ) SOLID_ANGLE_UNIT ( ) );
#4228 = ORIENTED_EDGE ( 'NONE', *, *, #95, .F. ) ;
#4229 = CARTESIAN_POINT ( 'NONE',  ( -0.8746691560460573278, -2.809281860076622728, 0.9810000000000000941 ) ) ;
#4230 = DIRECTION ( 'NONE',  ( -1.000000000000000000, 0.0000000000000000000, 0.0000000000000000000 ) ) ;
#4231 = LINE ( 'NONE', #5878, #5479 ) ;
#4232 = SURFACE_STYLE_FILL_AREA ( #5220 ) ;
#4233 = VERTEX_POINT ( 'NONE', #3167 ) ;
#4234 = CARTESIAN_POINT ( 'NONE',  ( -0.4037627957462677220, -2.804394997869956718, 0.9810000000000000941 ) ) ;
#4235 = CARTESIAN_POINT ( 'NONE',  ( -0.9284246403200677733, -3.301087354494127712, 0.9800000000000002043 ) ) ;
#4236 =( LENGTH_UNIT ( ) NAMED_UNIT ( * ) SI_UNIT ( .MILLI., .METRE. ) );
#4237 = CARTESIAN_POINT ( 'NONE',  ( -0.7855619026180425957, -3.293393145913836140, 0.9810000000000000941 ) ) ;
#4238 = EDGE_CURVE ( 'NONE', #3376, #10263, #348, .T. ) ;
#4239 = STYLED_ITEM ( 'NONE', ( #2108 ), #7014 ) ;
#4240 = B_SPLINE_CURVE_WITH_KNOTS ( 'NONE', 3,
 ( #8435, #9505, #1096, #1156 ),
 .UNSPECIFIED., .F., .F.,
 ( 4, 4 ),
 ( 1.000000000000000000, 2.000000000000000000 ),
 .UNSPECIFIED. ) ;
#4241 =( NAMED_UNIT ( * ) SI_UNIT ( $, .STERADIAN. ) SOLID_ANGLE_UNIT ( ) );
#4242 = ORIENTED_EDGE ( 'NONE', *, *, #9188, .F. ) ;
#4243 = EDGE_LOOP ( 'NONE', ( #1362, #8252, #3493, #7939 ) ) ;
#4244 = SURFACE_SIDE_STYLE ('',( #7888 ) ) ;
#4245 = FILL_AREA_STYLE ('',( #3324 ) ) ;
#4246 = CARTESIAN_POINT ( 'NONE',  ( -2.675735931288072411, 3.799999999999999822, 0.1999999999999998723 ) ) ;
#4247 =( NAMED_UNIT ( * ) SI_UNIT ( $, .STERADIAN. ) SOLID_ANGLE_UNIT ( ) );
#4248 = LINE ( 'NONE', #1609, #2345 ) ;
#4249 = CARTESIAN_POINT ( 'NONE',  ( -2.100027291340462732, -3.316653999469954428, 0.9810000000000000941 ) ) ;
#4250 = CARTESIAN_POINT ( 'NONE',  ( -0.7264516650755532545, -3.376989682386107194, 0.9799999999999999822 ) ) ;
#4251 = VECTOR ( 'NONE', #3127, 1000.000000000000000 ) ;
#4252 = VECTOR ( 'NONE', #854, 1000.000000000000000 ) ;
#4253 = FACE_OUTER_BOUND ( 'NONE', #1631, .T. ) ;
#4254 = SURFACE_SIDE_STYLE ('',( #3275 ) ) ;
#4255 = EDGE_CURVE ( 'NONE', #6177, #1501, #10688, .T. ) ;
#4256 = ORIENTED_EDGE ( 'NONE', *, *, #11630, .T. ) ;
#4257 = VECTOR ( 'NONE', #3176, 1000.000000000000000 ) ;
#4258 = VERTEX_POINT ( 'NONE', #6085 ) ;
#4259 = SURFACE_SIDE_STYLE ('',( #595 ) ) ;
#4260 = ADVANCED_FACE ( 'NONE', ( #9835 ), #6523, .F. ) ;
#4261 = FILL_AREA_STYLE ('',( #10814 ) ) ;
#4262 = EDGE_CURVE ( 'NONE', #5633, #2493, #2100, .T. ) ;
#4263 = ORIENTED_EDGE ( 'NONE', *, *, #11454, .F. ) ;
#4264 = CARTESIAN_POINT ( 'NONE',  ( -0.9445408880226360271, -3.181827121492629473, 0.9800000000000002043 ) ) ;
#4265 = FILL_AREA_STYLE_COLOUR ( '', #4684 ) ;
#4266 = CARTESIAN_POINT ( 'NONE',  ( -0.1649823902644828588, -3.159160398917800983, 0.9810000000000000941 ) ) ;
#4267 = B_SPLINE_CURVE_WITH_KNOTS ( 'NONE', 3,
 ( #3934, #9528, #3883, #10493 ),
 .UNSPECIFIED., .F., .F.,
 ( 4, 4 ),
 ( 19.00000000000000000, 20.00000000000000000 ),
 .UNSPECIFIED. ) ;
#4268 = VECTOR ( 'NONE', #3164, 1000.000000000000000 ) ;
#4269 = CARTESIAN_POINT ( 'NONE',  ( -1.621405532364044610, -3.286288290951770108, 0.9799999999999999822 ) ) ;
#4270 = VECTOR ( 'NONE', #550, 1000.000000000000000 ) ;
#4271 = ORIENTED_EDGE ( 'NONE', *, *, #11973, .T. ) ;
#4272 = EDGE_CURVE ( 'NONE', #9271, #5715, #6028, .T. ) ;
#4273 = CARTESIAN_POINT ( 'NONE',  ( -2.053755663270016463, -3.231340734341733967, 0.9810000000000000941 ) ) ;
#4274 = ORIENTED_EDGE ( 'NONE', *, *, #3759, .F. ) ;
#4275 = LINE ( 'NONE', #5203, #10213 ) ;
#4276 = CARTESIAN_POINT ( 'NONE',  ( -1.534646302130288520, -2.916115597349821620, 0.9800000000000002043 ) ) ;
#4277 = DIRECTION ( 'NONE',  ( -0.0000000000000000000, 1.000000000000000000, -0.0000000000000000000 ) ) ;
#4278 = DIRECTION ( 'NONE',  ( -0.0000000000000000000, -0.0000000000000000000, -1.000000000000000000 ) ) ;
#4279 =( GEOMETRIC_REPRESENTATION_CONTEXT ( 3 ) GLOBAL_UNCERTAINTY_ASSIGNED_CONTEXT ( ( #1787 ) ) GLOBAL_UNIT_ASSIGNED_CONTEXT ( ( #11303, #10268, #1121 ) ) REPRESENTATION_CONTEXT ( 'NONE', 'WORKASPACE' ) );
#4280 = SURFACE_STYLE_FILL_AREA ( #7914 ) ;
#4281 = ORIENTED_EDGE ( 'NONE', *, *, #1995, .T. ) ;
#4282 = CARTESIAN_POINT ( 'NONE',  ( -0.5699161107728969444, -2.963373983275247703, 0.9810000000000000941 ) ) ;
#4283 = UNCERTAINTY_MEASURE_WITH_UNIT (LENGTH_MEASURE( 1.000000000000000082E-05 ), #4473, 'distance_accuracy_value', 'NONE');
#4284 = CARTESIAN_POINT ( 'NONE',  ( -0.8549657435321196264, -3.240989346931574033, 0.9800000000000002043 ) ) ;
#4285 = CARTESIAN_POINT ( 'NONE',  ( -0.5530200446325973518, -3.215515277981726872, 0.9800000000000002043 ) ) ;
#4286 = ORIENTED_EDGE ( 'NONE', *, *, #9424, .T. ) ;
#4287 = MECHANICAL_DESIGN_GEOMETRIC_PRESENTATION_REPRESENTATION (  '', ( #1153 ), #4160 ) ;
#4288 = ADVANCED_FACE ( 'NONE', ( #8585 ), #2975, .T. ) ;
#4289 = FACE_OUTER_BOUND ( 'NONE', #3007, .T. ) ;
#4290 = SURFACE_SIDE_STYLE ('',( #6237 ) ) ;
#4291 = CARTESIAN_POINT ( 'NONE',  ( -0.8746691560460576609, -2.999349607179018662, 0.9799999999999999822 ) ) ;
#4292 = CARTESIAN_POINT ( 'NONE',  ( -1.116256907902850815, -3.150426432419600076, 0.9810000000000000941 ) ) ;
#4293 = VERTEX_POINT ( 'NONE', #1986 ) ;
#4294 = VECTOR ( 'NONE', #3783, 1000.000000000000000 ) ;
#4295 = DIRECTION ( 'NONE',  ( -0.9434452330799484310, 0.3315284183576450161, 0.0000000000000000000 ) ) ;
#4296 =( GEOMETRIC_REPRESENTATION_CONTEXT ( 3 ) GLOBAL_UNCERTAINTY_ASSIGNED_CONTEXT ( ( #4007 ) ) GLOBAL_UNIT_ASSIGNED_CONTEXT ( ( #8911, #4428, #3269 ) ) REPRESENTATION_CONTEXT ( 'NONE', 'WORKASPACE' ) );
#4297 = CARTESIAN_POINT ( 'NONE',  ( -0.9175071821987061949, -3.283411469917477010, 0.9800000000000002043 ) ) ;
#4298 =( NAMED_UNIT ( * ) PLANE_ANGLE_UNIT ( ) SI_UNIT ( $, .RADIAN. ) );
#4299 = PRESENTATION_STYLE_ASSIGNMENT (( #9137 ) ) ;
#4300 = STYLED_ITEM ( 'NONE', ( #7481 ), #10166 ) ;
#4301 = STYLED_ITEM ( 'NONE', ( #10321 ), #6182 ) ;
#4302 = SURFACE_STYLE_USAGE ( .BOTH. , #576 ) ;
#4303 = ORIENTED_EDGE ( 'NONE', *, *, #2844, .F. ) ;
#4304 = ORIENTED_EDGE ( 'NONE', *, *, #10005, .T. ) ;
#4305 = CARTESIAN_POINT ( 'NONE',  ( -0.8007943560920566251, -3.181827121492629473, 0.9799999999999999822 ) ) ;
#4306 = DIRECTION ( 'NONE',  ( -0.0000000000000000000, -0.0000000000000000000, -1.000000000000000000 ) ) ;
#4307 = CARTESIAN_POINT ( 'NONE',  ( -0.5980415624104890027, -3.007771646301292012, 0.9810000000000000941 ) ) ;
#4308 = CARTESIAN_POINT ( 'NONE',  ( -0.8920331132488582560, -3.236934291058397140, 0.9810000000000000941 ) ) ;
#4309 = CARTESIAN_POINT ( 'NONE',  ( -1.585255853100152601, -2.777300828629293949, 0.9800000000000002043 ) ) ;
#4310 = COLOUR_RGB ( '',0.0000000000000000000, 0.0000000000000000000, 0.0000000000000000000 ) ;
#4311 = MECHANICAL_DESIGN_GEOMETRIC_PRESENTATION_REPRESENTATION (  '', ( #1369 ), #11564 ) ;
#4312 = STYLED_ITEM ( 'NONE', ( #569 ), #5362 ) ;
#4313 = B_SPLINE_CURVE_WITH_KNOTS ( 'NONE', 3,
 ( #6341, #10078, #652, #7202 ),
 .UNSPECIFIED., .F., .F.,
 ( 4, 4 ),
 ( 22.00000000000000000, 23.00000000000000000 ),
 .UNSPECIFIED. ) ;
#4314 = ORIENTED_EDGE ( 'NONE', *, *, #3421, .F. ) ;
#4315 = FACE_OUTER_BOUND ( 'NONE', #6291, .T. ) ;
#4316 = ADVANCED_FACE ( 'NONE', ( #1002 ), #4734, .T. ) ;
#4317 = ORIENTED_EDGE ( 'NONE', *, *, #5607, .F. ) ;
#4318 = COLOUR_RGB ( '',0.0000000000000000000, 0.0000000000000000000, 0.0000000000000000000 ) ;
#4319 = VECTOR ( 'NONE', #11386, 1000.000000000000000 ) ;
#4320 = DIRECTION ( 'NONE',  ( 1.000000000000000000, 0.0000000000000000000, 0.0000000000000000000 ) ) ;
#4321 = EDGE_CURVE ( 'NONE', #9465, #1211, #9824, .T. ) ;
#4322 = EDGE_CURVE ( 'NONE', #6032, #10677, #7718, .T. ) ;
#4323 =( LENGTH_UNIT ( ) NAMED_UNIT ( * ) SI_UNIT ( .MILLI., .METRE. ) );
#4324 = CARTESIAN_POINT ( 'NONE',  ( -3.227279220613582744, 3.799999999999999822, 0.7515432893255039604 ) ) ;
#4325 = ORIENTED_EDGE ( 'NONE', *, *, #11606, .T. ) ;
#4326 = CARTESIAN_POINT ( 'NONE',  ( -0.8115038626296986468, -3.202518304027323737, 0.9799999999999999822 ) ) ;
#4327 = AXIS2_PLACEMENT_3D ( 'NONE', #10774, #7916, #1400 ) ;
#4328 = PRESENTATION_LAYER_ASSIGNMENT (  '', '', ( #9618 ) ) ;
#4329 = UNCERTAINTY_MEASURE_WITH_UNIT (LENGTH_MEASURE( 1.000000000000000082E-05 ), #7466, 'distance_accuracy_value', 'NONE');
#4330 = VERTEX_POINT ( 'NONE', #7772 ) ;
#4331 = EDGE_CURVE ( 'NONE', #7871, #12010, #8668, .T. ) ;
#4332 = LINE ( 'NONE', #2560, #6425 ) ;
#4333 = ORIENTED_EDGE ( 'NONE', *, *, #7249, .F. ) ;
#4334 =( LENGTH_UNIT ( ) NAMED_UNIT ( * ) SI_UNIT ( .MILLI., .METRE. ) );
#4335 = FILL_AREA_STYLE_COLOUR ( '', #825 ) ;
#4336 = MECHANICAL_DESIGN_GEOMETRIC_PRESENTATION_REPRESENTATION (  '', ( #3575 ), #6706 ) ;
#4337 = CARTESIAN_POINT ( 'NONE',  ( -1.142510795289743974, -3.007771646301291568, 0.9810000000000000941 ) ) ;
#4338 = CARTESIAN_POINT ( 'NONE',  ( -0.8032897750911421886, -3.202518304027323737, 0.9810000000000000941 ) ) ;
#4339 = ORIENTED_EDGE ( 'NONE', *, *, #1853, .F. ) ;
#4340 =( NAMED_UNIT ( * ) SI_UNIT ( $, .STERADIAN. ) SOLID_ANGLE_UNIT ( ) );
#4341 = CARTESIAN_POINT ( 'NONE',  ( -0.6291823120047380646, -2.827789550986767431, 0.9810000000000000941 ) ) ;
#4342 = DIRECTION ( 'NONE',  ( 1.000000000000000000, 0.0000000000000000000, -0.0000000000000000000 ) ) ;
#4343 = ORIENTED_EDGE ( 'NONE', *, *, #2398, .T. ) ;
#4344 = EDGE_CURVE ( 'NONE', #551, #7873, #9877, .T. ) ;
#4345 = DIRECTION ( 'NONE',  ( -0.0000000000000000000, -0.0000000000000000000, -1.000000000000000000 ) ) ;
#4346 = PRESENTATION_LAYER_ASSIGNMENT (  '', '', ( #9645 ) ) ;
#4347 = MECHANICAL_DESIGN_GEOMETRIC_PRESENTATION_REPRESENTATION (  '', ( #1997 ), #9029 ) ;
#4348 = VECTOR ( 'NONE', #12080, 1000.000000000000000 ) ;
#4349 = DIRECTION ( 'NONE',  ( 1.000000000000000000, -0.0000000000000000000, -0.0000000000000000000 ) ) ;
#4350 =( LENGTH_UNIT ( ) NAMED_UNIT ( * ) SI_UNIT ( .MILLI., .METRE. ) );
#4351 = CARTESIAN_POINT ( 'NONE',  ( -1.773234185274330965, -3.267490413606326083, 0.9800000000000002043 ) ) ;
#4352 = FACE_OUTER_BOUND ( 'NONE', #6486, .T. ) ;
#4353 = B_SPLINE_CURVE_WITH_KNOTS ( 'NONE', 3,
 ( #9088, #10805, #7247, #10068 ),
 .UNSPECIFIED., .F., .F.,
 ( 4, 4 ),
 ( 2.000000000000000000, 3.000000000000000000 ),
 .UNSPECIFIED. ) ;
#4354 = EDGE_LOOP ( 'NONE', ( #705, #402, #10938, #4371, #9234, #11182, #3115, #7354, #11388, #5237 ) ) ;
#4355 = CARTESIAN_POINT ( 'NONE',  ( -0.6728001565930521455, -3.294536879621864589, 0.9810000000000000941 ) ) ;
#4356 = CARTESIAN_POINT ( 'NONE',  ( -0.2965637545741610093, -3.301919160827621269, 0.9799999999999999822 ) ) ;
#4357 = COLOUR_RGB ( '',0.0000000000000000000, 0.0000000000000000000, 0.0000000000000000000 ) ;
#4358 = ORIENTED_EDGE ( 'NONE', *, *, #6106, .F. ) ;
#4359 = STYLED_ITEM ( 'NONE', ( #7780 ), #8456 ) ;
#4360 = STYLED_ITEM ( 'NONE', ( #3563 ), #4655 ) ;
#4361 = LINE ( 'NONE', #11971, #6531 ) ;
#4362 =( LENGTH_UNIT ( ) NAMED_UNIT ( * ) SI_UNIT ( .MILLI., .METRE. ) );
#4363 = ORIENTED_EDGE ( 'NONE', *, *, #9795, .F. ) ;
#4364 = ORIENTED_EDGE ( 'NONE', *, *, #8760, .F. ) ;
#4365 =( NAMED_UNIT ( * ) SI_UNIT ( $, .STERADIAN. ) SOLID_ANGLE_UNIT ( ) );
#4366 = PRESENTATION_STYLE_ASSIGNMENT (( #10918 ) ) ;
#4367 = SURFACE_STYLE_FILL_AREA ( #6251 ) ;
#4368 = VECTOR ( 'NONE', #8523, 1000.000000000000000 ) ;
#4369 = SURFACE_STYLE_FILL_AREA ( #7131 ) ;
#4370 = CARTESIAN_POINT ( 'NONE',  ( -0.5205795976444335116, -2.873330947722228856, 0.9800000000000002043 ) ) ;
#4371 = ORIENTED_EDGE ( 'NONE', *, *, #9454, .F. ) ;
#4372 = SURFACE_SIDE_STYLE ('',( #4429 ) ) ;
#4373 =( NAMED_UNIT ( * ) SI_UNIT ( $, .STERADIAN. ) SOLID_ANGLE_UNIT ( ) );
#4374 = MECHANICAL_DESIGN_GEOMETRIC_PRESENTATION_REPRESENTATION (  '', ( #10250 ), #1239 ) ;
#4375 = ORIENTED_EDGE ( 'NONE', *, *, #6123, .T. ) ;
#4376 = MECHANICAL_DESIGN_GEOMETRIC_PRESENTATION_REPRESENTATION (  '', ( #9070 ), #11635 ) ;
#4377 = ORIENTED_EDGE ( 'NONE', *, *, #6366, .T. ) ;
#4378 =( NAMED_UNIT ( * ) PLANE_ANGLE_UNIT ( ) SI_UNIT ( $, .RADIAN. ) );
#4379 = DIRECTION ( 'NONE',  ( -0.3559357243643076485, -0.9345104387438672999, -0.0000000000000000000 ) ) ;
#4380 = VECTOR ( 'NONE', #10364, 1000.000000000000114 ) ;
#4381 = CARTESIAN_POINT ( 'NONE',  ( -0.9226019959884024235, -2.824670277238598537, 0.9810000000000000941 ) ) ;
#4382 = CARTESIAN_POINT ( 'NONE',  ( -0.7594119910226668768, -3.290897726914749022, 0.9799999999999999822 ) ) ;
#4383 = EDGE_LOOP ( 'NONE', ( #1383, #10676, #10482, #8323 ) ) ;
#4384 = CARTESIAN_POINT ( 'NONE',  ( -0.9095530341389380657, -3.181827121492629473, 0.9800000000000002043 ) ) ;
#4385 = SURFACE_STYLE_FILL_AREA ( #840 ) ;
#4386 = EDGE_CURVE ( 'NONE', #4079, #8961, #7885, .T. ) ;
#4387 = ORIENTED_EDGE ( 'NONE', *, *, #4485, .T. ) ;
#4388 = EDGE_CURVE ( 'NONE', #4617, #7688, #10741, .T. ) ;
#4389 = CARTESIAN_POINT ( 'NONE',  ( -0.4745183219514084172, -3.127031879302791140, 0.9799999999999999822 ) ) ;
#4390 = EDGE_CURVE ( 'NONE', #9078, #6254, #11486, .T. ) ;
#4391 = EDGE_LOOP ( 'NONE', ( #4497, #6023, #4400, #3869 ) ) ;
#4392 = ORIENTED_EDGE ( 'NONE', *, *, #4862, .T. ) ;
#4393 = FILL_AREA_STYLE_COLOUR ( '', #3567 ) ;
#4394 = B_SPLINE_CURVE_WITH_KNOTS ( 'NONE', 3,
 ( #9657, #10680, #11622, #1245 ),
 .UNSPECIFIED., .F., .F.,
 ( 4, 4 ),
 ( 1.000000000000000000, 2.000000000000000000 ),
 .UNSPECIFIED. ) ;
#4395 = SURFACE_SIDE_STYLE ('',( #5369 ) ) ;
#4396 = SURFACE_STYLE_USAGE ( .BOTH. , #4585 ) ;
#4397 = FILL_AREA_STYLE ('',( #8988 ) ) ;
#4398 =( NAMED_UNIT ( * ) SI_UNIT ( $, .STERADIAN. ) SOLID_ANGLE_UNIT ( ) );
#4399 = DIRECTION ( 'NONE',  ( -1.000000000000000000, -0.0000000000000000000, -0.0000000000000000000 ) ) ;
#4400 = ORIENTED_EDGE ( 'NONE', *, *, #5287, .T. ) ;
#4401 = PLANE ( 'NONE',  #8404 ) ;
#4402 = PRESENTATION_STYLE_ASSIGNMENT (( #5213 ) ) ;
#4403 = EDGE_LOOP ( 'NONE', ( #3717, #5539, #7417, #11909 ) ) ;
#4404 = EDGE_CURVE ( 'NONE', #4821, #9218, #10626, .T. ) ;
#4405 = LINE ( 'NONE', #3432, #10721 ) ;
#4406 = CARTESIAN_POINT ( 'NONE',  ( -2.209922321820471769, -3.215434952690258807, 0.9810000000000000941 ) ) ;
#4407 = B_SPLINE_CURVE_WITH_KNOTS ( 'NONE', 3,
 ( #5087, #1281, #7108, #10665 ),
 .UNSPECIFIED., .F., .F.,
 ( 4, 4 ),
 ( 5.000000000000000000, 6.000000000000000000 ),
 .UNSPECIFIED. ) ;
#4408 =( NAMED_UNIT ( * ) PLANE_ANGLE_UNIT ( ) SI_UNIT ( $, .RADIAN. ) );
#4409 = ADVANCED_FACE ( 'NONE', ( #5949 ), #6947, .F. ) ;
#4411 = EDGE_LOOP ( 'NONE', ( #9421, #11168, #10945, #4441, #3312, #4387, #7426, #11704, #2476, #11254, #7714, #5862, #1295, #11465 ) ) ;
#4410 = EDGE_CURVE ( 'NONE', #3468, #7186, #10145, .T. ) ;
#4412 = ORIENTED_EDGE ( 'NONE', *, *, #296, .T. ) ;
#4413 = CARTESIAN_POINT ( 'NONE',  ( -1.037755185220968768, -3.127031879302791140, 0.9810000000000000941 ) ) ;
#4414 = SURFACE_STYLE_USAGE ( .BOTH. , #5332 ) ;
#4415 = CARTESIAN_POINT ( 'NONE',  ( -0.7245801008262332532, -2.984585044767507966, 0.9810000000000000941 ) ) ;
#4416 = CARTESIAN_POINT ( 'NONE',  ( -0.7264516650755532545, -3.376989682386107194, 0.9810000000000000941 ) ) ;
#4417 = CARTESIAN_POINT ( 'NONE',  ( -0.7757881782047097996, -3.322298415987779752, 0.9810000000000000941 ) ) ;
#4418 = ADVANCED_FACE ( 'NONE', ( #4193 ), #9353, .T. ) ;
#4419 = FACE_OUTER_BOUND ( 'NONE', #10080, .T. ) ;
#4420 = ORIENTED_EDGE ( 'NONE', *, *, #5366, .F. ) ;
#4421 = ORIENTED_EDGE ( 'NONE', *, *, #6051, .F. ) ;
#4422 = CARTESIAN_POINT ( 'NONE',  ( -1.116256907902850815, -3.215515277981726872, 0.9810000000000000941 ) ) ;
#4423 = FACE_BOUND ( 'NONE', #1952, .T. ) ;
#4424 = FACE_OUTER_BOUND ( 'NONE', #3386, .T. ) ;
#4425 = CARTESIAN_POINT ( 'NONE',  ( -1.116256907902850815, -3.307221926200337059, 0.9810000000000000941 ) ) ;
#4426 = ORIENTED_EDGE ( 'NONE', *, *, #2764, .T. ) ;
#4427 = FILL_AREA_STYLE ('',( #8124 ) ) ;
#4428 =( NAMED_UNIT ( * ) PLANE_ANGLE_UNIT ( ) SI_UNIT ( $, .RADIAN. ) );
#4429 = SURFACE_STYLE_FILL_AREA ( #3457 ) ;
#4430 = ORIENTED_EDGE ( 'NONE', *, *, #11375, .T. ) ;
#4431 = CARTESIAN_POINT ( 'NONE',  ( -0.6599071584301589022, -2.827789550986767431, 0.9810000000000000941 ) ) ;
#4432 = VECTOR ( 'NONE', #492, 1000.000000000000000 ) ;
#4433 = ORIENTED_EDGE ( 'NONE', *, *, #4485, .F. ) ;
#4434 = B_SPLINE_CURVE_WITH_KNOTS ( 'NONE', 3,
 ( #11689, #11750, #9782, #1385 ),
 .UNSPECIFIED., .F., .F.,
 ( 4, 4 ),
 ( 9.000000000000000000, 10.00000000000000000 ),
 .UNSPECIFIED. ) ;
#4435 = CARTESIAN_POINT ( 'NONE',  ( -0.1601995038493300716, -3.167270510664148553, 0.9800000000000002043 ) ) ;
#4436 = VECTOR ( 'NONE', #3251, 1000.000000000000000 ) ;
#4437 = CARTESIAN_POINT ( 'NONE',  ( -0.3498513477856780574, -3.307221926200337059, 0.9810000000000000941 ) ) ;
#4438 = CARTESIAN_POINT ( 'NONE',  ( -0.9175071821987060838, -3.307949756742321057, 0.9810000000000000941 ) ) ;
#4439 = CARTESIAN_POINT ( 'NONE',  ( -0.3007227862388469064, -3.271974132837164095, 0.9810000000000000941 ) ) ;
#4440 = CARTESIAN_POINT ( 'NONE',  ( -0.9175071821987060838, -3.330408527734125101, 0.9799999999999999822 ) ) ;
#4441 = ORIENTED_EDGE ( 'NONE', *, *, #11753, .T. ) ;
#4442 = CARTESIAN_POINT ( 'NONE',  ( -1.887467193814489574, -3.339789882455566961, 0.9799999999999999822 ) ) ;
#4443 = CARTESIAN_POINT ( 'NONE',  ( -2.053755663270016463, -3.231340734341733967, 0.9810000000000000941 ) ) ;
#4444 = LINE ( 'NONE', #2627, #2897 ) ;
#4445 = DIRECTION ( 'NONE',  ( 1.000000000000000000, -0.0000000000000000000, -0.0000000000000000000 ) ) ;
#4446 = UNCERTAINTY_MEASURE_WITH_UNIT (LENGTH_MEASURE( 1.000000000000000082E-05 ), #8021, 'distance_accuracy_value', 'NONE');
#4447 = EDGE_LOOP ( 'NONE', ( #3276, #11798, #661, #758, #9666, #4526 ) ) ;
#4448 = CARTESIAN_POINT ( 'NONE',  ( -0.1639946202437250755, -3.153025827211590304, 0.9810000000000000941 ) ) ;
#4449 = EDGE_LOOP ( 'NONE', ( #5312, #7707, #11125, #8978 ) ) ;
#4450 = VERTEX_POINT ( 'NONE', #2662 ) ;
#4451 = SURFACE_STYLE_FILL_AREA ( #7093 ) ;
#4452 =( LENGTH_UNIT ( ) NAMED_UNIT ( * ) SI_UNIT ( .MILLI., .METRE. ) );
#4453 = FILL_AREA_STYLE_COLOUR ( '', #11784 ) ;
#4454 = CARTESIAN_POINT ( 'NONE',  ( -0.3157992760262828269, -3.169557978080211225, 0.9810000000000000941 ) ) ;
#4455 = COLOUR_RGB ( '',0.0000000000000000000, 0.0000000000000000000, 0.0000000000000000000 ) ;
#4456 = FILL_AREA_STYLE_COLOUR ( '', #733 ) ;
#4457 = PRESENTATION_LAYER_ASSIGNMENT (  '', '', ( #6218 ) ) ;
#4458 = PRESENTATION_LAYER_ASSIGNMENT (  '', '', ( #6996 ) ) ;
#4459 = ORIENTED_EDGE ( 'NONE', *, *, #1341, .F. ) ;
#4460 = SURFACE_STYLE_FILL_AREA ( #6292 ) ;
#4461 = CARTESIAN_POINT ( 'NONE',  ( -0.8573571867396971857, -3.233295138351273579, 0.9800000000000002043 ) ) ;
#4462 = CARTESIAN_POINT ( 'NONE',  ( -1.835411594997638840, -3.154703397753805483, 0.9799999999999999822 ) ) ;
#4463 = CARTESIAN_POINT ( 'NONE',  ( -0.5308212131195741978, -2.960254709525693251, 0.9799999999999999822 ) ) ;
#4464 = VERTEX_POINT ( 'NONE', #9139 ) ;
#4465 = CARTESIAN_POINT ( 'NONE',  ( -0.9922657763819543453, -2.862413489600865724, 0.9800000000000002043 ) ) ;
#4466 = AXIS2_PLACEMENT_3D ( 'NONE', #2342, #3084, #5033 ) ;
#4467 = AXIS2_PLACEMENT_3D ( 'NONE', #1796, #11979, #6326 ) ;
#4468 = ADVANCED_FACE ( 'NONE', ( #4419 ), #7672, .T. ) ;
#4469 = VECTOR ( 'NONE', #10214, 1000.000000000000000 ) ;
#4470 = DIRECTION ( 'NONE',  ( 0.0000000000000000000, 1.000000000000000000, -0.0000000000000000000 ) ) ;
#4471 = CARTESIAN_POINT ( 'NONE',  ( -1.511510529464747954, -3.017334699289550226, 0.9799999999999999822 ) ) ;
#4472 = SURFACE_STYLE_USAGE ( .BOTH. , #9125 ) ;
#4473 =( LENGTH_UNIT ( ) NAMED_UNIT ( * ) SI_UNIT ( .MILLI., .METRE. ) );
#4474 = CARTESIAN_POINT ( 'NONE',  ( -1.621405532364044610, -3.286288290951770108, 0.9810000000000000941 ) ) ;
#4475 = ORIENTED_EDGE ( 'NONE', *, *, #11365, .F. ) ;
#4476 = ORIENTED_EDGE ( 'NONE', *, *, #11832, .F. ) ;
#4477 = FACE_OUTER_BOUND ( 'NONE', #6890, .T. ) ;
#4478 = EDGE_CURVE ( 'NONE', #6680, #9322, #9096, .T. ) ;
#4479 = CARTESIAN_POINT ( 'NONE',  ( -1.000843779191503025, -2.983441311059476853, 0.9799999999999999822 ) ) ;
#4480 = EDGE_CURVE ( 'NONE', #2192, #7010, #11975, .T. ) ;
#4481 = ORIENTED_EDGE ( 'NONE', *, *, #1104, .F. ) ;
#4482 = CARTESIAN_POINT ( 'NONE',  ( -0.6599071584301589022, -2.827789550986767431, 0.9800000000000002043 ) ) ;
#4483 = UNCERTAINTY_MEASURE_WITH_UNIT (LENGTH_MEASURE( 1.000000000000000082E-05 ), #5568, 'distance_accuracy_value', 'NONE');
#4484 = DIRECTION ( 'NONE',  ( 0.0000000000000000000, 0.0000000000000000000, 1.000000000000000000 ) ) ;
#4485 = EDGE_CURVE ( 'NONE', #11276, #4079, #5579, .T. ) ;
#4486 = ORIENTED_EDGE ( 'NONE', *, *, #6741, .T. ) ;
#4487 = ORIENTED_EDGE ( 'NONE', *, *, #676, .F. ) ;
#4488 = PLANE ( 'NONE',  #3999 ) ;
#4489 = VECTOR ( 'NONE', #10455, 1000.000000000000000 ) ;
#4490 =( NAMED_UNIT ( * ) SI_UNIT ( $, .STERADIAN. ) SOLID_ANGLE_UNIT ( ) );
#4491 = VECTOR ( 'NONE', #8013, 1000.000000000000000 ) ;
#4492 = FACE_OUTER_BOUND ( 'NONE', #5403, .T. ) ;
#4493 = ORIENTED_EDGE ( 'NONE', *, *, #11069, .T. ) ;
#4494 = CARTESIAN_POINT ( 'NONE',  ( -2.140514893504466887, -3.018780609235746315, 0.9800000000000002043 ) ) ;
#4495 = UNCERTAINTY_MEASURE_WITH_UNIT (LENGTH_MEASURE( 1.000000000000000082E-05 ), #7986, 'distance_accuracy_value', 'NONE');
#4496 = PLANE ( 'NONE',  #535 ) ;
#4497 = ORIENTED_EDGE ( 'NONE', *, *, #1340, .F. ) ;
#4498 = DIRECTION ( 'NONE',  ( -0.8863488427958615690, -0.4630180653866943219, 0.0000000000000000000 ) ) ;
#4499 = PRESENTATION_LAYER_ASSIGNMENT (  '', '', ( #7796 ) ) ;
#4500 = ADVANCED_FACE ( 'NONE', ( #8312 ), #1791, .F. ) ;
#4501 = PRESENTATION_LAYER_ASSIGNMENT (  '', '', ( #602 ) ) ;
#4502 = ORIENTED_EDGE ( 'NONE', *, *, #1027, .T. ) ;
#4503 = UNCERTAINTY_MEASURE_WITH_UNIT (LENGTH_MEASURE( 1.000000000000000082E-05 ), #2960, 'distance_accuracy_value', 'NONE');
#4504 = SURFACE_STYLE_USAGE ( .BOTH. , #8205 ) ;
#4505 = CARTESIAN_POINT ( 'NONE',  ( -0.9755256739289275281, -3.306390119868237942, 0.9800000000000002043 ) ) ;
#4506 = FACE_OUTER_BOUND ( 'NONE', #1672, .T. ) ;
#4507 = VECTOR ( 'NONE', #10354, 1000.000000000000000 ) ;
#4508 = CARTESIAN_POINT ( 'NONE',  ( -0.7884212368881212685, -3.181827121492629473, 0.9800000000000002043 ) ) ;
#4509 = CARTESIAN_POINT ( 'NONE',  ( -1.327870147770007447, -3.228448804129268268, 0.9800000000000002043 ) ) ;
#4510 = VERTEX_POINT ( 'NONE', #9328 ) ;
#4511 = CARTESIAN_POINT ( 'NONE',  ( -1.398723541192248954, -3.189407167072192628, 0.9810000000000000941 ) ) ;
#4512 = FILL_AREA_STYLE_COLOUR ( '', #5813 ) ;
#4513 = CARTESIAN_POINT ( 'NONE',  ( -0.7855619026180425957, -3.293393145913836140, 0.9799999999999999822 ) ) ;
#4514 = ORIENTED_EDGE ( 'NONE', *, *, #1034, .T. ) ;
#4515 =( GEOMETRIC_REPRESENTATION_CONTEXT ( 3 ) GLOBAL_UNCERTAINTY_ASSIGNED_CONTEXT ( ( #4594 ) ) GLOBAL_UNIT_ASSIGNED_CONTEXT ( ( #7713, #11481, #7536 ) ) REPRESENTATION_CONTEXT ( 'NONE', 'WORKASPACE' ) );
#4516 = DIRECTION ( 'NONE',  ( 0.0000000000000000000, 0.0000000000000000000, 1.000000000000000000 ) ) ;
#4517 =( GEOMETRIC_REPRESENTATION_CONTEXT ( 3 ) GLOBAL_UNCERTAINTY_ASSIGNED_CONTEXT ( ( #4618 ) ) GLOBAL_UNIT_ASSIGNED_CONTEXT ( ( #10886, #2565, #5267 ) ) REPRESENTATION_CONTEXT ( 'NONE', 'WORKASPACE' ) );
#4518 = ORIENTED_EDGE ( 'NONE', *, *, #8750, .F. ) ;
#4519 = ORIENTED_EDGE ( 'NONE', *, *, #10708, .T. ) ;
#4520 = CARTESIAN_POINT ( 'NONE',  ( 3.623086578651010026, 3.799999999999999822, 0.7799999999999985834 ) ) ;
#4521 = PLANE ( 'NONE',  #9651 ) ;
#4522 = CARTESIAN_POINT ( 'NONE',  ( -0.2965637545741610093, -3.301919160827621269, 0.9799999999999999822 ) ) ;
#4523 = CARTESIAN_POINT ( 'NONE',  ( 2.675735931288065750, 3.799999999999999822, 0.7800000000000008038 ) ) ;
#4524 = PLANE ( 'NONE',  #2963 ) ;
#4525 = DIRECTION ( 'NONE',  ( 0.0000000000000000000, 0.0000000000000000000, -1.000000000000000000 ) ) ;
#4526 = ORIENTED_EDGE ( 'NONE', *, *, #3448, .T. ) ;
#4527 = FACE_OUTER_BOUND ( 'NONE', #6223, .T. ) ;
#4528 = CARTESIAN_POINT ( 'NONE',  ( -0.4802889783873196539, -3.238805855307024029, 0.9810000000000000941 ) ) ;
#4529 = COLOUR_RGB ( '',0.0000000000000000000, 0.0000000000000000000, 0.0000000000000000000 ) ;
#4530 = CARTESIAN_POINT ( 'NONE',  ( -1.773234185274330965, -3.267490413606326083, 0.9800000000000002043 ) ) ;
#4531 = CARTESIAN_POINT ( 'NONE',  ( -0.5205795976444335116, -2.934988592158872756, 0.9799999999999999822 ) ) ;
#4532 = VERTEX_POINT ( 'NONE', #3697 ) ;
#4533 = MECHANICAL_DESIGN_GEOMETRIC_PRESENTATION_REPRESENTATION (  '', ( #1599 ), #9820 ) ;
#4534 = CARTESIAN_POINT ( 'NONE',  ( -2.231612129378391263, -3.101201944150103973, 0.9799999999999999822 ) ) ;
#4535 = FILL_AREA_STYLE ('',( #9255 ) ) ;
#4536 = STYLED_ITEM ( 'NONE', ( #11515 ), #9733 ) ;
#4537 = ORIENTED_EDGE ( 'NONE', *, *, #5593, .F. ) ;
#4538 = VERTEX_POINT ( 'NONE', #5760 ) ;
#4539 = CARTESIAN_POINT ( 'NONE',  ( -0.3433528608077843214, -3.330408527734124657, 0.9800000000000002043 ) ) ;
#4540 = CARTESIAN_POINT ( 'NONE',  ( -0.9767733834284669792, -3.333839728858221996, 0.9799999999999999822 ) ) ;
#4541 = SURFACE_STYLE_USAGE ( .BOTH. , #817 ) ;
#4542 = AXIS2_PLACEMENT_3D ( 'NONE', #7562, #10342, #10401 ) ;
#4543 = EDGE_CURVE ( 'NONE', #7750, #7246, #3868, .T. ) ;
#4544 = FILL_AREA_STYLE ('',( #818 ) ) ;
#4545 = STYLED_ITEM ( 'NONE', ( #630 ), #8050 ) ;
#4546 = STYLED_ITEM ( 'NONE', ( #1547 ), #5017 ) ;
#4547 = STYLED_ITEM ( 'NONE', ( #568 ), #1183 ) ;
#4548 = ADVANCED_FACE ( 'NONE', ( #11231 ), #3024, .F. ) ;
#4549 = EDGE_CURVE ( 'NONE', #1305, #996, #11413, .T. ) ;
#4550 = ORIENTED_EDGE ( 'NONE', *, *, #4689, .F. ) ;
#4551 = FILL_AREA_STYLE_COLOUR ( '', #360 ) ;
#4552 = FACE_BOUND ( 'NONE', #10186, .T. ) ;
#4553 = SURFACE_SIDE_STYLE ('',( #9272 ) ) ;
#4554 = LINE ( 'NONE', #7534, #10243 ) ;
#4555 =( GEOMETRIC_REPRESENTATION_CONTEXT ( 3 ) GLOBAL_UNCERTAINTY_ASSIGNED_CONTEXT ( ( #11936 ) ) GLOBAL_UNIT_ASSIGNED_CONTEXT ( ( #11327, #7017, #5849 ) ) REPRESENTATION_CONTEXT ( 'NONE', 'WORKASPACE' ) );
#4556 =( LENGTH_UNIT ( ) NAMED_UNIT ( * ) SI_UNIT ( .MILLI., .METRE. ) );
#4557 = CARTESIAN_POINT ( 'NONE',  ( -0.8445161764732593834, -3.308365659908373946, 0.9800000000000002043 ) ) ;
#4558 = CARTESIAN_POINT ( 'NONE',  ( -0.8575131504269682958, -3.299007838662481262, 0.9810000000000000941 ) ) ;
#4559 = B_SPLINE_SURFACE_WITH_KNOTS ( 'NONE', 3, 1, ( 
 ( #3467, #7375 ),
 ( #7259, #7203 ),
 ( #11006, #10079 ),
 ( #1691, #10936 ) ),
 .UNSPECIFIED., .F., .F., .F.,
 ( 4, 4 ),
 ( 2, 2 ),
 ( 5.000000000000000000, 6.000000000000000000 ),
 ( 0.0000000000000000000, 1.000000000000000000 ),
 .UNSPECIFIED. ) ;
#4560 = PRESENTATION_LAYER_ASSIGNMENT (  '', '', ( #3005 ) ) ;
#4561 = CARTESIAN_POINT ( 'NONE',  ( -0.4314723442150319443, -3.127031879302791140, 0.9810000000000000941 ) ) ;
#4562 = EDGE_CURVE ( 'NONE', #2585, #10168, #11884, .T. ) ;
#4563 =( GEOMETRIC_REPRESENTATION_CONTEXT ( 3 ) GLOBAL_UNCERTAINTY_ASSIGNED_CONTEXT ( ( #1150 ) ) GLOBAL_UNIT_ASSIGNED_CONTEXT ( ( #5407, #48, #7370 ) ) REPRESENTATION_CONTEXT ( 'NONE', 'WORKASPACE' ) );
#4564 = CARTESIAN_POINT ( 'NONE',  ( -0.6861610458177462846, -3.007771646301291568, 0.9800000000000002043 ) ) ;
#4565 = ORIENTED_EDGE ( 'NONE', *, *, #1657, .T. ) ;
#4566 = AXIS2_PLACEMENT_3D ( 'NONE', #6853, #2194, #4881 ) ;
#4567 = ORIENTED_EDGE ( 'NONE', *, *, #11906, .T. ) ;
#4568 = ADVANCED_FACE ( 'NONE', ( #4723 ), #11602, .F. ) ;
#4569 = CARTESIAN_POINT ( 'NONE',  ( -1.997362169133766852, -2.866952039066210212, 0.9799999999999999822 ) ) ;
#4570 = LINE ( 'NONE', #2802, #7002 ) ;
#4571 = CARTESIAN_POINT ( 'NONE',  ( -0.2546095226514470955, -3.330408527734124657, 0.9810000000000000941 ) ) ;
#4572 = CARTESIAN_POINT ( 'NONE',  ( -0.4607415295606541727, -2.952144597777958790, 0.9810000000000000941 ) ) ;
#4574 = MECHANICAL_DESIGN_GEOMETRIC_PRESENTATION_REPRESENTATION (  '', ( #2622 ), #6529 ) ;
#4573 = CARTESIAN_POINT ( 'NONE',  ( -1.621405532364044610, -3.286288290951770108, 0.9799999999999999822 ) ) ;
#4575 = EDGE_CURVE ( 'NONE', #1081, #3507, #260, .T. ) ;
#4576 = VERTEX_POINT ( 'NONE', #2210 ) ;
#4577 = ADVANCED_FACE ( 'NONE', ( #2269 ), #8709, .F. ) ;
#4578 = VERTEX_POINT ( 'NONE', #4898 ) ;
#4579 = CARTESIAN_POINT ( 'NONE',  ( -0.1633707654932581022, -3.153025827211590304, 0.9810000000000000941 ) ) ;
#4580 = VERTEX_POINT ( 'NONE', #7760 ) ;
#4581 = COLOUR_RGB ( '',0.0000000000000000000, 0.0000000000000000000, 0.0000000000000000000 ) ;
#4582 = ORIENTED_EDGE ( 'NONE', *, *, #71, .T. ) ;
#4583 =( NAMED_UNIT ( * ) SI_UNIT ( $, .STERADIAN. ) SOLID_ANGLE_UNIT ( ) );
#4584 = DIRECTION ( 'NONE',  ( 1.000000000000000000, -0.0000000000000000000, -0.0000000000000000000 ) ) ;
#4585 = SURFACE_SIDE_STYLE ('',( #9175 ) ) ;
#4586 = CARTESIAN_POINT ( 'NONE',  ( -0.8007943560920566251, -3.248059700762786939, 0.9799999999999999822 ) ) ;
#4587 = CARTESIAN_POINT ( 'NONE',  ( -0.9794247661155177642, -2.966389281231902153, 0.9799999999999999822 ) ) ;
#4588 = ORIENTED_EDGE ( 'NONE', *, *, #3274, .F. ) ;
#4589 = CARTESIAN_POINT ( 'NONE',  ( -0.3755333683171586112, -3.330408527734124657, 0.9799999999999999822 ) ) ;
#4590 = CARTESIAN_POINT ( 'NONE',  ( -0.7003537413759326480, -3.356506451434439153, 0.9810000000000000941 ) ) ;
#4591 = CARTESIAN_POINT ( 'NONE',  ( -0.9641403247457498438, -3.312940594740499733, 0.9810000000000000941 ) ) ;
#4592 =( NAMED_UNIT ( * ) SI_UNIT ( $, .STERADIAN. ) SOLID_ANGLE_UNIT ( ) );
#4593 = LINE ( 'NONE', #10344, #7553 ) ;
#4594 = UNCERTAINTY_MEASURE_WITH_UNIT (LENGTH_MEASURE( 1.000000000000000082E-05 ), #7713, 'distance_accuracy_value', 'NONE');
#4595 =( GEOMETRIC_REPRESENTATION_CONTEXT ( 3 ) GLOBAL_UNCERTAINTY_ASSIGNED_CONTEXT ( ( #5596 ) ) GLOBAL_UNIT_ASSIGNED_CONTEXT ( ( #133, #7633, #313 ) ) REPRESENTATION_CONTEXT ( 'NONE', 'WORKASPACE' ) );
#4596 = ORIENTED_EDGE ( 'NONE', *, *, #5682, .T. ) ;
#4597 = FILL_AREA_STYLE ('',( #1590 ) ) ;
#4598 = PLANE ( 'NONE',  #4566 ) ;
#4599 = SURFACE_STYLE_USAGE ( .BOTH. , #10643 ) ;
#4600 = SURFACE_SIDE_STYLE ('',( #9064 ) ) ;
#4601 = FACE_OUTER_BOUND ( 'NONE', #6320, .T. ) ;
#4602 = ORIENTED_EDGE ( 'NONE', *, *, #7594, .F. ) ;
#4603 = SURFACE_SIDE_STYLE ('',( #2716 ) ) ;
#4604 = CARTESIAN_POINT ( 'NONE',  ( -0.7292070235534214850, -2.804394997869956718, 0.9810000000000000941 ) ) ;
#4605 = VERTEX_POINT ( 'NONE', #1282 ) ;
#4606 = CARTESIAN_POINT ( 'NONE',  ( -1.997362169133766852, -2.866952039066210212, 0.9810000000000000941 ) ) ;
#4607 = DIRECTION ( 'NONE',  ( 0.0000000000000000000, 0.0000000000000000000, 1.000000000000000000 ) ) ;
#4608 = VECTOR ( 'NONE', #2791, 1000.000000000000000 ) ;
#4609 = PRESENTATION_STYLE_ASSIGNMENT (( #6638 ) ) ;
#4610 = ORIENTED_EDGE ( 'NONE', *, *, #11019, .F. ) ;
#4611 = LINE ( 'NONE', #4422, #3485 ) ;
#4612 =( LENGTH_UNIT ( ) NAMED_UNIT ( * ) SI_UNIT ( .MILLI., .METRE. ) );
#4613 = FILL_AREA_STYLE ('',( #2533 ) ) ;
#4614 = SURFACE_STYLE_FILL_AREA ( #6451 ) ;
#4615 = CARTESIAN_POINT ( 'NONE',  ( -0.8746691560460573278, -2.836731469066607669, 0.9799999999999999822 ) ) ;
#4616 =( NAMED_UNIT ( * ) PLANE_ANGLE_UNIT ( ) SI_UNIT ( $, .RADIAN. ) );
#4617 = VERTEX_POINT ( 'NONE', #11532 ) ;
#4618 = UNCERTAINTY_MEASURE_WITH_UNIT (LENGTH_MEASURE( 1.000000000000000082E-05 ), #10886, 'distance_accuracy_value', 'NONE');
#4619 = DIRECTION ( 'NONE',  ( -0.0000000000000000000, -0.0000000000000000000, -1.000000000000000000 ) ) ;
#4620 = EDGE_CURVE ( 'NONE', #1047, #2239, #2224, .T. ) ;
#4621 =( NAMED_UNIT ( * ) SI_UNIT ( $, .STERADIAN. ) SOLID_ANGLE_UNIT ( ) );
#4622 = ORIENTED_EDGE ( 'NONE', *, *, #3912, .T. ) ;
#4623 = CARTESIAN_POINT ( 'NONE',  ( -1.964104475242384407, -2.869844010648710864, 0.9810000000000000941 ) ) ;
#4624 = VERTEX_POINT ( 'NONE', #5874 ) ;
#4625 = UNCERTAINTY_MEASURE_WITH_UNIT (LENGTH_MEASURE( 1.000000000000000082E-05 ), #6818, 'distance_accuracy_value', 'NONE');
#4626 = CARTESIAN_POINT ( 'NONE',  ( -1.654663226256120279, -2.749827072733562972, 0.9799999999999999822 ) ) ;
#4627 =( LENGTH_UNIT ( ) NAMED_UNIT ( * ) SI_UNIT ( .MILLI., .METRE. ) );
#4628 =( NAMED_UNIT ( * ) PLANE_ANGLE_UNIT ( ) SI_UNIT ( $, .RADIAN. ) );
#4629 = LINE ( 'NONE', #2551, #8012 ) ;
#4630 = CARTESIAN_POINT ( 'NONE',  ( -0.7461550775894826293, -3.185154346825210148, 0.9799999999999999822 ) ) ;
#4631 = EDGE_LOOP ( 'NONE', ( #7578, #1280, #521, #8334 ) ) ;
#4632 = ADVANCED_FACE ( 'NONE', ( #9631 ), #1228, .F. ) ;
#4633 = DIRECTION ( 'NONE',  ( 1.000000000000000000, -0.0000000000000000000, -0.0000000000000000000 ) ) ;
#4634 = EDGE_CURVE ( 'NONE', #489, #2992, #7893, .T. ) ;
#4635 = SURFACE_STYLE_FILL_AREA ( #899 ) ;
#4636 = ORIENTED_EDGE ( 'NONE', *, *, #3892, .T. ) ;
#4637 = CARTESIAN_POINT ( 'NONE',  ( -0.7003537413759325370, -3.356506451434439153, 0.9800000000000002043 ) ) ;
#4638 = ORIENTED_EDGE ( 'NONE', *, *, #8900, .F. ) ;
#4639 = EDGE_CURVE ( 'NONE', #3411, #7661, #8328, .T. ) ;
#4640 = VECTOR ( 'NONE', #1077, 1000.000000000000000 ) ;
#4641 = ADVANCED_FACE ( 'NONE', ( #9975 ), #7567, .F. ) ;
#4642 = EDGE_LOOP ( 'NONE', ( #9501, #9343, #10820, #5543 ) ) ;
#4643 = SURFACE_SIDE_STYLE ('',( #10393 ) ) ;
#4644 = DIRECTION ( 'NONE',  ( 0.0000000000000000000, 1.000000000000000000, 0.0000000000000000000 ) ) ;
#4645 = CARTESIAN_POINT ( 'NONE',  ( -0.7679380059364522282, -3.266879319047467867, 0.9799999999999999822 ) ) ;
#4646 = SURFACE_STYLE_FILL_AREA ( #2639 ) ;
#4647 = LINE ( 'NONE', #8, #10517 ) ;
#4648 = ORIENTED_EDGE ( 'NONE', *, *, #4201, .F. ) ;
#4649 = LINE ( 'NONE', #11142, #2193 ) ;
#4650 = UNCERTAINTY_MEASURE_WITH_UNIT (LENGTH_MEASURE( 1.000000000000000082E-05 ), #6275, 'distance_accuracy_value', 'NONE');
#4651 =( NAMED_UNIT ( * ) SI_UNIT ( $, .STERADIAN. ) SOLID_ANGLE_UNIT ( ) );
#4652 = FILL_AREA_STYLE_COLOUR ( '', #10504 ) ;
#4653 = CARTESIAN_POINT ( 'NONE',  ( -1.142510795289743974, -2.804394997869956718, 0.9810000000000000941 ) ) ;
#4654 = ORIENTED_EDGE ( 'NONE', *, *, #3152, .F. ) ;
#4655 = ADVANCED_FACE ( 'NONE', ( #2578 ), #11955, .F. ) ;
#4656 = B_SPLINE_SURFACE_WITH_KNOTS ( 'NONE', 3, 1, ( 
 ( #7790, #11571 ),
 ( #1440, #4146 ),
 ( #1448, #9724 ),
 ( #8686, #7789 ) ),
 .UNSPECIFIED., .F., .F., .F.,
 ( 4, 4 ),
 ( 2, 2 ),
 ( 8.000000000000000000, 9.000000000000000000 ),
 ( 0.0000000000000000000, 1.000000000000000000 ),
 .UNSPECIFIED. ) ;
#4657 = CARTESIAN_POINT ( 'NONE',  ( -0.5092982242513865998, -3.007771646301291568, 0.9810000000000000941 ) ) ;
#4658 = PRESENTATION_LAYER_ASSIGNMENT (  '', '', ( #9926 ) ) ;
#4659 = CARTESIAN_POINT ( 'NONE',  ( -1.576579952140586105, -3.241462710728314267, 0.9799999999999999822 ) ) ;
#4660 = CARTESIAN_POINT ( 'NONE',  ( -0.7895129826997018263, -3.202518304027323737, 0.9810000000000000941 ) ) ;
#4661 =( GEOMETRIC_REPRESENTATION_CONTEXT ( 3 ) GLOBAL_UNCERTAINTY_ASSIGNED_CONTEXT ( ( #1636 ) ) GLOBAL_UNIT_ASSIGNED_CONTEXT ( ( #6966, #3053, #11573 ) ) REPRESENTATION_CONTEXT ( 'NONE', 'WORKASPACE' ) );
#4662 = ORIENTED_EDGE ( 'NONE', *, *, #5095, .F. ) ;
#4663 = FILL_AREA_STYLE_COLOUR ( '', #3878 ) ;
#4664 = CARTESIAN_POINT ( 'NONE',  ( -1.369803797780998034, -2.965279155633430808, 0.9800000000000002043 ) ) ;
#4665 = COLOUR_RGB ( '',0.0000000000000000000, 0.0000000000000000000, 0.0000000000000000000 ) ;
#4666 =( GEOMETRIC_REPRESENTATION_CONTEXT ( 3 ) GLOBAL_UNCERTAINTY_ASSIGNED_CONTEXT ( ( #2660 ) ) GLOBAL_UNIT_ASSIGNED_CONTEXT ( ( #5364, #6407, #10025 ) ) REPRESENTATION_CONTEXT ( 'NONE', 'WORKASPACE' ) );
#4667 = CARTESIAN_POINT ( 'NONE',  ( -1.995916176447512402, -2.953711186560602719, 0.9810000000000000941 ) ) ;
#4668 = VERTEX_POINT ( 'NONE', #6618 ) ;
#4669 = CARTESIAN_POINT ( 'NONE',  ( -1.142510795289743974, -3.127031879302791140, 0.9810000000000000941 ) ) ;
#4670 = CARTESIAN_POINT ( 'NONE',  ( -1.142510795289743974, -2.804394997869956718, 0.9810000000000000941 ) ) ;
#4671 = PRESENTATION_STYLE_ASSIGNMENT (( #147 ) ) ;
#4672 = SURFACE_STYLE_FILL_AREA ( #6575 ) ;
#4673 = ORIENTED_EDGE ( 'NONE', *, *, #11969, .T. ) ;
#4674 = PRESENTATION_LAYER_ASSIGNMENT (  '', '', ( #956 ) ) ;
#4675 = CARTESIAN_POINT ( 'NONE',  ( -0.9095530341389380657, -3.181827121492629473, 0.9799999999999999822 ) ) ;
#4676 = CARTESIAN_POINT ( 'NONE',  ( -2.055201697326993315, -3.328221885802723268, 0.9799999999999999822 ) ) ;
#4677 = ORIENTED_EDGE ( 'NONE', *, *, #3948, .F. ) ;
#4678 = CARTESIAN_POINT ( 'NONE',  ( -1.523078415797519458, -3.017334699289550226, 0.9799999999999999822 ) ) ;
#4679 = ORIENTED_EDGE ( 'NONE', *, *, #2028, .T. ) ;
#4680 = B_SPLINE_CURVE_WITH_KNOTS ( 'NONE', 3,
 ( #6689, #10356, #4954, #10530 ),
 .UNSPECIFIED., .F., .F.,
 ( 4, 4 ),
 ( 24.00000000000000000, 25.00000000000000000 ),
 .UNSPECIFIED. ) ;
#4681 = CARTESIAN_POINT ( 'NONE',  ( -0.9804645240313444310, -3.302023136619138377, 0.9810000000000000941 ) ) ;
#4682 = CARTESIAN_POINT ( 'NONE',  ( -0.7245801008262332532, -3.007771646301291568, 0.9800000000000002043 ) ) ;
#4683 = FACE_OUTER_BOUND ( 'NONE', #9773, .T. ) ;
#4684 = COLOUR_RGB ( '',0.0000000000000000000, 0.0000000000000000000, 0.0000000000000000000 ) ;
#4685 = EDGE_CURVE ( 'NONE', #3704, #3768, #11152, .T. ) ;
#4686 = EDGE_LOOP ( 'NONE', ( #4975, #7296, #8991, #5595 ) ) ;
#4687 = EDGE_CURVE ( 'NONE', #9276, #6742, #8302, .T. ) ;
#4688 = ORIENTED_EDGE ( 'NONE', *, *, #2172, .F. ) ;
#4689 = EDGE_CURVE ( 'NONE', #8493, #4795, #2019, .T. ) ;
#4690 = DIRECTION ( 'NONE',  ( -0.0000000000000000000, -1.000000000000000000, -0.0000000000000000000 ) ) ;
#4691 = CARTESIAN_POINT ( 'NONE',  ( -0.7594119910226668768, -3.304206628243687938, 0.9799999999999999822 ) ) ;
#4692 = LINE ( 'NONE', #9491, #782 ) ;
#4693 = FACE_OUTER_BOUND ( 'NONE', #7782, .T. ) ;
#4694 = FACE_OUTER_BOUND ( 'NONE', #9544, .T. ) ;
#4695 = ORIENTED_EDGE ( 'NONE', *, *, #9433, .T. ) ;
#4696 =( LENGTH_UNIT ( ) NAMED_UNIT ( * ) SI_UNIT ( .MILLI., .METRE. ) );
#4697 = CARTESIAN_POINT ( 'NONE',  ( -0.8573571867396971857, -3.224353220270048226, 0.9810000000000000941 ) ) ;
#4698 = CARTESIAN_POINT ( 'NONE',  ( -1.917832874751957517, -3.135905575568395331, 0.9810000000000000941 ) ) ;
#4699 = FILL_AREA_STYLE ('',( #4029 ) ) ;
#4700 = EDGE_CURVE ( 'NONE', #4450, #11475, #1790, .T. ) ;
#4701 = FACE_OUTER_BOUND ( 'NONE', #11037, .T. ) ;
#4702 =( GEOMETRIC_REPRESENTATION_CONTEXT ( 3 ) GLOBAL_UNCERTAINTY_ASSIGNED_CONTEXT ( ( #4446 ) ) GLOBAL_UNIT_ASSIGNED_CONTEXT ( ( #8021, #2485, #1561 ) ) REPRESENTATION_CONTEXT ( 'NONE', 'WORKASPACE' ) );
#4703 = VECTOR ( 'NONE', #8630, 1000.000000000000000 ) ;
#4704 = UNCERTAINTY_MEASURE_WITH_UNIT (LENGTH_MEASURE( 1.000000000000000082E-05 ), #7413, 'distance_accuracy_value', 'NONE');
#4705 = STYLED_ITEM ( 'NONE', ( #11338 ), #5462 ) ;
#4706 = VERTEX_POINT ( 'NONE', #10232 ) ;
#4707 = SURFACE_STYLE_FILL_AREA ( #974 ) ;
#4708 = STYLED_ITEM ( 'NONE', ( #6882 ), #904 ) ;
#4709 = DIRECTION ( 'NONE',  ( -0.0000000000000000000, 0.0000000000000000000, -1.000000000000000000 ) ) ;
#4710 = CARTESIAN_POINT ( 'NONE',  ( -1.397277520925285899, -3.303640092870908873, 0.9799999999999999822 ) ) ;
#4711 = CARTESIAN_POINT ( 'NONE',  ( -0.9445408880226360271, -3.181827121492629473, 0.9810000000000000941 ) ) ;
#4712 = CARTESIAN_POINT ( 'NONE',  ( -0.1006213752429521158, -3.330408527734124657, 0.9810000000000000941 ) ) ;
#4713 =( NAMED_UNIT ( * ) SI_UNIT ( $, .STERADIAN. ) SOLID_ANGLE_UNIT ( ) );
#4714 = COLOUR_RGB ( '',0.0000000000000000000, 0.0000000000000000000, 0.0000000000000000000 ) ;
#4715 = ORIENTED_EDGE ( 'NONE', *, *, #7942, .F. ) ;
#4716 = LINE ( 'NONE', #5985, #6682 ) ;
#4717 = CARTESIAN_POINT ( 'NONE',  ( -0.3734538524855118280, -3.127031879302791140, 0.9810000000000000941 ) ) ;
#4718 = CARTESIAN_POINT ( 'NONE',  ( -1.026941702891116748, -2.940395333324490768, 0.9810000000000000941 ) ) ;
#4719 = EDGE_CURVE ( 'NONE', #9850, #5870, #3738, .T. ) ;
#4720 = CARTESIAN_POINT ( 'NONE',  ( -0.8895376942497728034, -2.983233359476450630, 0.9800000000000002043 ) ) ;
#4721 = MECHANICAL_DESIGN_GEOMETRIC_PRESENTATION_REPRESENTATION (  '', ( #623 ), #9022 ) ;
#4722 = STYLED_ITEM ( 'NONE', ( #9021 ), #10027 ) ;
#4723 = FACE_OUTER_BOUND ( 'NONE', #827, .T. ) ;
#4724 = ORIENTED_EDGE ( 'NONE', *, *, #1244, .T. ) ;
#4725 = DIRECTION ( 'NONE',  ( -0.0000000000000000000, -0.0000000000000000000, -1.000000000000000000 ) ) ;
#4726 = CARTESIAN_POINT ( 'NONE',  ( -1.570796036554218844, -3.242908675834546894, 0.9810000000000000941 ) ) ;
#4727 =( NAMED_UNIT ( * ) SI_UNIT ( $, .STERADIAN. ) SOLID_ANGLE_UNIT ( ) );
#4728 = EDGE_CURVE ( 'NONE', #10285, #4580, #77, .T. ) ;
#4729 = EDGE_LOOP ( 'NONE', ( #6849, #10557, #11716, #2325 ) ) ;
#4730 = COLOUR_RGB ( '',0.0000000000000000000, 0.0000000000000000000, 0.0000000000000000000 ) ;
#4731 = CARTESIAN_POINT ( 'NONE',  ( -1.310518290691525589, -3.041916492221364621, 0.9810000000000000941 ) ) ;
#4732 = FILL_AREA_STYLE_COLOUR ( '', #8351 ) ;
#4733 = CARTESIAN_POINT ( 'NONE',  ( -0.7409043001118278404, -3.374078360219573192, 0.9810000000000000941 ) ) ;
#4734 = PLANE ( 'NONE',  #10349 ) ;
#4735 = EDGE_LOOP ( 'NONE', ( #173, #100, #7989, #5794, #1898, #108, #10449 ) ) ;
#4736 = UNCERTAINTY_MEASURE_WITH_UNIT (LENGTH_MEASURE( 1.000000000000000082E-05 ), #7265, 'distance_accuracy_value', 'NONE');
#4737 = CARTESIAN_POINT ( 'NONE',  ( -2.170880670972001436, -3.258814512647445039, 0.9799999999999999822 ) ) ;
#4738 = MECHANICAL_DESIGN_GEOMETRIC_PRESENTATION_REPRESENTATION (  '', ( #2390 ), #7838 ) ;
#4739 = CARTESIAN_POINT ( 'NONE',  ( -0.8575131504269682958, -3.325313713944427985, 0.9800000000000002043 ) ) ;
#4740 = DIRECTION ( 'NONE',  ( -0.0000000000000000000, 1.000000000000000000, -0.0000000000000000000 ) ) ;
#4741 = CARTESIAN_POINT ( 'NONE',  ( -0.7866536484303175980, -3.329992624568071768, 0.9800000000000002043 ) ) ;
#4742 =( NAMED_UNIT ( * ) SI_UNIT ( $, .STERADIAN. ) SOLID_ANGLE_UNIT ( ) );
#4743 =( NAMED_UNIT ( * ) PLANE_ANGLE_UNIT ( ) SI_UNIT ( $, .RADIAN. ) );
#4744 =( GEOMETRIC_REPRESENTATION_CONTEXT ( 3 ) GLOBAL_UNCERTAINTY_ASSIGNED_CONTEXT ( ( #10826 ) ) GLOBAL_UNIT_ASSIGNED_CONTEXT ( ( #5786, #2995, #1141 ) ) REPRESENTATION_CONTEXT ( 'NONE', 'WORKASPACE' ) );
#4745 = B_SPLINE_SURFACE_WITH_KNOTS ( 'NONE', 3, 1, ( 
 ( #10019, #3469 ),
 ( #1569, #4442 ),
 ( #5256, #8141 ),
 ( #5306, #2365 ),
 ( #6093, #9037 ),
 ( #10081, #7205 ),
 ( #10940, #11932 ) ),
 .UNSPECIFIED., .F., .F., .F.,
 ( 4, 3, 4 ),
 ( 2, 2 ),
 ( 0.0000000000000000000, 1.000000000000000000, 2.000000000000000000 ),
 ( 0.0000000000000000000, 1.000000000000000000 ),
 .UNSPECIFIED. ) ;
#4746 = COLOUR_RGB ( '',0.9686274509803921573, 0.8784313725490195957, 0.5999999999999999778 ) ;
#4747 = CARTESIAN_POINT ( 'NONE',  ( -0.7921123774909988313, -3.279564365627333444, 0.9799999999999999822 ) ) ;
#4748 = ORIENTED_EDGE ( 'NONE', *, *, #1818, .F. ) ;
#4749 = ORIENTED_EDGE ( 'NONE', *, *, #11969, .F. ) ;
#4750 = MECHANICAL_DESIGN_GEOMETRIC_PRESENTATION_REPRESENTATION (  '', ( #1826 ), #9059 ) ;
#4751 = FILL_AREA_STYLE_COLOUR ( '', #74 ) ;
#4752 = CARTESIAN_POINT ( 'NONE',  ( -0.6728001565930521455, -3.294536879621864589, 0.9810000000000000941 ) ) ;
#4753 = VECTOR ( 'NONE', #4498, 1000.000000000000000 ) ;
#4754 = CARTESIAN_POINT ( 'NONE',  ( -0.9945532437980214580, -3.220090212813853547, 0.9799999999999999822 ) ) ;
#4755 = ORIENTED_EDGE ( 'NONE', *, *, #2395, .F. ) ;
#4756 = UNCERTAINTY_MEASURE_WITH_UNIT (LENGTH_MEASURE( 1.000000000000000082E-05 ), #3967, 'distance_accuracy_value', 'NONE');
#4757 = PRESENTATION_STYLE_ASSIGNMENT (( #10400 ) ) ;
#4758 = SURFACE_STYLE_USAGE ( .BOTH. , #2007 ) ;
#4759 = CARTESIAN_POINT ( 'NONE',  ( 7.500000000000000000, 3.799999999999999822, 0.4799999999999981504 ) ) ;
#4760 = SURFACE_SIDE_STYLE ('',( #9434 ) ) ;
#4761 = EDGE_CURVE ( 'NONE', #198, #2654, #5747, .T. ) ;
#4762 = ADVANCED_FACE ( 'NONE', ( #10409 ), #11335, .F. ) ;
#4763 = ORIENTED_EDGE ( 'NONE', *, *, #6365, .T. ) ;
#4764 = VECTOR ( 'NONE', #10834, 1000.000000000000000 ) ;
#4765 = SURFACE_SIDE_STYLE ('',( #6616 ) ) ;
#4766 = CARTESIAN_POINT ( 'NONE',  ( -0.6049559525544373484, -2.827789550986767431, 0.9800000000000002043 ) ) ;
#4767 = CARTESIAN_POINT ( 'NONE',  ( -0.9486999196880161467, -2.987808294308576418, 0.9810000000000000941 ) ) ;
#4768 = FACE_OUTER_BOUND ( 'NONE', #8091, .T. ) ;
#4769 = FILL_AREA_STYLE_COLOUR ( '', #7252 ) ;
#4770 = CARTESIAN_POINT ( 'NONE',  ( -0.4207628376780845891, -2.841306403898733013, 0.9800000000000002043 ) ) ;
#4771 = VERTEX_POINT ( 'NONE', #4657 ) ;
#4772 = FILL_AREA_STYLE_COLOUR ( '', #6942 ) ;
#4773 =( NAMED_UNIT ( * ) SI_UNIT ( $, .STERADIAN. ) SOLID_ANGLE_UNIT ( ) );
#4774 = FILL_AREA_STYLE ('',( #9623 ) ) ;
#4775 = PRESENTATION_LAYER_ASSIGNMENT (  '', '', ( #3030 ) ) ;
#4776 = COLOUR_RGB ( '',0.0000000000000000000, 0.0000000000000000000, 0.0000000000000000000 ) ;
#4777 = CARTESIAN_POINT ( 'NONE',  ( -0.8007943560920566251, -3.248059700762786939, 0.9799999999999999822 ) ) ;
#4778 = ADVANCED_FACE ( 'NONE', ( #915 ), #4598, .F. ) ;
#4779 = CARTESIAN_POINT ( 'NONE',  ( 3.623086578651010026, 3.799999999999999822, 0.7800000000000005818 ) ) ;
#4780 = CARTESIAN_POINT ( 'NONE',  ( -0.9993881181082362453, -2.882792744759634651, 0.9810000000000000941 ) ) ;
#4781 = VERTEX_POINT ( 'NONE', #10591 ) ;
#4782 = ADVANCED_FACE ( 'NONE', ( #6042, #8624 ), #366, .T. ) ;
#4783 = DIRECTION ( 'NONE',  ( 1.000000000000000000, 0.0000000000000000000, 0.0000000000000000000 ) ) ;
#4784 = ADVANCED_FACE ( 'NONE', ( #3242 ), #9790, .F. ) ;
#4785 = CARTESIAN_POINT ( 'NONE',  ( -0.5716836992313939492, -2.998309849262499771, 0.9810000000000000941 ) ) ;
#4786 = SURFACE_STYLE_FILL_AREA ( #9463 ) ;
#4787 = CARTESIAN_POINT ( 'NONE',  ( -0.1673218455763031964, -3.167270510664148553, 0.9810000000000000941 ) ) ;
#4788 = CARTESIAN_POINT ( 'NONE',  ( -1.995916176447512402, -2.953711186560602719, 0.9810000000000000941 ) ) ;
#4789 = EDGE_LOOP ( 'NONE', ( #3579, #9612, #5950, #1543 ) ) ;
#4790 = CARTESIAN_POINT ( 'NONE',  ( -0.8348464278514439174, -3.260120892592178077, 0.9800000000000002043 ) ) ;
#4791 = CARTESIAN_POINT ( 'NONE',  ( -1.949644631116431270, -3.227002839023036085, 0.9810000000000000941 ) ) ;
#4792 = LINE ( 'NONE', #944, #4368 ) ;
#4793 = MECHANICAL_DESIGN_GEOMETRIC_PRESENTATION_REPRESENTATION (  '', ( #7717 ), #2453 ) ;
#4794 = CARTESIAN_POINT ( 'NONE',  ( -0.2965637545741610093, -3.153961609335209193, 0.9810000000000000941 ) ) ;
#4795 = VERTEX_POINT ( 'NONE', #6282 ) ;
#4796 = CARTESIAN_POINT ( 'NONE',  ( -0.9181830248442337528, -3.307949756742321057, 0.9810000000000000941 ) ) ;
#4797 = CARTESIAN_POINT ( 'NONE',  ( 2.675735931288065306, 3.799999999999999822, 0.1999999999999999833 ) ) ;
#4798 = SURFACE_STYLE_FILL_AREA ( #7605 ) ;
#4799 =( LENGTH_UNIT ( ) NAMED_UNIT ( * ) SI_UNIT ( .MILLI., .METRE. ) );
#4800 = CARTESIAN_POINT ( 'NONE',  ( -1.116256907902850815, -2.984585044767507966, 0.9800000000000002043 ) ) ;
#4801 = DIRECTION ( 'NONE',  ( -0.0000000000000000000, 1.000000000000000000, -0.0000000000000000000 ) ) ;
#4802 = ORIENTED_EDGE ( 'NONE', *, *, #8168, .F. ) ;
#4803 = ORIENTED_EDGE ( 'NONE', *, *, #540, .F. ) ;
#4804 = DIRECTION ( 'NONE',  ( -0.0000000000000000000, 0.0000000000000000000, -1.000000000000000000 ) ) ;
#4805 = CARTESIAN_POINT ( 'NONE',  ( -1.773234185274330743, -3.281950285312991156, 0.9799999999999999822 ) ) ;
#4806 =( LENGTH_UNIT ( ) NAMED_UNIT ( * ) SI_UNIT ( .MILLI., .METRE. ) );
#4807 = DIRECTION ( 'NONE',  ( 0.0000000000000000000, 1.000000000000000000, -0.0000000000000000000 ) ) ;
#4808 = ORIENTED_EDGE ( 'NONE', *, *, #7478, .T. ) ;
#4809 = CARTESIAN_POINT ( 'NONE',  ( -0.3152274091715781545, -3.286010864708079460, 0.9800000000000002043 ) ) ;
#4810 = CARTESIAN_POINT ( 'NONE',  ( -0.6765952729874400440, -3.306286144076720390, 0.9810000000000000941 ) ) ;
#4811 = CARTESIAN_POINT ( 'NONE',  ( -1.452225022375277952, -2.939251397593995563, 0.9810000000000000941 ) ) ;
#4812 = SURFACE_STYLE_USAGE ( .BOTH. , #2013 ) ;
#4813 = UNCERTAINTY_MEASURE_WITH_UNIT (LENGTH_MEASURE( 1.000000000000000082E-05 ), #805, 'distance_accuracy_value', 'NONE');
#4814 = ORIENTED_EDGE ( 'NONE', *, *, #3867, .T. ) ;
#4815 = VECTOR ( 'NONE', #8333, 1000.000000000000000 ) ;
#4816 = CARTESIAN_POINT ( 'NONE',  ( 3.623086578651010914, 3.799999999999999822, 0.4800000000000005929 ) ) ;
#4817 = DIRECTION ( 'NONE',  ( -1.000000000000000000, -0.0000000000000000000, -0.0000000000000000000 ) ) ;
#4818 = FILL_AREA_STYLE ('',( #10350 ) ) ;
#4819 = CARTESIAN_POINT ( 'NONE',  ( -1.567904051181016722, -3.242908675834546894, 0.9799999999999999822 ) ) ;
#4820 = FILL_AREA_STYLE_COLOUR ( '', #1507 ) ;
#4821 = VERTEX_POINT ( 'NONE', #7151 ) ;
#4822 = SURFACE_STYLE_FILL_AREA ( #9561 ) ;
#4823 = CARTESIAN_POINT ( 'NONE',  ( -0.8181063253984089956, -3.333839728858221996, 0.9810000000000000941 ) ) ;
#4824 = DIRECTION ( 'NONE',  ( -0.0000000000000000000, -0.0000000000000000000, -1.000000000000000000 ) ) ;
#4825 = PRESENTATION_STYLE_ASSIGNMENT (( #2139 ) ) ;
#4826 = SURFACE_STYLE_USAGE ( .BOTH. , #1107 ) ;
#4827 = EDGE_CURVE ( 'NONE', #7147, #11276, #8944, .T. ) ;
#4828 =( GEOMETRIC_REPRESENTATION_CONTEXT ( 3 ) GLOBAL_UNCERTAINTY_ASSIGNED_CONTEXT ( ( #1833 ) ) GLOBAL_UNIT_ASSIGNED_CONTEXT ( ( #5196, #7793, #2431 ) ) REPRESENTATION_CONTEXT ( 'NONE', 'WORKASPACE' ) );
#4829 = B_SPLINE_CURVE_WITH_KNOTS ( 'NONE', 3,
 ( #7792, #6033, #1384, #3540 ),
 .UNSPECIFIED., .F., .F.,
 ( 4, 4 ),
 ( 1.000000000000000000, 2.000000000000000000 ),
 .UNSPECIFIED. ) ;
#4830 = VECTOR ( 'NONE', #9368, 1000.000000000000000 ) ;
#4831 = PRESENTATION_LAYER_ASSIGNMENT (  '', '', ( #8343 ) ) ;
#4832 = DIRECTION ( 'NONE',  ( 0.3667976789509255764, 0.9303007377811831624, -0.0000000000000000000 ) ) ;
#4833 = ORIENTED_EDGE ( 'NONE', *, *, #5460, .F. ) ;
#4834 = LINE ( 'NONE', #4669, #11787 ) ;
#4835 = ADVANCED_FACE ( 'NONE', ( #3419 ), #721, .F. ) ;
#4836 = EDGE_CURVE ( 'NONE', #7270, #9954, #667, .T. ) ;
#4837 = DIRECTION ( 'NONE',  ( -0.0000000000000000000, -0.0000000000000000000, -1.000000000000000000 ) ) ;
#4838 = SURFACE_SIDE_STYLE ('',( #3080 ) ) ;
#4839 = EDGE_LOOP ( 'NONE', ( #5700, #3301, #9907, #11232 ) ) ;
#4840 = B_SPLINE_SURFACE_WITH_KNOTS ( 'NONE', 3, 1, ( 
 ( #1767, #178 ),
 ( #8415, #8488 ),
 ( #10397, #7396 ),
 ( #9543, #6485 ) ),
 .UNSPECIFIED., .F., .F., .F.,
 ( 4, 4 ),
 ( 2, 2 ),
 ( 12.00000000000000000, 13.00000000000000000 ),
 ( 0.0000000000000000000, 1.000000000000000000 ),
 .UNSPECIFIED. ) ;
#4841 = SURFACE_STYLE_USAGE ( .BOTH. , #9524 ) ;
#4842 = DIRECTION ( 'NONE',  ( -1.000000000000000000, -0.0000000000000000000, -0.0000000000000000000 ) ) ;
#4843 = MECHANICAL_DESIGN_GEOMETRIC_PRESENTATION_REPRESENTATION (  '', ( #8767 ), #937 ) ;
#4844 =( GEOMETRIC_REPRESENTATION_CONTEXT ( 3 ) GLOBAL_UNCERTAINTY_ASSIGNED_CONTEXT ( ( #2823 ) ) GLOBAL_UNIT_ASSIGNED_CONTEXT ( ( #9402, #7656, #3881 ) ) REPRESENTATION_CONTEXT ( 'NONE', 'WORKASPACE' ) );
#4845 = STYLED_ITEM ( 'NONE', ( #478 ), #7013 ) ;
#4846 = DIRECTION ( 'NONE',  ( 0.0000000000000000000, 0.0000000000000000000, -1.000000000000000000 ) ) ;
#4847 = STYLED_ITEM ( 'NONE', ( #9044 ), #4055 ) ;
#4848 = ADVANCED_FACE ( 'NONE', ( #8036 ), #8928, .F. ) ;
#4849 = CARTESIAN_POINT ( 'NONE',  ( -1.726962584784596855, -2.749827072733562972, 0.9810000000000000941 ) ) ;
#4850 = CARTESIAN_POINT ( 'NONE',  ( -0.7921123774909988313, -3.279564365627333444, 0.9810000000000000941 ) ) ;
#4851 = EDGE_LOOP ( 'NONE', ( #7971, #10905, #2114, #290 ) ) ;
#4852 = ORIENTED_EDGE ( 'NONE', *, *, #5169, .F. ) ;
#4853 = MECHANICAL_DESIGN_GEOMETRIC_PRESENTATION_REPRESENTATION (  '', ( #10151 ), #4279 ) ;
#4854 = UNCERTAINTY_MEASURE_WITH_UNIT (LENGTH_MEASURE( 1.000000000000000082E-05 ), #8419, 'distance_accuracy_value', 'NONE');
#4855 = CYLINDRICAL_SURFACE ( 'NONE', #5321, 0.3000000000000006550 ) ;
#4856 = CARTESIAN_POINT ( 'NONE',  ( -0.9829079551346840971, -3.289442065832175466, 0.9810000000000000941 ) ) ;
#4857 = SURFACE_STYLE_USAGE ( .BOTH. , #4979 ) ;
#4858 = CARTESIAN_POINT ( 'NONE',  ( -0.5205795976444335116, -2.873330947722228856, 0.9810000000000000941 ) ) ;
#4859 = LINE ( 'NONE', #9480, #6189 ) ;
#4860 = B_SPLINE_CURVE_WITH_KNOTS ( 'NONE', 3,
 ( #1572, #7970, #11938, #1508 ),
 .UNSPECIFIED., .F., .F.,
 ( 4, 4 ),
 ( 4.000000000000000000, 5.000000000000000000 ),
 .UNSPECIFIED. ) ;
#4861 = CARTESIAN_POINT ( 'NONE',  ( 3.623086578651010914, -3.799999999999999822, 0.4800000000000005929 ) ) ;
#4862 = EDGE_CURVE ( 'NONE', #9016, #5633, #4275, .T. ) ;
#4863 = DIRECTION ( 'NONE',  ( 0.0000000000000000000, -1.000000000000000000, 0.0000000000000000000 ) ) ;
#4864 = SURFACE_STYLE_USAGE ( .BOTH. , #1136 ) ;
#4865 = EDGE_LOOP ( 'NONE', ( #9028, #2521, #8016, #137 ) ) ;
#4866 = VERTEX_POINT ( 'NONE', #2436 ) ;
#4867 = CARTESIAN_POINT ( 'NONE',  ( -0.9761495286786930903, -3.271038350713540321, 0.9800000000000002043 ) ) ;
#4868 = CARTESIAN_POINT ( 'NONE',  ( -0.9761495286786930903, -3.271038350713540321, 0.9810000000000000941 ) ) ;
#4869 = VECTOR ( 'NONE', #11009, 1000.000000000000000 ) ;
#4870 = CARTESIAN_POINT ( 'NONE',  ( -0.7311305756984967097, -3.376989682386107194, 0.9810000000000000941 ) ) ;
#4871 = ORIENTED_EDGE ( 'NONE', *, *, #7903, .F. ) ;
#4872 = CARTESIAN_POINT ( 'NONE',  ( -0.5205795976444335116, -2.903483927294328915, 0.9810000000000000941 ) ) ;
#4873 = PRESENTATION_STYLE_ASSIGNMENT (( #1316 ) ) ;
#4874 = LINE ( 'NONE', #11328, #1214 ) ;
#4875 = DIRECTION ( 'NONE',  ( 0.3559357243698768603, 0.9345104387417462188, 0.0000000000000000000 ) ) ;
#4876 = ORIENTED_EDGE ( 'NONE', *, *, #3597, .F. ) ;
#4877 =( GEOMETRIC_REPRESENTATION_CONTEXT ( 3 ) GLOBAL_UNCERTAINTY_ASSIGNED_CONTEXT ( ( #6466 ) ) GLOBAL_UNIT_ASSIGNED_CONTEXT ( ( #3584, #7535, #2787 ) ) REPRESENTATION_CONTEXT ( 'NONE', 'WORKASPACE' ) );
#4878 =( LENGTH_UNIT ( ) NAMED_UNIT ( * ) SI_UNIT ( .MILLI., .METRE. ) );
#4879 =( GEOMETRIC_REPRESENTATION_CONTEXT ( 3 ) GLOBAL_UNCERTAINTY_ASSIGNED_CONTEXT ( ( #10370 ) ) GLOBAL_UNIT_ASSIGNED_CONTEXT ( ( #9478, #2981, #9591 ) ) REPRESENTATION_CONTEXT ( 'NONE', 'WORKASPACE' ) );
#4880 =( GEOMETRIC_REPRESENTATION_CONTEXT ( 3 ) GLOBAL_UNCERTAINTY_ASSIGNED_CONTEXT ( ( #2127 ) ) GLOBAL_UNIT_ASSIGNED_CONTEXT ( ( #7999, #456, #1476 ) ) REPRESENTATION_CONTEXT ( 'NONE', 'WORKASPACE' ) );
#4881 = DIRECTION ( 'NONE',  ( 0.8863488427958614579, 0.4630180653866943219, 0.0000000000000000000 ) ) ;
#4882 = SURFACE_STYLE_FILL_AREA ( #4818 ) ;
#4883 = CARTESIAN_POINT ( 'NONE',  ( -1.398723541192248954, -3.130121687562049448, 0.9799999999999999822 ) ) ;
#4884 = CARTESIAN_POINT ( 'NONE',  ( -0.1611872738687085138, -3.164463164290519437, 0.9800000000000002043 ) ) ;
#4885 =( NAMED_UNIT ( * ) SI_UNIT ( $, .STERADIAN. ) SOLID_ANGLE_UNIT ( ) );
#4886 = CARTESIAN_POINT ( 'NONE',  ( -1.033128262493087535, -3.307221926200337059, 0.9810000000000000941 ) ) ;
#4887 = ORIENTED_EDGE ( 'NONE', *, *, #7098, .T. ) ;
#4888 = LINE ( 'NONE', #922, #6733 ) ;
#4889 = PRESENTATION_STYLE_ASSIGNMENT (( #4956 ) ) ;
#4890 =( GEOMETRIC_REPRESENTATION_CONTEXT ( 3 ) GLOBAL_UNCERTAINTY_ASSIGNED_CONTEXT ( ( #6922 ) ) GLOBAL_UNIT_ASSIGNED_CONTEXT ( ( #3064, #9619, #4885 ) ) REPRESENTATION_CONTEXT ( 'NONE', 'WORKASPACE' ) );
#4891 =( NAMED_UNIT ( * ) SI_UNIT ( $, .STERADIAN. ) SOLID_ANGLE_UNIT ( ) );
#4892 = MECHANICAL_DESIGN_GEOMETRIC_PRESENTATION_REPRESENTATION (  '', ( #4312 ), #5868 ) ;
#4893 = B_SPLINE_CURVE_WITH_KNOTS ( 'NONE', 3,
 ( #163, #9348, #11434, #2107 ),
 .UNSPECIFIED., .F., .F.,
 ( 4, 4 ),
 ( 28.00000000000000000, 29.00000000000000000 ),
 .UNSPECIFIED. ) ;
#4894 = CARTESIAN_POINT ( 'NONE',  ( -0.7244761250340311376, -3.398824598628831239, 0.9799999999999999822 ) ) ;
#4895 = ORIENTED_EDGE ( 'NONE', *, *, #7210, .T. ) ;
#4896 =( GEOMETRIC_REPRESENTATION_CONTEXT ( 3 ) GLOBAL_UNCERTAINTY_ASSIGNED_CONTEXT ( ( #7022 ) ) GLOBAL_UNIT_ASSIGNED_CONTEXT ( ( #1393, #9791, #11699 ) ) REPRESENTATION_CONTEXT ( 'NONE', 'WORKASPACE' ) );
#4897 =( GEOMETRIC_REPRESENTATION_CONTEXT ( 3 ) GLOBAL_UNCERTAINTY_ASSIGNED_CONTEXT ( ( #2921 ) ) GLOBAL_UNIT_ASSIGNED_CONTEXT ( ( #7681, #123, #6785 ) ) REPRESENTATION_CONTEXT ( 'NONE', 'WORKASPACE' ) );
#4898 = CARTESIAN_POINT ( 'NONE',  ( -0.4802889783873196539, -3.007771646301291568, 0.9810000000000000941 ) ) ;
#4899 = ORIENTED_EDGE ( 'NONE', *, *, #2857, .F. ) ;
#4900 = CARTESIAN_POINT ( 'NONE',  ( -0.9181830248442339748, -3.307949756742320613, 0.9799999999999999822 ) ) ;
#4901 = CARTESIAN_POINT ( 'NONE',  ( -2.675735931288069303, 3.799999999999999822, 0.9799999999999999822 ) ) ;
#4902 =( NAMED_UNIT ( * ) SI_UNIT ( $, .STERADIAN. ) SOLID_ANGLE_UNIT ( ) );
#4903 = CARTESIAN_POINT ( 'NONE',  ( -0.9095530341389380657, -3.181827121492629473, 0.9810000000000000941 ) ) ;
#4904 = ORIENTED_EDGE ( 'NONE', *, *, #3519, .T. ) ;
#4905 = EDGE_CURVE ( 'NONE', #1686, #4258, #9539, .T. ) ;
#4906 = COLOUR_RGB ( '',0.0000000000000000000, 0.0000000000000000000, 0.0000000000000000000 ) ;
#4907 = VECTOR ( 'NONE', #1300, 1000.000000000000000 ) ;
#4908 = EDGE_CURVE ( 'NONE', #4605, #1390, #8877, .T. ) ;
#4909 = ADVANCED_FACE ( 'NONE', ( #1018 ), #2934, .F. ) ;
#4910 =( NAMED_UNIT ( * ) SI_UNIT ( $, .STERADIAN. ) SOLID_ANGLE_UNIT ( ) );
#4911 = ORIENTED_EDGE ( 'NONE', *, *, #9424, .F. ) ;
#4912 = EDGE_LOOP ( 'NONE', ( #5246, #2136, #2584, #6410 ) ) ;
#4913 = PRESENTATION_LAYER_ASSIGNMENT (  '', '', ( #1599 ) ) ;
#4914 = PLANE ( 'NONE',  #3179 ) ;
#4915 = ADVANCED_FACE ( 'NONE', ( #6411 ), #8410, .F. ) ;
#4916 = CARTESIAN_POINT ( 'NONE',  ( -0.9829079551346840971, -3.296408443870491478, 0.9810000000000000941 ) ) ;
#4917 = CARTESIAN_POINT ( 'NONE',  ( -2.053755663270016463, -3.231340734341733967, 0.9810000000000000941 ) ) ;
#4918 = VECTOR ( 'NONE', #4690, 1000.000000000000000 ) ;
#4919 = PRESENTATION_LAYER_ASSIGNMENT (  '', '', ( #4536 ) ) ;
#4920 = LINE ( 'NONE', #1008, #7067 ) ;
#4921 = CARTESIAN_POINT ( 'NONE',  ( -0.9637244215790025104, -2.832156534235866996, 0.9800000000000002043 ) ) ;
#4922 = DIRECTION ( 'NONE',  ( 0.0000000000000000000, -0.0000000000000000000, -1.000000000000000000 ) ) ;
#4923 = COLOUR_RGB ( '',0.0000000000000000000, 0.0000000000000000000, 0.0000000000000000000 ) ;
#4924 = CARTESIAN_POINT ( 'NONE',  ( -0.3007227862388469064, -3.271974132837164095, 0.9800000000000002043 ) ) ;
#4925 = STYLED_ITEM ( 'NONE', ( #10603 ), #8286 ) ;
#4926 = ORIENTED_EDGE ( 'NONE', *, *, #6806, .T. ) ;
#4927 = AXIS2_PLACEMENT_3D ( 'NONE', #2336, #9810, #5089 ) ;
#4928 = ORIENTED_EDGE ( 'NONE', *, *, #365, .F. ) ;
#4929 = ADVANCED_FACE ( 'NONE', ( #3837 ), #6820, .F. ) ;
#4930 = B_SPLINE_CURVE_WITH_KNOTS ( 'NONE', 3,
 ( #1681, #2606, #2351, #10747 ),
 .UNSPECIFIED., .F., .F.,
 ( 4, 4 ),
 ( 4.000000000000000000, 5.000000000000000000 ),
 .UNSPECIFIED. ) ;
#4931 = EDGE_CURVE ( 'NONE', #3181, #4795, #8680, .T. ) ;
#4932 = DIRECTION ( 'NONE',  ( -0.0000000000000000000, -1.000000000000000000, -0.0000000000000000000 ) ) ;
#4933 = CARTESIAN_POINT ( 'NONE',  ( -0.7359134621136491639, -3.376053900261096974, 0.9800000000000002043 ) ) ;
#4935 = PRESENTATION_LAYER_ASSIGNMENT (  '', '', ( #2016 ) ) ;
#4934 = PRESENTATION_STYLE_ASSIGNMENT (( #6842 ) ) ;
#4936 = EDGE_LOOP ( 'NONE', ( #845, #6135, #7450, #4636, #6008, #308, #11261 ) ) ;
#4937 = CARTESIAN_POINT ( 'NONE',  ( -1.468130859187484649, -2.895871782478157019, 0.9810000000000000941 ) ) ;
#4938 = PRESENTATION_STYLE_ASSIGNMENT (( #11450 ) ) ;
#4939 = FACE_OUTER_BOUND ( 'NONE', #605, .T. ) ;
#4940 = COLOUR_RGB ( '',0.0000000000000000000, 0.0000000000000000000, 0.0000000000000000000 ) ;
#4941 = COLOUR_RGB ( '',0.0000000000000000000, 0.0000000000000000000, 0.0000000000000000000 ) ;
#4942 = PRESENTATION_LAYER_ASSIGNMENT (  '', '', ( #8241 ) ) ;
#4943 = CARTESIAN_POINT ( 'NONE',  ( -1.116256907902850815, -3.307221926200337059, 0.9800000000000002043 ) ) ;
#4944 = UNCERTAINTY_MEASURE_WITH_UNIT (LENGTH_MEASURE( 1.000000000000000082E-05 ), #2391, 'distance_accuracy_value', 'NONE');
#4945 = VERTEX_POINT ( 'NONE', #5731 ) ;
#4946 = EDGE_CURVE ( 'NONE', #3768, #10228, #7727, .T. ) ;
#4947 = DIRECTION ( 'NONE',  ( 1.000000000000000000, -0.0000000000000000000, -0.0000000000000000000 ) ) ;
#4948 = VECTOR ( 'NONE', #7306, 1000.000000000000000 ) ;
#4949 = PRESENTATION_STYLE_ASSIGNMENT (( #1328 ) ) ;
#4950 = PRESENTATION_STYLE_ASSIGNMENT (( #1215 ) ) ;
#4951 = CARTESIAN_POINT ( 'NONE',  ( -0.8292317351034912409, -3.232359356226271352, 0.9810000000000000941 ) ) ;
#4952 = SURFACE_SIDE_STYLE ('',( #5144 ) ) ;
#4953 = ORIENTED_EDGE ( 'NONE', *, *, #7163, .F. ) ;
#4954 = CARTESIAN_POINT ( 'NONE',  ( -1.443549121416401793, -3.238570725354417590, 0.9800000000000002043 ) ) ;
#4955 = CARTESIAN_POINT ( 'NONE',  ( -1.567904051181016722, -3.242908675834546894, 0.9799999999999999822 ) ) ;
#4956 = SURFACE_STYLE_USAGE ( .BOTH. , #8563 ) ;
#4957 =( NAMED_UNIT ( * ) PLANE_ANGLE_UNIT ( ) SI_UNIT ( $, .RADIAN. ) );
#4958 = CARTESIAN_POINT ( 'NONE',  ( -0.7021733177294906536, -3.398824598628831239, 0.9799999999999999822 ) ) ;
#4959 = MECHANICAL_DESIGN_GEOMETRIC_PRESENTATION_REPRESENTATION (  '', ( #3402 ), #10267 ) ;
#4960 = VERTEX_POINT ( 'NONE', #10452 ) ;
#4961 = CARTESIAN_POINT ( 'NONE',  ( -0.6291823120047380646, -2.827789550986767431, 0.9810000000000000941 ) ) ;
#4962 = FILL_AREA_STYLE_COLOUR ( '', #11412 ) ;
#4963 = VERTEX_POINT ( 'NONE', #9881 ) ;
#4964 = PLANE ( 'NONE',  #2593 ) ;
#4965 = DIRECTION ( 'NONE',  ( 0.0000000000000000000, -0.0000000000000000000, -1.000000000000000000 ) ) ;
#4966 = SURFACE_STYLE_USAGE ( .BOTH. , #6125 ) ;
#4967 = PRESENTATION_LAYER_ASSIGNMENT (  '', '', ( #7501 ) ) ;
#4968 = DIRECTION ( 'NONE',  ( -0.0000000000000000000, 1.000000000000000000, -0.0000000000000000000 ) ) ;
#4969 = FACE_OUTER_BOUND ( 'NONE', #2765, .T. ) ;
#4970 = CLOSED_SHELL ( 'NONE', ( #9306, #8422, #214, #4288, #2633, #2691, #1560, #10189, #11480, #5437, #4915, #7952, #11131, #4577, #2082, #10407, #9965, #760, #5017, #7235, #8437, #2220, #6530, #6429, #5362, #4180, #4909, #10315, #4762, #166, #7114, #11607, #4409, #10200, #587, #6584, #1256, #6593, #6662, #310, #1638, #3596, #8915, #3736, #9280, #11148, #2718, #4055, #465, #86, #7689, #146, #9500, #1120, #7070, #7179, #11157, #7338, #10553, #1413, #7008, #4782, #2226, #6263, #117, #888, #1490, #6195, #9733, #6945, #9071, #3117, #6729, #735, #7013, #5739, #9516, #4980, #91, #11812, #10167, #1931, #10166, #9995, #4500, #3527, #220, #4316, #13, #7603, #10625, #2069, #1183, #11310, #3058, #6283, #9219, #621, #9352, #5538, #4632, #1470, #4848, #10679, #6271, #4655, #11311, #8029, #2693, #7882, #3804, #3893, #11061, #6681, #1, #5681, #10256, #8050, #6437, #4835, #11974, #2090, #2768, #1777, #9512, #8832, #363, #1784, #2332, #2849, #8349, #4548, #9121, #6147, #2609, #9417, #3349, #3, #2923, #2704, #11597, #10474, #610, #4929, #1806, #10274, #6827, #8669, #4114, #4260, #8362, #10335, #1854, #726, #7116, #4784, #9127, #11244, #7334, #7488, #1933, #3277, #7014, #6436, #961, #8286, #10187, #142, #11781, #7597, #5462, #5241, #4568, #6507, #1184, #529, #9033, #2859, #2935, #3348, #7540, #7531, #5295, #807, #9876, #11470, #392, #8374, #10531, #2631, #2304, #10027, #4418, #4138, #10488, #4468, #10988, #2540, #7973, #8427, #7390, #12091, #440, #6040, #7972, #3364, #9519, #9268, #9925, #11284, #10690, #6182, #7990, #3732, #11999, #826, #1478, #8824, #904, #7527, #1493, #4641, #1500, #5827, #1168, #5070, #4043, #8502, #8456, #4778, #11374, #11663, #6211, #2002, #6207, #7958, #10408, #11770, #1876, #9663, #8494, #3090, #6752, #3233, #7804, #2316, #7339, #3504, #5064, #10092 ) ) ;
#4971 = ORIENTED_EDGE ( 'NONE', *, *, #373, .T. ) ;
#4972 = CARTESIAN_POINT ( 'NONE',  ( -0.7244761250340311376, -3.398824598628831239, 0.9810000000000000941 ) ) ;
#4973 = CARTESIAN_POINT ( 'NONE',  ( -0.9356509578385598935, -3.308989514658840836, 0.9800000000000002043 ) ) ;
#4974 = DIRECTION ( 'NONE',  ( 0.3416038306815482595, -0.9398440417769813315, 0.0000000000000000000 ) ) ;
#4975 = ORIENTED_EDGE ( 'NONE', *, *, #3735, .T. ) ;
#4976 = VERTEX_POINT ( 'NONE', #2059 ) ;
#4977 = B_SPLINE_SURFACE_WITH_KNOTS ( 'NONE', 3, 1, ( 
 ( #1231, #11605 ),
 ( #3435, #5996 ),
 ( #9755, #7927 ),
 ( #1415, #10787 ) ),
 .UNSPECIFIED., .F., .F., .F.,
 ( 4, 4 ),
 ( 2, 2 ),
 ( 16.00000000000000000, 17.00000000000000000 ),
 ( 0.0000000000000000000, 1.000000000000000000 ),
 .UNSPECIFIED. ) ;
#4978 = CARTESIAN_POINT ( 'NONE',  ( -0.1633707654932584075, -3.153025827211590304, 0.9810000000000000941 ) ) ;
#4979 = SURFACE_SIDE_STYLE ('',( #5954 ) ) ;
#4980 = ADVANCED_FACE ( 'NONE', ( #6137, #11789 ), #5175, .F. ) ;
#4981 = PRESENTATION_STYLE_ASSIGNMENT (( #1666 ) ) ;
#4982 =( NAMED_UNIT ( * ) SI_UNIT ( $, .STERADIAN. ) SOLID_ANGLE_UNIT ( ) );
#4983 = CARTESIAN_POINT ( 'NONE',  ( -0.7176657106822849075, -3.185154346825209704, 0.9810000000000000941 ) ) ;
#4984 = DIRECTION ( 'NONE',  ( 0.0000000000000000000, -0.0000000000000000000, -1.000000000000000000 ) ) ;
#4985 = DIRECTION ( 'NONE',  ( -0.0000000000000000000, -0.0000000000000000000, -1.000000000000000000 ) ) ;
#4986 = EDGE_CURVE ( 'NONE', #811, #4976, #8606, .T. ) ;
#4987 = EDGE_LOOP ( 'NONE', ( #3631, #4833, #11894, #2150, #10373, #6981, #4263, #5284 ) ) ;
#4988 = B_SPLINE_CURVE_WITH_KNOTS ( 'NONE', 3,
 ( #96, #2786, #1859, #5583 ),
 .UNSPECIFIED., .F., .F.,
 ( 4, 4 ),
 ( 18.00000000000000000, 19.00000000000000000 ),
 .UNSPECIFIED. ) ;
#4989 = VERTEX_POINT ( 'NONE', #4020 ) ;
#4990 = CARTESIAN_POINT ( 'NONE',  ( -1.116256907902850815, -3.307221926200337503, 0.9799999999999999822 ) ) ;
#4991 = SURFACE_SIDE_STYLE ('',( #4369 ) ) ;
#4992 = CARTESIAN_POINT ( 'NONE',  ( -1.816613800392248290, -2.836586302968011619, 0.9810000000000000941 ) ) ;
#4993 = EDGE_CURVE ( 'NONE', #10468, #1686, #11300, .T. ) ;
#4994 = EDGE_CURVE ( 'NONE', #9213, #1705, #10551, .T. ) ;
#4995 = LINE ( 'NONE', #2307, #10715 ) ;
#4996 = ORIENTED_EDGE ( 'NONE', *, *, #7735, .F. ) ;
#4997 = DIRECTION ( 'NONE',  ( 0.0000000000000000000, 0.0000000000000000000, 1.000000000000000000 ) ) ;
#4998 = CARTESIAN_POINT ( 'NONE',  ( -1.309072325584600183, -3.128675667295774510, 0.9810000000000000941 ) ) ;
#4999 = PLANE ( 'NONE',  #9355 ) ;
#5000 = B_SPLINE_CURVE_WITH_KNOTS ( 'NONE', 3,
 ( #4417, #7121, #10120, #2525 ),
 .UNSPECIFIED., .F., .F.,
 ( 4, 4 ),
 ( 17.00000000000000000, 18.00000000000000000 ),
 .UNSPECIFIED. ) ;
#5001 = ORIENTED_EDGE ( 'NONE', *, *, #3128, .F. ) ;
#5002 = EDGE_CURVE ( 'NONE', #2449, #6835, #5234, .T. ) ;
#5003 = EDGE_CURVE ( 'NONE', #2813, #2364, #2116, .T. ) ;
#5004 = CARTESIAN_POINT ( 'NONE',  ( -0.7349776799893397161, -2.916168973874188275, 0.9810000000000000941 ) ) ;
#5005 = FACE_OUTER_BOUND ( 'NONE', #10881, .T. ) ;
#5006 = CARTESIAN_POINT ( 'NONE',  ( -1.534646302130288520, -2.916115597349821620, 0.9799999999999999822 ) ) ;
#5007 = DIRECTION ( 'NONE',  ( 2.237248150067282790E-16, 0.0000000000000000000, -1.000000000000000000 ) ) ;
#5008 = ORIENTED_EDGE ( 'NONE', *, *, #7667, .T. ) ;
#5009 = CARTESIAN_POINT ( 'NONE',  ( -0.5481851703216898963, -2.904211757836307584, 0.9810000000000000941 ) ) ;
#5010 = UNCERTAINTY_MEASURE_WITH_UNIT (LENGTH_MEASURE( 1.000000000000000082E-05 ), #10067, 'distance_accuracy_value', 'NONE');
#5011 = FILL_AREA_STYLE ('',( #5212 ) ) ;
#5012 = CARTESIAN_POINT ( 'NONE',  ( -1.033128262493087535, -3.307221926200337503, 0.9799999999999999822 ) ) ;
#5013 =( NAMED_UNIT ( * ) PLANE_ANGLE_UNIT ( ) SI_UNIT ( $, .RADIAN. ) );
#5014 = FILL_AREA_STYLE_COLOUR ( '', #10326 ) ;
#5015 = CARTESIAN_POINT ( 'NONE',  ( -1.576579952140586105, -3.241462710728314267, 0.9810000000000000941 ) ) ;
#5016 = ORIENTED_EDGE ( 'NONE', *, *, #8269, .T. ) ;
#5017 = ADVANCED_FACE ( 'NONE', ( #8073 ), #12042, .F. ) ;
#5018 = CARTESIAN_POINT ( 'NONE',  ( -0.6728001565930521455, -3.294536879621864589, 0.9799999999999999822 ) ) ;
#5019 = CARTESIAN_POINT ( 'NONE',  ( -1.398723541192248954, -3.067944250259414307, 0.9810000000000000941 ) ) ;
#5020 = APPLICATION_CONTEXT ( 'automotive_design' ) ;
#5021 = B_SPLINE_SURFACE_WITH_KNOTS ( 'NONE', 3, 1, ( 
 ( #1598, #2589 ),
 ( #6187, #10852 ),
 ( #9073, #2463 ),
 ( #9924, #6314 ) ),
 .UNSPECIFIED., .F., .F., .F.,
 ( 4, 4 ),
 ( 2, 2 ),
 ( 0.0000000000000000000, 1.000000000000000000 ),
 ( 0.0000000000000000000, 1.000000000000000000 ),
 .UNSPECIFIED. ) ;
#5022 =( LENGTH_UNIT ( ) NAMED_UNIT ( * ) SI_UNIT ( .MILLI., .METRE. ) );
#5023 = ORIENTED_EDGE ( 'NONE', *, *, #6269, .T. ) ;
#5024 = VECTOR ( 'NONE', #824, 1000.000000000000000 ) ;
#5025 =( NAMED_UNIT ( * ) PLANE_ANGLE_UNIT ( ) SI_UNIT ( $, .RADIAN. ) );
#5026 =( LENGTH_UNIT ( ) NAMED_UNIT ( * ) SI_UNIT ( .MILLI., .METRE. ) );
#5027 = FILL_AREA_STYLE_COLOUR ( '', #2163 ) ;
#5028 = DIRECTION ( 'NONE',  ( -1.000000000000000000, 0.0000000000000000000, -4.051977475832535632E-17 ) ) ;
#5029 = CARTESIAN_POINT ( 'NONE',  ( -1.919278867438905190, -2.975400994119907772, 0.9810000000000000941 ) ) ;
#5030 =( NAMED_UNIT ( * ) PLANE_ANGLE_UNIT ( ) SI_UNIT ( $, .RADIAN. ) );
#5031 = ORIENTED_EDGE ( 'NONE', *, *, #10844, .F. ) ;
#5032 =( NAMED_UNIT ( * ) SI_UNIT ( $, .STERADIAN. ) SOLID_ANGLE_UNIT ( ) );
#5033 = DIRECTION ( 'NONE',  ( -0.3493954794973186950, 0.9369753459439787990, 0.0000000000000000000 ) ) ;
#5034 = CARTESIAN_POINT ( 'NONE',  ( -1.033128262493087535, -3.307221926200337059, 0.9810000000000000941 ) ) ;
#5035 = VECTOR ( 'NONE', #558, 1000.000000000000000 ) ;
#5036 = CARTESIAN_POINT ( 'NONE',  ( -1.919278895018924569, -3.227002839023036085, 0.9810000000000000941 ) ) ;
#5037 = EDGE_LOOP ( 'NONE', ( #9282, #5395, #11665, #10340 ) ) ;
#5038 = EDGE_LOOP ( 'NONE', ( #11404, #2102, #4852, #3486 ) ) ;
#5039 =( LENGTH_UNIT ( ) NAMED_UNIT ( * ) SI_UNIT ( .MILLI., .METRE. ) );
#5040 = AXIS2_PLACEMENT_3D ( 'NONE', #6257, #5589, #4846 ) ;
#5041 = VECTOR ( 'NONE', #7493, 1000.000000000000000 ) ;
#5042 = CARTESIAN_POINT ( 'NONE',  ( -0.8410329874534082650, -3.193368434364459052, 0.9810000000000000941 ) ) ;
#5043 = VECTOR ( 'NONE', #9164, 1000.000000000000000 ) ;
#5044 = MECHANICAL_DESIGN_GEOMETRIC_PRESENTATION_REPRESENTATION (  '', ( #6628 ), #1919 ) ;
#5045 = CARTESIAN_POINT ( 'NONE',  ( -0.9643482763287762882, -3.202518304027323737, 0.9810000000000000941 ) ) ;
#5046 = SURFACE_STYLE_USAGE ( .BOTH. , #8667 ) ;
#5047 = PRESENTATION_STYLE_ASSIGNMENT (( #3273 ) ) ;
#5048 = FILL_AREA_STYLE ('',( #7006 ) ) ;
#5049 = STYLED_ITEM ( 'NONE', ( #8782 ), #7973 ) ;
#5050 = STYLED_ITEM ( 'NONE', ( #9212 ), #1933 ) ;
#5051 = CARTESIAN_POINT ( 'NONE',  ( -3.623086578651014023, -3.799999999999999822, 0.7800000000000008038 ) ) ;
#5052 = STYLED_ITEM ( 'NONE', ( #1996 ), #4138 ) ;
#5053 = ORIENTED_EDGE ( 'NONE', *, *, #10566, .T. ) ;
#5054 = ORIENTED_EDGE ( 'NONE', *, *, #3274, .T. ) ;
#5055 = DIRECTION ( 'NONE',  ( 0.0000000000000000000, 0.0000000000000000000, 1.000000000000000000 ) ) ;
#5056 = FILL_AREA_STYLE_COLOUR ( '', #7300 ) ;
#5057 = DIRECTION ( 'NONE',  ( 0.7071067811865519026, -0.0000000000000000000, -0.7071067811865431318 ) ) ;
#5058 = FACE_OUTER_BOUND ( 'NONE', #291, .T. ) ;
#5059 = SURFACE_STYLE_FILL_AREA ( #6030 ) ;
#5060 = FILL_AREA_STYLE ('',( #299 ) ) ;
#5061 = VERTEX_POINT ( 'NONE', #3701 ) ;
#5062 = CARTESIAN_POINT ( 'NONE',  ( -0.8182103011906193268, -3.204285892485820852, 0.9799999999999999822 ) ) ;
#5063 = CARTESIAN_POINT ( 'NONE',  ( -0.8501308692212133922, -3.247331870220810046, 0.9799999999999999822 ) ) ;
#5064 = ADVANCED_FACE ( 'NONE', ( #7243 ), #7380, .T. ) ;
#5065 = PRESENTATION_LAYER_ASSIGNMENT (  '', '', ( #3512 ) ) ;
#5066 = CARTESIAN_POINT ( 'NONE',  ( -0.9637244215790025104, -2.832156534235866996, 0.9810000000000000941 ) ) ;
#5067 = ORIENTED_EDGE ( 'NONE', *, *, #5767, .T. ) ;
#5068 = EDGE_CURVE ( 'NONE', #2799, #12057, #5341, .T. ) ;
#5069 = CARTESIAN_POINT ( 'NONE',  ( -0.4220105471776302575, -2.844633629231312355, 0.9810000000000000941 ) ) ;
#5070 = ADVANCED_FACE ( 'NONE', ( #9082 ), #2110, .F. ) ;
#5071 = MECHANICAL_DESIGN_GEOMETRIC_PRESENTATION_REPRESENTATION (  '', ( #2964 ), #7226 ) ;
#5072 = COLOUR_RGB ( '',0.0000000000000000000, 0.0000000000000000000, 0.0000000000000000000 ) ;
#5073 = UNCERTAINTY_MEASURE_WITH_UNIT (LENGTH_MEASURE( 1.000000000000000082E-05 ), #9985, 'distance_accuracy_value', 'NONE');
#5074 = DIRECTION ( 'NONE',  ( -0.0000000000000000000, -0.0000000000000000000, -1.000000000000000000 ) ) ;
#5075 = CARTESIAN_POINT ( 'NONE',  ( -0.3553100768456650127, -3.007771646301291568, 0.9800000000000002043 ) ) ;
#5076 = EDGE_CURVE ( 'NONE', #6392, #3046, #9574, .T. ) ;
#5077 = FILL_AREA_STYLE ('',( #3121 ) ) ;
#5078 = VERTEX_POINT ( 'NONE', #9462 ) ;
#5079 = FACE_OUTER_BOUND ( 'NONE', #3088, .T. ) ;
#5080 =( NAMED_UNIT ( * ) PLANE_ANGLE_UNIT ( ) SI_UNIT ( $, .RADIAN. ) );
#5081 = CARTESIAN_POINT ( 'NONE',  ( -0.6067235410115465744, -3.185154346825209704, 0.9800000000000002043 ) ) ;
#5082 = FACE_OUTER_BOUND ( 'NONE', #7308, .T. ) ;
#5083 = SURFACE_SIDE_STYLE ('',( #3072 ) ) ;
#5084 = VECTOR ( 'NONE', #8850, 1000.000000000000000 ) ;
#5085 =( GEOMETRIC_REPRESENTATION_CONTEXT ( 3 ) GLOBAL_UNCERTAINTY_ASSIGNED_CONTEXT ( ( #4165 ) ) GLOBAL_UNIT_ASSIGNED_CONTEXT ( ( #4799, #7837, #3889 ) ) REPRESENTATION_CONTEXT ( 'NONE', 'WORKASPACE' ) );
#5086 = ORIENTED_EDGE ( 'NONE', *, *, #8847, .T. ) ;
#5087 = CARTESIAN_POINT ( 'NONE',  ( -0.7003537413759326480, -3.356506451434439153, 0.9810000000000000941 ) ) ;
#5088 = ORIENTED_EDGE ( 'NONE', *, *, #10858, .T. ) ;
#5089 = DIRECTION ( 'NONE',  ( 0.0000000000000000000, -0.0000000000000000000, -1.000000000000000000 ) ) ;
#5090 = CARTESIAN_POINT ( 'NONE',  ( -0.1294746574211336765, -3.251802829261419170, 0.9810000000000000941 ) ) ;
#5091 =( NAMED_UNIT ( * ) PLANE_ANGLE_UNIT ( ) SI_UNIT ( $, .RADIAN. ) );
#5092 = PRESENTATION_LAYER_ASSIGNMENT (  '', '', ( #2761 ) ) ;
#5093 = MECHANICAL_DESIGN_GEOMETRIC_PRESENTATION_REPRESENTATION (  '', ( #4301 ), #6056 ) ;
#5094 = FACE_OUTER_BOUND ( 'NONE', #2971, .T. ) ;
#5095 = EDGE_CURVE ( 'NONE', #7352, #9896, #931, .T. ) ;
#5096 = CARTESIAN_POINT ( 'NONE',  ( -0.9716265817430220775, -3.266671367464448750, 0.9799999999999999822 ) ) ;
#5098 = ORIENTED_EDGE ( 'NONE', *, *, #7747, .F. ) ;
#5097 = EDGE_CURVE ( 'NONE', #5406, #1768, #50, .T. ) ;
#5099 = DIRECTION ( 'NONE',  ( 0.0000000000000000000, 0.0000000000000000000, 1.000000000000000000 ) ) ;
#5100 = B_SPLINE_CURVE_WITH_KNOTS ( 'NONE', 3,
 ( #6482, #10032, #2637, #2497 ),
 .UNSPECIFIED., .F., .F.,
 ( 4, 4 ),
 ( 3.000000000000000000, 4.000000000000000000 ),
 .UNSPECIFIED. ) ;
#5101 = SURFACE_SIDE_STYLE ('',( #6003 ) ) ;
#5102 = CARTESIAN_POINT ( 'NONE',  ( -0.9356509578385598935, -3.308989514658840836, 0.9810000000000000941 ) ) ;
#5103 = VECTOR ( 'NONE', #11271, 1000.000000000000000 ) ;
#5104 = COLOUR_RGB ( '',0.0000000000000000000, 0.0000000000000000000, 0.0000000000000000000 ) ;
#5105 = AXIS2_PLACEMENT_3D ( 'NONE', #8557, #1043, #3800 ) ;
#5106 = CARTESIAN_POINT ( 'NONE',  ( 0.0000000000000000000, 0.0000000000000000000, 0.9810000000000000941 ) ) ;
#5107 = EDGE_LOOP ( 'NONE', ( #5221, #1785, #1880, #6728 ) ) ;
#5108 = EDGE_LOOP ( 'NONE', ( #11746, #11757, #420, #8860 ) ) ;
#5109 = FACE_OUTER_BOUND ( 'NONE', #9221, .T. ) ;
#5110 =( GEOMETRIC_REPRESENTATION_CONTEXT ( 3 ) GLOBAL_UNCERTAINTY_ASSIGNED_CONTEXT ( ( #3846 ) ) GLOBAL_UNIT_ASSIGNED_CONTEXT ( ( #7221, #10224, #8227 ) ) REPRESENTATION_CONTEXT ( 'NONE', 'WORKASPACE' ) );
#5111 = UNCERTAINTY_MEASURE_WITH_UNIT (LENGTH_MEASURE( 1.000000000000000082E-05 ), #8505, 'distance_accuracy_value', 'NONE');
#5112 = DIRECTION ( 'NONE',  ( 0.0000000000000000000, 1.000000000000000000, 0.0000000000000000000 ) ) ;
#5113 = CARTESIAN_POINT ( 'NONE',  ( -1.398723541192248954, -3.130121687562049448, 0.9799999999999999822 ) ) ;
#5114 = CARTESIAN_POINT ( 'NONE',  ( -1.033128262493087535, -3.330408527734124657, 0.9810000000000000941 ) ) ;
#5115 = VECTOR ( 'NONE', #1814, 1000.000000000000000 ) ;
#5116 = FILL_AREA_STYLE ('',( #1367 ) ) ;
#5117 = CARTESIAN_POINT ( 'NONE',  ( -1.523078415797519458, -3.017334699289550226, 0.9810000000000000941 ) ) ;
#5118 = SURFACE_STYLE_USAGE ( .BOTH. , #9834 ) ;
#5119 = COLOUR_RGB ( '',0.6470588235294117974, 0.6196078431372549211, 0.5882352941176470784 ) ;
#5120 = CARTESIAN_POINT ( 'NONE',  ( -0.9273328945077927710, -3.202518304027323737, 0.9810000000000000941 ) ) ;
#5121 = VERTEX_POINT ( 'NONE', #8452 ) ;
#5122 =( GEOMETRIC_REPRESENTATION_CONTEXT ( 3 ) GLOBAL_UNCERTAINTY_ASSIGNED_CONTEXT ( ( #1540 ) ) GLOBAL_UNIT_ASSIGNED_CONTEXT ( ( #1892, #9379, #3628 ) ) REPRESENTATION_CONTEXT ( 'NONE', 'WORKASPACE' ) );
#5123 = ORIENTED_EDGE ( 'NONE', *, *, #1818, .T. ) ;
#5124 = VECTOR ( 'NONE', #4070, 1000.000000000000000 ) ;
#5125 =( NAMED_UNIT ( * ) SI_UNIT ( $, .STERADIAN. ) SOLID_ANGLE_UNIT ( ) );
#5126 = CARTESIAN_POINT ( 'NONE',  ( -1.576579952140586105, -3.241462710728314267, 0.9810000000000000941 ) ) ;
#5127 = CARTESIAN_POINT ( 'NONE',  ( -2.053755663270016463, -3.231340734341733967, 0.9799999999999999822 ) ) ;
#5128 = LINE ( 'NONE', #10577, #6870 ) ;
#5129 =( NAMED_UNIT ( * ) PLANE_ANGLE_UNIT ( ) SI_UNIT ( $, .RADIAN. ) );
#5130 = SURFACE_SIDE_STYLE ('',( #9778 ) ) ;
#5131 = ORIENTED_EDGE ( 'NONE', *, *, #1341, .T. ) ;
#5132 = SURFACE_SIDE_STYLE ('',( #4028 ) ) ;
#5133 = MECHANICAL_DESIGN_GEOMETRIC_PRESENTATION_REPRESENTATION (  '', ( #5506 ), #2590 ) ;
#5134 = FILL_AREA_STYLE_COLOUR ( '', #2502 ) ;
#5135 = CARTESIAN_POINT ( 'NONE',  ( -0.8339626336221952485, -2.804394997869956718, 0.9810000000000000941 ) ) ;
#5136 = B_SPLINE_SURFACE_WITH_KNOTS ( 'NONE', 3, 1, ( 
 ( #1357, #3317 ),
 ( #9763, #10740 ),
 ( #5102, #4973 ),
 ( #335, #4065 ) ),
 .UNSPECIFIED., .F., .F., .F.,
 ( 4, 4 ),
 ( 2, 2 ),
 ( 4.000000000000000000, 5.000000000000000000 ),
 ( 0.0000000000000000000, 1.000000000000000000 ),
 .UNSPECIFIED. ) ;
#5137 = COLOUR_RGB ( '',0.0000000000000000000, 0.0000000000000000000, 0.0000000000000000000 ) ;
#5138 = VECTOR ( 'NONE', #11047, 1000.000000000000000 ) ;
#5139 = VERTEX_POINT ( 'NONE', #10254 ) ;
#5140 = CARTESIAN_POINT ( 'NONE',  ( -0.8453479828060594947, -3.253674393510046503, 0.9810000000000000941 ) ) ;
#5141 = MECHANICAL_DESIGN_GEOMETRIC_PRESENTATION_REPRESENTATION (  '', ( #8693 ), #3026 ) ;
#5142 = CARTESIAN_POINT ( 'NONE',  ( -3.071543289325503689, -3.799999999999999822, 0.2284567106744964660 ) ) ;
#5143 = DIRECTION ( 'NONE',  ( -0.0000000000000000000, -0.0000000000000000000, -1.000000000000000000 ) ) ;
#5144 = SURFACE_STYLE_FILL_AREA ( #5077 ) ;
#5145 = COLOUR_RGB ( '',0.0000000000000000000, 0.0000000000000000000, 0.0000000000000000000 ) ;
#5146 = EDGE_LOOP ( 'NONE', ( #3247, #958, #1797, #200 ) ) ;
#5147 =( NAMED_UNIT ( * ) PLANE_ANGLE_UNIT ( ) SI_UNIT ( $, .RADIAN. ) );
#5148 = EDGE_CURVE ( 'NONE', #8489, #10558, #2827, .T. ) ;
#5149 = UNCERTAINTY_MEASURE_WITH_UNIT (LENGTH_MEASURE( 1.000000000000000082E-05 ), #3171, 'distance_accuracy_value', 'NONE');
#5150 = SURFACE_SIDE_STYLE ('',( #4166 ) ) ;
#5151 = FACE_OUTER_BOUND ( 'NONE', #10545, .T. ) ;
#5152 = CARTESIAN_POINT ( 'NONE',  ( -0.6861610458177462846, -2.804394997869956718, 0.9810000000000000941 ) ) ;
#5153 = PLANE ( 'NONE',  #9551 ) ;
#5154 = ORIENTED_EDGE ( 'NONE', *, *, #10103, .F. ) ;
#5155 =( GEOMETRIC_REPRESENTATION_CONTEXT ( 3 ) GLOBAL_UNCERTAINTY_ASSIGNED_CONTEXT ( ( #9957 ) ) GLOBAL_UNIT_ASSIGNED_CONTEXT ( ( #4334, #7152, #10454 ) ) REPRESENTATION_CONTEXT ( 'NONE', 'WORKASPACE' ) );
#5156 = SURFACE_STYLE_USAGE ( .BOTH. , #2387 ) ;
#5157 = COLOUR_RGB ( '',0.0000000000000000000, 0.0000000000000000000, 0.0000000000000000000 ) ;
#5158 = SURFACE_STYLE_FILL_AREA ( #6985 ) ;
#5159 = CARTESIAN_POINT ( 'NONE',  ( -2.055201697326993315, -3.328221885802723268, 0.9799999999999999822 ) ) ;
#5160 = FILL_AREA_STYLE_COLOUR ( '', #412 ) ;
#5161 =( LENGTH_UNIT ( ) NAMED_UNIT ( * ) SI_UNIT ( .MILLI., .METRE. ) );
#5162 = ORIENTED_EDGE ( 'NONE', *, *, #6813, .T. ) ;
#5163 = EDGE_CURVE ( 'NONE', #9045, #59, #1171, .T. ) ;
#5164 = CARTESIAN_POINT ( 'NONE',  ( 0.0000000000000000000, 0.0000000000000000000, 0.0000000000000000000 ) ) ;
#5165 = CARTESIAN_POINT ( 'NONE',  ( 3.623086578651010026, 3.799999999999999822, 0.7799999999999985834 ) ) ;
#5166 = FILL_AREA_STYLE_COLOUR ( '', #9168 ) ;
#5167 =( NAMED_UNIT ( * ) SI_UNIT ( $, .STERADIAN. ) SOLID_ANGLE_UNIT ( ) );
#5168 = EDGE_CURVE ( 'NONE', #5061, #2585, #4988, .T. ) ;
#5169 = EDGE_CURVE ( 'NONE', #7016, #7957, #8049, .T. ) ;
#5170 =( GEOMETRIC_REPRESENTATION_CONTEXT ( 3 ) GLOBAL_UNCERTAINTY_ASSIGNED_CONTEXT ( ( #11366 ) ) GLOBAL_UNIT_ASSIGNED_CONTEXT ( ( #7588, #3871, #2968 ) ) REPRESENTATION_CONTEXT ( 'NONE', 'WORKASPACE' ) );
#5171 = CARTESIAN_POINT ( 'NONE',  ( -0.4802889783873196539, -3.007771646301291568, 0.9800000000000002043 ) ) ;
#5172 = ORIENTED_EDGE ( 'NONE', *, *, #10648, .F. ) ;
#5173 = ORIENTED_EDGE ( 'NONE', *, *, #5805, .T. ) ;
#5174 =( NAMED_UNIT ( * ) PLANE_ANGLE_UNIT ( ) SI_UNIT ( $, .RADIAN. ) );
#5175 = PLANE ( 'NONE',  #2388 ) ;
#5176 =( NAMED_UNIT ( * ) SI_UNIT ( $, .STERADIAN. ) SOLID_ANGLE_UNIT ( ) );
#5177 = CARTESIAN_POINT ( 'NONE',  ( -1.398723541192248954, -3.067944250259414307, 0.9810000000000000941 ) ) ;
#5178 = DIRECTION ( 'NONE',  ( 0.0000000000000000000, 0.0000000000000000000, 1.000000000000000000 ) ) ;
#5179 = CARTESIAN_POINT ( 'NONE',  ( -0.9271769308205284332, -2.987808294308576418, 0.9799999999999999822 ) ) ;
#5180 =( NAMED_UNIT ( * ) SI_UNIT ( $, .STERADIAN. ) SOLID_ANGLE_UNIT ( ) );
#5181 = FILL_AREA_STYLE_COLOUR ( '', #10724 ) ;
#5182 = STYLED_ITEM ( 'NONE', ( #4950 ), #9663 ) ;
#5183 = CARTESIAN_POINT ( 'NONE',  ( -1.567904051181016500, -3.242908675834546450, 0.9810000000000000941 ) ) ;
#5184 = B_SPLINE_CURVE_WITH_KNOTS ( 'NONE', 3,
 ( #10880, #1758, #9170, #1639 ),
 .UNSPECIFIED., .F., .F.,
 ( 4, 4 ),
 ( 3.000000000000000000, 4.000000000000000000 ),
 .UNSPECIFIED. ) ;
#5185 = FILL_AREA_STYLE_COLOUR ( '', #1746 ) ;
#5186 = ORIENTED_EDGE ( 'NONE', *, *, #11924, .F. ) ;
#5187 = ORIENTED_EDGE ( 'NONE', *, *, #3682, .F. ) ;
#5188 = SURFACE_STYLE_USAGE ( .BOTH. , #4259 ) ;
#5189 = CARTESIAN_POINT ( 'NONE',  ( -7.500000000000000000, 3.799999999999999822, 0.0000000000000000000 ) ) ;
#5190 = DIRECTION ( 'NONE',  ( -0.0000000000000000000, -0.0000000000000000000, -1.000000000000000000 ) ) ;
#5191 = PRESENTATION_STYLE_ASSIGNMENT (( #9673 ) ) ;
#5192 = CARTESIAN_POINT ( 'NONE',  ( -0.5699161107728969444, -2.963373983275247703, 0.9800000000000002043 ) ) ;
#5193 = ORIENTED_EDGE ( 'NONE', *, *, #8361, .F. ) ;
#5194 =( LENGTH_UNIT ( ) NAMED_UNIT ( * ) SI_UNIT ( .MILLI., .METRE. ) );
#5195 = FILL_AREA_STYLE ('',( #4265 ) ) ;
#5196 =( LENGTH_UNIT ( ) NAMED_UNIT ( * ) SI_UNIT ( .MILLI., .METRE. ) );
#5197 = B_SPLINE_SURFACE_WITH_KNOTS ( 'NONE', 3, 1, ( 
 ( #1042, #4883 ),
 ( #6045, #10593 ),
 ( #4220, #2196 ),
 ( #3244, #2259 ) ),
 .UNSPECIFIED., .F., .F., .F.,
 ( 4, 4 ),
 ( 2, 2 ),
 ( 24.00000000000000000, 25.00000000000000000 ),
 ( 0.0000000000000000000, 1.000000000000000000 ),
 .UNSPECIFIED. ) ;
#5198 = FACE_OUTER_BOUND ( 'NONE', #11504, .T. ) ;
#5199 = UNCERTAINTY_MEASURE_WITH_UNIT (LENGTH_MEASURE( 1.000000000000000082E-05 ), #5343, 'distance_accuracy_value', 'NONE');
#5200 = ORIENTED_EDGE ( 'NONE', *, *, #4178, .F. ) ;
#5201 = VECTOR ( 'NONE', #4842, 1000.000000000000000 ) ;
#5202 = LINE ( 'NONE', #5004, #5824 ) ;
#5203 = CARTESIAN_POINT ( 'NONE',  ( 7.500000000000000000, 3.799999999999999822, 0.0000000000000000000 ) ) ;
#5204 = UNCERTAINTY_MEASURE_WITH_UNIT (LENGTH_MEASURE( 1.000000000000000082E-05 ), #9812, 'distance_accuracy_value', 'NONE');
#5205 = CARTESIAN_POINT ( 'NONE',  ( -0.07161212937888518371, -3.330408527734124657, 0.9800000000000002043 ) ) ;
#5206 = CARTESIAN_POINT ( 'NONE',  ( -0.7349776799893397161, -2.892878396548891562, 0.9810000000000000941 ) ) ;
#5207 = CARTESIAN_POINT ( 'NONE',  ( -0.7757881782047097996, -3.322298415987779752, 0.9810000000000000941 ) ) ;
#5208 =( NAMED_UNIT ( * ) SI_UNIT ( $, .STERADIAN. ) SOLID_ANGLE_UNIT ( ) );
#5209 = LINE ( 'NONE', #8934, #5035 ) ;
#5210 = ORIENTED_EDGE ( 'NONE', *, *, #5978, .F. ) ;
#5211 = CARTESIAN_POINT ( 'NONE',  ( -0.9829079551346840971, -3.289442065832175466, 0.9810000000000000941 ) ) ;
#5212 = FILL_AREA_STYLE_COLOUR ( '', #5742 ) ;
#5213 = SURFACE_STYLE_USAGE ( .BOTH. , #9862 ) ;
#5214 =( NAMED_UNIT ( * ) PLANE_ANGLE_UNIT ( ) SI_UNIT ( $, .RADIAN. ) );
#5215 = FILL_AREA_STYLE_COLOUR ( '', #3091 ) ;
#5216 = ORIENTED_EDGE ( 'NONE', *, *, #5168, .F. ) ;
#5217 = CARTESIAN_POINT ( 'NONE',  ( -0.8746691560460573278, -2.809281860076622728, 0.9810000000000000941 ) ) ;
#5218 = FACE_OUTER_BOUND ( 'NONE', #9384, .T. ) ;
#5219 = SURFACE_STYLE_USAGE ( .BOTH. , #1284 ) ;
#5220 = FILL_AREA_STYLE ('',( #5329 ) ) ;
#5221 = ORIENTED_EDGE ( 'NONE', *, *, #10927, .T. ) ;
#5222 = LINE ( 'NONE', #2402, #10022 ) ;
#5223 = EDGE_CURVE ( 'NONE', #7499, #1428, #8798, .T. ) ;
#5224 = UNCERTAINTY_MEASURE_WITH_UNIT (LENGTH_MEASURE( 1.000000000000000082E-05 ), #4878, 'distance_accuracy_value', 'NONE');
#5225 = CARTESIAN_POINT ( 'NONE',  ( -0.6891763437750964005, -3.330096600359580883, 0.9810000000000000941 ) ) ;
#5226 =( GEOMETRIC_REPRESENTATION_CONTEXT ( 3 ) GLOBAL_UNCERTAINTY_ASSIGNED_CONTEXT ( ( #7917 ) ) GLOBAL_UNIT_ASSIGNED_CONTEXT ( ( #6082, #1248, #4982 ) ) REPRESENTATION_CONTEXT ( 'NONE', 'WORKASPACE' ) );
#5227 = EDGE_CURVE ( 'NONE', #5715, #9359, #2969, .T. ) ;
#5228 = EDGE_CURVE ( 'NONE', #6856, #10152, #3710, .T. ) ;
#5229 = CARTESIAN_POINT ( 'NONE',  ( -0.3744936104020317735, -3.150426432419600076, 0.9810000000000000941 ) ) ;
#5230 = VERTEX_POINT ( 'NONE', #2039 ) ;
#5231 = EDGE_LOOP ( 'NONE', ( #2128, #12094, #10986, #7615 ) ) ;
#5232 = VECTOR ( 'NONE', #7908, 1000.000000000000000 ) ;
#5233 =( LENGTH_UNIT ( ) NAMED_UNIT ( * ) SI_UNIT ( .MILLI., .METRE. ) );
#5234 = LINE ( 'NONE', #229, #7086 ) ;
#5235 = CARTESIAN_POINT ( 'NONE',  ( -0.7921123774909988313, -3.279564365627333444, 0.9810000000000000941 ) ) ;
#5236 = FILL_AREA_STYLE ('',( #1365 ) ) ;
#5237 = ORIENTED_EDGE ( 'NONE', *, *, #11606, .F. ) ;
#5238 =( LENGTH_UNIT ( ) NAMED_UNIT ( * ) SI_UNIT ( .MILLI., .METRE. ) );
#5239 = CARTESIAN_POINT ( 'NONE',  ( -2.053755663270016463, -3.231340734341733967, 0.9799999999999999822 ) ) ;
#5240 = CARTESIAN_POINT ( 'NONE',  ( -0.9309720472149166648, -3.011202847425386686, 0.9800000000000002043 ) ) ;
#5241 = ADVANCED_FACE ( 'NONE', ( #1112 ), #10485, .F. ) ;
#5242 = STYLED_ITEM ( 'NONE', ( #10284 ), #6584 ) ;
#5243 = DIRECTION ( 'NONE',  ( -0.0000000000000000000, -0.0000000000000000000, -1.000000000000000000 ) ) ;
#5244 = VERTEX_POINT ( 'NONE', #8835 ) ;
#5245 = CARTESIAN_POINT ( 'NONE',  ( -1.502834628505179460, -3.242908675834546450, 0.9810000000000000941 ) ) ;
#5246 = ORIENTED_EDGE ( 'NONE', *, *, #1868, .T. ) ;
#5247 = PRESENTATION_LAYER_ASSIGNMENT (  '', '', ( #11702 ) ) ;
#5248 = ORIENTED_EDGE ( 'NONE', *, *, #3939, .T. ) ;
#5249 = STYLED_ITEM ( 'NONE', ( #6559 ), #3736 ) ;
#5250 = FILL_AREA_STYLE_COLOUR ( '', #463 ) ;
#5251 = CARTESIAN_POINT ( 'NONE',  ( -0.8331828151851505826, -3.333839728858221996, 0.9800000000000002043 ) ) ;
#5252 = FILL_AREA_STYLE_COLOUR ( '', #3545 ) ;
#5253 = CARTESIAN_POINT ( 'NONE',  ( -1.309072325584600183, -3.128675667295774510, 0.9800000000000002043 ) ) ;
#5254 = EDGE_CURVE ( 'NONE', #5365, #1057, #4231, .T. ) ;
#5255 = ORIENTED_EDGE ( 'NONE', *, *, #5812, .T. ) ;
#5256 = CARTESIAN_POINT ( 'NONE',  ( -1.862885400882674958, -3.313762069257482512, 0.9810000000000000941 ) ) ;
#5257 = CARTESIAN_POINT ( 'NONE',  ( -1.917832874751957517, -3.135905575568395331, 0.9810000000000000941 ) ) ;
#5258 = SURFACE_STYLE_FILL_AREA ( #3112 ) ;
#5259 = MECHANICAL_DESIGN_GEOMETRIC_PRESENTATION_REPRESENTATION (  '', ( #3278 ), #6621 ) ;
#5260 = PRESENTATION_LAYER_ASSIGNMENT (  '', '', ( #10524 ) ) ;
#5261 = EDGE_LOOP ( 'NONE', ( #2385, #8171, #9675, #7521 ) ) ;
#5262 = FACE_OUTER_BOUND ( 'NONE', #5754, .T. ) ;
#5263 = ORIENTED_EDGE ( 'NONE', *, *, #9197, .F. ) ;
#5264 = PRESENTATION_STYLE_ASSIGNMENT (( #7910 ) ) ;
#5265 = CARTESIAN_POINT ( 'NONE',  ( -1.362573861928358276, -3.266044448500084574, 0.9810000000000000941 ) ) ;
#5266 = CARTESIAN_POINT ( 'NONE',  ( -0.6599071584301589022, -2.827789550986767431, 0.9810000000000000941 ) ) ;
#5267 =( NAMED_UNIT ( * ) SI_UNIT ( $, .STERADIAN. ) SOLID_ANGLE_UNIT ( ) );
#5268 = AXIS2_PLACEMENT_3D ( 'NONE', #216, #3711, #6532 ) ;
#5269 = ORIENTED_EDGE ( 'NONE', *, *, #1406, .F. ) ;
#5270 = CARTESIAN_POINT ( 'NONE',  ( -1.726962584784596855, -2.749827072733562972, 0.9799999999999999822 ) ) ;
#5271 = CARTESIAN_POINT ( 'NONE',  ( -1.917832902331976896, -3.426549002369938535, 0.9810000000000000941 ) ) ;
#5272 = DIRECTION ( 'NONE',  ( -0.0000000000000000000, -0.0000000000000000000, -1.000000000000000000 ) ) ;
#5273 = SURFACE_SIDE_STYLE ('',( #2448 ) ) ;
#5274 = ORIENTED_EDGE ( 'NONE', *, *, #3165, .F. ) ;
#5275 =( NAMED_UNIT ( * ) PLANE_ANGLE_UNIT ( ) SI_UNIT ( $, .RADIAN. ) );
#5276 = DIRECTION ( 'NONE',  ( 0.0000000000000000000, 0.0000000000000000000, 1.000000000000000000 ) ) ;
#5277 = CARTESIAN_POINT ( 'NONE',  ( -3.623086578651014023, 3.799999999999999822, 0.7800000000000008038 ) ) ;
#5278 = ORIENTED_EDGE ( 'NONE', *, *, #3735, .F. ) ;
#5279 = CARTESIAN_POINT ( 'NONE',  ( -0.8255405945006136781, -3.235582605765955133, 0.9799999999999999822 ) ) ;
#5280 =( LENGTH_UNIT ( ) NAMED_UNIT ( * ) SI_UNIT ( .MILLI., .METRE. ) );
#5281 = PLANE ( 'NONE',  #6513 ) ;
#5282 = MECHANICAL_DESIGN_GEOMETRIC_PRESENTATION_REPRESENTATION (  '', ( #10564 ), #11940 ) ;
#5283 = ORIENTED_EDGE ( 'NONE', *, *, #10937, .F. ) ;
#5284 = ORIENTED_EDGE ( 'NONE', *, *, #1789, .F. ) ;
#5285 = CARTESIAN_POINT ( 'NONE',  ( -0.9962688443593771259, -3.322402391779288866, 0.9810000000000000941 ) ) ;
#5286 = VECTOR ( 'NONE', #2280, 999.9999999999998863 ) ;
#5287 = EDGE_CURVE ( 'NONE', #3240, #1886, #3139, .T. ) ;
#5288 = B_SPLINE_CURVE_WITH_KNOTS ( 'NONE', 3,
 ( #1867, #11427, #5825, #3823 ),
 .UNSPECIFIED., .F., .F.,
 ( 4, 4 ),
 ( 3.000000000000000000, 4.000000000000000000 ),
 .UNSPECIFIED. ) ;
#5289 =( NAMED_UNIT ( * ) PLANE_ANGLE_UNIT ( ) SI_UNIT ( $, .RADIAN. ) );
#5290 = DIRECTION ( 'NONE',  ( 0.0000000000000000000, 0.0000000000000000000, 1.000000000000000000 ) ) ;
#5291 = DIRECTION ( 'NONE',  ( -0.0000000000000000000, -0.0000000000000000000, -1.000000000000000000 ) ) ;
#5292 = CARTESIAN_POINT ( 'NONE',  ( -1.654663226256120279, -2.749827072733562972, 0.9800000000000002043 ) ) ;
#5293 = EDGE_CURVE ( 'NONE', #2654, #4163, #6876, .T. ) ;
#5294 = VECTOR ( 'NONE', #9065, 1000.000000000000000 ) ;
#5295 = ADVANCED_FACE ( 'NONE', ( #11656 ), #9696, .F. ) ;
#5296 = VERTEX_POINT ( 'NONE', #4056 ) ;
#5297 = DIRECTION ( 'NONE',  ( -0.0000000000000000000, -0.0000000000000000000, -1.000000000000000000 ) ) ;
#5298 = VECTOR ( 'NONE', #10363, 1000.000000000000000 ) ;
#5299 = ORIENTED_EDGE ( 'NONE', *, *, #6808, .F. ) ;
#5300 = PRESENTATION_LAYER_ASSIGNMENT (  '', '', ( #10976 ) ) ;
#5301 = MECHANICAL_DESIGN_GEOMETRIC_PRESENTATION_REPRESENTATION (  '', ( #1985 ), #9800 ) ;
#5302 = SURFACE_STYLE_USAGE ( .BOTH. , #6152 ) ;
#5303 = CARTESIAN_POINT ( 'NONE',  ( -0.1639946202437252143, -3.153025827211590304, 0.9800000000000002043 ) ) ;
#5304 = VERTEX_POINT ( 'NONE', #6062 ) ;
#5305 = EDGE_CURVE ( 'NONE', #11498, #7482, #3310, .T. ) ;
#5306 = CARTESIAN_POINT ( 'NONE',  ( -1.862885400882674958, -3.283396360739304853, 0.9810000000000000941 ) ) ;
#5307 = PLANE ( 'NONE',  #8754 ) ;
#5308 = ORIENTED_EDGE ( 'NONE', *, *, #4386, .F. ) ;
#5309 = ORIENTED_EDGE ( 'NONE', *, *, #3165, .T. ) ;
#5310 = EDGE_CURVE ( 'NONE', #9276, #4580, #11537, .T. ) ;
#5311 = EDGE_CURVE ( 'NONE', #3219, #9271, #2974, .T. ) ;
#5312 = ORIENTED_EDGE ( 'NONE', *, *, #4946, .F. ) ;
#5313 =( NAMED_UNIT ( * ) PLANE_ANGLE_UNIT ( ) SI_UNIT ( $, .RADIAN. ) );
#5314 = CARTESIAN_POINT ( 'NONE',  ( -0.8077087462353104153, -2.892878396548891562, 0.9810000000000000941 ) ) ;
#5315 =( NAMED_UNIT ( * ) SI_UNIT ( $, .STERADIAN. ) SOLID_ANGLE_UNIT ( ) );
#5316 = LINE ( 'NONE', #4523, #591 ) ;
#5317 = CARTESIAN_POINT ( 'NONE',  ( -0.3009307378232607411, -3.182347000451578811, 0.9810000000000000941 ) ) ;
#5318 = VERTEX_POINT ( 'NONE', #8774 ) ;
#5319 = CARTESIAN_POINT ( 'NONE',  ( -1.917832902331976896, -3.426549002369938535, 0.9799999999999999822 ) ) ;
#5320 = PLANE ( 'NONE',  #6891 ) ;
#5321 = AXIS2_PLACEMENT_3D ( 'NONE', #4797, #219, #7665 ) ;
#5322 = PRESENTATION_LAYER_ASSIGNMENT (  '', '', ( #3180 ) ) ;
#5323 = ORIENTED_EDGE ( 'NONE', *, *, #4173, .F. ) ;
#5324 = VECTOR ( 'NONE', #2066, 1000.000000000000000 ) ;
#5325 = CARTESIAN_POINT ( 'NONE',  ( -0.9993881181082362453, -2.908370789500994480, 0.9799999999999999822 ) ) ;
#5326 =( GEOMETRIC_REPRESENTATION_CONTEXT ( 3 ) GLOBAL_UNCERTAINTY_ASSIGNED_CONTEXT ( ( #7415 ) ) GLOBAL_UNIT_ASSIGNED_CONTEXT ( ( #5022, #11653, #10481 ) ) REPRESENTATION_CONTEXT ( 'NONE', 'WORKASPACE' ) );
#5327 = FILL_AREA_STYLE ('',( #1716 ) ) ;
#5328 = B_SPLINE_CURVE_WITH_KNOTS ( 'NONE', 3,
 ( #7734, #2944, #7685, #4998 ),
 .UNSPECIFIED., .F., .F.,
 ( 4, 4 ),
 ( 34.00000000000000000, 35.00000000000000000 ),
 .UNSPECIFIED. ) ;
#5329 = FILL_AREA_STYLE_COLOUR ( '', #407 ) ;
#5330 = ORIENTED_EDGE ( 'NONE', *, *, #2915, .T. ) ;
#5331 = SURFACE_SIDE_STYLE ('',( #11780 ) ) ;
#5332 = SURFACE_SIDE_STYLE ('',( #3509 ) ) ;
#5333 = VECTOR ( 'NONE', #2871, 1000.000000000000000 ) ;
#5334 = ORIENTED_EDGE ( 'NONE', *, *, #5377, .T. ) ;
#5335 = UNCERTAINTY_MEASURE_WITH_UNIT (LENGTH_MEASURE( 1.000000000000000082E-05 ), #1372, 'distance_accuracy_value', 'NONE');
#5336 =( GEOMETRIC_REPRESENTATION_CONTEXT ( 3 ) GLOBAL_UNCERTAINTY_ASSIGNED_CONTEXT ( ( #8509 ) ) GLOBAL_UNIT_ASSIGNED_CONTEXT ( ( #427, #9736, #7861 ) ) REPRESENTATION_CONTEXT ( 'NONE', 'WORKASPACE' ) );
#5337 = CARTESIAN_POINT ( 'NONE',  ( -0.8575131504269682958, -3.299007838662481262, 0.9810000000000000941 ) ) ;
#5338 = CARTESIAN_POINT ( 'NONE',  ( -0.3744936104020317735, -3.150426432419600076, 0.9799999999999999822 ) ) ;
#5339 = ORIENTED_EDGE ( 'NONE', *, *, #1193, .F. ) ;
#5340 = ORIENTED_EDGE ( 'NONE', *, *, #11174, .F. ) ;
#5341 = LINE ( 'NONE', #3520, #7658 ) ;
#5342 = AXIS2_PLACEMENT_3D ( 'NONE', #7254, #6390, #774 ) ;
#5343 =( LENGTH_UNIT ( ) NAMED_UNIT ( * ) SI_UNIT ( .MILLI., .METRE. ) );
#5344 = DIRECTION ( 'NONE',  ( 0.0000000000000000000, 1.000000000000000000, -0.0000000000000000000 ) ) ;
#5345 = DIRECTION ( 'NONE',  ( 0.3315284183504029758, 0.9434452330824933952, -0.0000000000000000000 ) ) ;
#5346 = PLANE ( 'NONE',  #6202 ) ;
#5347 = CARTESIAN_POINT ( 'NONE',  ( 2.675735931288066194, -3.799999999999999822, 0.9800000000000002043 ) ) ;
#5348 = CARTESIAN_POINT ( 'NONE',  ( -1.511510529464747954, -3.017334699289550226, 0.9799999999999999822 ) ) ;
#5349 = ORIENTED_EDGE ( 'NONE', *, *, #4993, .F. ) ;
#5350 = DIRECTION ( 'NONE',  ( -0.0000000000000000000, -0.0000000000000000000, -1.000000000000000000 ) ) ;
#5351 = AXIS2_PLACEMENT_3D ( 'NONE', #3133, #8828, #9568 ) ;
#5352 = ORIENTED_EDGE ( 'NONE', *, *, #9107, .F. ) ;
#5353 = DIRECTION ( 'NONE',  ( 0.0000000000000000000, 0.0000000000000000000, 1.000000000000000000 ) ) ;
#5354 = CARTESIAN_POINT ( 'NONE',  ( -0.8311032993528110202, -3.222065752853989107, 0.9810000000000000941 ) ) ;
#5355 = VECTOR ( 'NONE', #3028, 1000.000000000000000 ) ;
#5356 = CARTESIAN_POINT ( 'NONE',  ( -0.2934964687217503365, -3.252218732427472059, 0.9810000000000000941 ) ) ;
#5357 = VERTEX_POINT ( 'NONE', #3566 ) ;
#5358 = CARTESIAN_POINT ( 'NONE',  ( -0.3426250302671859926, -3.127031879302791140, 0.9800000000000002043 ) ) ;
#5359 = CARTESIAN_POINT ( 'NONE',  ( -1.980010339634612038, -3.135905575568395331, 0.9799999999999999822 ) ) ;
#5360 = CARTESIAN_POINT ( 'NONE',  ( -1.917832874751957517, -3.135905575568395331, 0.9810000000000000941 ) ) ;
#5361 = SURFACE_STYLE_FILL_AREA ( #11935 ) ;
#5362 = ADVANCED_FACE ( 'NONE', ( #625 ), #2581, .T. ) ;
#5363 = ORIENTED_EDGE ( 'NONE', *, *, #9789, .F. ) ;
#5364 =( LENGTH_UNIT ( ) NAMED_UNIT ( * ) SI_UNIT ( .MILLI., .METRE. ) );
#5365 = VERTEX_POINT ( 'NONE', #6305 ) ;
#5366 = EDGE_CURVE ( 'NONE', #7688, #3549, #5711, .T. ) ;
#5367 = VERTEX_POINT ( 'NONE', #11092 ) ;
#5368 = EDGE_CURVE ( 'NONE', #5964, #179, #5384, .T. ) ;
#5369 = SURFACE_STYLE_FILL_AREA ( #10952 ) ;
#5370 = CARTESIAN_POINT ( 'NONE',  ( -0.2658908960417202816, -3.226120808728545342, 0.9799999999999999822 ) ) ;
#5371 = CARTESIAN_POINT ( 'NONE',  ( -0.3009307378232607411, -3.182347000451578811, 0.9800000000000002043 ) ) ;
#5372 = FACE_OUTER_BOUND ( 'NONE', #946, .T. ) ;
#5373 = VERTEX_POINT ( 'NONE', #808 ) ;
#5374 = CARTESIAN_POINT ( 'NONE',  ( -0.3169949976286874915, -3.320946730696714866, 0.9799999999999999822 ) ) ;
#5375 = CARTESIAN_POINT ( 'NONE',  ( -1.874453259634733193, -3.135905575568395331, 0.9810000000000000941 ) ) ;
#5376 = SURFACE_STYLE_FILL_AREA ( #3559 ) ;
#5377 = EDGE_CURVE ( 'NONE', #3400, #4330, #744, .T. ) ;
#5378 = FACE_OUTER_BOUND ( 'NONE', #7931, .T. ) ;
#5379 = EDGE_CURVE ( 'NONE', #10997, #2449, #170, .T. ) ;
#5380 = ORIENTED_EDGE ( 'NONE', *, *, #6815, .T. ) ;
#5381 = FACE_OUTER_BOUND ( 'NONE', #3235, .T. ) ;
#5382 = LINE ( 'NONE', #682, #11403 ) ;
#5383 = DIRECTION ( 'NONE',  ( -1.000000000000000000, 0.0000000000000000000, -4.051977475832535632E-17 ) ) ;
#5384 = LINE ( 'NONE', #7112, #9205 ) ;
#5385 = DIRECTION ( 'NONE',  ( 0.0000000000000000000, -0.0000000000000000000, -1.000000000000000000 ) ) ;
#5386 = ORIENTED_EDGE ( 'NONE', *, *, #1119, .T. ) ;
#5387 = ORIENTED_EDGE ( 'NONE', *, *, #8273, .F. ) ;
#5388 = SURFACE_STYLE_FILL_AREA ( #8173 ) ;
#5389 = EDGE_CURVE ( 'NONE', #902, #5665, #11892, .T. ) ;
#5390 = EDGE_LOOP ( 'NONE', ( #9066, #6756, #10029, #1939 ) ) ;
#5391 = LINE ( 'NONE', #6375, #9245 ) ;
#5392 = B_SPLINE_CURVE_WITH_KNOTS ( 'NONE', 3,
 ( #9162, #11123, #7328, #4505 ),
 .UNSPECIFIED., .F., .F.,
 ( 4, 4 ),
 ( 2.000000000000000000, 3.000000000000000000 ),
 .UNSPECIFIED. ) ;
#5393 = LINE ( 'NONE', #1727, #10824 ) ;
#5394 = ORIENTED_EDGE ( 'NONE', *, *, #436, .T. ) ;
#5395 = ORIENTED_EDGE ( 'NONE', *, *, #5446, .F. ) ;
#5396 = FILL_AREA_STYLE ('',( #9208 ) ) ;
#5397 = CARTESIAN_POINT ( 'NONE',  ( -0.9975685417553713519, -2.830908824736320550, 0.9810000000000000941 ) ) ;
#5398 = CARTESIAN_POINT ( 'NONE',  ( -0.9601372567676421665, -3.011202847425386686, 0.9810000000000000941 ) ) ;
#5399 = CARTESIAN_POINT ( 'NONE',  ( -2.675735931288069303, 3.799999999999999822, 0.9799999999999999822 ) ) ;
#5400 = B_SPLINE_CURVE_WITH_KNOTS ( 'NONE', 3,
 ( #10076, #1497, #6153, #2362 ),
 .UNSPECIFIED., .F., .F.,
 ( 4, 4 ),
 ( 2.000000000000000000, 3.000000000000000000 ),
 .UNSPECIFIED. ) ;
#5401 = DIRECTION ( 'NONE',  ( -0.0000000000000000000, -0.0000000000000000000, -1.000000000000000000 ) ) ;
#5402 = CARTESIAN_POINT ( 'NONE',  ( -2.675735931288072411, 3.799999999999999822, 0.9799999999999999822 ) ) ;
#5403 = EDGE_LOOP ( 'NONE', ( #7410, #12018 ) ) ;
#5404 =( LENGTH_UNIT ( ) NAMED_UNIT ( * ) SI_UNIT ( .MILLI., .METRE. ) );
#5405 = PRESENTATION_LAYER_ASSIGNMENT (  '', '', ( #11685 ) ) ;
#5406 = VERTEX_POINT ( 'NONE', #10901 ) ;
#5407 =( LENGTH_UNIT ( ) NAMED_UNIT ( * ) SI_UNIT ( .MILLI., .METRE. ) );
#5408 = CARTESIAN_POINT ( 'NONE',  ( -1.964104475242384407, -2.869844010648710864, 0.9810000000000000941 ) ) ;
#5409 = PRESENTATION_LAYER_ASSIGNMENT (  '', '', ( #3271 ) ) ;
#5410 = LINE ( 'NONE', #8332, #1004 ) ;
#5411 = CARTESIAN_POINT ( 'NONE',  ( -0.6067235410115465744, -3.185154346825209704, 0.9810000000000000941 ) ) ;
#5412 = ORIENTED_EDGE ( 'NONE', *, *, #8065, .T. ) ;
#5413 = CARTESIAN_POINT ( 'NONE',  ( -0.1649823902644828588, -3.159160398917800983, 0.9800000000000002043 ) ) ;
#5414 = LINE ( 'NONE', #7335, #4092 ) ;
#5415 = FACE_OUTER_BOUND ( 'NONE', #5560, .T. ) ;
#5416 = SURFACE_SIDE_STYLE ('',( #5361 ) ) ;
#5417 = B_SPLINE_SURFACE_WITH_KNOTS ( 'NONE', 3, 1, ( 
 ( #1414, #5159 ),
 ( #2212, #6939 ),
 ( #4053, #1468 ),
 ( #8772, #386 ) ),
 .UNSPECIFIED., .F., .F., .F.,
 ( 4, 4 ),
 ( 2, 2 ),
 ( 9.000000000000000000, 10.00000000000000000 ),
 ( 0.0000000000000000000, 1.000000000000000000 ),
 .UNSPECIFIED. ) ;
#5418 = ORIENTED_EDGE ( 'NONE', *, *, #436, .F. ) ;
#5419 = COLOUR_RGB ( '',0.0000000000000000000, 0.0000000000000000000, 0.0000000000000000000 ) ;
#5420 = B_SPLINE_CURVE_WITH_KNOTS ( 'NONE', 3,
 ( #8305, #10412, #9382, #6500 ),
 .UNSPECIFIED., .F., .F.,
 ( 4, 4 ),
 ( 0.0000000000000000000, 1.000000000000000000 ),
 .UNSPECIFIED. ) ;
#5421 = COLOUR_RGB ( '',0.0000000000000000000, 0.0000000000000000000, 0.0000000000000000000 ) ;
#5422 = COLOUR_RGB ( '',0.0000000000000000000, 0.0000000000000000000, 0.0000000000000000000 ) ;
#5423 = ORIENTED_EDGE ( 'NONE', *, *, #6694, .F. ) ;
#5424 = ORIENTED_EDGE ( 'NONE', *, *, #8199, .T. ) ;
#5425 = CARTESIAN_POINT ( 'NONE',  ( -1.919278895018924569, -3.227002839023036085, 0.9800000000000002043 ) ) ;
#5426 = CARTESIAN_POINT ( 'NONE',  ( -0.3502672509517243404, -3.150426432419600076, 0.9800000000000002043 ) ) ;
#5427 = CARTESIAN_POINT ( 'NONE',  ( -0.5853565158320180872, -2.834132074276004332, 0.9810000000000000941 ) ) ;
#5428 = EDGE_CURVE ( 'NONE', #6327, #811, #5854, .T. ) ;
#5429 = MECHANICAL_DESIGN_GEOMETRIC_PRESENTATION_REPRESENTATION (  '', ( #1915 ), #11900 ) ;
#5430 = VECTOR ( 'NONE', #3526, 1000.000000000000000 ) ;
#5431 = VECTOR ( 'NONE', #10075, 1000.000000000000000 ) ;
#5432 = VECTOR ( 'NONE', #2986, 1000.000000000000000 ) ;
#5433 = ORIENTED_EDGE ( 'NONE', *, *, #1268, .T. ) ;
#5434 = CARTESIAN_POINT ( 'NONE',  ( -1.579471882353748358, -3.331113871176613284, 0.9799999999999999822 ) ) ;
#5435 = DIRECTION ( 'NONE',  ( 0.0000000000000000000, -0.0000000000000000000, -1.000000000000000000 ) ) ;
#5436 = VECTOR ( 'NONE', #11826, 1000.000000000000000 ) ;
#5437 = ADVANCED_FACE ( 'NONE', ( #7166 ), #10175, .F. ) ;
#5438 = UNCERTAINTY_MEASURE_WITH_UNIT (LENGTH_MEASURE( 1.000000000000000082E-05 ), #2205, 'distance_accuracy_value', 'NONE');
#5439 = EDGE_CURVE ( 'NONE', #10691, #3601, #11154, .T. ) ;
#5440 = ORIENTED_EDGE ( 'NONE', *, *, #5826, .T. ) ;
#5441 = CARTESIAN_POINT ( 'NONE',  ( -0.5530200446325971297, -3.238805855307023585, 0.9799999999999999822 ) ) ;
#5442 = MECHANICAL_DESIGN_GEOMETRIC_PRESENTATION_REPRESENTATION (  '', ( #3496 ), #1330 ) ;
#5443 = PRESENTATION_LAYER_ASSIGNMENT (  '', '', ( #5050 ) ) ;
#5444 = COLOUR_RGB ( '',0.0000000000000000000, 0.0000000000000000000, 0.0000000000000000000 ) ;
#5445 =( NAMED_UNIT ( * ) PLANE_ANGLE_UNIT ( ) SI_UNIT ( $, .RADIAN. ) );
#5446 = EDGE_CURVE ( 'NONE', #6086, #8646, #1842, .T. ) ;
#5447 = CARTESIAN_POINT ( 'NONE',  ( -0.5530200446325973518, -3.150426432419600076, 0.9810000000000000941 ) ) ;
#5448 = FACE_OUTER_BOUND ( 'NONE', #8997, .T. ) ;
#5449 = DIRECTION ( 'NONE',  ( 0.0000000000000000000, 1.000000000000000000, 0.0000000000000000000 ) ) ;
#5450 = FILL_AREA_STYLE ('',( #3505 ) ) ;
#5451 = VERTEX_POINT ( 'NONE', #3014 ) ;
#5452 = VERTEX_POINT ( 'NONE', #5572 ) ;
#5453 = PRESENTATION_STYLE_ASSIGNMENT (( #1724 ) ) ;
#5454 = DIRECTION ( 'NONE',  ( 0.0000000000000000000, -1.000000000000000000, 0.0000000000000000000 ) ) ;
#5455 = VECTOR ( 'NONE', #11675, 1000.000000000000000 ) ;
#5456 = CARTESIAN_POINT ( 'NONE',  ( -0.7663783690616760014, -3.213019858982633092, 0.9799999999999999822 ) ) ;
#5457 = B_SPLINE_CURVE_WITH_KNOTS ( 'NONE', 3,
 ( #10942, #2556, #10021, #1633 ),
 .UNSPECIFIED., .F., .F.,
 ( 4, 4 ),
 ( 5.000000000000000000, 6.000000000000000000 ),
 .UNSPECIFIED. ) ;
#5458 = CARTESIAN_POINT ( 'NONE',  ( -0.6281425540868388335, -2.804394997869956718, 0.9810000000000000941 ) ) ;
#5459 = ORIENTED_EDGE ( 'NONE', *, *, #5527, .F. ) ;
#5460 = EDGE_CURVE ( 'NONE', #4223, #6348, #5420, .T. ) ;
#5461 = CARTESIAN_POINT ( 'NONE',  ( -0.9767733834284669792, -3.333839728858221996, 0.9800000000000002043 ) ) ;
#5462 = ADVANCED_FACE ( 'NONE', ( #2771 ), #10353, .F. ) ;
#5463 = PRESENTATION_LAYER_ASSIGNMENT (  '', '', ( #3718 ) ) ;
#5464 = PRESENTATION_LAYER_ASSIGNMENT (  '', '', ( #10750 ) ) ;
#5465 = DIRECTION ( 'NONE',  ( 4.051977475832535632E-17, 0.0000000000000000000, -1.000000000000000000 ) ) ;
#5466 = FACE_OUTER_BOUND ( 'NONE', #11026, .T. ) ;
#5467 = SURFACE_STYLE_FILL_AREA ( #8560 ) ;
#5468 = UNCERTAINTY_MEASURE_WITH_UNIT (LENGTH_MEASURE( 1.000000000000000082E-05 ), #10218, 'distance_accuracy_value', 'NONE');
#5469 = CARTESIAN_POINT ( 'NONE',  ( -0.6861610458177462846, -3.007771646301291568, 0.9810000000000000941 ) ) ;
#5470 = ORIENTED_EDGE ( 'NONE', *, *, #2243, .F. ) ;
#5471 = PRESENTATION_STYLE_ASSIGNMENT (( #10072 ) ) ;
#5472 = VECTOR ( 'NONE', #3702, 1000.000000000000000 ) ;
#5473 = AXIS2_PLACEMENT_3D ( 'NONE', #5114, #9941, #5178 ) ;
#5474 = ORIENTED_EDGE ( 'NONE', *, *, #2147, .T. ) ;
#5475 = UNCERTAINTY_MEASURE_WITH_UNIT (LENGTH_MEASURE( 1.000000000000000082E-05 ), #4612, 'distance_accuracy_value', 'NONE');
#5476 = CARTESIAN_POINT ( 'NONE',  ( -0.4802889783873196539, -3.238805855307024029, 0.9810000000000000941 ) ) ;
#5477 = FILL_AREA_STYLE_COLOUR ( '', #8811 ) ;
#5478 = MECHANICAL_DESIGN_GEOMETRIC_PRESENTATION_REPRESENTATION (  '', ( #2761 ), #8181 ) ;
#5479 = VECTOR ( 'NONE', #451, 1000.000000000000000 ) ;
#5480 = CARTESIAN_POINT ( 'NONE',  ( -0.7769838998084951376, -3.183906637325670363, 0.9800000000000002043 ) ) ;
#5481 = CARTESIAN_POINT ( 'NONE',  ( -0.7245801008262332532, -2.984585044767507966, 0.9810000000000000941 ) ) ;
#5482 = ORIENTED_EDGE ( 'NONE', *, *, #9350, .T. ) ;
#5483 = FILL_AREA_STYLE ('',( #10147 ) ) ;
#5484 = CARTESIAN_POINT ( 'NONE',  ( -1.917832874751957517, -3.135905575568395331, 0.9799999999999999822 ) ) ;
#5485 = DIRECTION ( 'NONE',  ( -0.0000000000000000000, 0.0000000000000000000, 1.000000000000000000 ) ) ;
#5486 = CARTESIAN_POINT ( 'NONE',  ( -0.7855619026180425957, -3.293393145913836140, 0.9810000000000000941 ) ) ;
#5487 = ORIENTED_EDGE ( 'NONE', *, *, #5808, .F. ) ;
#5488 =( GEOMETRIC_REPRESENTATION_CONTEXT ( 3 ) GLOBAL_UNCERTAINTY_ASSIGNED_CONTEXT ( ( #8088 ) ) GLOBAL_UNIT_ASSIGNED_CONTEXT ( ( #4059, #9577, #4000 ) ) REPRESENTATION_CONTEXT ( 'NONE', 'WORKASPACE' ) );
#5489 = DIRECTION ( 'NONE',  ( -1.000000000000000000, -0.0000000000000000000, -0.0000000000000000000 ) ) ;
#5490 = ORIENTED_EDGE ( 'NONE', *, *, #3693, .T. ) ;
#5491 = ORIENTED_EDGE ( 'NONE', *, *, #10469, .T. ) ;
#5492 = CARTESIAN_POINT ( 'NONE',  ( -2.231612129378391263, -3.039024506848854834, 0.9800000000000002043 ) ) ;
#5493 = FILL_AREA_STYLE ('',( #1763 ) ) ;
#5494 = LINE ( 'NONE', #2922, #7644 ) ;
#5495 = CARTESIAN_POINT ( 'NONE',  ( -0.6765952729874400440, -3.306286144076720390, 0.9800000000000002043 ) ) ;
#5496 = PRESENTATION_LAYER_ASSIGNMENT (  '', '', ( #10785 ) ) ;
#5497 = SURFACE_STYLE_FILL_AREA ( #7448 ) ;
#5498 = FILL_AREA_STYLE ('',( #4456 ) ) ;
#5499 = ORIENTED_EDGE ( 'NONE', *, *, #10348, .T. ) ;
#5500 = PRESENTATION_STYLE_ASSIGNMENT (( #5561 ) ) ;
#5501 = LINE ( 'NONE', #732, #5708 ) ;
#5502 = COLOUR_RGB ( '',0.9686274509803921573, 0.8784313725490195957, 0.5999999999999999778 ) ;
#5503 =( LENGTH_UNIT ( ) NAMED_UNIT ( * ) SI_UNIT ( .MILLI., .METRE. ) );
#5504 = VERTEX_POINT ( 'NONE', #7575 ) ;
#5505 = PRESENTATION_STYLE_ASSIGNMENT (( #3494 ) ) ;
#5506 = STYLED_ITEM ( 'NONE', ( #1887 ), #11374 ) ;
#5507 = FILL_AREA_STYLE_COLOUR ( '', #6099 ) ;
#5508 = SURFACE_STYLE_FILL_AREA ( #7293 ) ;
#5509 = EDGE_CURVE ( 'NONE', #4781, #8292, #9321, .T. ) ;
#5510 = FILL_AREA_STYLE ('',( #1778 ) ) ;
#5511 = COLOUR_RGB ( '',0.0000000000000000000, 0.0000000000000000000, 0.0000000000000000000 ) ;
#5512 = MECHANICAL_DESIGN_GEOMETRIC_PRESENTATION_REPRESENTATION (  '', ( #4536 ), #11195 ) ;
#5513 = DIRECTION ( 'NONE',  ( -0.0000000000000000000, -0.0000000000000000000, -1.000000000000000000 ) ) ;
#5514 = VERTEX_POINT ( 'NONE', #7519 ) ;
#5515 = CARTESIAN_POINT ( 'NONE',  ( -2.036403861351574029, -3.386061372626611998, 0.9800000000000002043 ) ) ;
#5516 = DIRECTION ( 'NONE',  ( -0.0000000000000000000, 1.000000000000000000, -0.0000000000000000000 ) ) ;
#5517 =( NAMED_UNIT ( * ) PLANE_ANGLE_UNIT ( ) SI_UNIT ( $, .RADIAN. ) );
#5518 = CARTESIAN_POINT ( 'NONE',  ( -0.1213645456747888818, -3.274781479212180546, 0.9799999999999999822 ) ) ;
#5519 = STYLED_ITEM ( 'NONE', ( #2067 ), #11480 ) ;
#5520 = LINE ( 'NONE', #89, #1240 ) ;
#5521 = MECHANICAL_DESIGN_GEOMETRIC_PRESENTATION_REPRESENTATION (  '', ( #4925 ), #8655 ) ;
#5522 = COLOUR_RGB ( '',0.0000000000000000000, 0.0000000000000000000, 0.0000000000000000000 ) ;
#5523 =( GEOMETRIC_REPRESENTATION_CONTEXT ( 3 ) GLOBAL_UNCERTAINTY_ASSIGNED_CONTEXT ( ( #4813 ) ) GLOBAL_UNIT_ASSIGNED_CONTEXT ( ( #805, #8106, #10845 ) ) REPRESENTATION_CONTEXT ( 'NONE', 'WORKASPACE' ) );
#5524 = ORIENTED_EDGE ( 'NONE', *, *, #11156, .F. ) ;
#5525 = DIRECTION ( 'NONE',  ( -1.000000000000000000, -0.0000000000000000000, -0.0000000000000000000 ) ) ;
#5526 = CARTESIAN_POINT ( 'NONE',  ( -1.995916176447512402, -2.953711186560602719, 0.9810000000000000941 ) ) ;
#5527 = EDGE_CURVE ( 'NONE', #6545, #2813, #3092, .T. ) ;
#5528 = EDGE_CURVE ( 'NONE', #1169, #2954, #19, .T. ) ;
#5529 = CARTESIAN_POINT ( 'NONE',  ( -1.725516619677668562, -2.836586302968011619, 0.9799999999999999822 ) ) ;
#5530 = SURFACE_STYLE_USAGE ( .BOTH. , #1678 ) ;
#5531 = ORIENTED_EDGE ( 'NONE', *, *, #7892, .F. ) ;
#5532 = B_SPLINE_SURFACE_WITH_KNOTS ( 'NONE', 3, 1, ( 
 ( #1537, #5279 ),
 ( #8062, #2519 ),
 ( #9259, #6310 ),
 ( #749, #10115 ) ),
 .UNSPECIFIED., .F., .F., .F.,
 ( 4, 4 ),
 ( 2, 2 ),
 ( 13.00000000000000000, 14.00000000000000000 ),
 ( 0.0000000000000000000, 1.000000000000000000 ),
 .UNSPECIFIED. ) ;
#5533 = STYLED_ITEM ( 'NONE', ( #10447 ), #8437 ) ;
#5535 = AXIS2_PLACEMENT_3D ( 'NONE', #1528, #4470, #739 ) ;
#5534 = LINE ( 'NONE', #3762, #4017 ) ;
#5536 = DIRECTION ( 'NONE',  ( 0.0000000000000000000, 0.0000000000000000000, 1.000000000000000000 ) ) ;
#5537 = VECTOR ( 'NONE', #6268, 1000.000000000000000 ) ;
#5538 = ADVANCED_FACE ( 'NONE', ( #4768 ), #11274, .F. ) ;
#5539 = ORIENTED_EDGE ( 'NONE', *, *, #887, .F. ) ;
#5540 = EDGE_CURVE ( 'NONE', #9485, #8007, #6046, .T. ) ;
#5541 =( GEOMETRIC_REPRESENTATION_CONTEXT ( 3 ) GLOBAL_UNCERTAINTY_ASSIGNED_CONTEXT ( ( #4094 ) ) GLOBAL_UNIT_ASSIGNED_CONTEXT ( ( #5404, #1685, #3460 ) ) REPRESENTATION_CONTEXT ( 'NONE', 'WORKASPACE' ) );
#5542 = VECTOR ( 'NONE', #7216, 1000.000000000000000 ) ;
#5543 = ORIENTED_EDGE ( 'NONE', *, *, #5389, .T. ) ;
#5544 = CARTESIAN_POINT ( 'NONE',  ( -2.059539620226411571, -2.866952039066210212, 0.9810000000000000941 ) ) ;
#5545 = SURFACE_SIDE_STYLE ('',( #10204 ) ) ;
#5546 = LINE ( 'NONE', #4381, #5115 ) ;
#5548 = COLOUR_RGB ( '',0.0000000000000000000, 0.0000000000000000000, 0.0000000000000000000 ) ;
#5547 = CARTESIAN_POINT ( 'NONE',  ( -0.1490740941435531042, -3.127031879302791140, 0.9800000000000002043 ) ) ;
#5549 = ORIENTED_EDGE ( 'NONE', *, *, #281, .T. ) ;
#5550 = FACE_OUTER_BOUND ( 'NONE', #2616, .T. ) ;
#5551 = ORIENTED_EDGE ( 'NONE', *, *, #5826, .F. ) ;
#5552 = CARTESIAN_POINT ( 'NONE',  ( -1.576579952140586105, -3.241462710728314267, 0.9799999999999999822 ) ) ;
#5553 = ORIENTED_EDGE ( 'NONE', *, *, #9032, .T. ) ;
#5554 =( GEOMETRIC_REPRESENTATION_CONTEXT ( 3 ) GLOBAL_UNCERTAINTY_ASSIGNED_CONTEXT ( ( #659 ) ) GLOBAL_UNIT_ASSIGNED_CONTEXT ( ( #1834, #5614, #4651 ) ) REPRESENTATION_CONTEXT ( 'NONE', 'WORKASPACE' ) );
#5555 = VERTEX_POINT ( 'NONE', #3245 ) ;
#5556 =( NAMED_UNIT ( * ) PLANE_ANGLE_UNIT ( ) SI_UNIT ( $, .RADIAN. ) );
#5557 = CARTESIAN_POINT ( 'NONE',  ( -0.6291823120047380646, -2.827789550986767431, 0.9810000000000000941 ) ) ;
#5558 = FACE_OUTER_BOUND ( 'NONE', #2176, .T. ) ;
#5559 = PRESENTATION_STYLE_ASSIGNMENT (( #3000 ) ) ;
#5560 = EDGE_LOOP ( 'NONE', ( #5647, #3154, #8394, #7500, #5016, #11382, #8705, #11133, #1482, #1535, #2837, #11676 ) ) ;
#5561 = SURFACE_STYLE_USAGE ( .BOTH. , #10162 ) ;
#5562 = CARTESIAN_POINT ( 'NONE',  ( -0.1633707654932581022, -3.153025827211590304, 0.9800000000000002043 ) ) ;
#5563 = DIRECTION ( 'NONE',  ( 1.000000000000000000, 0.0000000000000000000, 0.0000000000000000000 ) ) ;
#5564 = SURFACE_STYLE_USAGE ( .BOTH. , #1835 ) ;
#5565 = MANIFOLD_SOLID_BREP ( '凸台-拉伸2', #4970 ) ;
#5566 = UNCERTAINTY_MEASURE_WITH_UNIT (LENGTH_MEASURE( 1.000000000000000082E-05 ), #1781, 'distance_accuracy_value', 'NONE');
#5567 = ORIENTED_EDGE ( 'NONE', *, *, #3721, .F. ) ;
#5568 =( LENGTH_UNIT ( ) NAMED_UNIT ( * ) SI_UNIT ( .MILLI., .METRE. ) );
#5569 = CARTESIAN_POINT ( 'NONE',  ( -0.1771475578853914379, -3.127031879302791140, 0.9800000000000002043 ) ) ;
#5570 = CARTESIAN_POINT ( 'NONE',  ( -0.9661158647865787374, -2.980633964685847737, 0.9810000000000000941 ) ) ;
#5571 =( NAMED_UNIT ( * ) SI_UNIT ( $, .STERADIAN. ) SOLID_ANGLE_UNIT ( ) );
#5572 = CARTESIAN_POINT ( 'NONE',  ( -0.7921123774909988313, -3.279564365627333444, 0.9810000000000000941 ) ) ;
#5573 = SURFACE_STYLE_USAGE ( .BOTH. , #1843 ) ;
#5574 = EDGE_LOOP ( 'NONE', ( #8184, #6826, #277, #6364 ) ) ;
#5575 = CARTESIAN_POINT ( 'NONE',  ( -0.4318362594867182214, -2.804394997869956718, 0.9810000000000000941 ) ) ;
#5576 = DIRECTION ( 'NONE',  ( 0.0000000000000000000, 0.0000000000000000000, -1.000000000000000000 ) ) ;
#5577 = FACE_OUTER_BOUND ( 'NONE', #9105, .T. ) ;
#5578 = B_SPLINE_CURVE_WITH_KNOTS ( 'NONE', 3,
 ( #7143, #9897, #5358, #7964 ),
 .UNSPECIFIED., .F., .F.,
 ( 4, 4 ),
 ( 2.000000000000000000, 3.000000000000000000 ),
 .UNSPECIFIED. ) ;
#5579 = B_SPLINE_CURVE_WITH_KNOTS ( 'NONE', 3,
 ( #5640, #4780, #11285, #8378 ),
 .UNSPECIFIED., .F., .F.,
 ( 4, 4 ),
 ( 9.000000000000000000, 10.00000000000000000 ),
 .UNSPECIFIED. ) ;
#5580 = ORIENTED_EDGE ( 'NONE', *, *, #762, .F. ) ;
#5581 = LINE ( 'NONE', #992, #42 ) ;
#5582 = FACE_BOUND ( 'NONE', #2681, .T. ) ;
#5583 = CARTESIAN_POINT ( 'NONE',  ( -1.995916176447512402, -2.953711186560602719, 0.9810000000000000941 ) ) ;
#5584 = SURFACE_STYLE_USAGE ( .BOTH. , #8256 ) ;
#5585 = ORIENTED_EDGE ( 'NONE', *, *, #8105, .F. ) ;
#5586 = EDGE_CURVE ( 'NONE', #1491, #3418, #7325, .T. ) ;
#5587 = CARTESIAN_POINT ( 'NONE',  ( -0.2060528279593351886, -3.274781479212180990, 0.9810000000000000941 ) ) ;
#5588 = UNCERTAINTY_MEASURE_WITH_UNIT (LENGTH_MEASURE( 1.000000000000000082E-05 ), #2338, 'distance_accuracy_value', 'NONE');
#5589 = DIRECTION ( 'NONE',  ( 0.0000000000000000000, 1.000000000000000000, -0.0000000000000000000 ) ) ;
#5590 = ORIENTED_EDGE ( 'NONE', *, *, #3807, .F. ) ;
#5591 = SURFACE_STYLE_FILL_AREA ( #8582 ) ;
#5592 = EDGE_CURVE ( 'NONE', #11666, #11617, #6458, .T. ) ;
#5593 = EDGE_CURVE ( 'NONE', #6970, #10667, #2133, .T. ) ;
#5594 = CARTESIAN_POINT ( 'NONE',  ( -0.7877453942418992661, -3.283203518334449011, 0.9810000000000000941 ) ) ;
#5595 = ORIENTED_EDGE ( 'NONE', *, *, #6754, .T. ) ;
#5596 = UNCERTAINTY_MEASURE_WITH_UNIT (LENGTH_MEASURE( 1.000000000000000082E-05 ), #133, 'distance_accuracy_value', 'NONE');
#5597 = FACE_OUTER_BOUND ( 'NONE', #1308, .T. ) ;
#5598 = EDGE_CURVE ( 'NONE', #6889, #773, #1917, .T. ) ;
#5599 = PRESENTATION_STYLE_ASSIGNMENT (( #2925 ) ) ;
#5600 =( NAMED_UNIT ( * ) PLANE_ANGLE_UNIT ( ) SI_UNIT ( $, .RADIAN. ) );
#5601 = DIRECTION ( 'NONE',  ( -0.0000000000000000000, -0.0000000000000000000, -1.000000000000000000 ) ) ;
#5602 = SURFACE_SIDE_STYLE ('',( #3042 ) ) ;
#5603 = VECTOR ( 'NONE', #6969, 1000.000000000000000 ) ;
#5604 = SURFACE_STYLE_FILL_AREA ( #3833 ) ;
#5605 = ORIENTED_EDGE ( 'NONE', *, *, #8707, .T. ) ;
#5606 = ORIENTED_EDGE ( 'NONE', *, *, #6731, .F. ) ;
#5607 = EDGE_CURVE ( 'NONE', #1803, #6889, #9075, .T. ) ;
#5608 = CARTESIAN_POINT ( 'NONE',  ( -2.139068955978249864, -3.293518226805795646, 0.9799999999999999822 ) ) ;
#5609 = PRESENTATION_STYLE_ASSIGNMENT (( #8685 ) ) ;
#5610 = DIRECTION ( 'NONE',  ( 0.0000000000000000000, 1.000000000000000000, -0.0000000000000000000 ) ) ;
#5611 = CARTESIAN_POINT ( 'NONE',  ( -0.8410329874534082650, -3.193368434364459052, 0.9810000000000000941 ) ) ;
#5612 = VERTEX_POINT ( 'NONE', #11516 ) ;
#5613 = FILL_AREA_STYLE_COLOUR ( '', #9638 ) ;
#5614 =( NAMED_UNIT ( * ) PLANE_ANGLE_UNIT ( ) SI_UNIT ( $, .RADIAN. ) );
#5615 = SURFACE_SIDE_STYLE ('',( #10957 ) ) ;
#5616 = CARTESIAN_POINT ( 'NONE',  ( -1.917832874751957517, -3.135905575568395331, 0.9810000000000000941 ) ) ;
#5617 = PRESENTATION_LAYER_ASSIGNMENT (  '', '', ( #1125 ) ) ;
#5618 = PRESENTATION_LAYER_ASSIGNMENT (  '', '', ( #1905 ) ) ;
#5619 = ORIENTED_EDGE ( 'NONE', *, *, #1268, .F. ) ;
#5620 = FACE_OUTER_BOUND ( 'NONE', #8925, .T. ) ;
#5621 = B_SPLINE_CURVE_WITH_KNOTS ( 'NONE', 3,
 ( #9899, #4266, #2187, #9846 ),
 .UNSPECIFIED., .F., .F.,
 ( 4, 4 ),
 ( 3.000000000000000000, 4.000000000000000000 ),
 .UNSPECIFIED. ) ;
#5622 = B_SPLINE_SURFACE_WITH_KNOTS ( 'NONE', 3, 1, ( 
 ( #9347, #7372 ),
 ( #3533, #10319 ),
 ( #4681, #49 ),
 ( #2861, #6589 ) ),
 .UNSPECIFIED., .F., .F., .F.,
 ( 4, 4 ),
 ( 2, 2 ),
 ( 2.000000000000000000, 3.000000000000000000 ),
 ( 0.0000000000000000000, 1.000000000000000000 ),
 .UNSPECIFIED. ) ;
#5623 = VECTOR ( 'NONE', #1850, 1000.000000000000000 ) ;
#5624 = AXIS2_PLACEMENT_3D ( 'NONE', #7609, #2987, #6721 ) ;
#5625 = CARTESIAN_POINT ( 'NONE',  ( -1.397277520925285899, -3.303640092870908873, 0.9810000000000000941 ) ) ;
#5626 = VECTOR ( 'NONE', #1486, 1000.000000000000000 ) ;
#5627 = CARTESIAN_POINT ( 'NONE',  ( -0.9801525966568087611, -3.186298080533246591, 0.9810000000000000941 ) ) ;
#5628 = LINE ( 'NONE', #11461, #3035 ) ;
#5629 = VECTOR ( 'NONE', #10511, 1000.000000000000000 ) ;
#5630 = DIRECTION ( 'NONE',  ( -0.0000000000000000000, -0.0000000000000000000, -1.000000000000000000 ) ) ;
#5631 = COLOUR_RGB ( '',0.0000000000000000000, 0.0000000000000000000, 0.0000000000000000000 ) ;
#5632 = CARTESIAN_POINT ( 'NONE',  ( -0.8573571867396971857, -3.224353220270048226, 0.9799999999999999822 ) ) ;
#5633 = VERTEX_POINT ( 'NONE', #9682 ) ;
#5634 = DIRECTION ( 'NONE',  ( 1.000000000000000000, 0.0000000000000000000, 0.0000000000000000000 ) ) ;
#5635 = PRESENTATION_STYLE_ASSIGNMENT (( #3749 ) ) ;
#5636 = DIRECTION ( 'NONE',  ( -1.000000000000000000, 0.0000000000000000000, 0.0000000000000000000 ) ) ;
#5637 = COLOUR_RGB ( '',0.0000000000000000000, 0.0000000000000000000, 0.0000000000000000000 ) ;
#5638 =( NAMED_UNIT ( * ) PLANE_ANGLE_UNIT ( ) SI_UNIT ( $, .RADIAN. ) );
#5639 =( GEOMETRIC_REPRESENTATION_CONTEXT ( 3 ) GLOBAL_UNCERTAINTY_ASSIGNED_CONTEXT ( ( #3380 ) ) GLOBAL_UNIT_ASSIGNED_CONTEXT ( ( #12061, #2811, #11132 ) ) REPRESENTATION_CONTEXT ( 'NONE', 'WORKASPACE' ) );
#5640 = CARTESIAN_POINT ( 'NONE',  ( -0.9993881181082362453, -2.908370789500994480, 0.9810000000000000941 ) ) ;
#5641 = ORIENTED_EDGE ( 'NONE', *, *, #8035, .F. ) ;
#5642 = DIRECTION ( 'NONE',  ( -0.0000000000000000000, -0.0000000000000000000, -1.000000000000000000 ) ) ;
#5643 = SURFACE_STYLE_FILL_AREA ( #2728 ) ;
#5644 = CARTESIAN_POINT ( 'NONE',  ( -0.5512524561754880148, -2.979282279394789512, 0.9810000000000000941 ) ) ;
#5645 = FACE_OUTER_BOUND ( 'NONE', #9017, .T. ) ;
#5646 = DIRECTION ( 'NONE',  ( 0.3385350343141514950, 0.9409537876760559749, 0.0000000000000000000 ) ) ;
#5647 = ORIENTED_EDGE ( 'NONE', *, *, #10619, .T. ) ;
#5648 =( GEOMETRIC_REPRESENTATION_CONTEXT ( 3 ) GLOBAL_UNCERTAINTY_ASSIGNED_CONTEXT ( ( #2524 ) ) GLOBAL_UNIT_ASSIGNED_CONTEXT ( ( #10316, #6653, #4910 ) ) REPRESENTATION_CONTEXT ( 'NONE', 'WORKASPACE' ) );
#5649 = FILL_AREA_STYLE_COLOUR ( '', #8299 ) ;
#5650 = FACE_OUTER_BOUND ( 'NONE', #8501, .T. ) ;
#5651 = DIRECTION ( 'NONE',  ( -0.0000000000000000000, -0.0000000000000000000, -1.000000000000000000 ) ) ;
#5652 = VECTOR ( 'NONE', #850, 1000.000000000000000 ) ;
#5653 = CARTESIAN_POINT ( 'NONE',  ( -0.7921123774909988313, -3.279564365627333444, 0.9799999999999999822 ) ) ;
#5654 = ORIENTED_EDGE ( 'NONE', *, *, #2028, .F. ) ;
#5655 =( LENGTH_UNIT ( ) NAMED_UNIT ( * ) SI_UNIT ( .MILLI., .METRE. ) );
#5656 = CARTESIAN_POINT ( 'NONE',  ( -1.362573861928358276, -3.266044448500084574, 0.9799999999999999822 ) ) ;
#5657 =( NAMED_UNIT ( * ) SI_UNIT ( $, .STERADIAN. ) SOLID_ANGLE_UNIT ( ) );
#5658 = EDGE_CURVE ( 'NONE', #7333, #11618, #8814, .T. ) ;
#5659 = EDGE_CURVE ( 'NONE', #4706, #12121, #2532, .T. ) ;
#5660 = DIRECTION ( 'NONE',  ( -0.0000000000000000000, -0.0000000000000000000, -1.000000000000000000 ) ) ;
#5661 = VECTOR ( 'NONE', #2486, 1000.000000000000000 ) ;
#5662 = FACE_OUTER_BOUND ( 'NONE', #3691, .T. ) ;
#5663 =( LENGTH_UNIT ( ) NAMED_UNIT ( * ) SI_UNIT ( .MILLI., .METRE. ) );
#5664 = CARTESIAN_POINT ( 'NONE',  ( -0.7921123774909988313, -3.279564365627333444, 0.9810000000000000941 ) ) ;
#5665 = VERTEX_POINT ( 'NONE', #11023 ) ;
#5666 = COLOUR_RGB ( '',0.9686274509803921573, 0.8784313725490195957, 0.5999999999999999778 ) ;
#5667 = VERTEX_POINT ( 'NONE', #3553 ) ;
#5668 =( GEOMETRIC_REPRESENTATION_CONTEXT ( 3 ) GLOBAL_UNCERTAINTY_ASSIGNED_CONTEXT ( ( #2444 ) ) GLOBAL_UNIT_ASSIGNED_CONTEXT ( ( #11917, #9828, #642 ) ) REPRESENTATION_CONTEXT ( 'NONE', 'WORKASPACE' ) );
#5669 =( LENGTH_UNIT ( ) NAMED_UNIT ( * ) SI_UNIT ( .MILLI., .METRE. ) );
#5670 = LINE ( 'NONE', #8486, #9583 ) ;
#5671 = EDGE_CURVE ( 'NONE', #1057, #1982, #9388, .T. ) ;
#5672 = SURFACE_SIDE_STYLE ('',( #5788 ) ) ;
#5673 = FACE_OUTER_BOUND ( 'NONE', #11246, .T. ) ;
#5674 = ORIENTED_EDGE ( 'NONE', *, *, #660, .T. ) ;
#5675 = CARTESIAN_POINT ( 'NONE',  ( -0.2934964687217503365, -3.252218732427472059, 0.9800000000000002043 ) ) ;
#5676 = FILL_AREA_STYLE ('',( #2875 ) ) ;
#5677 = FILL_AREA_STYLE_COLOUR ( '', #6982 ) ;
#5678 = MECHANICAL_DESIGN_GEOMETRIC_PRESENTATION_REPRESENTATION (  '', ( #3923 ), #1180 ) ;
#5679 = AXIS2_PLACEMENT_3D ( 'NONE', #3853, #7634, #10294 ) ;
#5680 = VERTEX_POINT ( 'NONE', #1579 ) ;
#5681 = ADVANCED_FACE ( 'NONE', ( #725 ), #5727, .F. ) ;
#5682 = EDGE_CURVE ( 'NONE', #9640, #1057, #5316, .T. ) ;
#5683 = VECTOR ( 'NONE', #2043, 1000.000000000000000 ) ;
#5684 = SURFACE_SIDE_STYLE ('',( #6560 ) ) ;
#5685 = SURFACE_SIDE_STYLE ('',( #1040 ) ) ;
#5686 = CARTESIAN_POINT ( 'NONE',  ( -0.9945532437980212359, -3.195343974404595055, 0.9810000000000000941 ) ) ;
#5687 = FILL_AREA_STYLE ('',( #2886 ) ) ;
#5688 = MECHANICAL_DESIGN_GEOMETRIC_PRESENTATION_REPRESENTATION (  '', ( #10976 ), #1190 ) ;
#5689 = STYLED_ITEM ( 'NONE', ( #11077 ), #10488 ) ;
#5690 = LINE ( 'NONE', #6747, #4507 ) ;
#5691 = ORIENTED_EDGE ( 'NONE', *, *, #2624, .F. ) ;
#5692 = PRESENTATION_STYLE_ASSIGNMENT (( #10416 ) ) ;
#5693 = CARTESIAN_POINT ( 'NONE',  ( -0.3157992760262828269, -3.169557978080211225, 0.9810000000000000941 ) ) ;
#5694 = DIRECTION ( 'NONE',  ( -0.0000000000000000000, 1.000000000000000000, -0.0000000000000000000 ) ) ;
#5695 = DIRECTION ( 'NONE',  ( -0.0000000000000000000, -0.0000000000000000000, -1.000000000000000000 ) ) ;
#5696 = UNCERTAINTY_MEASURE_WITH_UNIT (LENGTH_MEASURE( 1.000000000000000082E-05 ), #1269, 'distance_accuracy_value', 'NONE');
#5697 = VECTOR ( 'NONE', #7638, 1000.000000000000000 ) ;
#5698 = PRESENTATION_LAYER_ASSIGNMENT (  '', '', ( #2582 ) ) ;
#5699 = CARTESIAN_POINT ( 'NONE',  ( -0.6067235410115465744, -3.185154346825209704, 0.9800000000000002043 ) ) ;
#5700 = ORIENTED_EDGE ( 'NONE', *, *, #972, .T. ) ;
#5701 = CARTESIAN_POINT ( 'NONE',  ( -0.7308706362197150419, -3.398824598628831239, 0.9799999999999999822 ) ) ;
#5702 = CARTESIAN_POINT ( 'NONE',  ( -0.4318362594867188875, -2.804394997869955830, 0.9800000000000002043 ) ) ;
#5703 = CARTESIAN_POINT ( 'NONE',  ( -1.838303607950860785, -3.426549002369938535, 0.9799999999999999822 ) ) ;
#5704 = FILL_AREA_STYLE_COLOUR ( '', #2216 ) ;
#5705 = PRESENTATION_STYLE_ASSIGNMENT (( #3142 ) ) ;
#5706 = ORIENTED_EDGE ( 'NONE', *, *, #5439, .T. ) ;
#5707 = CARTESIAN_POINT ( 'NONE',  ( -0.7308706362197150419, -3.398824598628831239, 0.9810000000000000941 ) ) ;
#5708 = VECTOR ( 'NONE', #8159, 1000.000000000000000 ) ;
#5709 = UNCERTAINTY_MEASURE_WITH_UNIT (LENGTH_MEASURE( 1.000000000000000082E-05 ), #8433, 'distance_accuracy_value', 'NONE');
#5710 = EDGE_CURVE ( 'NONE', #7957, #4293, #9113, .T. ) ;
#5711 = B_SPLINE_CURVE_WITH_KNOTS ( 'NONE', 3,
 ( #9978, #1661, #2454, #11776 ),
 .UNSPECIFIED., .F., .F.,
 ( 4, 4 ),
 ( 33.00000000000000000, 34.00000000000000000 ),
 .UNSPECIFIED. ) ;
#5712 = STYLED_ITEM ( 'NONE', ( #4671 ), #5070 ) ;
#5713 = LINE ( 'NONE', #9471, #11423 ) ;
#5714 =( GEOMETRIC_REPRESENTATION_CONTEXT ( 3 ) GLOBAL_UNCERTAINTY_ASSIGNED_CONTEXT ( ( #3972 ) ) GLOBAL_UNIT_ASSIGNED_CONTEXT ( ( #3556, #6422, #798 ) ) REPRESENTATION_CONTEXT ( 'NONE', 'WORKASPACE' ) );
#5715 = VERTEX_POINT ( 'NONE', #794 ) ;
#5716 = MECHANICAL_DESIGN_GEOMETRIC_PRESENTATION_REPRESENTATION (  '', ( #11012 ), #5918 ) ;
#5717 =( GEOMETRIC_REPRESENTATION_CONTEXT ( 3 ) GLOBAL_UNCERTAINTY_ASSIGNED_CONTEXT ( ( #12090 ) ) GLOBAL_UNIT_ASSIGNED_CONTEXT ( ( #6697, #1906, #2034 ) ) REPRESENTATION_CONTEXT ( 'NONE', 'WORKASPACE' ) );
#5718 = UNCERTAINTY_MEASURE_WITH_UNIT (LENGTH_MEASURE( 1.000000000000000082E-05 ), #6537, 'distance_accuracy_value', 'NONE');
#5719 = CARTESIAN_POINT ( 'NONE',  ( 3.410954544295047963, -3.799999999999999822, 0.5678679656440351886 ) ) ;
#5720 =( LENGTH_UNIT ( ) NAMED_UNIT ( * ) SI_UNIT ( .MILLI., .METRE. ) );
#5721 = PRESENTATION_STYLE_ASSIGNMENT (( #3159 ) ) ;
#5722 = LINE ( 'NONE', #1813, #1761 ) ;
#5723 = DIRECTION ( 'NONE',  ( -1.000000000000000000, 0.0000000000000000000, -4.051977475832535632E-17 ) ) ;
#5724 =( LENGTH_UNIT ( ) NAMED_UNIT ( * ) SI_UNIT ( .MILLI., .METRE. ) );
#5725 = PLANE ( 'NONE',  #10714 ) ;
#5726 = PRESENTATION_STYLE_ASSIGNMENT (( #8403 ) ) ;
#5727 = B_SPLINE_SURFACE_WITH_KNOTS ( 'NONE', 3, 1, ( 
 ( #1457, #6286 ),
 ( #7273, #7095 ),
 ( #6226, #11817 ),
 ( #8932, #556 ) ),
 .UNSPECIFIED., .F., .F., .F.,
 ( 4, 4 ),
 ( 2, 2 ),
 ( 6.000000000000000000, 7.000000000000000000 ),
 ( 0.0000000000000000000, 1.000000000000000000 ),
 .UNSPECIFIED. ) ;
#5728 = PRESENTATION_LAYER_ASSIGNMENT (  '', '', ( #271 ) ) ;
#5729 = EDGE_LOOP ( 'NONE', ( #9079, #9226, #11449, #7387 ) ) ;
#5730 = ORIENTED_EDGE ( 'NONE', *, *, #7892, .T. ) ;
#5731 = CARTESIAN_POINT ( 'NONE',  ( -1.309072325584600183, -3.128675667295774510, 0.9810000000000000941 ) ) ;
#5732 = VECTOR ( 'NONE', #2586, 1000.000000000000000 ) ;
#5733 = SURFACE_SIDE_STYLE ('',( #8485 ) ) ;
#5734 = CARTESIAN_POINT ( 'NONE',  ( -1.576579952140586105, -3.241462710728314267, 0.9810000000000000941 ) ) ;
#5735 =( NAMED_UNIT ( * ) PLANE_ANGLE_UNIT ( ) SI_UNIT ( $, .RADIAN. ) );
#5736 = EDGE_LOOP ( 'NONE', ( #227, #2946, #11650, #7731 ) ) ;
#5737 = CARTESIAN_POINT ( 'NONE',  ( -1.116256907902850815, -2.984585044767507966, 0.9810000000000000941 ) ) ;
#5738 = PRESENTATION_STYLE_ASSIGNMENT (( #5564 ) ) ;
#5739 = ADVANCED_FACE ( 'NONE', ( #7979 ), #11213, .T. ) ;
#5740 = B_SPLINE_CURVE_WITH_KNOTS ( 'NONE', 3,
 ( #11797, #3398, #1683, #9090 ),
 .UNSPECIFIED., .F., .F.,
 ( 4, 4 ),
 ( 7.000000000000000000, 8.000000000000000000 ),
 .UNSPECIFIED. ) ;
#5741 = EDGE_LOOP ( 'NONE', ( #21, #1229, #4518, #2159 ) ) ;
#5742 = COLOUR_RGB ( '',0.0000000000000000000, 0.0000000000000000000, 0.0000000000000000000 ) ;
#5743 = EDGE_CURVE ( 'NONE', #4963, #9652, #1765, .T. ) ;
#5744 = SURFACE_STYLE_USAGE ( .BOTH. , #4765 ) ;
#5745 = COLOUR_RGB ( '',0.0000000000000000000, 0.0000000000000000000, 0.0000000000000000000 ) ;
#5746 = EDGE_CURVE ( 'NONE', #1509, #1081, #5670, .T. ) ;
#5747 = LINE ( 'NONE', #5569, #7674 ) ;
#5748 = DIRECTION ( 'NONE',  ( -0.0000000000000000000, -0.0000000000000000000, -1.000000000000000000 ) ) ;
#5749 = CARTESIAN_POINT ( 'NONE',  ( -1.530308351650157661, -2.825018409740929659, 0.9799999999999999822 ) ) ;
#5750 = CARTESIAN_POINT ( 'NONE',  ( -0.3152274091715781545, -3.286010864708079460, 0.9810000000000000941 ) ) ;
#5751 = LINE ( 'NONE', #2199, #5866 ) ;
#5752 = EDGE_CURVE ( 'NONE', #261, #5121, #4692, .T. ) ;
#5753 = CARTESIAN_POINT ( 'NONE',  ( -0.2060528279593351886, -3.274781479212180990, 0.9799999999999999822 ) ) ;
#5754 = EDGE_LOOP ( 'NONE', ( #8651, #9684, #10932, #6370 ) ) ;
#5755 = DIRECTION ( 'NONE',  ( 1.000000000000000000, -0.0000000000000000000, -0.0000000000000000000 ) ) ;
#5756 = PLANE ( 'NONE',  #11693 ) ;
#5757 = PRESENTATION_LAYER_ASSIGNMENT (  '', '', ( #3228 ) ) ;
#5758 = CARTESIAN_POINT ( 'NONE',  ( -1.975672361575154801, -2.868398017962456414, 0.9810000000000000941 ) ) ;
#5759 = DIRECTION ( 'NONE',  ( -0.0000000000000000000, -0.0000000000000000000, -1.000000000000000000 ) ) ;
#5760 = CARTESIAN_POINT ( 'NONE',  ( -1.530308351650157661, -2.825018409740929659, 0.9799999999999999822 ) ) ;
#5761 = B_SPLINE_CURVE_WITH_KNOTS ( 'NONE', 3,
 ( #2644, #7401, #4591, #8229 ),
 .UNSPECIFIED., .F., .F.,
 ( 4, 4 ),
 ( 3.000000000000000000, 4.000000000000000000 ),
 .UNSPECIFIED. ) ;
#5762 = VERTEX_POINT ( 'NONE', #3672 ) ;
#5763 = CARTESIAN_POINT ( 'NONE',  ( -1.809383836958896152, -3.185069133852000967, 0.9799999999999999822 ) ) ;
#5764 = DIRECTION ( 'NONE',  ( 0.0000000000000000000, -1.000000000000000000, 0.0000000000000000000 ) ) ;
#5765 = CARTESIAN_POINT ( 'NONE',  ( -1.523078415797519458, -3.017334699289550226, 0.9810000000000000941 ) ) ;
#5766 = FILL_AREA_STYLE_COLOUR ( '', #5666 ) ;
#5767 = EDGE_CURVE ( 'NONE', #515, #3664, #9821, .T. ) ;
#5768 = FILL_AREA_STYLE_COLOUR ( '', #7047 ) ;
#5769 = ORIENTED_EDGE ( 'NONE', *, *, #3428, .T. ) ;
#5770 = CARTESIAN_POINT ( 'NONE',  ( -1.964104475242384407, -2.869844010648710864, 0.9810000000000000941 ) ) ;
#5771 = CARTESIAN_POINT ( 'NONE',  ( -0.7757881782047097996, -3.322298415987779752, 0.9810000000000000941 ) ) ;
#5772 = CARTESIAN_POINT ( 'NONE',  ( -1.037755185220968768, -3.127031879302791140, 0.9810000000000000941 ) ) ;
#5773 = SURFACE_SIDE_STYLE ('',( #3826 ) ) ;
#5774 = VERTEX_POINT ( 'NONE', #960 ) ;
#5775 = EDGE_LOOP ( 'NONE', ( #11007, #5784, #8632, #4271 ) ) ;
#5776 = LINE ( 'NONE', #10917, #6012 ) ;
#5777 = CARTESIAN_POINT ( 'NONE',  ( -0.1611872738687085138, -3.164463164290519437, 0.9810000000000000941 ) ) ;
#5778 = CARTESIAN_POINT ( 'NONE',  ( -0.8167026522115985454, -3.181827121492629473, 0.9810000000000000941 ) ) ;
#5779 = CARTESIAN_POINT ( 'NONE',  ( -1.995916176447512402, -2.953711186560602719, 0.9799999999999999822 ) ) ;
#5780 = FACE_OUTER_BOUND ( 'NONE', #8264, .T. ) ;
#5781 = CARTESIAN_POINT ( 'NONE',  ( -0.6291823120047378426, -2.827789550986767431, 0.9810000000000000941 ) ) ;
#5782 = FILL_AREA_STYLE_COLOUR ( '', #4746 ) ;
#5783 =( NAMED_UNIT ( * ) PLANE_ANGLE_UNIT ( ) SI_UNIT ( $, .RADIAN. ) );
#5784 = ORIENTED_EDGE ( 'NONE', *, *, #3065, .F. ) ;
#5785 = ORIENTED_EDGE ( 'NONE', *, *, #10117, .T. ) ;
#5786 =( LENGTH_UNIT ( ) NAMED_UNIT ( * ) SI_UNIT ( .MILLI., .METRE. ) );
#5787 = DIRECTION ( 'NONE',  ( -0.0000000000000000000, -0.0000000000000000000, -1.000000000000000000 ) ) ;
#5788 = SURFACE_STYLE_FILL_AREA ( #10282 ) ;
#5789 = CARTESIAN_POINT ( 'NONE',  ( -0.4698913992235199677, -3.330408527734124657, 0.9810000000000000941 ) ) ;
#5790 = ORIENTED_EDGE ( 'NONE', *, *, #4203, .T. ) ;
#5791 = SURFACE_SIDE_STYLE ('',( #3902 ) ) ;
#5792 = CARTESIAN_POINT ( 'NONE',  ( -0.2761325115182485801, -3.171949421287787452, 0.9799999999999999822 ) ) ;
#5793 = UNCERTAINTY_MEASURE_WITH_UNIT (LENGTH_MEASURE( 1.000000000000000082E-05 ), #7327, 'distance_accuracy_value', 'NONE');
#5794 = ORIENTED_EDGE ( 'NONE', *, *, #11060, .T. ) ;
#5795 = CARTESIAN_POINT ( 'NONE',  ( -1.397277520925285899, -3.303640092870908873, 0.9800000000000002043 ) ) ;
#5796 = FILL_AREA_STYLE_COLOUR ( '', #5157 ) ;
#5797 = CARTESIAN_POINT ( 'NONE',  ( -0.4524234662298953769, -2.929165947827201855, 0.9810000000000000941 ) ) ;
#5798 = CARTESIAN_POINT ( 'NONE',  ( -0.9469323312302121431, -3.202518304027323737, 0.9810000000000000941 ) ) ;
#5799 = FILL_AREA_STYLE_COLOUR ( '', #1942 ) ;
#5800 = AXIS2_PLACEMENT_3D ( 'NONE', #1278, #6050, #5987 ) ;
#5801 = CARTESIAN_POINT ( 'NONE',  ( -1.995916176447512402, -2.953711186560602719, 0.9799999999999999822 ) ) ;
#5802 = VECTOR ( 'NONE', #11051, 1000.000000000000000 ) ;
#5803 = ORIENTED_EDGE ( 'NONE', *, *, #6024, .F. ) ;
#5804 = FACE_OUTER_BOUND ( 'NONE', #1373, .T. ) ;
#5805 = EDGE_CURVE ( 'NONE', #1057, #11962, #9238, .T. ) ;
#5806 = LINE ( 'NONE', #10297, #6539 ) ;
#5807 = CARTESIAN_POINT ( 'NONE',  ( -0.4052184568288403343, -3.307221926200337059, 0.9800000000000002043 ) ) ;
#5808 = EDGE_CURVE ( 'NONE', #10569, #7499, #6290, .T. ) ;
#5809 = SURFACE_STYLE_FILL_AREA ( #10479 ) ;
#5810 = ORIENTED_EDGE ( 'NONE', *, *, #5659, .F. ) ;
#5811 = CARTESIAN_POINT ( 'NONE',  ( -0.8181063253984089956, -3.333839728858221996, 0.9799999999999999822 ) ) ;
#5812 = EDGE_CURVE ( 'NONE', #11064, #11409, #6, .T. ) ;
#5813 = COLOUR_RGB ( '',0.0000000000000000000, 0.0000000000000000000, 0.0000000000000000000 ) ;
#5814 = STYLED_ITEM ( 'NONE', ( #7850 ), #6729 ) ;
#5815 = CARTESIAN_POINT ( 'NONE',  ( 7.500000000000000000, 3.799999999999999822, 0.0000000000000000000 ) ) ;
#5816 = ORIENTED_EDGE ( 'NONE', *, *, #8696, .F. ) ;
#5817 = CARTESIAN_POINT ( 'NONE',  ( -0.9515072660623393741, -3.262096432632322074, 0.9810000000000000941 ) ) ;
#5818 = CARTESIAN_POINT ( 'NONE',  ( -1.917832902331976896, -3.426549002369938535, 0.9799999999999999822 ) ) ;
#5819 = CARTESIAN_POINT ( 'NONE',  ( -2.140514893504466887, -3.098309903617555872, 0.9799999999999999822 ) ) ;
#5820 = ORIENTED_EDGE ( 'NONE', *, *, #3657, .T. ) ;
#5821 = B_SPLINE_SURFACE_WITH_KNOTS ( 'NONE', 3, 1, ( 
 ( #3407, #7201 ),
 ( #10874, #1625 ),
 ( #3534, #9841 ),
 ( #8207, #892 ) ),
 .UNSPECIFIED., .F., .F., .F.,
 ( 4, 4 ),
 ( 2, 2 ),
 ( 18.00000000000000000, 19.00000000000000000 ),
 ( 0.0000000000000000000, 1.000000000000000000 ),
 .UNSPECIFIED. ) ;
#5822 =( GEOMETRIC_REPRESENTATION_CONTEXT ( 3 ) GLOBAL_UNCERTAINTY_ASSIGNED_CONTEXT ( ( #6795 ) ) GLOBAL_UNIT_ASSIGNED_CONTEXT ( ( #1188, #10560, #5893 ) ) REPRESENTATION_CONTEXT ( 'NONE', 'WORKASPACE' ) );
#5823 = FILL_AREA_STYLE ('',( #460 ) ) ;
#5824 = VECTOR ( 'NONE', #5857, 1000.000000000000000 ) ;
#5825 = CARTESIAN_POINT ( 'NONE',  ( -1.026941702891116748, -2.877178052012376419, 0.9810000000000000941 ) ) ;
#5826 = EDGE_CURVE ( 'NONE', #10791, #6881, #1322, .T. ) ;
#5827 = ADVANCED_FACE ( 'NONE', ( #906 ), #10131, .F. ) ;
#5828 = SURFACE_STYLE_USAGE ( .BOTH. , #3935 ) ;
#5829 = ORIENTED_EDGE ( 'NONE', *, *, #2527, .T. ) ;
#5830 = EDGE_LOOP ( 'NONE', ( #8385, #8468, #9115, #1879 ) ) ;
#5831 = MECHANICAL_DESIGN_GEOMETRIC_PRESENTATION_REPRESENTATION (  '', ( #956 ), #5648 ) ;
#5832 = UNCERTAINTY_MEASURE_WITH_UNIT (LENGTH_MEASURE( 1.000000000000000082E-05 ), #8544, 'distance_accuracy_value', 'NONE');
#5833 =( NAMED_UNIT ( * ) PLANE_ANGLE_UNIT ( ) SI_UNIT ( $, .RADIAN. ) );
#5834 = DIRECTION ( 'NONE',  ( 0.0000000000000000000, 0.0000000000000000000, 1.000000000000000000 ) ) ;
#5835 = DIRECTION ( 'NONE',  ( -1.000000000000000000, -0.0000000000000000000, -0.0000000000000000000 ) ) ;
#5836 = SURFACE_STYLE_USAGE ( .BOTH. , #9482 ) ;
#5837 = EDGE_CURVE ( 'NONE', #8309, #9169, #8478, .T. ) ;
#5838 = CARTESIAN_POINT ( 'NONE',  ( -0.9175071821987061949, -3.214371544273697090, 0.9810000000000000941 ) ) ;
#5839 = ORIENTED_EDGE ( 'NONE', *, *, #8034, .F. ) ;
#5840 = ORIENTED_EDGE ( 'NONE', *, *, #5293, .T. ) ;
#5841 = CARTESIAN_POINT ( 'NONE',  ( -0.7663783690616761124, -3.213019858982632648, 0.9810000000000000941 ) ) ;
#5842 = FILL_AREA_STYLE ('',( #2118 ) ) ;
#5843 = AXIS2_PLACEMENT_3D ( 'NONE', #10712, #9176, #614 ) ;
#5844 = LINE ( 'NONE', #1944, #7628 ) ;
#5845 = CARTESIAN_POINT ( 'NONE',  ( -0.6303780336071429513, -2.984585044767507966, 0.9810000000000000941 ) ) ;
#5846 = PRESENTATION_STYLE_ASSIGNMENT (( #3051 ) ) ;
#5847 = ORIENTED_EDGE ( 'NONE', *, *, #999, .T. ) ;
#5848 = DIRECTION ( 'NONE',  ( -0.0000000000000000000, -0.0000000000000000000, -1.000000000000000000 ) ) ;
#5849 =( NAMED_UNIT ( * ) SI_UNIT ( $, .STERADIAN. ) SOLID_ANGLE_UNIT ( ) );
#5850 = FACE_OUTER_BOUND ( 'NONE', #7142, .T. ) ;
#5851 = CARTESIAN_POINT ( 'NONE',  ( -1.309072325584600183, -3.179285218265638147, 0.9810000000000000941 ) ) ;
#5852 = B_SPLINE_SURFACE_WITH_KNOTS ( 'NONE', 3, 1, ( 
 ( #10713, #6926 ),
 ( #11818, #3246 ),
 ( #6228, #5006 ),
 ( #6170, #372 ) ),
 .UNSPECIFIED., .F., .F., .F.,
 ( 4, 4 ),
 ( 2, 2 ),
 ( 21.00000000000000000, 22.00000000000000000 ),
 ( 0.0000000000000000000, 1.000000000000000000 ),
 .UNSPECIFIED. ) ;
#5853 = DIRECTION ( 'NONE',  ( -1.000000000000000000, -0.0000000000000000000, -0.0000000000000000000 ) ) ;
#5854 = B_SPLINE_CURVE_WITH_KNOTS ( 'NONE', 3,
 ( #3503, #6434, #9004, #7294 ),
 .UNSPECIFIED., .F., .F.,
 ( 4, 4 ),
 ( 12.00000000000000000, 13.00000000000000000 ),
 .UNSPECIFIED. ) ;
#5855 = ORIENTED_EDGE ( 'NONE', *, *, #10090, .T. ) ;
#5856 = AXIS2_PLACEMENT_3D ( 'NONE', #9144, #7361, #1861 ) ;
#5857 = DIRECTION ( 'NONE',  ( 1.000000000000000000, -0.0000000000000000000, -0.0000000000000000000 ) ) ;
#5858 =( GEOMETRIC_REPRESENTATION_CONTEXT ( 3 ) GLOBAL_UNCERTAINTY_ASSIGNED_CONTEXT ( ( #8387 ) ) GLOBAL_UNIT_ASSIGNED_CONTEXT ( ( #7077, #708, #10815 ) ) REPRESENTATION_CONTEXT ( 'NONE', 'WORKASPACE' ) );
#5859 = FILL_AREA_STYLE_COLOUR ( '', #11022 ) ;
#5860 = CARTESIAN_POINT ( 'NONE',  ( -0.6891763437750964005, -3.330096600359580883, 0.9800000000000002043 ) ) ;
#5861 = PRESENTATION_STYLE_ASSIGNMENT (( #4038 ) ) ;
#5862 = ORIENTED_EDGE ( 'NONE', *, *, #8760, .T. ) ;
#5863 = VECTOR ( 'NONE', #6703, 1000.000000000000000 ) ;
#5864 = DIRECTION ( 'NONE',  ( 0.0000000000000000000, 1.000000000000000000, 0.0000000000000000000 ) ) ;
#5865 = CARTESIAN_POINT ( 'NONE',  ( -0.7176657106822849075, -3.185154346825209704, 0.9810000000000000941 ) ) ;
#5866 = VECTOR ( 'NONE', #2887, 1000.000000000000227 ) ;
#5867 = CARTESIAN_POINT ( 'NONE',  ( -0.8233571028760637844, -3.207925045192944413, 0.9799999999999999822 ) ) ;
#5868 =( GEOMETRIC_REPRESENTATION_CONTEXT ( 3 ) GLOBAL_UNCERTAINTY_ASSIGNED_CONTEXT ( ( #4283 ) ) GLOBAL_UNIT_ASSIGNED_CONTEXT ( ( #4473, #1531, #10110 ) ) REPRESENTATION_CONTEXT ( 'NONE', 'WORKASPACE' ) );
#5869 = FILL_AREA_STYLE_COLOUR ( '', #10998 ) ;
#5870 = VERTEX_POINT ( 'NONE', #3899 ) ;
#5871 = SURFACE_STYLE_USAGE ( .BOTH. , #11651 ) ;
#5872 = EDGE_CURVE ( 'NONE', #8604, #7240, #6029, .T. ) ;
#5873 = PRESENTATION_LAYER_ASSIGNMENT (  '', '', ( #2359 ) ) ;
#5874 = CARTESIAN_POINT ( 'NONE',  ( -0.9284246403200677733, -3.301087354494127712, 0.9800000000000002043 ) ) ;
#5875 = ORIENTED_EDGE ( 'NONE', *, *, #882, .F. ) ;
#5876 = SURFACE_STYLE_FILL_AREA ( #11604 ) ;
#5877 = CARTESIAN_POINT ( 'NONE',  ( -0.9626846636624908360, -3.333839728858221996, 0.9810000000000000941 ) ) ;
#5878 = CARTESIAN_POINT ( 'NONE',  ( -2.675735931288069303, 3.799999999999999822, 0.9799999999999999822 ) ) ;
#5879 = CARTESIAN_POINT ( 'NONE',  ( -0.9829079551346840971, -3.281539905667470780, 0.9810000000000000941 ) ) ;
#5880 = DIRECTION ( 'NONE',  ( 0.3559357243643076485, 0.9345104387438672999, 0.0000000000000000000 ) ) ;
#5881 = CARTESIAN_POINT ( 'NONE',  ( -0.5205795976444335116, -2.934988592158872756, 0.9810000000000000941 ) ) ;
#5882 = ORIENTED_EDGE ( 'NONE', *, *, #3912, .F. ) ;
#5883 = FACE_OUTER_BOUND ( 'NONE', #1649, .T. ) ;
#5884 = SURFACE_STYLE_FILL_AREA ( #11484 ) ;
#5885 =( GEOMETRIC_REPRESENTATION_CONTEXT ( 3 ) GLOBAL_UNCERTAINTY_ASSIGNED_CONTEXT ( ( #5073 ) ) GLOBAL_UNIT_ASSIGNED_CONTEXT ( ( #9985, #2520, #8727 ) ) REPRESENTATION_CONTEXT ( 'NONE', 'WORKASPACE' ) );
#5886 = EDGE_CURVE ( 'NONE', #10168, #12010, #1202, .T. ) ;
#5887 = PRESENTATION_STYLE_ASSIGNMENT (( #1479 ) ) ;
#5888 = EDGE_CURVE ( 'NONE', #10398, #2557, #3532, .T. ) ;
#5889 = EDGE_CURVE ( 'NONE', #9317, #5994, #6734, .T. ) ;
#5890 = ORIENTED_EDGE ( 'NONE', *, *, #4238, .F. ) ;
#5891 = EDGE_LOOP ( 'NONE', ( #6872, #120, #7446, #8845 ) ) ;
#5892 = CARTESIAN_POINT ( 'NONE',  ( -0.1601995038493302104, -3.167270510664148553, 0.9800000000000002043 ) ) ;
#5893 =( NAMED_UNIT ( * ) SI_UNIT ( $, .STERADIAN. ) SOLID_ANGLE_UNIT ( ) );
#5894 = CARTESIAN_POINT ( 'NONE',  ( -0.9560822008937726046, -3.312940594740499733, 0.9810000000000000941 ) ) ;
#5895 = VECTOR ( 'NONE', #111, 1000.000000000000000 ) ;
#5896 = CARTESIAN_POINT ( 'NONE',  ( -0.8573571867396971857, -3.224353220270048226, 0.9810000000000000941 ) ) ;
#5897 =( LENGTH_UNIT ( ) NAMED_UNIT ( * ) SI_UNIT ( .MILLI., .METRE. ) );
#5898 = EDGE_CURVE ( 'NONE', #636, #5296, #11501, .T. ) ;
#5899 = EDGE_CURVE ( 'NONE', #3339, #1501, #9671, .T. ) ;
#5900 = PRESENTATION_STYLE_ASSIGNMENT (( #6898 ) ) ;
#5901 = STYLED_ITEM ( 'NONE', ( #8157 ), #807 ) ;
#5902 = DIRECTION ( 'NONE',  ( -0.8631877589412179086, -0.5048830486499205072, 0.0000000000000000000 ) ) ;
#5903 = DIRECTION ( 'NONE',  ( 0.0000000000000000000, -0.0000000000000000000, 1.000000000000000000 ) ) ;
#5904 = ORIENTED_EDGE ( 'NONE', *, *, #7381, .F. ) ;
#5905 = VECTOR ( 'NONE', #1258, 1000.000000000000000 ) ;
#5906 = EDGE_LOOP ( 'NONE', ( #8980, #8449, #9859, #9486 ) ) ;
#5907 =( LENGTH_UNIT ( ) NAMED_UNIT ( * ) SI_UNIT ( .MILLI., .METRE. ) );
#5908 = CARTESIAN_POINT ( 'NONE',  ( -0.6743597934671352601, -3.299631693411562150, 0.9800000000000002043 ) ) ;
#5909 = CARTESIAN_POINT ( 'NONE',  ( -1.026941702891116748, -2.909930426376465373, 0.9799999999999999822 ) ) ;
#5911 = AXIS2_PLACEMENT_3D ( 'NONE', #3782, #2060, #6602 ) ;
#5910 = FILL_AREA_STYLE_COLOUR ( '', #8134 ) ;
#5912 = EDGE_CURVE ( 'NONE', #4532, #1751, #11119, .T. ) ;
#5913 = VERTEX_POINT ( 'NONE', #487 ) ;
#5914 = CARTESIAN_POINT ( 'NONE',  ( -0.5308212131195741978, -2.849312539854953474, 0.9799999999999999822 ) ) ;
#5915 = CARTESIAN_POINT ( 'NONE',  ( -0.8007943560920566251, -3.248059700762786939, 0.9810000000000000941 ) ) ;
#5916 = CARTESIAN_POINT ( 'NONE',  ( -0.6291823120047380646, -2.827789550986767431, 0.9799999999999999822 ) ) ;
#5917 = SURFACE_STYLE_FILL_AREA ( #6968 ) ;
#5918 =( GEOMETRIC_REPRESENTATION_CONTEXT ( 3 ) GLOBAL_UNCERTAINTY_ASSIGNED_CONTEXT ( ( #4736 ) ) GLOBAL_UNIT_ASSIGNED_CONTEXT ( ( #7265, #7440, #6542 ) ) REPRESENTATION_CONTEXT ( 'NONE', 'WORKASPACE' ) );
#5919 = COLOUR_RGB ( '',0.0000000000000000000, 0.0000000000000000000, 0.0000000000000000000 ) ;
#5920 = DIRECTION ( 'NONE',  ( 0.0000000000000000000, 1.000000000000000000, 0.0000000000000000000 ) ) ;
#5921 = UNCERTAINTY_MEASURE_WITH_UNIT (LENGTH_MEASURE( 1.000000000000000082E-05 ), #1356, 'distance_accuracy_value', 'NONE');
#5922 = ORIENTED_EDGE ( 'NONE', *, *, #1541, .T. ) ;
#5923 = COLOUR_RGB ( '',0.0000000000000000000, 0.0000000000000000000, 0.0000000000000000000 ) ;
#5924 = FILL_AREA_STYLE_COLOUR ( '', #5511 ) ;
#5925 = SURFACE_SIDE_STYLE ('',( #1270 ) ) ;
#5926 = DIRECTION ( 'NONE',  ( -0.0000000000000000000, 1.000000000000000000, -0.0000000000000000000 ) ) ;
#5927 = ORIENTED_EDGE ( 'NONE', *, *, #1252, .T. ) ;
#5928 = SURFACE_STYLE_USAGE ( .BOTH. , #10600 ) ;
#5929 = CARTESIAN_POINT ( 'NONE',  ( -0.3760532472761146106, -2.952144597777958790, 0.9810000000000000941 ) ) ;
#5930 = FACE_OUTER_BOUND ( 'NONE', #2648, .T. ) ;
#5931 = CIRCLE ( 'NONE', #1839, 0.7799999999999999156 ) ;
#5932 = VERTEX_POINT ( 'NONE', #232 ) ;
#5933 = LINE ( 'NONE', #9691, #6934 ) ;
#5934 = CARTESIAN_POINT ( 'NONE',  ( -1.511510529464747954, -3.017334699289550226, 0.9810000000000000941 ) ) ;
#5935 = FILL_AREA_STYLE ('',( #384 ) ) ;
#5936 = VERTEX_POINT ( 'NONE', #8801 ) ;
#5937 = PRESENTATION_STYLE_ASSIGNMENT (( #11476 ) ) ;
#5938 = DIRECTION ( 'NONE',  ( -0.0000000000000000000, -0.0000000000000000000, -1.000000000000000000 ) ) ;
#5939 = STYLED_ITEM ( 'NONE', ( #10610 ), #9417 ) ;
#5940 = CARTESIAN_POINT ( 'NONE',  ( -2.675735931288069303, 3.799999999999999822, 0.9799999999999999822 ) ) ;
#5941 =( NAMED_UNIT ( * ) SI_UNIT ( $, .STERADIAN. ) SOLID_ANGLE_UNIT ( ) );
#5942 = SURFACE_STYLE_FILL_AREA ( #7051 ) ;
#5943 = VERTEX_POINT ( 'NONE', #294 ) ;
#5944 = CARTESIAN_POINT ( 'NONE',  ( -0.9175071821987060838, -3.271454253879594098, 0.9800000000000002043 ) ) ;
#5945 = PRESENTATION_STYLE_ASSIGNMENT (( #6883 ) ) ;
#5946 = SURFACE_STYLE_USAGE ( .BOTH. , #7933 ) ;
#5947 = SURFACE_STYLE_USAGE ( .BOTH. , #4002 ) ;
#5948 = DIRECTION ( 'NONE',  ( -0.0000000000000000000, 1.000000000000000000, -0.0000000000000000000 ) ) ;
#5949 = FACE_OUTER_BOUND ( 'NONE', #6546, .T. ) ;
#5950 = ORIENTED_EDGE ( 'NONE', *, *, #10085, .F. ) ;
#5951 = ORIENTED_EDGE ( 'NONE', *, *, #8595, .F. ) ;
#5952 = CARTESIAN_POINT ( 'NONE',  ( -0.8575131504269685179, -3.325313713944428429, 0.9799999999999999822 ) ) ;
#5953 = SURFACE_SIDE_STYLE ('',( #4798 ) ) ;
#5954 = SURFACE_STYLE_FILL_AREA ( #8530 ) ;
#5955 = CARTESIAN_POINT ( 'NONE',  ( -0.5704879776276085002, -2.846921096647376803, 0.9810000000000000941 ) ) ;
#5956 = SURFACE_SIDE_STYLE ('',( #7722 ) ) ;
#5957 = EDGE_CURVE ( 'NONE', #7998, #8408, #10645, .T. ) ;
#5958 = DIRECTION ( 'NONE',  ( -1.000000000000000000, 0.0000000000000000000, 0.0000000000000000000 ) ) ;
#5959 = EDGE_CURVE ( 'NONE', #6348, #8128, #10098, .T. ) ;
#5960 = SURFACE_SIDE_STYLE ('',( #6145 ) ) ;
#5961 = CARTESIAN_POINT ( 'NONE',  ( -0.2934964687217503365, -3.226848639269142005, 0.9800000000000002043 ) ) ;
#5962 = ORIENTED_EDGE ( 'NONE', *, *, #309, .T. ) ;
#5963 = EDGE_CURVE ( 'NONE', #9303, #3057, #9526, .T. ) ;
#5964 = VERTEX_POINT ( 'NONE', #416 ) ;
#5965 = CARTESIAN_POINT ( 'NONE',  ( -0.9626846636624908360, -3.333839728858221996, 0.9799999999999999822 ) ) ;
#5966 = CARTESIAN_POINT ( 'NONE',  ( -0.2934964687217503365, -3.226848639269142005, 0.9810000000000000941 ) ) ;
#5967 = CARTESIAN_POINT ( 'NONE',  ( -0.1639946202437252143, -3.153025827211590304, 0.9810000000000000941 ) ) ;
#5968 = CARTESIAN_POINT ( 'NONE',  ( -1.917832874751957517, -3.135905575568395331, 0.9810000000000000941 ) ) ;
#5969 = ORIENTED_EDGE ( 'NONE', *, *, #9295, .T. ) ;
#5970 = DIRECTION ( 'NONE',  ( 0.0000000000000000000, 1.000000000000000000, -0.0000000000000000000 ) ) ;
#5971 =( NAMED_UNIT ( * ) PLANE_ANGLE_UNIT ( ) SI_UNIT ( $, .RADIAN. ) );
#5972 = CARTESIAN_POINT ( 'NONE',  ( -1.964104475242384407, -2.869844010648710864, 0.9810000000000000941 ) ) ;
#5973 = B_SPLINE_CURVE_WITH_KNOTS ( 'NONE', 3,
 ( #1738, #6521, #4557, #1862 ),
 .UNSPECIFIED., .F., .F.,
 ( 4, 4 ),
 ( 0.0000000000000000000, 1.000000000000000000 ),
 .UNSPECIFIED. ) ;
#5974 = DIRECTION ( 'NONE',  ( -0.0000000000000000000, -0.0000000000000000000, -1.000000000000000000 ) ) ;
#5975 = ORIENTED_EDGE ( 'NONE', *, *, #9452, .T. ) ;
#5976 = SURFACE_STYLE_USAGE ( .BOTH. , #10590 ) ;
#5977 = EDGE_CURVE ( 'NONE', #2482, #362, #7848, .T. ) ;
#5978 = EDGE_CURVE ( 'NONE', #10168, #5680, #11856, .T. ) ;
#5979 =( NAMED_UNIT ( * ) PLANE_ANGLE_UNIT ( ) SI_UNIT ( $, .RADIAN. ) );
#5980 = DIRECTION ( 'NONE',  ( 1.000000000000000000, -0.0000000000000000000, -5.732948384547406140E-16 ) ) ;
#5981 = DIRECTION ( 'NONE',  ( -0.7071067811865460184, -0.0000000000000000000, -0.7071067811865490160 ) ) ;
#5982 = B_SPLINE_CURVE_WITH_KNOTS ( 'NONE', 3,
 ( #2862, #1246, #11624, #3160 ),
 .UNSPECIFIED., .F., .F.,
 ( 4, 4 ),
 ( 2.000000000000000000, 3.000000000000000000 ),
 .UNSPECIFIED. ) ;
#5983 = CARTESIAN_POINT ( 'NONE',  ( -0.7409043001118278404, -3.396745082795791237, 0.9810000000000000941 ) ) ;
#5984 = ORIENTED_EDGE ( 'NONE', *, *, #7884, .T. ) ;
#5985 = CARTESIAN_POINT ( 'NONE',  ( -0.2256002767859923985, -3.330408527734124657, 0.9800000000000002043 ) ) ;
#5986 = UNCERTAINTY_MEASURE_WITH_UNIT (LENGTH_MEASURE( 1.000000000000000082E-05 ), #6169, 'distance_accuracy_value', 'NONE');
#5987 = DIRECTION ( 'NONE',  ( 0.7071067811865459074, 0.0000000000000000000, 0.7071067811865491270 ) ) ;
#5988 = COLOUR_RGB ( '',0.0000000000000000000, 0.0000000000000000000, 0.0000000000000000000 ) ;
#5989 =( NAMED_UNIT ( * ) PLANE_ANGLE_UNIT ( ) SI_UNIT ( $, .RADIAN. ) );
#5990 = CARTESIAN_POINT ( 'NONE',  ( -0.8156109063993235431, -3.313044570532008848, 0.9799999999999999822 ) ) ;
#5991 = EDGE_LOOP ( 'NONE', ( #4281, #9540, #9304, #12045 ) ) ;
#5992 =( GEOMETRIC_REPRESENTATION_CONTEXT ( 3 ) GLOBAL_UNCERTAINTY_ASSIGNED_CONTEXT ( ( #1030 ) ) GLOBAL_UNIT_ASSIGNED_CONTEXT ( ( #10288, #1951, #129 ) ) REPRESENTATION_CONTEXT ( 'NONE', 'WORKASPACE' ) );
#5993 =( NAMED_UNIT ( * ) PLANE_ANGLE_UNIT ( ) SI_UNIT ( $, .RADIAN. ) );
#5994 = VERTEX_POINT ( 'NONE', #11385 ) ;
#5995 = MECHANICAL_DESIGN_GEOMETRIC_PRESENTATION_REPRESENTATION (  '', ( #2888 ), #3855 ) ;
#5996 = CARTESIAN_POINT ( 'NONE',  ( -0.7594119910226668768, -3.281331954084442781, 0.9799999999999999822 ) ) ;
#5997 = VECTOR ( 'NONE', #1459, 1000.000000000000000 ) ;
#5998 = FILL_AREA_STYLE ('',( #5027 ) ) ;
#5999 = DIRECTION ( 'NONE',  ( 0.0000000000000000000, 0.0000000000000000000, -1.000000000000000000 ) ) ;
#6000 = ORIENTED_EDGE ( 'NONE', *, *, #7210, .F. ) ;
#6001 = APPLICATION_PROTOCOL_DEFINITION ( 'draft international standard', 'automotive_design', 1998, #650 ) ;
#6002 = FACE_OUTER_BOUND ( 'NONE', #2406, .T. ) ;
#6003 = SURFACE_STYLE_FILL_AREA ( #2096 ) ;
#6004 = PRESENTATION_LAYER_ASSIGNMENT (  '', '', ( #1515 ) ) ;
#6005 = FILL_AREA_STYLE ('',( #3086 ) ) ;
#6006 =( GEOMETRIC_REPRESENTATION_CONTEXT ( 3 ) GLOBAL_UNCERTAINTY_ASSIGNED_CONTEXT ( ( #8262 ) ) GLOBAL_UNIT_ASSIGNED_CONTEXT ( ( #12069, #3674, #6606 ) ) REPRESENTATION_CONTEXT ( 'NONE', 'WORKASPACE' ) );
#6007 =( NAMED_UNIT ( * ) PLANE_ANGLE_UNIT ( ) SI_UNIT ( $, .RADIAN. ) );
#6008 = ORIENTED_EDGE ( 'NONE', *, *, #3128, .T. ) ;
#6009 = ORIENTED_EDGE ( 'NONE', *, *, #11534, .T. ) ;
#6010 = PLANE ( 'NONE',  #2341 ) ;
#6011 = MECHANICAL_DESIGN_GEOMETRIC_PRESENTATION_REPRESENTATION (  '', ( #11710 ), #4844 ) ;
#6012 = VECTOR ( 'NONE', #5525, 1000.000000000000000 ) ;
#6013 = PRESENTATION_LAYER_ASSIGNMENT (  '', '', ( #3668 ) ) ;
#6014 = FACE_OUTER_BOUND ( 'NONE', #3038, .T. ) ;
#6015 = COLOUR_RGB ( '',0.0000000000000000000, 0.0000000000000000000, 0.0000000000000000000 ) ;
#6016 = FACE_OUTER_BOUND ( 'NONE', #9560, .T. ) ;
#6017 = CARTESIAN_POINT ( 'NONE',  ( -0.5481851703216898963, -2.904211757836307584, 0.9810000000000000941 ) ) ;
#6018 = CARTESIAN_POINT ( 'NONE',  ( -0.8077087462353104153, -2.916168973874188275, 0.9810000000000000941 ) ) ;
#6019 = CARTESIAN_POINT ( 'NONE',  ( 3.623086578651010914, 3.799999999999999822, 0.4800000000000005929 ) ) ;
#6020 = MECHANICAL_DESIGN_GEOMETRIC_PRESENTATION_REPRESENTATION (  '', ( #5050 ), #369 ) ;
#6021 = DIRECTION ( 'NONE',  ( -0.0000000000000000000, -1.000000000000000000, -0.0000000000000000000 ) ) ;
#6022 = VECTOR ( 'NONE', #10520, 1000.000000000000000 ) ;
#6023 = ORIENTED_EDGE ( 'NONE', *, *, #296, .F. ) ;
#6024 = EDGE_CURVE ( 'NONE', #5365, #8513, #9603, .T. ) ;
#6025 = ORIENTED_EDGE ( 'NONE', *, *, #10995, .T. ) ;
#6026 =( NAMED_UNIT ( * ) PLANE_ANGLE_UNIT ( ) SI_UNIT ( $, .RADIAN. ) );
#6027 = PRESENTATION_STYLE_ASSIGNMENT (( #2302 ) ) ;
#6028 = B_SPLINE_CURVE_WITH_KNOTS ( 'NONE', 3,
 ( #1070, #6585, #11245, #4794 ),
 .UNSPECIFIED., .F., .F.,
 ( 4, 4 ),
 ( 3.000000000000000000, 4.000000000000000000 ),
 .UNSPECIFIED. ) ;
#6029 = LINE ( 'NONE', #6909, #4489 ) ;
#6030 = FILL_AREA_STYLE ('',( #5910 ) ) ;
#6031 = CARTESIAN_POINT ( 'NONE',  ( -0.9993881181082362453, -2.908370789500994480, 0.9799999999999999822 ) ) ;
#6032 = VERTEX_POINT ( 'NONE', #10694 ) ;
#6033 = CARTESIAN_POINT ( 'NONE',  ( -0.4158759754714215218, -2.841826282857685015, 0.9800000000000002043 ) ) ;
#6034 = PRESENTATION_STYLE_ASSIGNMENT (( #6967 ) ) ;
#6035 = CARTESIAN_POINT ( 'NONE',  ( -0.6891763437750964005, -3.330096600359580883, 0.9810000000000000941 ) ) ;
#6036 = UNCERTAINTY_MEASURE_WITH_UNIT (LENGTH_MEASURE( 1.000000000000000082E-05 ), #8947, 'distance_accuracy_value', 'NONE');
#6037 = ORIENTED_EDGE ( 'NONE', *, *, #1658, .T. ) ;
#6038 = CARTESIAN_POINT ( 'NONE',  ( -0.9175071821987061949, -3.238078024765040475, 0.9810000000000000941 ) ) ;
#6039 = MECHANICAL_DESIGN_GEOMETRIC_PRESENTATION_REPRESENTATION (  '', ( #10359 ), #4517 ) ;
#6040 = ADVANCED_FACE ( 'NONE', ( #7679 ), #11446, .F. ) ;
#6041 = VECTOR ( 'NONE', #1612, 1000.000000000000000 ) ;
#6042 = FACE_OUTER_BOUND ( 'NONE', #4735, .T. ) ;
#6043 = UNCERTAINTY_MEASURE_WITH_UNIT (LENGTH_MEASURE( 1.000000000000000082E-05 ), #7176, 'distance_accuracy_value', 'NONE');
#6044 = CARTESIAN_POINT ( 'NONE',  ( -0.4180594670959711934, -2.830388945777369880, 0.9810000000000000941 ) ) ;
#6045 = CARTESIAN_POINT ( 'NONE',  ( -1.398723541192248954, -3.189407167072192628, 0.9810000000000000941 ) ) ;
#6046 = LINE ( 'NONE', #10770, #11371 ) ;
#6047 = ORIENTED_EDGE ( 'NONE', *, *, #7388, .T. ) ;
#6048 = PRESENTATION_STYLE_ASSIGNMENT (( #4164 ) ) ;
#6049 = FILL_AREA_STYLE ('',( #6114 ) ) ;
#6050 = DIRECTION ( 'NONE',  ( -0.7071067811865491270, 0.0000000000000000000, 0.7071067811865459074 ) ) ;
#6051 = EDGE_CURVE ( 'NONE', #773, #11364, #7257, .T. ) ;
#6052 =( NAMED_UNIT ( * ) PLANE_ANGLE_UNIT ( ) SI_UNIT ( $, .RADIAN. ) );
#6053 = EDGE_CURVE ( 'NONE', #8150, #6191, #7162, .T. ) ;
#6054 = CARTESIAN_POINT ( 'NONE',  ( -0.4745183219514081951, -3.127031879302791140, 0.9810000000000000941 ) ) ;
#6055 = COLOUR_RGB ( '',0.0000000000000000000, 0.0000000000000000000, 0.0000000000000000000 ) ;
#6056 =( GEOMETRIC_REPRESENTATION_CONTEXT ( 3 ) GLOBAL_UNCERTAINTY_ASSIGNED_CONTEXT ( ( #12103 ) ) GLOBAL_UNIT_ASSIGNED_CONTEXT ( ( #8471, #4628, #5657 ) ) REPRESENTATION_CONTEXT ( 'NONE', 'WORKASPACE' ) );
#6057 = ORIENTED_EDGE ( 'NONE', *, *, #69, .F. ) ;
#6058 = CIRCLE ( 'NONE', #2158, 0.2999999999999979905 ) ;
#6059 = B_SPLINE_SURFACE_WITH_KNOTS ( 'NONE', 3, 1, ( 
 ( #505, #10040 ),
 ( #800, #4462 ),
 ( #5375, #2825 ),
 ( #4698, #9372 ) ),
 .UNSPECIFIED., .F., .F., .F.,
 ( 4, 4 ),
 ( 2, 2 ),
 ( 15.00000000000000000, 16.00000000000000000 ),
 ( 0.0000000000000000000, 1.000000000000000000 ),
 .UNSPECIFIED. ) ;
#6060 = CARTESIAN_POINT ( 'NONE',  ( -0.9284246403200677733, -3.301087354494127712, 0.9810000000000000941 ) ) ;
#6061 =( NAMED_UNIT ( * ) SI_UNIT ( $, .STERADIAN. ) SOLID_ANGLE_UNIT ( ) );
#6062 = CARTESIAN_POINT ( 'NONE',  ( -1.964104475242384407, -2.869844010648710864, 0.9799999999999999822 ) ) ;
#6063 = PRESENTATION_LAYER_ASSIGNMENT (  '', '', ( #3332 ) ) ;
#6064 = LINE ( 'NONE', #1417, #11362 ) ;
#6065 = PRESENTATION_STYLE_ASSIGNMENT (( #514 ) ) ;
#6066 = VERTEX_POINT ( 'NONE', #7139 ) ;
#6067 = CARTESIAN_POINT ( 'NONE',  ( -0.3169949976286874915, -3.135973797384016937, 0.9810000000000000941 ) ) ;
#6068 = DIRECTION ( 'NONE',  ( -1.000000000000000000, -0.0000000000000000000, -0.0000000000000000000 ) ) ;
#6069 = MECHANICAL_DESIGN_GEOMETRIC_PRESENTATION_REPRESENTATION (  '', ( #9797 ), #6477 ) ;
#6070 = MECHANICAL_DESIGN_GEOMETRIC_PRESENTATION_REPRESENTATION (  '', ( #6267 ), #9611 ) ;
#6071 = AXIS2_PLACEMENT_3D ( 'NONE', #6355, #9856, #2499 ) ;
#6072 = EDGE_LOOP ( 'NONE', ( #3722, #4715 ) ) ;
#6073 = ORIENTED_EDGE ( 'NONE', *, *, #4993, .T. ) ;
#6074 =( NAMED_UNIT ( * ) SI_UNIT ( $, .STERADIAN. ) SOLID_ANGLE_UNIT ( ) );
#6075 =( GEOMETRIC_REPRESENTATION_CONTEXT ( 3 ) GLOBAL_UNCERTAINTY_ASSIGNED_CONTEXT ( ( #8492 ) ) GLOBAL_UNIT_ASSIGNED_CONTEXT ( ( #4102, #5147, #4340 ) ) REPRESENTATION_CONTEXT ( 'NONE', 'WORKASPACE' ) );
#6076 = UNCERTAINTY_MEASURE_WITH_UNIT (LENGTH_MEASURE( 1.000000000000000082E-05 ), #3821, 'distance_accuracy_value', 'NONE');
#6077 = DIRECTION ( 'NONE',  ( 0.0000000000000000000, 1.000000000000000000, 0.0000000000000000000 ) ) ;
#6078 = DIRECTION ( 'NONE',  ( -1.000000000000000000, -0.0000000000000000000, -0.0000000000000000000 ) ) ;
#6079 = CARTESIAN_POINT ( 'NONE',  ( -0.5512524561754880148, -2.979282279394789512, 0.9799999999999999822 ) ) ;
#6080 = STYLED_ITEM ( 'NONE', ( #4981 ), #11061 ) ;
#6081 = CARTESIAN_POINT ( 'NONE',  ( -0.4318362594867182214, -2.804394997869956718, 0.9810000000000000941 ) ) ;
#6082 =( LENGTH_UNIT ( ) NAMED_UNIT ( * ) SI_UNIT ( .MILLI., .METRE. ) );
#6083 = LINE ( 'NONE', #4077, #3879 ) ;
#6084 = SURFACE_STYLE_USAGE ( .BOTH. , #5960 ) ;
#6085 = CARTESIAN_POINT ( 'NONE',  ( -2.231612129378391263, -3.101201944150103973, 0.9799999999999999822 ) ) ;
#6086 = VERTEX_POINT ( 'NONE', #3283 ) ;
#6087 = EDGE_LOOP ( 'NONE', ( #10459, #1808, #620, #8108 ) ) ;
#6088 =( GEOMETRIC_REPRESENTATION_CONTEXT ( 3 ) GLOBAL_UNCERTAINTY_ASSIGNED_CONTEXT ( ( #8271 ) ) GLOBAL_UNIT_ASSIGNED_CONTEXT ( ( #2230, #5833, #6950 ) ) REPRESENTATION_CONTEXT ( 'NONE', 'WORKASPACE' ) );
#6089 = CARTESIAN_POINT ( 'NONE',  ( -0.4169157333879343619, -2.837147372234046117, 0.9810000000000000941 ) ) ;
#6090 =( NAMED_UNIT ( * ) SI_UNIT ( $, .STERADIAN. ) SOLID_ANGLE_UNIT ( ) );
#6091 = FILL_AREA_STYLE ('',( #5252 ) ) ;
#6092 = ORIENTED_EDGE ( 'NONE', *, *, #3151, .F. ) ;
#6093 = CARTESIAN_POINT ( 'NONE',  ( -1.862885400882674958, -3.251584631954842042, 0.9810000000000000941 ) ) ;
#6094 = PRESENTATION_LAYER_ASSIGNMENT (  '', '', ( #5519 ) ) ;
#6095 = SURFACE_SIDE_STYLE ('',( #5917 ) ) ;
#6096 = VECTOR ( 'NONE', #4445, 1000.000000000000000 ) ;
#6097 = PRESENTATION_LAYER_ASSIGNMENT (  '', '', ( #2191 ) ) ;
#6098 = ORIENTED_EDGE ( 'NONE', *, *, #6515, .T. ) ;
#6099 = COLOUR_RGB ( '',0.0000000000000000000, 0.0000000000000000000, 0.0000000000000000000 ) ;
#6100 = CARTESIAN_POINT ( 'NONE',  ( -0.5704879776276085002, -2.846921096647376803, 0.9810000000000000941 ) ) ;
#6101 = B_SPLINE_CURVE_WITH_KNOTS ( 'NONE', 3,
 ( #7206, #8142, #11933, #3541 ),
 .UNSPECIFIED., .F., .F.,
 ( 4, 4 ),
 ( 1.000000000000000000, 2.000000000000000000 ),
 .UNSPECIFIED. ) ;
#6102 = PRESENTATION_LAYER_ASSIGNMENT (  '', '', ( #11410 ) ) ;
#6103 = LINE ( 'NONE', #2319, #7442 ) ;
#6104 = CARTESIAN_POINT ( 'NONE',  ( -1.579471882353748358, -3.331113871176613284, 0.9799999999999999822 ) ) ;
#6105 = DIRECTION ( 'NONE',  ( 0.0000000000000000000, -0.0000000000000000000, 1.000000000000000000 ) ) ;
#6106 = EDGE_CURVE ( 'NONE', #5452, #2035, #8138, .T. ) ;
#6107 = VECTOR ( 'NONE', #116, 1000.000000000000000 ) ;
#6108 = MECHANICAL_DESIGN_GEOMETRIC_PRESENTATION_REPRESENTATION (  '', ( #1821 ), #10631 ) ;
#6109 =( LENGTH_UNIT ( ) NAMED_UNIT ( * ) SI_UNIT ( .MILLI., .METRE. ) );
#6110 =( NAMED_UNIT ( * ) PLANE_ANGLE_UNIT ( ) SI_UNIT ( $, .RADIAN. ) );
#6111 = VERTEX_POINT ( 'NONE', #4438 ) ;
#6112 = UNCERTAINTY_MEASURE_WITH_UNIT (LENGTH_MEASURE( 1.000000000000000082E-05 ), #3397, 'distance_accuracy_value', 'NONE');
#6113 = DIRECTION ( 'NONE',  ( 0.0000000000000000000, 1.000000000000000000, 0.0000000000000000000 ) ) ;
#6114 = FILL_AREA_STYLE_COLOUR ( '', #2977 ) ;
#6115 = CARTESIAN_POINT ( 'NONE',  ( -1.000843779191503025, -2.983441311059476853, 0.9799999999999999822 ) ) ;
#6116 = CARTESIAN_POINT ( 'NONE',  ( -0.9226019959884024235, -2.824670277238598537, 0.9810000000000000941 ) ) ;
#6117 = EDGE_CURVE ( 'NONE', #711, #2192, #2619, .T. ) ;
#6118 = CARTESIAN_POINT ( 'NONE',  ( -0.8445161764732593834, -3.308365659908373946, 0.9810000000000000941 ) ) ;
#6119 = EDGE_CURVE ( 'NONE', #9958, #10809, #10961, .T. ) ;
#6120 = ORIENTED_EDGE ( 'NONE', *, *, #8895, .F. ) ;
#6121 = COLOUR_RGB ( '',0.0000000000000000000, 0.0000000000000000000, 0.0000000000000000000 ) ;
#6122 = PRESENTATION_LAYER_ASSIGNMENT (  '', '', ( #7304 ) ) ;
#6123 = EDGE_CURVE ( 'NONE', #4866, #3601, #5400, .T. ) ;
#6124 = CARTESIAN_POINT ( 'NONE',  ( -1.917832874751957517, -3.135905575568395331, 0.9810000000000000941 ) ) ;
#6125 = SURFACE_SIDE_STYLE ('',( #1472 ) ) ;
#6126 = VECTOR ( 'NONE', #9521, 1000.000000000000000 ) ;
#6127 = PRESENTATION_STYLE_ASSIGNMENT (( #3437 ) ) ;
#6128 =( NAMED_UNIT ( * ) SI_UNIT ( $, .STERADIAN. ) SOLID_ANGLE_UNIT ( ) );
#6129 = ORIENTED_EDGE ( 'NONE', *, *, #4827, .F. ) ;
#6130 = PRESENTATION_STYLE_ASSIGNMENT (( #8839 ) ) ;
#6131 =( GEOMETRIC_REPRESENTATION_CONTEXT ( 3 ) GLOBAL_UNCERTAINTY_ASSIGNED_CONTEXT ( ( #9407 ) ) GLOBAL_UNIT_ASSIGNED_CONTEXT ( ( #7812, #6866, #1344 ) ) REPRESENTATION_CONTEXT ( 'NONE', 'WORKASPACE' ) );
#6132 = FILL_AREA_STYLE ('',( #10737 ) ) ;
#6133 = CARTESIAN_POINT ( 'NONE',  ( -1.726962584784596855, -2.749827072733562972, 0.9799999999999999822 ) ) ;
#6134 = ORIENTED_EDGE ( 'NONE', *, *, #1429, .T. ) ;
#6135 = ORIENTED_EDGE ( 'NONE', *, *, #12049, .T. ) ;
#6136 = EDGE_CURVE ( 'NONE', #9311, #6032, #1563, .T. ) ;
#6137 = FACE_OUTER_BOUND ( 'NONE', #10362, .T. ) ;
#6138 = DIRECTION ( 'NONE',  ( 0.0000000000000000000, 0.0000000000000000000, 1.000000000000000000 ) ) ;
#6139 = CARTESIAN_POINT ( 'NONE',  ( -0.6331333920850178432, -3.185154346825209704, 0.9810000000000000941 ) ) ;
#6140 = ORIENTED_EDGE ( 'NONE', *, *, #5888, .T. ) ;
#6141 = LINE ( 'NONE', #8962, #7600 ) ;
#6142 = CARTESIAN_POINT ( 'NONE',  ( -0.7359134621136491639, -3.376053900261096974, 0.9799999999999999822 ) ) ;
#6143 = VECTOR ( 'NONE', #8497, 1000.000000000000000 ) ;
#6144 = EDGE_LOOP ( 'NONE', ( #6371, #1573, #2689, #5023 ) ) ;
#6145 = SURFACE_STYLE_FILL_AREA ( #2173 ) ;
#6146 = B_SPLINE_CURVE_WITH_KNOTS ( 'NONE', 3,
 ( #6576, #764, #3758, #7314 ),
 .UNSPECIFIED., .F., .F.,
 ( 4, 4 ),
 ( 0.0000000000000000000, 1.000000000000000000 ),
 .UNSPECIFIED. ) ;
#6147 = ADVANCED_FACE ( 'NONE', ( #9097 ), #5821, .F. ) ;
#6148 = EDGE_CURVE ( 'NONE', #5665, #11618, #1749, .T. ) ;
#6149 = ORIENTED_EDGE ( 'NONE', *, *, #4255, .T. ) ;
#6150 = ORIENTED_EDGE ( 'NONE', *, *, #9860, .T. ) ;
#6151 = CARTESIAN_POINT ( 'NONE',  ( -1.037755185220968768, -3.127031879302791140, 0.9810000000000000941 ) ) ;
#6152 = SURFACE_SIDE_STYLE ('',( #7960 ) ) ;
#6153 = CARTESIAN_POINT ( 'NONE',  ( -0.3296800442085461302, -3.300151572370511932, 0.9800000000000002043 ) ) ;
#6154 = LINE ( 'NONE', #1313, #10587 ) ;
#6155 = CARTESIAN_POINT ( 'NONE',  ( -0.7648707200833483322, -3.314708183197609515, 0.9800000000000002043 ) ) ;
#6156 = ORIENTED_EDGE ( 'NONE', *, *, #9650, .F. ) ;
#6157 = FILL_AREA_STYLE ('',( #11861 ) ) ;
#6158 = FACE_OUTER_BOUND ( 'NONE', #593, .T. ) ;
#6159 = CARTESIAN_POINT ( 'NONE',  ( -0.4745183219514081951, -3.150426432419600076, 0.9800000000000002043 ) ) ;
#6160 = UNCERTAINTY_MEASURE_WITH_UNIT (LENGTH_MEASURE( 1.000000000000000082E-05 ), #2274, 'distance_accuracy_value', 'NONE');
#6161 = ORIENTED_EDGE ( 'NONE', *, *, #4761, .F. ) ;
#6162 = B_SPLINE_CURVE_WITH_KNOTS ( 'NONE', 3,
 ( #11705, #3303, #8045, #10039 ),
 .UNSPECIFIED., .F., .F.,
 ( 4, 4 ),
 ( 2.000000000000000000, 3.000000000000000000 ),
 .UNSPECIFIED. ) ;
#6163 = EDGE_CURVE ( 'NONE', #4026, #8722, #5722, .T. ) ;
#6164 = PRODUCT_DEFINITION_FORMATION_WITH_SPECIFIED_SOURCE ( '任何', '', #11751, .NOT_KNOWN. ) ;
#6165 = SURFACE_SIDE_STYLE ('',( #7089 ) ) ;
#6166 = ORIENTED_EDGE ( 'NONE', *, *, #10838, .T. ) ;
#6167 = CARTESIAN_POINT ( 'NONE',  ( -1.523078415797519458, -3.017334699289550226, 0.9799999999999999822 ) ) ;
#6168 = LINE ( 'NONE', #2438, #873 ) ;
#6169 =( LENGTH_UNIT ( ) NAMED_UNIT ( * ) SI_UNIT ( .MILLI., .METRE. ) );
#6170 = CARTESIAN_POINT ( 'NONE',  ( -1.523078415797519458, -3.017334699289550226, 0.9810000000000000941 ) ) ;
#6171 =( NAMED_UNIT ( * ) SI_UNIT ( $, .STERADIAN. ) SOLID_ANGLE_UNIT ( ) );
#6172 = ORIENTED_EDGE ( 'NONE', *, *, #457, .T. ) ;
#6173 = SURFACE_SIDE_STYLE ('',( #2442 ) ) ;
#6174 = CARTESIAN_POINT ( 'NONE',  ( -0.9181830248442337528, -3.307949756742321057, 0.9810000000000000941 ) ) ;
#6175 = DIRECTION ( 'NONE',  ( -1.000000000000000000, -0.0000000000000000000, -0.0000000000000000000 ) ) ;
#6176 =( NAMED_UNIT ( * ) PLANE_ANGLE_UNIT ( ) SI_UNIT ( $, .RADIAN. ) );
#6177 = VERTEX_POINT ( 'NONE', #779 ) ;
#6178 = EDGE_CURVE ( 'NONE', #10263, #1169, #8398, .T. ) ;
#6179 = FACE_BOUND ( 'NONE', #6072, .T. ) ;
#6180 = DIRECTION ( 'NONE',  ( 4.051977475832535632E-17, 0.0000000000000000000, -1.000000000000000000 ) ) ;
#6181 = EDGE_CURVE ( 'NONE', #8974, #5504, #3715, .T. ) ;
#6182 = ADVANCED_FACE ( 'NONE', ( #7494 ), #11059, .T. ) ;
#6183 = ORIENTED_EDGE ( 'NONE', *, *, #7823, .F. ) ;
#6184 = CARTESIAN_POINT ( 'NONE',  ( -0.7245801008262332532, -2.984585044767507966, 0.9810000000000000941 ) ) ;
#6185 =( NAMED_UNIT ( * ) PLANE_ANGLE_UNIT ( ) SI_UNIT ( $, .RADIAN. ) );
#6186 = ORIENTED_EDGE ( 'NONE', *, *, #3976, .T. ) ;
#6187 = CARTESIAN_POINT ( 'NONE',  ( -0.9634644820995278414, -3.181827121492629473, 0.9810000000000000941 ) ) ;
#6188 = DIRECTION ( 'NONE',  ( -0.0000000000000000000, -0.0000000000000000000, -1.000000000000000000 ) ) ;
#6189 = VECTOR ( 'NONE', #5601, 1000.000000000000000 ) ;
#6190 = SURFACE_STYLE_FILL_AREA ( #10914 ) ;
#6191 = VERTEX_POINT ( 'NONE', #10379 ) ;
#6192 = ORIENTED_EDGE ( 'NONE', *, *, #10624, .F. ) ;
#6193 = CARTESIAN_POINT ( 'NONE',  ( -0.5205795976444335116, -2.934988592158872756, 0.9800000000000002043 ) ) ;
#6194 = PRESENTATION_STYLE_ASSIGNMENT (( #10798 ) ) ;
#6195 = ADVANCED_FACE ( 'NONE', ( #4506 ), #2678, .F. ) ;
#6196 = CARTESIAN_POINT ( 'NONE',  ( -1.919278895018924569, -3.339789882455566961, 0.9810000000000000941 ) ) ;
#6197 = UNCERTAINTY_MEASURE_WITH_UNIT (LENGTH_MEASURE( 1.000000000000000082E-05 ), #8885, 'distance_accuracy_value', 'NONE');
#6198 = PRESENTATION_STYLE_ASSIGNMENT (( #8075 ) ) ;
#6199 = SURFACE_STYLE_USAGE ( .BOTH. , #10865 ) ;
#6200 = CARTESIAN_POINT ( 'NONE',  ( -0.7311305756984967097, -3.376989682386107194, 0.9810000000000000941 ) ) ;
#6201 = STYLED_ITEM ( 'NONE', ( #1463 ), #7235 ) ;
#6202 = AXIS2_PLACEMENT_3D ( 'NONE', #12046, #2603, #9146 ) ;
#6203 =( NAMED_UNIT ( * ) SI_UNIT ( $, .STERADIAN. ) SOLID_ANGLE_UNIT ( ) );
#6204 = EDGE_CURVE ( 'NONE', #2035, #8917, #5982, .T. ) ;
#6205 = ORIENTED_EDGE ( 'NONE', *, *, #8331, .T. ) ;
#6206 = DIRECTION ( 'NONE',  ( 0.0000000000000000000, -1.000000000000000000, 0.0000000000000000000 ) ) ;
#6207 = ADVANCED_FACE ( 'NONE', ( #11250 ), #2604, .F. ) ;
#6208 = ORIENTED_EDGE ( 'NONE', *, *, #8426, .F. ) ;
#6209 =( GEOMETRIC_REPRESENTATION_CONTEXT ( 3 ) GLOBAL_UNCERTAINTY_ASSIGNED_CONTEXT ( ( #616 ) ) GLOBAL_UNIT_ASSIGNED_CONTEXT ( ( #3414, #1695, #2491 ) ) REPRESENTATION_CONTEXT ( 'NONE', 'WORKASPACE' ) );
#6210 = SURFACE_STYLE_FILL_AREA ( #9030 ) ;
#6211 = ADVANCED_FACE ( 'NONE', ( #1127 ), #10433, .F. ) ;
#6212 = DIRECTION ( 'NONE',  ( -0.0000000000000000000, -1.000000000000000000, -0.0000000000000000000 ) ) ;
#6213 = ORIENTED_EDGE ( 'NONE', *, *, #4946, .T. ) ;
#6214 =( NAMED_UNIT ( * ) PLANE_ANGLE_UNIT ( ) SI_UNIT ( $, .RADIAN. ) );
#6215 =( NAMED_UNIT ( * ) SI_UNIT ( $, .STERADIAN. ) SOLID_ANGLE_UNIT ( ) );
#6216 = DIRECTION ( 'NONE',  ( -0.0000000000000000000, 1.000000000000000000, -0.0000000000000000000 ) ) ;
#6217 = AXIS2_PLACEMENT_3D ( 'NONE', #11115, #8015, #702 ) ;
#6218 = STYLED_ITEM ( 'NONE', ( #11489 ), #1806 ) ;
#6219 = PRESENTATION_LAYER_ASSIGNMENT (  '', '', ( #3291 ) ) ;
#6220 = ORIENTED_EDGE ( 'NONE', *, *, #6136, .F. ) ;
#6221 = FACE_OUTER_BOUND ( 'NONE', #4411, .T. ) ;
#6222 = EDGE_LOOP ( 'NONE', ( #2630, #4206, #10529, #11488 ) ) ;
#6223 = EDGE_LOOP ( 'NONE', ( #6186, #11899, #9172, #9301 ) ) ;
#6224 = CARTESIAN_POINT ( 'NONE',  ( -0.9794247661155177642, -2.966389281231902153, 0.9810000000000000941 ) ) ;
#6225 = LINE ( 'NONE', #2563, #8405 ) ;
#6226 = CARTESIAN_POINT ( 'NONE',  ( -0.9282166887363552110, -3.325209738152917982, 0.9810000000000000941 ) ) ;
#6227 = COLOUR_RGB ( '',0.0000000000000000000, 0.0000000000000000000, 0.0000000000000000000 ) ;
#6228 = CARTESIAN_POINT ( 'NONE',  ( -1.534646302130288520, -2.916115597349821620, 0.9810000000000000941 ) ) ;
#6229 = ORIENTED_EDGE ( 'NONE', *, *, #1307, .F. ) ;
#6230 = LINE ( 'NONE', #9969, #5324 ) ;
#6231 = CARTESIAN_POINT ( 'NONE',  ( -0.7292070235534214850, -2.804394997869956718, 0.9810000000000000941 ) ) ;
#6232 = SURFACE_SIDE_STYLE ('',( #802 ) ) ;
#6233 = ORIENTED_EDGE ( 'NONE', *, *, #2909, .T. ) ;
#6234 = DIRECTION ( 'NONE',  ( -0.0000000000000000000, -0.0000000000000000000, -1.000000000000000000 ) ) ;
#6235 = PRESENTATION_STYLE_ASSIGNMENT (( #2452 ) ) ;
#6236 = FILL_AREA_STYLE ('',( #11153 ) ) ;
#6237 = SURFACE_STYLE_FILL_AREA ( #5327 ) ;
#6238 = SURFACE_STYLE_USAGE ( .BOTH. , #513 ) ;
#6239 = CARTESIAN_POINT ( 'NONE',  ( -0.8077087462353104153, -2.892878396548891562, 0.9800000000000002043 ) ) ;
#6240 = ORIENTED_EDGE ( 'NONE', *, *, #2850, .T. ) ;
#6241 =( LENGTH_UNIT ( ) NAMED_UNIT ( * ) SI_UNIT ( .MILLI., .METRE. ) );
#6242 = CARTESIAN_POINT ( 'NONE',  ( -0.6302220699198716192, -3.007771646301292012, 0.9799999999999999822 ) ) ;
#6243 = CARTESIAN_POINT ( 'NONE',  ( -0.9469323312302121431, -3.202518304027323737, 0.9810000000000000941 ) ) ;
#6244 = ORIENTED_EDGE ( 'NONE', *, *, #5889, .F. ) ;
#6245 = CARTESIAN_POINT ( 'NONE',  ( -0.8746691560460576609, -2.809281860076623172, 0.9799999999999999822 ) ) ;
#6246 = COLOUR_RGB ( '',0.0000000000000000000, 0.0000000000000000000, 0.0000000000000000000 ) ;
#6247 = CARTESIAN_POINT ( 'NONE',  ( -0.3306678142293116851, -3.156768955710224756, 0.9810000000000000941 ) ) ;
#6248 = EDGE_LOOP ( 'NONE', ( #7149, #11094, #5216, #3571 ) ) ;
#6249 = EDGE_LOOP ( 'NONE', ( #2206, #3052, #787, #10811 ) ) ;
#6250 = CARTESIAN_POINT ( 'NONE',  ( -0.5308212131195741978, -2.960254709525693251, 0.9800000000000002043 ) ) ;
#6251 = FILL_AREA_STYLE ('',( #8316 ) ) ;
#6252 = LINE ( 'NONE', #1364, #5084 ) ;
#6253 = PRESENTATION_STYLE_ASSIGNMENT (( #9827 ) ) ;
#6254 = VERTEX_POINT ( 'NONE', #10561 ) ;
#6255 = EDGE_CURVE ( 'NONE', #7998, #3334, #8146, .T. ) ;
#6256 = MECHANICAL_DESIGN_GEOMETRIC_PRESENTATION_REPRESENTATION (  '', ( #2358 ), #5488 ) ;
#6257 = CARTESIAN_POINT ( 'NONE',  ( 3.623086578651010026, -3.799999999999999822, 0.7800000000000005818 ) ) ;
#6258 = VECTOR ( 'NONE', #5143, 1000.000000000000000 ) ;
#6259 = VECTOR ( 'NONE', #3205, 1000.000000000000227 ) ;
#6260 = ORIENTED_EDGE ( 'NONE', *, *, #6333, .F. ) ;
#6261 = DIRECTION ( 'NONE',  ( -0.0000000000000000000, 1.000000000000000000, -0.0000000000000000000 ) ) ;
#6262 = EDGE_CURVE ( 'NONE', #5296, #11197, #11554, .T. ) ;
#6263 = ADVANCED_FACE ( 'NONE', ( #8852 ), #6724, .F. ) ;
#6264 = B_SPLINE_CURVE_WITH_KNOTS ( 'NONE', 3,
 ( #7231, #5515, #10114, #10969 ),
 .UNSPECIFIED., .F., .F.,
 ( 4, 4 ),
 ( 9.000000000000000000, 10.00000000000000000 ),
 .UNSPECIFIED. ) ;
#6265 = VECTOR ( 'NONE', #5642, 1000.000000000000000 ) ;
#6266 = ORIENTED_EDGE ( 'NONE', *, *, #6961, .F. ) ;
#6267 = STYLED_ITEM ( 'NONE', ( #5609 ), #10553 ) ;
#6268 = DIRECTION ( 'NONE',  ( -0.0000000000000000000, 1.000000000000000000, -0.0000000000000000000 ) ) ;
#6269 = EDGE_CURVE ( 'NONE', #9271, #9406, #4248, .T. ) ;
#6270 = CARTESIAN_POINT ( 'NONE',  ( -1.773234185274330743, -3.267490413606325195, 0.9810000000000000941 ) ) ;
#6271 = ADVANCED_FACE ( 'NONE', ( #6014 ), #9767, .F. ) ;
#6272 = DIRECTION ( 'NONE',  ( -0.0000000000000000000, -0.0000000000000000000, -1.000000000000000000 ) ) ;
#6273 = CARTESIAN_POINT ( 'NONE',  ( -0.7757881782047097996, -3.322298415987779752, 0.9799999999999999822 ) ) ;
#6274 = VERTEX_POINT ( 'NONE', #7948 ) ;
#6275 =( LENGTH_UNIT ( ) NAMED_UNIT ( * ) SI_UNIT ( .MILLI., .METRE. ) );
#6276 = VECTOR ( 'NONE', #7549, 1000.000000000000000 ) ;
#6277 = UNCERTAINTY_MEASURE_WITH_UNIT (LENGTH_MEASURE( 1.000000000000000082E-05 ), #7733, 'distance_accuracy_value', 'NONE');
#6278 = ORIENTED_EDGE ( 'NONE', *, *, #2379, .T. ) ;
#6279 = COLOUR_RGB ( '',0.0000000000000000000, 0.0000000000000000000, 0.0000000000000000000 ) ;
#6280 = ORIENTED_EDGE ( 'NONE', *, *, #972, .F. ) ;
#6281 = ORIENTED_EDGE ( 'NONE', *, *, #7619, .T. ) ;
#6282 = CARTESIAN_POINT ( 'NONE',  ( -0.7292070235534214850, -2.804394997869956274, 0.9799999999999999822 ) ) ;
#6283 = ADVANCED_FACE ( 'NONE', ( #2537 ), #5346, .F. ) ;
#6284 = LINE ( 'NONE', #5314, #9015 ) ;
#6285 = CARTESIAN_POINT ( 'NONE',  ( -0.2761325115182485801, -3.282891590958525896, 0.9799999999999999822 ) ) ;
#6286 = CARTESIAN_POINT ( 'NONE',  ( -0.9626846636624908360, -3.333839728858221996, 0.9799999999999999822 ) ) ;
#6287 = PRESENTATION_LAYER_ASSIGNMENT (  '', '', ( #5506 ) ) ;
#6288 =( NAMED_UNIT ( * ) SI_UNIT ( $, .STERADIAN. ) SOLID_ANGLE_UNIT ( ) );
#6289 = CARTESIAN_POINT ( 'NONE',  ( -0.5205795976444335116, -2.903483927294328915, 0.9799999999999999822 ) ) ;
#6290 = B_SPLINE_CURVE_WITH_KNOTS ( 'NONE', 3,
 ( #4645, #7393, #10281, #4586 ),
 .UNSPECIFIED., .F., .F.,
 ( 4, 4 ),
 ( 15.00000000000000000, 16.00000000000000000 ),
 .UNSPECIFIED. ) ;
#6291 = EDGE_LOOP ( 'NONE', ( #8317, #2441, #5641, #8927 ) ) ;
#6292 = FILL_AREA_STYLE ('',( #3487 ) ) ;
#6293 = SURFACE_STYLE_USAGE ( .BOTH. , #7159 ) ;
#6294 =( NAMED_UNIT ( * ) PLANE_ANGLE_UNIT ( ) SI_UNIT ( $, .RADIAN. ) );
#6295 = CARTESIAN_POINT ( 'NONE',  ( -0.7461550775894828513, -3.185154346825209704, 0.9810000000000000941 ) ) ;
#6296 = CARTESIAN_POINT ( 'NONE',  ( -0.6947975350103601233, -3.387205303913715326, 0.9810000000000000941 ) ) ;
#6297 = EDGE_LOOP ( 'NONE', ( #11194, #2732, #1780, #5829 ) ) ;
#6298 = COLOUR_RGB ( '',0.0000000000000000000, 0.0000000000000000000, 0.0000000000000000000 ) ;
#6299 = CARTESIAN_POINT ( 'NONE',  ( -0.9601372567676421665, -3.011202847425386686, 0.9810000000000000941 ) ) ;
#6300 = EDGE_CURVE ( 'NONE', #5139, #8493, #8259, .T. ) ;
#6301 = MECHANICAL_DESIGN_GEOMETRIC_PRESENTATION_REPRESENTATION (  '', ( #9443 ), #1028 ) ;
#6302 = PRESENTATION_LAYER_ASSIGNMENT (  '', '', ( #6904 ) ) ;
#6303 = FILL_AREA_STYLE_COLOUR ( '', #9656 ) ;
#6304 = FILL_AREA_STYLE_COLOUR ( '', #7844 ) ;
#6305 = CARTESIAN_POINT ( 'NONE',  ( -2.675735931288072411, 3.799999999999999822, 0.9799999999999999822 ) ) ;
#6306 =( LENGTH_UNIT ( ) NAMED_UNIT ( * ) SI_UNIT ( .MILLI., .METRE. ) );
#6307 = EDGE_LOOP ( 'NONE', ( #7474, #11511, #4911, #8270 ) ) ;
#6308 = ORIENTED_EDGE ( 'NONE', *, *, #2982, .F. ) ;
#6309 = SURFACE_STYLE_USAGE ( .BOTH. , #11221 ) ;
#6310 = CARTESIAN_POINT ( 'NONE',  ( -0.8311032993528110202, -3.227888397185662672, 0.9799999999999999822 ) ) ;
#6311 = PRESENTATION_STYLE_ASSIGNMENT (( #6831 ) ) ;
#6312 = MECHANICAL_DESIGN_GEOMETRIC_PRESENTATION_REPRESENTATION (  '', ( #8244 ), #1036 ) ;
#6313 = CARTESIAN_POINT ( 'NONE',  ( -0.9626846636624908360, -3.333839728858221996, 0.9810000000000000941 ) ) ;
#6314 = CARTESIAN_POINT ( 'NONE',  ( -0.9945532437980214580, -3.195343974404595500, 0.9799999999999999822 ) ) ;
#6315 = MECHANICAL_DESIGN_GEOMETRIC_PRESENTATION_REPRESENTATION (  '', ( #3200 ), #5541 ) ;
#6316 = COLOUR_RGB ( '',0.0000000000000000000, 0.0000000000000000000, 0.0000000000000000000 ) ;
#6317 = LINE ( 'NONE', #5225, #12015 ) ;
#6318 = CARTESIAN_POINT ( 'NONE',  ( -0.5973137318685132202, -2.804394997869957162, 0.9810000000000000941 ) ) ;
#6319 = EDGE_LOOP ( 'NONE', ( #6958, #10091, #8226, #10119 ) ) ;
#6320 = EDGE_LOOP ( 'NONE', ( #9041, #10629, #7241, #11319 ) ) ;
#6321 = LINE ( 'NONE', #10188, #9680 ) ;
#6322 = STYLED_ITEM ( 'NONE', ( #8464 ), #8824 ) ;
#6323 = UNCERTAINTY_MEASURE_WITH_UNIT (LENGTH_MEASURE( 1.000000000000000082E-05 ), #8975, 'distance_accuracy_value', 'NONE');
#6324 = CARTESIAN_POINT ( 'NONE',  ( -0.8233571028760637844, -3.207925045192944413, 0.9810000000000000941 ) ) ;
#6325 = CARTESIAN_POINT ( 'NONE',  ( -0.7679380059364522282, -3.266879319047467867, 0.9799999999999999822 ) ) ;
#6326 = DIRECTION ( 'NONE',  ( 0.0000000000000000000, 0.0000000000000000000, 1.000000000000000000 ) ) ;
#6327 = VERTEX_POINT ( 'NONE', #136 ) ;
#6328 = CARTESIAN_POINT ( 'NONE',  ( -0.8305834203945547944, -3.313044570532008848, 0.9810000000000000941 ) ) ;
#6329 = CARTESIAN_POINT ( 'NONE',  ( -2.170880670972001436, -3.258814512647445039, 0.9810000000000000941 ) ) ;
#6330 = VERTEX_POINT ( 'NONE', #9506 ) ;
#6331 = COLOUR_RGB ( '',0.0000000000000000000, 0.0000000000000000000, 0.0000000000000000000 ) ;
#6332 = CARTESIAN_POINT ( 'NONE',  ( -0.8501308692212133922, -3.247331870220810046, 0.9810000000000000941 ) ) ;
#6333 = EDGE_CURVE ( 'NONE', #2529, #8281, #11560, .T. ) ;
#6334 = ORIENTED_EDGE ( 'NONE', *, *, #4478, .F. ) ;
#6335 = UNCERTAINTY_MEASURE_WITH_UNIT (LENGTH_MEASURE( 1.000000000000000082E-05 ), #5039, 'distance_accuracy_value', 'NONE');
#6336 = CARTESIAN_POINT ( 'NONE',  ( -0.8920331132488581449, -3.330408527734124657, 0.9810000000000000941 ) ) ;
#6337 = DIRECTION ( 'NONE',  ( 0.0000000000000000000, 1.000000000000000000, -0.0000000000000000000 ) ) ;
#6338 = EDGE_CURVE ( 'NONE', #1751, #7871, #459, .T. ) ;
#6339 = MECHANICAL_DESIGN_GEOMETRIC_PRESENTATION_REPRESENTATION (  '', ( #3030 ), #1069 ) ;
#6340 = EDGE_CURVE ( 'NONE', #6111, #1257, #1798, .T. ) ;
#6341 = CARTESIAN_POINT ( 'NONE',  ( -1.523078415797519458, -3.017334699289550226, 0.9810000000000000941 ) ) ;
#6342 = AXIS2_PLACEMENT_3D ( 'NONE', #7298, #10053, #22 ) ;
#6343 = EDGE_LOOP ( 'NONE', ( #5962, #3477, #8116, #7969 ) ) ;
#6344 = CARTESIAN_POINT ( 'NONE',  ( -1.511510529464747954, -3.017334699289550226, 0.9810000000000000941 ) ) ;
#6345 = CARTESIAN_POINT ( 'NONE',  ( -2.033511848397659083, -3.176393205311723200, 0.9810000000000000941 ) ) ;
#6346 = FACE_OUTER_BOUND ( 'NONE', #3174, .T. ) ;
#6347 = FACE_OUTER_BOUND ( 'NONE', #380, .T. ) ;
#6348 = VERTEX_POINT ( 'NONE', #881 ) ;
#6349 = EDGE_CURVE ( 'NONE', #2557, #6274, #7584, .T. ) ;
#6350 = CARTESIAN_POINT ( 'NONE',  ( -7.500000000000000000, -3.799999999999999822, 0.0000000000000000000 ) ) ;
#6351 = B_SPLINE_CURVE_WITH_KNOTS ( 'NONE', 3,
 ( #1128, #4858, #282, #9659 ),
 .UNSPECIFIED., .F., .F.,
 ( 4, 4 ),
 ( 3.000000000000000000, 4.000000000000000000 ),
 .UNSPECIFIED. ) ;
#6352 = ORIENTED_EDGE ( 'NONE', *, *, #9203, .F. ) ;
#6353 = EDGE_LOOP ( 'NONE', ( #8218, #9052, #10955, #11939 ) ) ;
#6354 = CARTESIAN_POINT ( 'NONE',  ( -0.9175071821987060838, -3.257521497800196286, 0.9810000000000000941 ) ) ;
#6355 = CARTESIAN_POINT ( 'NONE',  ( 2.675735931288064862, 3.799999999999999822, 0.1999999999999999833 ) ) ;
#6356 = DIRECTION ( 'NONE',  ( 0.0000000000000000000, -1.000000000000000000, 0.0000000000000000000 ) ) ;
#6357 = VERTEX_POINT ( 'NONE', #5753 ) ;
#6358 = DIRECTION ( 'NONE',  ( -0.0000000000000000000, -1.000000000000000000, -0.0000000000000000000 ) ) ;
#6359 = UNCERTAINTY_MEASURE_WITH_UNIT (LENGTH_MEASURE( 1.000000000000000082E-05 ), #1743, 'distance_accuracy_value', 'NONE');
#6360 = CARTESIAN_POINT ( 'NONE',  ( -1.621405532364044610, -3.309424063617307787, 0.9799999999999999822 ) ) ;
#6361 = FACE_OUTER_BOUND ( 'NONE', #6144, .T. ) ;
#6362 = DIRECTION ( 'NONE',  ( -0.0000000000000000000, -0.0000000000000000000, -1.000000000000000000 ) ) ;
#6363 = VECTOR ( 'NONE', #3589, 1000.000000000000000 ) ;
#6364 = ORIENTED_EDGE ( 'NONE', *, *, #10318, .T. ) ;
#6365 = EDGE_CURVE ( 'NONE', #636, #8903, #192, .T. ) ;
#6366 = EDGE_CURVE ( 'NONE', #1409, #7357, #2651, .T. ) ;
#6367 = SURFACE_STYLE_FILL_AREA ( #4597 ) ;
#6368 = PLANE ( 'NONE',  #2993 ) ;
#6369 = DIRECTION ( 'NONE',  ( -0.0000000000000000000, -0.0000000000000000000, -1.000000000000000000 ) ) ;
#6370 = ORIENTED_EDGE ( 'NONE', *, *, #2375, .T. ) ;
#6371 = ORIENTED_EDGE ( 'NONE', *, *, #9649, .T. ) ;
#6372 = FILL_AREA_STYLE ('',( #9385 ) ) ;
#6373 = CARTESIAN_POINT ( 'NONE',  ( -0.5205795976444335116, -2.903483927294328915, 0.9810000000000000941 ) ) ;
#6374 = EDGE_CURVE ( 'NONE', #3664, #4963, #2668, .T. ) ;
#6375 = CARTESIAN_POINT ( 'NONE',  ( -1.502834628505179460, -3.242908675834546450, 0.9810000000000000941 ) ) ;
#6376 = CARTESIAN_POINT ( 'NONE',  ( -0.9034184624327290525, -2.800963796745862489, 0.9799999999999999822 ) ) ;
#6377 = CARTESIAN_POINT ( 'NONE',  ( -0.3756893320058170560, -3.307221926200337059, 0.9810000000000000941 ) ) ;
#6378 = ORIENTED_EDGE ( 'NONE', *, *, #10028, .F. ) ;
#6379 =( LENGTH_UNIT ( ) NAMED_UNIT ( * ) SI_UNIT ( .MILLI., .METRE. ) );
#6380 = SURFACE_STYLE_FILL_AREA ( #2599 ) ;
#6381 =( NAMED_UNIT ( * ) SI_UNIT ( $, .STERADIAN. ) SOLID_ANGLE_UNIT ( ) );
#6382 = CARTESIAN_POINT ( 'NONE',  ( -0.1771475578853914379, -3.127031879302791140, 0.9810000000000000941 ) ) ;
#6383 = ORIENTED_EDGE ( 'NONE', *, *, #9107, .T. ) ;
#6384 = PLANE ( 'NONE',  #549 ) ;
#6385 = SURFACE_STYLE_FILL_AREA ( #771 ) ;
#6386 = FILL_AREA_STYLE ('',( #7318 ) ) ;
#6387 = CARTESIAN_POINT ( 'NONE',  ( -2.170880670972001436, -3.258814512647445039, 0.9799999999999999822 ) ) ;
#6388 =( GEOMETRIC_REPRESENTATION_CONTEXT ( 3 ) GLOBAL_UNCERTAINTY_ASSIGNED_CONTEXT ( ( #9278 ) ) GLOBAL_UNIT_ASSIGNED_CONTEXT ( ( #9886, #9149, #10866 ) ) REPRESENTATION_CONTEXT ( 'NONE', 'WORKASPACE' ) );
#6389 = ORIENTED_EDGE ( 'NONE', *, *, #1119, .F. ) ;
#6390 = DIRECTION ( 'NONE',  ( -0.4673073067545554515, 0.8840949502478814281, 0.0000000000000000000 ) ) ;
#6391 = VECTOR ( 'NONE', #5974, 1000.000000000000000 ) ;
#6392 = VERTEX_POINT ( 'NONE', #3914 ) ;
#6393 = CARTESIAN_POINT ( 'NONE',  ( -0.5512524561754880148, -2.831324727902375216, 0.9810000000000000941 ) ) ;
#6394 = CARTESIAN_POINT ( 'NONE',  ( -0.9761495286786930903, -3.271038350713540321, 0.9800000000000002043 ) ) ;
#6395 =( GEOMETRIC_REPRESENTATION_CONTEXT ( 3 ) GLOBAL_UNCERTAINTY_ASSIGNED_CONTEXT ( ( #2670 ) ) GLOBAL_UNIT_ASSIGNED_CONTEXT ( ( #10097, #7276, #671 ) ) REPRESENTATION_CONTEXT ( 'NONE', 'WORKASPACE' ) );
#6396 = SURFACE_STYLE_FILL_AREA ( #1991 ) ;
#6397 = CARTESIAN_POINT ( 'NONE',  ( -0.5530200446325974628, -3.307221926200337503, 0.9799999999999999822 ) ) ;
#6398 = ORIENTED_EDGE ( 'NONE', *, *, #11151, .F. ) ;
#6399 = SURFACE_SIDE_STYLE ('',( #2356 ) ) ;
#6400 = FACE_OUTER_BOUND ( 'NONE', #7347, .T. ) ;
#6401 = CARTESIAN_POINT ( 'NONE',  ( 0.0000000000000000000, 0.0000000000000000000, 0.9810000000000000941 ) ) ;
#6402 = CARTESIAN_POINT ( 'NONE',  ( -0.8575131504269685179, -3.299007838662481706, 0.9799999999999999822 ) ) ;
#6403 = B_SPLINE_SURFACE_WITH_KNOTS ( 'NONE', 3, 1, ( 
 ( #6964, #6031 ),
 ( #3234, #8611 ),
 ( #3173, #2181 ),
 ( #6912, #2247 ) ),
 .UNSPECIFIED., .F., .F., .F.,
 ( 4, 4 ),
 ( 2, 2 ),
 ( 9.000000000000000000, 10.00000000000000000 ),
 ( 0.0000000000000000000, 1.000000000000000000 ),
 .UNSPECIFIED. ) ;
#6404 = ORIENTED_EDGE ( 'NONE', *, *, #7098, .F. ) ;
#6405 = COLOUR_RGB ( '',0.0000000000000000000, 0.0000000000000000000, 0.0000000000000000000 ) ;
#6406 = EDGE_CURVE ( 'NONE', #6348, #1705, #1740, .T. ) ;
#6407 =( NAMED_UNIT ( * ) PLANE_ANGLE_UNIT ( ) SI_UNIT ( $, .RADIAN. ) );
#6408 =( GEOMETRIC_REPRESENTATION_CONTEXT ( 3 ) GLOBAL_UNCERTAINTY_ASSIGNED_CONTEXT ( ( #9104 ) ) GLOBAL_UNIT_ASSIGNED_CONTEXT ( ( #5194, #6214, #9955 ) ) REPRESENTATION_CONTEXT ( 'NONE', 'WORKASPACE' ) );
#6409 = ORIENTED_EDGE ( 'NONE', *, *, #2782, .F. ) ;
#6410 = ORIENTED_EDGE ( 'NONE', *, *, #6655, .T. ) ;
#6411 = FACE_OUTER_BOUND ( 'NONE', #3667, .T. ) ;
#6412 = FACE_OUTER_BOUND ( 'NONE', #1589, .T. ) ;
#6413 = CARTESIAN_POINT ( 'NONE',  ( -0.3744936104020317735, -3.150426432419600076, 0.9799999999999999822 ) ) ;
#6414 = CARTESIAN_POINT ( 'NONE',  ( -2.055201697326993315, -3.328221885802723268, 0.9799999999999999822 ) ) ;
#6415 = CARTESIAN_POINT ( 'NONE',  ( -0.2934964687217503365, -3.226848639269142005, 0.9800000000000002043 ) ) ;
#6416 = VECTOR ( 'NONE', #10780, 1000.000000000000000 ) ;
#6417 = AXIS2_PLACEMENT_3D ( 'NONE', #11180, #11360, #6709 ) ;
#6418 = CARTESIAN_POINT ( 'NONE',  ( -1.035259766221189093, -2.984585044767507966, 0.9800000000000002043 ) ) ;
#6419 = VECTOR ( 'NONE', #2618, 1000.000000000000114 ) ;
#6420 = PRESENTATION_LAYER_ASSIGNMENT (  '', '', ( #4845 ) ) ;
#6421 = ORIENTED_EDGE ( 'NONE', *, *, #11230, .T. ) ;
#6422 =( NAMED_UNIT ( * ) PLANE_ANGLE_UNIT ( ) SI_UNIT ( $, .RADIAN. ) );
#6423 = FILL_AREA_STYLE ('',( #1519 ) ) ;
#6424 = FILL_AREA_STYLE_COLOUR ( '', #1117 ) ;
#6425 = VECTOR ( 'NONE', #9901, 1000.000000000000000 ) ;
#6426 = FILL_AREA_STYLE ('',( #2510 ) ) ;
#6427 = UNCERTAINTY_MEASURE_WITH_UNIT (LENGTH_MEASURE( 1.000000000000000082E-05 ), #3703, 'distance_accuracy_value', 'NONE');
#6428 = ORIENTED_EDGE ( 'NONE', *, *, #9875, .T. ) ;
#6429 = ADVANCED_FACE ( 'NONE', ( #2953 ), #6384, .F. ) ;
#6430 = CARTESIAN_POINT ( 'NONE',  ( -0.8746691560460573278, -2.974187465603711278, 0.9800000000000002043 ) ) ;
#6431 = DIRECTION ( 'NONE',  ( -1.000000000000000000, 0.0000000000000000000, 0.0000000000000000000 ) ) ;
#6432 = CARTESIAN_POINT ( 'NONE',  ( -2.675735931288069303, 3.799999999999999822, 0.9799999999999999822 ) ) ;
#6433 =( NAMED_UNIT ( * ) SI_UNIT ( $, .STERADIAN. ) SOLID_ANGLE_UNIT ( ) );
#6434 = CARTESIAN_POINT ( 'NONE',  ( -0.8895376942497728034, -2.983233359476450630, 0.9810000000000000941 ) ) ;
#6435 = CARTESIAN_POINT ( 'NONE',  ( -0.5530200446325973518, -3.215515277981726872, 0.9810000000000000941 ) ) ;
#6436 = ADVANCED_FACE ( 'NONE', ( #2135 ), #11520, .F. ) ;
#6437 = ADVANCED_FACE ( 'NONE', ( #10528 ), #3189, .F. ) ;
#6438 = ORIENTED_EDGE ( 'NONE', *, *, #9813, .T. ) ;
#6439 = DIRECTION ( 'NONE',  ( 0.0000000000000000000, 0.0000000000000000000, 1.000000000000000000 ) ) ;
#6440 = SURFACE_SIDE_STYLE ('',( #12032 ) ) ;
#6441 = FILL_AREA_STYLE ('',( #11967 ) ) ;
#6442 = CARTESIAN_POINT ( 'NONE',  ( -0.8575131504269682958, -3.325313713944427985, 0.9810000000000000941 ) ) ;
#6443 =( GEOMETRIC_REPRESENTATION_CONTEXT ( 3 ) GLOBAL_UNCERTAINTY_ASSIGNED_CONTEXT ( ( #9264 ) ) GLOBAL_UNIT_ASSIGNED_CONTEXT ( ( #819, #3638, #8115 ) ) REPRESENTATION_CONTEXT ( 'NONE', 'WORKASPACE' ) );
#6444 = UNCERTAINTY_MEASURE_WITH_UNIT (LENGTH_MEASURE( 1.000000000000000082E-05 ), #7212, 'distance_accuracy_value', 'NONE');
#6445 = CARTESIAN_POINT ( 'NONE',  ( -1.043525841656193887, -3.238805855307024473, 0.9799999999999999822 ) ) ;
#6446 = CARTESIAN_POINT ( 'NONE',  ( -0.3756893320058170560, -3.307221926200337059, 0.9800000000000002043 ) ) ;
#6447 = ORIENTED_EDGE ( 'NONE', *, *, #2030, .F. ) ;
#6448 = LINE ( 'NONE', #5526, #8888 ) ;
#6449 = PRESENTATION_LAYER_ASSIGNMENT (  '', '', ( #10359 ) ) ;
#6450 = CARTESIAN_POINT ( 'NONE',  ( -1.949644631116431270, -3.227002839023036085, 0.9799999999999999822 ) ) ;
#6451 = FILL_AREA_STYLE ('',( #11108 ) ) ;
#6452 = FILL_AREA_STYLE ('',( #2730 ) ) ;
#6453 = ORIENTED_EDGE ( 'NONE', *, *, #10624, .T. ) ;
#6454 = DIRECTION ( 'NONE',  ( 1.000000000000000000, -0.0000000000000000000, -0.0000000000000000000 ) ) ;
#6455 = CARTESIAN_POINT ( 'NONE',  ( -0.8255405945006136781, -3.235582605765955133, 0.9799999999999999822 ) ) ;
#6456 = UNCERTAINTY_MEASURE_WITH_UNIT (LENGTH_MEASURE( 1.000000000000000082E-05 ), #10748, 'distance_accuracy_value', 'NONE');
#6457 = CARTESIAN_POINT ( 'NONE',  ( -0.6726441929057794811, -3.352347419768365366, 0.9800000000000002043 ) ) ;
#6458 = B_SPLINE_CURVE_WITH_KNOTS ( 'NONE', 3,
 ( #10594, #9556, #3982, #7031 ),
 .UNSPECIFIED., .F., .F.,
 ( 4, 4 ),
 ( 16.00000000000000000, 17.00000000000000000 ),
 .UNSPECIFIED. ) ;
#6459 = SURFACE_SIDE_STYLE ('',( #3822 ) ) ;
#6460 = EDGE_LOOP ( 'NONE', ( #10871, #5882, #2076, #4392 ) ) ;
#6461 =( GEOMETRIC_REPRESENTATION_CONTEXT ( 3 ) GLOBAL_UNCERTAINTY_ASSIGNED_CONTEXT ( ( #4625 ) ) GLOBAL_UNIT_ASSIGNED_CONTEXT ( ( #6818, #11539, #10431 ) ) REPRESENTATION_CONTEXT ( 'NONE', 'WORKASPACE' ) );
#6462 = COLOUR_RGB ( '',0.0000000000000000000, 0.0000000000000000000, 0.0000000000000000000 ) ;
#6463 = VECTOR ( 'NONE', #4063, 1000.000000000000000 ) ;
#6464 = ORIENTED_EDGE ( 'NONE', *, *, #8707, .F. ) ;
#6465 = EDGE_CURVE ( 'NONE', #236, #5078, #10657, .T. ) ;
#6466 = UNCERTAINTY_MEASURE_WITH_UNIT (LENGTH_MEASURE( 1.000000000000000082E-05 ), #3584, 'distance_accuracy_value', 'NONE');
#6467 = CARTESIAN_POINT ( 'NONE',  ( -0.5973137318685132202, -2.804394997869957162, 0.9810000000000000941 ) ) ;
#6468 = CARTESIAN_POINT ( 'NONE',  ( -0.5512524561754880148, -2.979282279394789512, 0.9810000000000000941 ) ) ;
#6469 = FILL_AREA_STYLE_COLOUR ( '', #8996 ) ;
#6470 = COLOUR_RGB ( '',0.9686274509803921573, 0.8784313725490195957, 0.5999999999999999778 ) ;
#6471 = CARTESIAN_POINT ( 'NONE',  ( -0.7663783690616760014, -3.188273620574769485, 0.9810000000000000941 ) ) ;
#6472 = ORIENTED_EDGE ( 'NONE', *, *, #6349, .T. ) ;
#6473 = SURFACE_STYLE_FILL_AREA ( #839 ) ;
#6474 = DIRECTION ( 'NONE',  ( -1.000000000000000000, 0.0000000000000000000, 0.0000000000000000000 ) ) ;
#6475 = CARTESIAN_POINT ( 'NONE',  ( -0.9560822008937726046, -3.312940594740499733, 0.9800000000000002043 ) ) ;
#6476 = EDGE_LOOP ( 'NONE', ( #1487, #5352, #8140, #3089 ) ) ;
#6477 =( GEOMETRIC_REPRESENTATION_CONTEXT ( 3 ) GLOBAL_UNCERTAINTY_ASSIGNED_CONTEXT ( ( #11691 ) ) GLOBAL_UNIT_ASSIGNED_CONTEXT ( ( #2883, #6622, #8430 ) ) REPRESENTATION_CONTEXT ( 'NONE', 'WORKASPACE' ) );
#6478 =( GEOMETRIC_REPRESENTATION_CONTEXT ( 3 ) GLOBAL_UNCERTAINTY_ASSIGNED_CONTEXT ( ( #12111 ) ) GLOBAL_UNIT_ASSIGNED_CONTEXT ( ( #4323, #3284, #8022 ) ) REPRESENTATION_CONTEXT ( 'NONE', 'WORKASPACE' ) );
#6479 = DIRECTION ( 'NONE',  ( 0.0000000000000000000, 0.0000000000000000000, 1.000000000000000000 ) ) ;
#6480 = ORIENTED_EDGE ( 'NONE', *, *, #9203, .T. ) ;
#6481 = EDGE_LOOP ( 'NONE', ( #9605, #2420, #2277, #2743 ) ) ;
#6482 = CARTESIAN_POINT ( 'NONE',  ( -0.5699161107728969444, -2.963373983275247703, 0.9800000000000002043 ) ) ;
#6483 = CARTESIAN_POINT ( 'NONE',  ( -0.5853565158320180872, -2.834132074276004332, 0.9799999999999999822 ) ) ;
#6484 = CARTESIAN_POINT ( 'NONE',  ( -0.7772438392872836888, -3.206053480942930189, 0.9810000000000000941 ) ) ;
#6485 = CARTESIAN_POINT ( 'NONE',  ( -0.9271769308205284332, -2.987808294308576418, 0.9799999999999999822 ) ) ;
#6486 = EDGE_LOOP ( 'NONE', ( #520, #8345, #889, #2511 ) ) ;
#6487 = CARTESIAN_POINT ( 'NONE',  ( -0.4802889783873196539, -3.238805855307024029, 0.9810000000000000941 ) ) ;
#6488 = SURFACE_STYLE_USAGE ( .BOTH. , #5615 ) ;
#6489 = AXIS2_PLACEMENT_3D ( 'NONE', #3806, #10298, #8175 ) ;
#6490 = DIRECTION ( 'NONE',  ( 0.0000000000000000000, -1.000000000000000000, 0.0000000000000000000 ) ) ;
#6491 = B_SPLINE_CURVE_WITH_KNOTS ( 'NONE', 3,
 ( #11437, #2865, #10387, #8335 ),
 .UNSPECIFIED., .F., .F.,
 ( 4, 4 ),
 ( 5.000000000000000000, 6.000000000000000000 ),
 .UNSPECIFIED. ) ;
#6492 = PRESENTATION_STYLE_ASSIGNMENT (( #1836 ) ) ;
#6493 = ORIENTED_EDGE ( 'NONE', *, *, #11098, .T. ) ;
#6494 = CARTESIAN_POINT ( 'NONE',  ( -0.9175071821987061949, -3.214371544273697090, 0.9799999999999999822 ) ) ;
#6495 = PRESENTATION_LAYER_ASSIGNMENT (  '', '', ( #3575 ) ) ;
#6496 = EDGE_CURVE ( 'NONE', #9640, #8513, #4222, .T. ) ;
#6497 = FILL_AREA_STYLE ('',( #2882 ) ) ;
#6498 = PRESENTATION_STYLE_ASSIGNMENT (( #4599 ) ) ;
#6499 = CARTESIAN_POINT ( 'NONE',  ( -2.675735931288069303, 3.799999999999999822, 0.9799999999999999822 ) ) ;
#6500 = CARTESIAN_POINT ( 'NONE',  ( -0.9761495286786930903, -3.271038350713540321, 0.9810000000000000941 ) ) ;
#6501 =( GEOMETRIC_REPRESENTATION_CONTEXT ( 3 ) GLOBAL_UNCERTAINTY_ASSIGNED_CONTEXT ( ( #6692 ) ) GLOBAL_UNIT_ASSIGNED_CONTEXT ( ( #7975, #8152, #8093 ) ) REPRESENTATION_CONTEXT ( 'NONE', 'WORKASPACE' ) );
#6502 = CARTESIAN_POINT ( 'NONE',  ( -0.8518984576790159524, -3.201166618736268621, 0.9810000000000000941 ) ) ;
#6503 = VERTEX_POINT ( 'NONE', #9858 ) ;
#6504 = DIRECTION ( 'NONE',  ( -0.0000000000000000000, 1.000000000000000000, -0.0000000000000000000 ) ) ;
#6505 = EDGE_CURVE ( 'NONE', #267, #11220, #5209, .T. ) ;
#6506 =( NAMED_UNIT ( * ) SI_UNIT ( $, .STERADIAN. ) SOLID_ANGLE_UNIT ( ) );
#6507 = ADVANCED_FACE ( 'NONE', ( #5372 ), #727, .F. ) ;
#6508 =( GEOMETRIC_REPRESENTATION_CONTEXT ( 3 ) GLOBAL_UNCERTAINTY_ASSIGNED_CONTEXT ( ( #11332 ) ) GLOBAL_UNIT_ASSIGNED_CONTEXT ( ( #3789, #7624, #1205 ) ) REPRESENTATION_CONTEXT ( 'NONE', 'WORKASPACE' ) );
#6509 = FACE_OUTER_BOUND ( 'NONE', #6990, .T. ) ;
#6510 = B_SPLINE_CURVE_WITH_KNOTS ( 'NONE', 3,
 ( #11930, #653, #3659, #11063 ),
 .UNSPECIFIED., .F., .F.,
 ( 4, 4 ),
 ( 35.00000000000000000, 36.00000000000000000 ),
 .UNSPECIFIED. ) ;
#6511 = DIRECTION ( 'NONE',  ( -0.0000000000000000000, -1.000000000000000000, -0.0000000000000000000 ) ) ;
#6512 = SURFACE_STYLE_FILL_AREA ( #8444 ) ;
#6513 = AXIS2_PLACEMENT_3D ( 'NONE', #985, #11345, #1902 ) ;
#6514 = VECTOR ( 'NONE', #2091, 1000.000000000000000 ) ;
#6515 = EDGE_CURVE ( 'NONE', #9920, #6970, #10888, .T. ) ;
#6516 = STYLED_ITEM ( 'NONE', ( #9002 ), #1184 ) ;
#6517 =( NAMED_UNIT ( * ) PLANE_ANGLE_UNIT ( ) SI_UNIT ( $, .RADIAN. ) );
#6518 = ORIENTED_EDGE ( 'NONE', *, *, #10753, .T. ) ;
#6519 = CARTESIAN_POINT ( 'NONE',  ( -0.9975685417553713519, -2.830908824736320550, 0.9799999999999999822 ) ) ;
#6520 = DIRECTION ( 'NONE',  ( 1.000000000000000000, 0.0000000000000000000, 0.0000000000000000000 ) ) ;
#6521 = CARTESIAN_POINT ( 'NONE',  ( -0.8305834203945547944, -3.313044570532008848, 0.9800000000000002043 ) ) ;
#6522 = ORIENTED_EDGE ( 'NONE', *, *, #2527, .F. ) ;
#6523 = B_SPLINE_SURFACE_WITH_KNOTS ( 'NONE', 3, 1, ( 
 ( #4850, #5653 ),
 ( #5594, #7543 ),
 ( #8393, #1185 ),
 ( #7490, #10495 ) ),
 .UNSPECIFIED., .F., .F., .F.,
 ( 4, 4 ),
 ( 2, 2 ),
 ( 2.000000000000000000, 3.000000000000000000 ),
 ( 0.0000000000000000000, 1.000000000000000000 ),
 .UNSPECIFIED. ) ;
#6524 = COLOUR_RGB ( '',0.9686274509803921573, 0.8784313725490195957, 0.5999999999999999778 ) ;
#6525 = PRESENTATION_LAYER_ASSIGNMENT (  '', '', ( #258 ) ) ;
#6526 = CARTESIAN_POINT ( 'NONE',  ( -0.8746691560460576609, -2.836731469066607225, 0.9810000000000000941 ) ) ;
#6527 = VERTEX_POINT ( 'NONE', #6289 ) ;
#6528 = CARTESIAN_POINT ( 'NONE',  ( -1.773234185274330743, -3.281950285312990712, 0.9810000000000000941 ) ) ;
#6529 =( GEOMETRIC_REPRESENTATION_CONTEXT ( 3 ) GLOBAL_UNCERTAINTY_ASSIGNED_CONTEXT ( ( #7968 ) ) GLOBAL_UNIT_ASSIGNED_CONTEXT ( ( #9273, #11978, #2156 ) ) REPRESENTATION_CONTEXT ( 'NONE', 'WORKASPACE' ) );
#6530 = ADVANCED_FACE ( 'NONE', ( #9906 ), #3554, .F. ) ;
#6531 = VECTOR ( 'NONE', #9988, 1000.000000000000114 ) ;
#6532 = DIRECTION ( 'NONE',  ( 0.0000000000000000000, -0.0000000000000000000, 1.000000000000000000 ) ) ;
#6533 = ORIENTED_EDGE ( 'NONE', *, *, #7404, .F. ) ;
#6534 = CARTESIAN_POINT ( 'NONE',  ( -2.059539620226411571, -2.866952039066210212, 0.9799999999999999822 ) ) ;
#6535 =( NAMED_UNIT ( * ) SI_UNIT ( $, .STERADIAN. ) SOLID_ANGLE_UNIT ( ) );
#6536 = FILL_AREA_STYLE ('',( #5477 ) ) ;
#6537 =( LENGTH_UNIT ( ) NAMED_UNIT ( * ) SI_UNIT ( .MILLI., .METRE. ) );
#6539 = VECTOR ( 'NONE', #23, 1000.000000000000000 ) ;
#6538 = CARTESIAN_POINT ( 'NONE',  ( -0.7769838998084951376, -3.183906637325670363, 0.9810000000000000941 ) ) ;
#6540 = CARTESIAN_POINT ( 'NONE',  ( -0.5530200446325973518, -3.307221926200337059, 0.9810000000000000941 ) ) ;
#6541 = EDGE_CURVE ( 'NONE', #8586, #8955, #12017, .T. ) ;
#6542 =( NAMED_UNIT ( * ) SI_UNIT ( $, .STERADIAN. ) SOLID_ANGLE_UNIT ( ) );
#6543 = ORIENTED_EDGE ( 'NONE', *, *, #7594, .T. ) ;
#6544 = CARTESIAN_POINT ( 'NONE',  ( -0.8999742643346935189, -3.008239537363967653, 0.9810000000000000941 ) ) ;
#6545 = VERTEX_POINT ( 'NONE', #4338 ) ;
#6546 = EDGE_LOOP ( 'NONE', ( #4068, #9884, #11823, #5927, #1856, #5330 ) ) ;
#6547 = VECTOR ( 'NONE', #2392, 1000.000000000000000 ) ;
#6548 = DIRECTION ( 'NONE',  ( -0.0000000000000000000, -0.0000000000000000000, -1.000000000000000000 ) ) ;
#6549 = DIRECTION ( 'NONE',  ( -0.0000000000000000000, -0.0000000000000000000, -1.000000000000000000 ) ) ;
#6550 = CARTESIAN_POINT ( 'NONE',  ( -0.2934964687217503365, -3.201478546110804402, 0.9810000000000000941 ) ) ;
#6551 = CARTESIAN_POINT ( 'NONE',  ( -0.9927336674444569020, -2.952040621986445679, 0.9810000000000000941 ) ) ;
#6552 = ORIENTED_EDGE ( 'NONE', *, *, #6594, .T. ) ;
#6553 = CARTESIAN_POINT ( 'NONE',  ( -0.4698913992235199677, -3.330408527734124657, 0.9810000000000000941 ) ) ;
#6554 = PRESENTATION_STYLE_ASSIGNMENT (( #11390 ) ) ;
#6555 = LINE ( 'NONE', #858, #11193 ) ;
#6556 = CARTESIAN_POINT ( 'NONE',  ( -1.327870147770007447, -3.228448804129268268, 0.9810000000000000941 ) ) ;
#6557 = DIRECTION ( 'NONE',  ( -0.3385350343141514950, -0.9409537876760559749, 0.0000000000000000000 ) ) ;
#6558 = VERTEX_POINT ( 'NONE', #3620 ) ;
#6559 = PRESENTATION_STYLE_ASSIGNMENT (( #5744 ) ) ;
#6560 = SURFACE_STYLE_FILL_AREA ( #6497 ) ;
#6561 = DIRECTION ( 'NONE',  ( -0.0000000000000000000, -0.0000000000000000000, -1.000000000000000000 ) ) ;
#6562 = CARTESIAN_POINT ( 'NONE',  ( -0.5512524561754880148, -2.831324727902375216, 0.9799999999999999822 ) ) ;
#6563 =( NAMED_UNIT ( * ) SI_UNIT ( $, .STERADIAN. ) SOLID_ANGLE_UNIT ( ) );
#6564 = ORIENTED_EDGE ( 'NONE', *, *, #2161, .F. ) ;
#6565 = LINE ( 'NONE', #8504, #1438 ) ;
#6566 = SURFACE_STYLE_FILL_AREA ( #3573 ) ;
#6567 = CARTESIAN_POINT ( 'NONE',  ( -2.887867965644038026, -3.799999999999999822, 0.4121320343559627952 ) ) ;
#6568 = CARTESIAN_POINT ( 'NONE',  ( -0.6331333920850178432, -3.185154346825209704, 0.9810000000000000941 ) ) ;
#6569 = UNCERTAINTY_MEASURE_WITH_UNIT (LENGTH_MEASURE( 1.000000000000000082E-05 ), #510, 'distance_accuracy_value', 'NONE');
#6570 = EDGE_CURVE ( 'NONE', #5936, #9958, #7343, .T. ) ;
#6571 = EDGE_CURVE ( 'NONE', #41, #9954, #9051, .T. ) ;
#6572 = ORIENTED_EDGE ( 'NONE', *, *, #10930, .F. ) ;
#6573 = LINE ( 'NONE', #3027, #1805 ) ;
#6574 = DIRECTION ( 'NONE',  ( -0.0000000000000000000, -0.0000000000000000000, -1.000000000000000000 ) ) ;
#6575 = FILL_AREA_STYLE ('',( #11237 ) ) ;
#6576 = CARTESIAN_POINT ( 'NONE',  ( -0.9309720472149166648, -3.011202847425386686, 0.9800000000000002043 ) ) ;
#6577 = LINE ( 'NONE', #6382, #1332 ) ;
#6578 = EDGE_LOOP ( 'NONE', ( #7613, #2144, #3473, #6730 ) ) ;
#6579 = SURFACE_STYLE_USAGE ( .BOTH. , #11240 ) ;
#6580 = UNCERTAINTY_MEASURE_WITH_UNIT (LENGTH_MEASURE( 1.000000000000000082E-05 ), #10983, 'distance_accuracy_value', 'NONE');
#6581 = B_SPLINE_CURVE_WITH_KNOTS ( 'NONE', 3,
 ( #3326, #1608, #2536, #2289 ),
 .UNSPECIFIED., .F., .F.,
 ( 4, 4 ),
 ( 6.000000000000000000, 7.000000000000000000 ),
 .UNSPECIFIED. ) ;
#6582 = PRESENTATION_STYLE_ASSIGNMENT (( #2856 ) ) ;
#6583 = CARTESIAN_POINT ( 'NONE',  ( -0.5716836992313939492, -2.998309849262499771, 0.9800000000000002043 ) ) ;
#6584 = ADVANCED_FACE ( 'NONE', ( #2699 ), #4840, .F. ) ;
#6585 = CARTESIAN_POINT ( 'NONE',  ( -0.2658908960417202816, -3.195967829155061501, 0.9810000000000000941 ) ) ;
#6586 = ORIENTED_EDGE ( 'NONE', *, *, #2866, .T. ) ;
#6587 = UNCERTAINTY_MEASURE_WITH_UNIT (LENGTH_MEASURE( 1.000000000000000082E-05 ), #2330, 'distance_accuracy_value', 'NONE');
#6588 = CARTESIAN_POINT ( 'NONE',  ( -2.231612129378391263, -3.039024506848854834, 0.9810000000000000941 ) ) ;
#6589 = CARTESIAN_POINT ( 'NONE',  ( -0.9755256739289275281, -3.306390119868237942, 0.9800000000000002043 ) ) ;
#6590 = DIRECTION ( 'NONE',  ( -0.3559357243698768603, -0.9345104387417462188, -0.0000000000000000000 ) ) ;
#6591 = CARTESIAN_POINT ( 'NONE',  ( -1.919278895018924569, -3.227002839023036085, 0.9810000000000000941 ) ) ;
#6592 = FILL_AREA_STYLE ('',( #7495 ) ) ;
#6593 = ADVANCED_FACE ( 'NONE', ( #5673 ), #11421, .F. ) ;
#6594 = EDGE_CURVE ( 'NONE', #11962, #3339, #6811, .T. ) ;
#6595 = AXIS2_PLACEMENT_3D ( 'NONE', #4653, #11267, #8298 ) ;
#6596 = DIRECTION ( 'NONE',  ( 0.0000000000000000000, -0.0000000000000000000, 1.000000000000000000 ) ) ;
#6597 = SURFACE_SIDE_STYLE ('',( #12122 ) ) ;
#6598 = ORIENTED_EDGE ( 'NONE', *, *, #3946, .F. ) ;
#6599 = STYLED_ITEM ( 'NONE', ( #8098 ), #7338 ) ;
#6600 = VERTEX_POINT ( 'NONE', #9310 ) ;
#6601 = SURFACE_SIDE_STYLE ('',( #2870 ) ) ;
#6602 = DIRECTION ( 'NONE',  ( 0.0000000000000000000, -0.0000000000000000000, -1.000000000000000000 ) ) ;
#6603 = CARTESIAN_POINT ( 'NONE',  ( -2.139068955978249864, -3.293518226805795646, 0.9810000000000000941 ) ) ;
#6604 =( NAMED_UNIT ( * ) PLANE_ANGLE_UNIT ( ) SI_UNIT ( $, .RADIAN. ) );
#6605 = DIRECTION ( 'NONE',  ( -0.0000000000000000000, -0.0000000000000000000, -1.000000000000000000 ) ) ;
#6606 =( NAMED_UNIT ( * ) SI_UNIT ( $, .STERADIAN. ) SOLID_ANGLE_UNIT ( ) );
#6607 = ORIENTED_EDGE ( 'NONE', *, *, #5305, .F. ) ;
#6608 = CARTESIAN_POINT ( 'NONE',  ( -1.452225022375277952, -2.939251397593995563, 0.9810000000000000941 ) ) ;
#6609 = DIRECTION ( 'NONE',  ( -0.0000000000000000000, -1.000000000000000000, -0.0000000000000000000 ) ) ;
#6610 = CARTESIAN_POINT ( 'NONE',  ( -0.2761325115182485801, -3.171949421287787452, 0.9810000000000000941 ) ) ;
#6611 = AXIS2_PLACEMENT_3D ( 'NONE', #9547, #67, #4875 ) ;
#6612 = B_SPLINE_CURVE_WITH_KNOTS ( 'NONE', 3,
 ( #6060, #9806, #509, #3308 ),
 .UNSPECIFIED., .F., .F.,
 ( 4, 4 ),
 ( 5.000000000000000000, 6.000000000000000000 ),
 .UNSPECIFIED. ) ;
#6613 = FILL_AREA_STYLE ('',( #5677 ) ) ;
#6614 = MECHANICAL_DESIGN_GEOMETRIC_PRESENTATION_REPRESENTATION (  '', ( #1905 ), #7557 ) ;
#6615 = ORIENTED_EDGE ( 'NONE', *, *, #7533, .T. ) ;
#6616 = SURFACE_STYLE_FILL_AREA ( #243 ) ;
#6617 = B_SPLINE_SURFACE_WITH_KNOTS ( 'NONE', 3, 1, ( 
 ( #302, #8614 ),
 ( #2184, #421 ),
 ( #1206, #4148 ),
 ( #5915, #7905 ) ),
 .UNSPECIFIED., .F., .F., .F.,
 ( 4, 4 ),
 ( 2, 2 ),
 ( 15.00000000000000000, 16.00000000000000000 ),
 ( 0.0000000000000000000, 1.000000000000000000 ),
 .UNSPECIFIED. ) ;
#6618 = CARTESIAN_POINT ( 'NONE',  ( -0.5792739320201749642, -3.330408527734125101, 0.9799999999999999822 ) ) ;
#6619 = B_SPLINE_CURVE_WITH_KNOTS ( 'NONE', 3,
 ( #6810, #10538, #322, #4049 ),
 .UNSPECIFIED., .F., .F.,
 ( 4, 4 ),
 ( 5.000000000000000000, 6.000000000000000000 ),
 .UNSPECIFIED. ) ;
#6620 = COLOUR_RGB ( '',0.0000000000000000000, 0.0000000000000000000, 0.0000000000000000000 ) ;
#6621 =( GEOMETRIC_REPRESENTATION_CONTEXT ( 3 ) GLOBAL_UNCERTAINTY_ASSIGNED_CONTEXT ( ( #2572 ) ) GLOBAL_UNIT_ASSIGNED_CONTEXT ( ( #1877, #4743, #1010 ) ) REPRESENTATION_CONTEXT ( 'NONE', 'WORKASPACE' ) );
#6622 =( NAMED_UNIT ( * ) PLANE_ANGLE_UNIT ( ) SI_UNIT ( $, .RADIAN. ) );
#6623 =( GEOMETRIC_REPRESENTATION_CONTEXT ( 3 ) GLOBAL_UNCERTAINTY_ASSIGNED_CONTEXT ( ( #11578 ) ) GLOBAL_UNIT_ASSIGNED_CONTEXT ( ( #4627, #11187, #6535 ) ) REPRESENTATION_CONTEXT ( 'NONE', 'WORKASPACE' ) );
#6624 = CARTESIAN_POINT ( 'NONE',  ( -0.9430852269400702426, -3.333839728858221996, 0.9800000000000002043 ) ) ;
#6625 = CARTESIAN_POINT ( 'NONE',  ( -0.2965637545741610093, -3.153961609335209193, 0.9799999999999999822 ) ) ;
#6626 = FILL_AREA_STYLE_COLOUR ( '', #9788 ) ;
#6627 = EDGE_CURVE ( 'NONE', #2799, #601, #4647, .T. ) ;
#6628 = STYLED_ITEM ( 'NONE', ( #5505 ), #3732 ) ;
#6629 = ORIENTED_EDGE ( 'NONE', *, *, #8118, .F. ) ;
#6630 = CARTESIAN_POINT ( 'NONE',  ( -0.8410329874534082650, -3.193368434364459052, 0.9810000000000000941 ) ) ;
#6631 = CARTESIAN_POINT ( 'NONE',  ( -1.000843779191503025, -2.983441311059476853, 0.9810000000000000941 ) ) ;
#6632 = CARTESIAN_POINT ( 'NONE',  ( -0.8217974660012865584, -3.238909831098533143, 0.9810000000000000941 ) ) ;
#6633 = CARTESIAN_POINT ( 'NONE',  ( -0.3263008309802120088, -3.007771646301291568, 0.9810000000000000941 ) ) ;
#6634 = AXIS2_PLACEMENT_3D ( 'NONE', #272, #7826, #3148 ) ;
#6635 = MECHANICAL_DESIGN_GEOMETRIC_PRESENTATION_REPRESENTATION (  '', ( #10736 ), #10339 ) ;
#6636 = LINE ( 'NONE', #6757, #10439 ) ;
#6637 = PRESENTATION_LAYER_ASSIGNMENT (  '', '', ( #5052 ) ) ;
#6638 = SURFACE_STYLE_USAGE ( .BOTH. , #8512 ) ;
#6639 = EDGE_LOOP ( 'NONE', ( #2874, #2869, #6928, #3925 ) ) ;
#6640 = DIRECTION ( 'NONE',  ( -0.0000000000000000000, -1.000000000000000000, -0.0000000000000000000 ) ) ;
#6641 = PRESENTATION_STYLE_ASSIGNMENT (( #2902 ) ) ;
#6642 =( LENGTH_UNIT ( ) NAMED_UNIT ( * ) SI_UNIT ( .MILLI., .METRE. ) );
#6643 = LINE ( 'NONE', #6817, #6126 ) ;
#6644 = FILL_AREA_STYLE ('',( #1175 ) ) ;
#6645 = VERTEX_POINT ( 'NONE', #7449 ) ;
#6646 =( NAMED_UNIT ( * ) SI_UNIT ( $, .STERADIAN. ) SOLID_ANGLE_UNIT ( ) );
#6647 =( GEOMETRIC_REPRESENTATION_CONTEXT ( 3 ) GLOBAL_UNCERTAINTY_ASSIGNED_CONTEXT ( ( #5335 ) ) GLOBAL_UNIT_ASSIGNED_CONTEXT ( ( #1372, #5783, #8731 ) ) REPRESENTATION_CONTEXT ( 'NONE', 'WORKASPACE' ) );
#6648 = DIRECTION ( 'NONE',  ( -1.000000000000000000, 0.0000000000000000000, 0.0000000000000000000 ) ) ;
#6649 = CARTESIAN_POINT ( 'NONE',  ( -2.170880670972001436, -3.258814512647445039, 0.9799999999999999822 ) ) ;
#6650 = LINE ( 'NONE', #5772, #658 ) ;
#6651 = COLOUR_RGB ( '',0.0000000000000000000, 0.0000000000000000000, 0.0000000000000000000 ) ;
#6652 = AXIS2_PLACEMENT_3D ( 'NONE', #6081, #8125, #10989 ) ;
#6653 =( NAMED_UNIT ( * ) PLANE_ANGLE_UNIT ( ) SI_UNIT ( $, .RADIAN. ) );
#6654 = ORIENTED_EDGE ( 'NONE', *, *, #3335, .T. ) ;
#6655 = EDGE_CURVE ( 'NONE', #8715, #9322, #11202, .T. ) ;
#6656 = DIRECTION ( 'NONE',  ( -0.0000000000000000000, -0.0000000000000000000, -1.000000000000000000 ) ) ;
#6657 =( NAMED_UNIT ( * ) SI_UNIT ( $, .STERADIAN. ) SOLID_ANGLE_UNIT ( ) );
#6658 = CARTESIAN_POINT ( 'NONE',  ( -0.8181063253984089956, -3.333839728858221996, 0.9799999999999999822 ) ) ;
#6659 = PRESENTATION_STYLE_ASSIGNMENT (( #11190 ) ) ;
#6660 = EDGE_CURVE ( 'NONE', #4576, #7556, #11322, .T. ) ;
#6661 = AXIS2_PLACEMENT_3D ( 'NONE', #9576, #9522, #1234 ) ;
#6662 = ADVANCED_FACE ( 'NONE', ( #4694 ), #6403, .F. ) ;
#6663 =( NAMED_UNIT ( * ) SI_UNIT ( $, .STERADIAN. ) SOLID_ANGLE_UNIT ( ) );
#6664 = SURFACE_SIDE_STYLE ('',( #2931 ) ) ;
#6665 = ORIENTED_EDGE ( 'NONE', *, *, #6338, .F. ) ;
#6666 = EDGE_CURVE ( 'NONE', #2339, #1686, #10579, .T. ) ;
#6667 = ORIENTED_EDGE ( 'NONE', *, *, #11551, .T. ) ;
#6668 = VECTOR ( 'NONE', #1960, 1000.000000000000000 ) ;
#6669 = SURFACE_STYLE_FILL_AREA ( #1884 ) ;
#6670 = LINE ( 'NONE', #3960, #481 ) ;
#6671 = CARTESIAN_POINT ( 'NONE',  ( -0.9993881181082362453, -2.908370789500994480, 0.9799999999999999822 ) ) ;
#6672 = ORIENTED_EDGE ( 'NONE', *, *, #4189, .F. ) ;
#6673 =( NAMED_UNIT ( * ) SI_UNIT ( $, .STERADIAN. ) SOLID_ANGLE_UNIT ( ) );
#6674 = CARTESIAN_POINT ( 'NONE',  ( -2.675735931288069303, -3.799999999999999822, 0.9799999999999999822 ) ) ;
#6675 = DIRECTION ( 'NONE',  ( -0.0000000000000000000, -0.0000000000000000000, -1.000000000000000000 ) ) ;
#6676 = FILL_AREA_STYLE ('',( #9315 ) ) ;
#6677 = VECTOR ( 'NONE', #6745, 1000.000000000000000 ) ;
#6678 = UNCERTAINTY_MEASURE_WITH_UNIT (LENGTH_MEASURE( 1.000000000000000082E-05 ), #4696, 'distance_accuracy_value', 'NONE');
#6679 = AXIS2_PLACEMENT_3D ( 'NONE', #9635, #6816, #1232 ) ;
#6680 = VERTEX_POINT ( 'NONE', #3108 ) ;
#6681 = ADVANCED_FACE ( 'NONE', ( #3962 ), #4656, .F. ) ;
#6682 = VECTOR ( 'NONE', #6976, 1000.000000000000000 ) ;
#6683 = LINE ( 'NONE', #10410, #5905 ) ;
#6684 = DIRECTION ( 'NONE',  ( 0.0000000000000000000, 1.000000000000000000, 0.0000000000000000000 ) ) ;
#6685 =( GEOMETRIC_REPRESENTATION_CONTEXT ( 3 ) GLOBAL_UNCERTAINTY_ASSIGNED_CONTEXT ( ( #8395 ) ) GLOBAL_UNIT_ASSIGNED_CONTEXT ( ( #1381, #10817, #10206 ) ) REPRESENTATION_CONTEXT ( 'NONE', 'WORKASPACE' ) );
#6686 = DIRECTION ( 'NONE',  ( -0.0000000000000000000, -0.0000000000000000000, -1.000000000000000000 ) ) ;
#6687 = CARTESIAN_POINT ( 'NONE',  ( -0.9927336674444569020, -2.952040621986445679, 0.9800000000000002043 ) ) ;
#6688 = ORIENTED_EDGE ( 'NONE', *, *, #11679, .T. ) ;
#6689 = CARTESIAN_POINT ( 'NONE',  ( -1.398723541192248954, -3.130121687562049448, 0.9799999999999999822 ) ) ;
#6690 = DIRECTION ( 'NONE',  ( 0.0000000000000000000, -1.000000000000000000, 0.0000000000000000000 ) ) ;
#6691 = LINE ( 'NONE', #7525, #3577 ) ;
#6692 = UNCERTAINTY_MEASURE_WITH_UNIT (LENGTH_MEASURE( 1.000000000000000082E-05 ), #7975, 'distance_accuracy_value', 'NONE');
#6693 = DIRECTION ( 'NONE',  ( -1.000000000000000000, 0.0000000000000000000, 0.0000000000000000000 ) ) ;
#6694 = EDGE_CURVE ( 'NONE', #6392, #9902, #1314, .T. ) ;
#6695 =( GEOMETRIC_REPRESENTATION_CONTEXT ( 3 ) GLOBAL_UNCERTAINTY_ASSIGNED_CONTEXT ( ( #10853 ) ) GLOBAL_UNIT_ASSIGNED_CONTEXT ( ( #10108, #975, #7515 ) ) REPRESENTATION_CONTEXT ( 'NONE', 'WORKASPACE' ) );
#6696 = STYLED_ITEM ( 'NONE', ( #2638 ), #9925 ) ;
#6697 =( LENGTH_UNIT ( ) NAMED_UNIT ( * ) SI_UNIT ( .MILLI., .METRE. ) );
#6698 = VERTEX_POINT ( 'NONE', #7015 ) ;
#6699 = CARTESIAN_POINT ( 'NONE',  ( -1.026941702891116748, -2.909930426376465373, 0.9799999999999999822 ) ) ;
#6700 = PLANE ( 'NONE',  #8268 ) ;
#6701 = CARTESIAN_POINT ( 'NONE',  ( -1.773234185274330743, -3.281950285312990712, 0.9810000000000000941 ) ) ;
#6702 = SURFACE_SIDE_STYLE ('',( #10487 ) ) ;
#6703 = DIRECTION ( 'NONE',  ( -0.0000000000000000000, -0.0000000000000000000, -1.000000000000000000 ) ) ;
#6704 = ORIENTED_EDGE ( 'NONE', *, *, #10753, .F. ) ;
#6705 = CARTESIAN_POINT ( 'NONE',  ( -1.964104475242384407, -2.869844010648710864, 0.9799999999999999822 ) ) ;
#6706 =( GEOMETRIC_REPRESENTATION_CONTEXT ( 3 ) GLOBAL_UNCERTAINTY_ASSIGNED_CONTEXT ( ( #8907 ) ) GLOBAL_UNIT_ASSIGNED_CONTEXT ( ( #2702, #3730, #2758 ) ) REPRESENTATION_CONTEXT ( 'NONE', 'WORKASPACE' ) );
#6707 = LINE ( 'NONE', #397, #10077 ) ;
#6708 = UNCERTAINTY_MEASURE_WITH_UNIT (LENGTH_MEASURE( 1.000000000000000082E-05 ), #4350, 'distance_accuracy_value', 'NONE');
#6709 = DIRECTION ( 'NONE',  ( -1.000000000000000000, 0.0000000000000000000, 5.732948384547406140E-16 ) ) ;
#6710 = VECTOR ( 'NONE', #2178, 1000.000000000000227 ) ;
#6711 = COLOUR_RGB ( '',0.6470588235294117974, 0.6196078431372549211, 0.5882352941176470784 ) ;
#6712 = CARTESIAN_POINT ( 'NONE',  ( -0.6302220699198716192, -3.007771646301292012, 0.9799999999999999822 ) ) ;
#6713 = PRESENTATION_STYLE_ASSIGNMENT (( #7659 ) ) ;
#6714 = ORIENTED_EDGE ( 'NONE', *, *, #3295, .F. ) ;
#6715 = UNCERTAINTY_MEASURE_WITH_UNIT (LENGTH_MEASURE( 1.000000000000000082E-05 ), #2770, 'distance_accuracy_value', 'NONE');
#6716 = CARTESIAN_POINT ( 'NONE',  ( -2.140514893504466887, -3.098309903617555872, 0.9810000000000000941 ) ) ;
#6717 = MECHANICAL_DESIGN_GEOMETRIC_PRESENTATION_REPRESENTATION (  '', ( #10233 ), #4563 ) ;
#6718 = CARTESIAN_POINT ( 'NONE',  ( -0.8301155293320466866, -3.185674225782779700, 0.9810000000000000941 ) ) ;
#6719 = FILL_AREA_STYLE_COLOUR ( '', #598 ) ;
#6720 = CARTESIAN_POINT ( 'NONE',  ( -0.8007943560920566251, -3.333839728858221996, 0.9800000000000002043 ) ) ;
#6721 = DIRECTION ( 'NONE',  ( 0.0000000000000000000, -0.0000000000000000000, -1.000000000000000000 ) ) ;
#6722 =( GEOMETRIC_REPRESENTATION_CONTEXT ( 3 ) GLOBAL_UNCERTAINTY_ASSIGNED_CONTEXT ( ( #10944 ) ) GLOBAL_UNIT_ASSIGNED_CONTEXT ( ( #6837, #5289, #10644 ) ) REPRESENTATION_CONTEXT ( 'NONE', 'WORKASPACE' ) );
#6723 = SURFACE_STYLE_USAGE ( .BOTH. , #54 ) ;
#6724 = B_SPLINE_SURFACE_WITH_KNOTS ( 'NONE', 3, 1, ( 
 ( #11668, #9999 ),
 ( #4307, #8011 ),
 ( #3395, #7134 ),
 ( #526, #6079 ) ),
 .UNSPECIFIED., .F., .F., .F.,
 ( 4, 4 ),
 ( 2, 2 ),
 ( 5.000000000000000000, 6.000000000000000000 ),
 ( 0.0000000000000000000, 1.000000000000000000 ),
 .UNSPECIFIED. ) ;
#6725 = STYLED_ITEM ( 'NONE', ( #5471 ), #8669 ) ;
#6726 = COLOUR_RGB ( '',0.0000000000000000000, 0.0000000000000000000, 0.0000000000000000000 ) ;
#6727 = LINE ( 'NONE', #118, #1924 ) ;
#6728 = ORIENTED_EDGE ( 'NONE', *, *, #7177, .T. ) ;
#6729 = ADVANCED_FACE ( 'NONE', ( #10818 ), #935, .T. ) ;
#6730 = ORIENTED_EDGE ( 'NONE', *, *, #11527, .T. ) ;
#6731 = EDGE_CURVE ( 'NONE', #1211, #3280, #2720, .T. ) ;
#6732 = DIRECTION ( 'NONE',  ( -0.0000000000000000000, -0.0000000000000000000, -1.000000000000000000 ) ) ;
#6733 = VECTOR ( 'NONE', #5755, 1000.000000000000000 ) ;
#6734 = LINE ( 'NONE', #9541, #11344 ) ;
#6735 = CARTESIAN_POINT ( 'NONE',  ( -0.4186833218450505267, -2.830388945777370324, 0.9810000000000000941 ) ) ;
#6736 = DIRECTION ( 'NONE',  ( 0.3416038306902452470, -0.9398440417738200825, 0.0000000000000000000 ) ) ;
#6737 = ORIENTED_EDGE ( 'NONE', *, *, #10103, .T. ) ;
#6738 = CARTESIAN_POINT ( 'NONE',  ( -1.495604637492501165, -2.856830131629684910, 0.9799999999999999822 ) ) ;
#6739 = CARTESIAN_POINT ( 'NONE',  ( -0.8573571867396971857, -3.211460222108549090, 0.9810000000000000941 ) ) ;
#6740 = CARTESIAN_POINT ( 'NONE',  ( -0.2965637545741610093, -3.153961609335209193, 0.9810000000000000941 ) ) ;
#6741 = EDGE_CURVE ( 'NONE', #5244, #10653, #4995, .T. ) ;
#6742 = VERTEX_POINT ( 'NONE', #9842 ) ;
#6743 = CARTESIAN_POINT ( 'NONE',  ( -0.9469323312302121431, -3.202518304027323737, 0.9799999999999999822 ) ) ;
#6744 = CIRCLE ( 'NONE', #9284, 0.3000000000000000444 ) ;
#6745 = DIRECTION ( 'NONE',  ( -0.0000000000000000000, -0.0000000000000000000, -1.000000000000000000 ) ) ;
#6746 = CARTESIAN_POINT ( 'NONE',  ( -0.5973137318685132202, -2.804394997869957162, 0.9800000000000002043 ) ) ;
#6747 = CARTESIAN_POINT ( 'NONE',  ( -1.116256907902850815, -3.238805855307024029, 0.9810000000000000941 ) ) ;
#6748 = VERTEX_POINT ( 'NONE', #11503 ) ;
#6749 = CARTESIAN_POINT ( 'NONE',  ( -0.7663783690616760014, -3.188273620574769485, 0.9810000000000000941 ) ) ;
#6750 = CARTESIAN_POINT ( 'NONE',  ( -0.6753995513850354904, -3.303582773493221492, 0.9810000000000000941 ) ) ;
#6751 = PRESENTATION_LAYER_ASSIGNMENT (  '', '', ( #5182 ) ) ;
#6752 = ADVANCED_FACE ( 'NONE', ( #9777 ), #268, .F. ) ;
#6753 = CARTESIAN_POINT ( 'NONE',  ( -1.142510795289743974, -3.007771646301291568, 0.9800000000000002043 ) ) ;
#6754 = EDGE_CURVE ( 'NONE', #3724, #9986, #7331, .T. ) ;
#6755 =( NAMED_UNIT ( * ) PLANE_ANGLE_UNIT ( ) SI_UNIT ( $, .RADIAN. ) );
#6756 = ORIENTED_EDGE ( 'NONE', *, *, #2375, .F. ) ;
#6757 = CARTESIAN_POINT ( 'NONE',  ( -0.5512524561754880148, -2.831324727902375216, 0.9810000000000000941 ) ) ;
#6758 = B_SPLINE_SURFACE_WITH_KNOTS ( 'NONE', 3, 1, ( 
 ( #5397, #11911 ),
 ( #10062, #3756 ),
 ( #8315, #1909 ),
 ( #11046, #11170 ) ),
 .UNSPECIFIED., .F., .F., .F.,
 ( 4, 4 ),
 ( 2, 2 ),
 ( 3.000000000000000000, 4.000000000000000000 ),
 ( 0.0000000000000000000, 1.000000000000000000 ),
 .UNSPECIFIED. ) ;
#6759 = ORIENTED_EDGE ( 'NONE', *, *, #10085, .T. ) ;
#6760 = DIRECTION ( 'NONE',  ( -0.0000000000000000000, -1.000000000000000000, -0.0000000000000000000 ) ) ;
#6761 = SURFACE_SIDE_STYLE ('',( #7530 ) ) ;
#6762 = CARTESIAN_POINT ( 'NONE',  ( -0.8181063253984089956, -3.333839728858221996, 0.9810000000000000941 ) ) ;
#6763 = EDGE_CURVE ( 'NONE', #1098, #443, #11996, .T. ) ;
#6764 =( NAMED_UNIT ( * ) SI_UNIT ( $, .STERADIAN. ) SOLID_ANGLE_UNIT ( ) );
#6765 = DIRECTION ( 'NONE',  ( 0.9345104387438674109, -0.3559357243643077040, 0.0000000000000000000 ) ) ;
#6766 = ORIENTED_EDGE ( 'NONE', *, *, #4543, .T. ) ;
#6767 = CARTESIAN_POINT ( 'NONE',  ( -1.925062838185309433, -2.823572423948986110, 0.9799999999999999822 ) ) ;
#6768 = CARTESIAN_POINT ( 'NONE',  ( -1.891805144293927210, -2.894425789790516124, 0.9810000000000000941 ) ) ;
#6769 = B_SPLINE_CURVE_WITH_KNOTS ( 'NONE', 3,
 ( #3488, #11820, #12019, #5271 ),
 .UNSPECIFIED., .F., .F.,
 ( 4, 4 ),
 ( 9.000000000000000000, 10.00000000000000000 ),
 .UNSPECIFIED. ) ;
#6770 = CARTESIAN_POINT ( 'NONE',  ( -0.8187821680439378857, -3.266567391672931198, 0.9799999999999999822 ) ) ;
#6771 = PRESENTATION_LAYER_ASSIGNMENT (  '', '', ( #1082 ) ) ;
#6772 = ORIENTED_EDGE ( 'NONE', *, *, #9200, .F. ) ;
#6773 = ORIENTED_EDGE ( 'NONE', *, *, #5227, .T. ) ;
#6774 = CARTESIAN_POINT ( 'NONE',  ( -0.8746691560460573278, -2.999349607179018662, 0.9799999999999999822 ) ) ;
#6775 = SURFACE_STYLE_FILL_AREA ( #3888 ) ;
#6776 = CARTESIAN_POINT ( 'NONE',  ( -1.725516619677668562, -2.836586302968011619, 0.9810000000000000941 ) ) ;
#6777 = FILL_AREA_STYLE ('',( #7669 ) ) ;
#6778 =( NAMED_UNIT ( * ) PLANE_ANGLE_UNIT ( ) SI_UNIT ( $, .RADIAN. ) );
#6779 = SURFACE_STYLE_FILL_AREA ( #6833 ) ;
#6780 = EDGE_LOOP ( 'NONE', ( #11562, #7423, #583, #8817 ) ) ;
#6781 = ORIENTED_EDGE ( 'NONE', *, *, #8331, .F. ) ;
#6782 = CARTESIAN_POINT ( 'NONE',  ( -1.997362169133766852, -2.866952039066210212, 0.9799999999999999822 ) ) ;
#6783 =( NAMED_UNIT ( * ) PLANE_ANGLE_UNIT ( ) SI_UNIT ( $, .RADIAN. ) );
#6784 = CARTESIAN_POINT ( 'NONE',  ( -0.8156109063993235431, -3.313044570532008848, 0.9810000000000000941 ) ) ;
#6785 =( NAMED_UNIT ( * ) SI_UNIT ( $, .STERADIAN. ) SOLID_ANGLE_UNIT ( ) );
#6786 = DIRECTION ( 'NONE',  ( -0.0000000000000000000, -0.0000000000000000000, -1.000000000000000000 ) ) ;
#6787 =( LENGTH_UNIT ( ) NAMED_UNIT ( * ) SI_UNIT ( .MILLI., .METRE. ) );
#6788 = ORIENTED_EDGE ( 'NONE', *, *, #2367, .F. ) ;
#6789 = CARTESIAN_POINT ( 'NONE',  ( -1.530308351650157661, -2.825018409740929659, 0.9799999999999999822 ) ) ;
#6790 = SURFACE_STYLE_FILL_AREA ( #4211 ) ;
#6791 = LINE ( 'NONE', #11451, #1807 ) ;
#6792 = LINE ( 'NONE', #5135, #5232 ) ;
#6793 = EDGE_CURVE ( 'NONE', #1700, #5612, #2268, .T. ) ;
#6794 = B_SPLINE_SURFACE_WITH_KNOTS ( 'NONE', 3, 1, ( 
 ( #11469, #4042 ),
 ( #10478, #3070 ),
 ( #6750, #12104 ),
 ( #9279, #883 ) ),
 .UNSPECIFIED., .F., .F., .F.,
 ( 4, 4 ),
 ( 2, 2 ),
 ( 12.00000000000000000, 13.00000000000000000 ),
 ( 0.0000000000000000000, 1.000000000000000000 ),
 .UNSPECIFIED. ) ;
#6795 = UNCERTAINTY_MEASURE_WITH_UNIT (LENGTH_MEASURE( 1.000000000000000082E-05 ), #1188, 'distance_accuracy_value', 'NONE');
#6796 = ORIENTED_EDGE ( 'NONE', *, *, #11674, .T. ) ;
#6797 =( LENGTH_UNIT ( ) NAMED_UNIT ( * ) SI_UNIT ( .MILLI., .METRE. ) );
#6798 = LINE ( 'NONE', #5797, #6677 ) ;
#6799 = LINE ( 'NONE', #10472, #9291 ) ;
#6800 = DIRECTION ( 'NONE',  ( 1.000000000000000000, 0.0000000000000000000, 0.0000000000000000000 ) ) ;
#6801 = DIRECTION ( 'NONE',  ( 1.000000000000000000, 0.0000000000000000000, 0.0000000000000000000 ) ) ;
#6802 = VERTEX_POINT ( 'NONE', #837 ) ;
#6803 = LINE ( 'NONE', #1102, #445 ) ;
#6804 = LINE ( 'NONE', #10195, #1709 ) ;
#6805 = CARTESIAN_POINT ( 'NONE',  ( -0.9452687185639270240, -2.824670277238598537, 0.9810000000000000941 ) ) ;
#6806 = EDGE_CURVE ( 'NONE', #7333, #11079, #10015, .T. ) ;
#6807 =( LENGTH_UNIT ( ) NAMED_UNIT ( * ) SI_UNIT ( .MILLI., .METRE. ) );
#6808 = EDGE_CURVE ( 'NONE', #4945, #10791, #6510, .T. ) ;
#6809 = VERTEX_POINT ( 'NONE', #4440 ) ;
#6810 = CARTESIAN_POINT ( 'NONE',  ( -0.8746691560460576609, -2.809281860076623172, 0.9799999999999999822 ) ) ;
#6811 = CIRCLE ( 'NONE', #2105, 0.7800000000000009148 ) ;
#6812 = ORIENTED_EDGE ( 'NONE', *, *, #2398, .F. ) ;
#6813 = EDGE_CURVE ( 'NONE', #875, #267, #1126, .T. ) ;
#6814 = CARTESIAN_POINT ( 'NONE',  ( -3.071543289325503689, -3.799999999999999822, 0.2284567106744964660 ) ) ;
#6815 = EDGE_CURVE ( 'NONE', #4293, #9866, #9285, .T. ) ;
#6816 = DIRECTION ( 'NONE',  ( 0.0000000000000000000, 1.000000000000000000, -0.0000000000000000000 ) ) ;
#6817 = CARTESIAN_POINT ( 'NONE',  ( -0.4052184568288403343, -3.307221926200337059, 0.9810000000000000941 ) ) ;
#6818 =( LENGTH_UNIT ( ) NAMED_UNIT ( * ) SI_UNIT ( .MILLI., .METRE. ) );
#6819 = VERTEX_POINT ( 'NONE', #1629 ) ;
#6820 = B_SPLINE_SURFACE_WITH_KNOTS ( 'NONE', 3, 1, ( 
 ( #7391, #11724 ),
 ( #580, #7063 ),
 ( #523, #11383 ),
 ( #8906, #4305 ) ),
 .UNSPECIFIED., .F., .F., .F.,
 ( 4, 4 ),
 ( 2, 2 ),
 ( 8.000000000000000000, 9.000000000000000000 ),
 ( 0.0000000000000000000, 1.000000000000000000 ),
 .UNSPECIFIED. ) ;
#6821 = CARTESIAN_POINT ( 'NONE',  ( -1.008745939355516041, -3.291521581663829910, 0.9810000000000000941 ) ) ;
#6822 =( LENGTH_UNIT ( ) NAMED_UNIT ( * ) SI_UNIT ( .MILLI., .METRE. ) );
#6823 = PRESENTATION_LAYER_ASSIGNMENT (  '', '', ( #2312 ) ) ;
#6824 =( LENGTH_UNIT ( ) NAMED_UNIT ( * ) SI_UNIT ( .MILLI., .METRE. ) );
#6825 = VERTEX_POINT ( 'NONE', #8277 ) ;
#6826 = ORIENTED_EDGE ( 'NONE', *, *, #10334, .F. ) ;
#6827 = ADVANCED_FACE ( 'NONE', ( #9099 ), #4559, .F. ) ;
#6828 = VECTOR ( 'NONE', #8902, 1000.000000000000000 ) ;
#6829 =( LENGTH_UNIT ( ) NAMED_UNIT ( * ) SI_UNIT ( .MILLI., .METRE. ) );
#6830 = CARTESIAN_POINT ( 'NONE',  ( -2.140514893504466887, -3.098309903617555872, 0.9799999999999999822 ) ) ;
#6831 = SURFACE_STYLE_USAGE ( .BOTH. , #8111 ) ;
#6832 = CARTESIAN_POINT ( 'NONE',  ( -0.6726441929057794811, -3.352347419768365366, 0.9800000000000002043 ) ) ;
#6833 = FILL_AREA_STYLE ('',( #288 ) ) ;
#6834 = ORIENTED_EDGE ( 'NONE', *, *, #9814, .T. ) ;
#6835 = VERTEX_POINT ( 'NONE', #5411 ) ;
#6836 = CARTESIAN_POINT ( 'NONE',  ( -2.059539620226411571, -2.866952039066210212, 0.9800000000000002043 ) ) ;
#6837 =( LENGTH_UNIT ( ) NAMED_UNIT ( * ) SI_UNIT ( .MILLI., .METRE. ) );
#6838 = PRESENTATION_STYLE_ASSIGNMENT (( #4082 ) ) ;
#6839 = MECHANICAL_DESIGN_GEOMETRIC_PRESENTATION_REPRESENTATION (  '', ( #2938 ), #7599 ) ;
#6840 = PRESENTATION_LAYER_ASSIGNMENT (  '', '', ( #2143 ) ) ;
#6841 = SURFACE_SIDE_STYLE ('',( #11744 ) ) ;
#6842 = SURFACE_STYLE_USAGE ( .BOTH. , #8867 ) ;
#6843 =( NAMED_UNIT ( * ) SI_UNIT ( $, .STERADIAN. ) SOLID_ANGLE_UNIT ( ) );
#6844 = ORIENTED_EDGE ( 'NONE', *, *, #2936, .T. ) ;
#6845 = CARTESIAN_POINT ( 'NONE',  ( -0.8339626336221952485, -3.007771646301291568, 0.9810000000000000941 ) ) ;
#6846 = CARTESIAN_POINT ( 'NONE',  ( 2.887867965644029589, 3.799999999999999822, 0.4121320343559657373 ) ) ;
#6847 = CARTESIAN_POINT ( 'NONE',  ( 2.675735931288066194, -3.799999999999999822, 0.5000000000000006661 ) ) ;
#6848 = CARTESIAN_POINT ( 'NONE',  ( -0.4314723442150319443, -3.330408527734124657, 0.9810000000000000941 ) ) ;
#6849 = ORIENTED_EDGE ( 'NONE', *, *, #10779, .T. ) ;
#6850 = AXIS2_PLACEMENT_3D ( 'NONE', #1285, #6765, #5880 ) ;
#6851 = CARTESIAN_POINT ( 'NONE',  ( -0.6599071584301589022, -2.984585044767507966, 0.9800000000000002043 ) ) ;
#6852 =( GEOMETRIC_REPRESENTATION_CONTEXT ( 3 ) GLOBAL_UNCERTAINTY_ASSIGNED_CONTEXT ( ( #1066 ) ) GLOBAL_UNIT_ASSIGNED_CONTEXT ( ( #5238, #7891, #3524 ) ) REPRESENTATION_CONTEXT ( 'NONE', 'WORKASPACE' ) );
#6853 = CARTESIAN_POINT ( 'NONE',  ( -1.615621561618332702, -3.083850031912276357, 0.9810000000000000941 ) ) ;
#6854 = DIRECTION ( 'NONE',  ( -0.0000000000000000000, -0.0000000000000000000, -1.000000000000000000 ) ) ;
#6855 = DIRECTION ( 'NONE',  ( 0.0000000000000000000, 0.0000000000000000000, -1.000000000000000000 ) ) ;
#6856 = VERTEX_POINT ( 'NONE', #3774 ) ;
#6857 = CARTESIAN_POINT ( 'NONE',  ( -2.140514893504466887, -3.098309903617555872, 0.9810000000000000941 ) ) ;
#6858 = AXIS2_PLACEMENT_3D ( 'NONE', #5189, #5353, #596 ) ;
#6859 =( NAMED_UNIT ( * ) PLANE_ANGLE_UNIT ( ) SI_UNIT ( $, .RADIAN. ) );
#6860 = DIRECTION ( 'NONE',  ( 1.000000000000000000, 0.0000000000000000000, 0.0000000000000000000 ) ) ;
#6861 =( NAMED_UNIT ( * ) SI_UNIT ( $, .STERADIAN. ) SOLID_ANGLE_UNIT ( ) );
#6862 = VECTOR ( 'NONE', #5630, 1000.000000000000000 ) ;
#6863 = CARTESIAN_POINT ( 'NONE',  ( -0.5308212131195741978, -2.960254709525693251, 0.9810000000000000941 ) ) ;
#6864 = CARTESIAN_POINT ( 'NONE',  ( -0.2934964687217503365, -3.226848639269142005, 0.9800000000000002043 ) ) ;
#6865 = EDGE_LOOP ( 'NONE', ( #10841, #7106, #7081, #9900 ) ) ;
#6866 =( NAMED_UNIT ( * ) PLANE_ANGLE_UNIT ( ) SI_UNIT ( $, .RADIAN. ) );
#6867 = SURFACE_STYLE_USAGE ( .BOTH. , #9749 ) ;
#6868 = MECHANICAL_DESIGN_GEOMETRIC_PRESENTATION_REPRESENTATION (  '', ( #10219 ), #6508 ) ;
#6869 = VECTOR ( 'NONE', #7911, 1000.000000000000000 ) ;
#6870 = VECTOR ( 'NONE', #1498, 1000.000000000000000 ) ;
#6871 = SURFACE_STYLE_FILL_AREA ( #324 ) ;
#6872 = ORIENTED_EDGE ( 'NONE', *, *, #609, .T. ) ;
#6873 =( NAMED_UNIT ( * ) SI_UNIT ( $, .STERADIAN. ) SOLID_ANGLE_UNIT ( ) );
#6874 = SURFACE_STYLE_USAGE ( .BOTH. , #3138 ) ;
#6875 = EDGE_CURVE ( 'NONE', #6327, #12077, #7608, .T. ) ;
#6876 = LINE ( 'NONE', #7875, #6259 ) ;
#6877 = EDGE_CURVE ( 'NONE', #1731, #5304, #4859, .T. ) ;
#6878 = CARTESIAN_POINT ( 'NONE',  ( -0.9806204877193099856, -3.275405333961253440, 0.9810000000000000941 ) ) ;
#6879 =( NAMED_UNIT ( * ) PLANE_ANGLE_UNIT ( ) SI_UNIT ( $, .RADIAN. ) );
#6880 = CARTESIAN_POINT ( 'NONE',  ( -0.5512524561754880148, -2.979282279394789512, 0.9810000000000000941 ) ) ;
#6881 = VERTEX_POINT ( 'NONE', #9349 ) ;
#6882 = PRESENTATION_STYLE_ASSIGNMENT (( #4841 ) ) ;
#6883 = SURFACE_STYLE_USAGE ( .BOTH. , #3146 ) ;
#6884 = FILL_AREA_STYLE_COLOUR ( '', #8998 ) ;
#6885 = CARTESIAN_POINT ( 'NONE',  ( -1.725516619677668562, -2.836586302968011619, 0.9799999999999999822 ) ) ;
#6886 = EDGE_CURVE ( 'NONE', #1169, #4163, #11252, .T. ) ;
#6887 = LINE ( 'NONE', #4237, #10435 ) ;
#6888 = DIRECTION ( 'NONE',  ( -0.0000000000000000000, -0.0000000000000000000, -1.000000000000000000 ) ) ;
#6889 = VERTEX_POINT ( 'NONE', #8594 ) ;
#6890 = EDGE_LOOP ( 'NONE', ( #4808, #8898, #5363, #2860 ) ) ;
#6891 = AXIS2_PLACEMENT_3D ( 'NONE', #2382, #9911, #8819 ) ;
#6892 = CARTESIAN_POINT ( 'NONE',  ( -2.104365214239880544, -3.208204934097564021, 0.9810000000000000941 ) ) ;
#6893 = CARTESIAN_POINT ( 'NONE',  ( -0.9449048032936280261, -3.312940594740499733, 0.9810000000000000941 ) ) ;
#6894 = B_SPLINE_SURFACE_WITH_KNOTS ( 'NONE', 3, 1, ( 
 ( #8388, #9470 ),
 ( #6768, #7934 ),
 ( #3261, #1292 ),
 ( #10738, #6885 ) ),
 .UNSPECIFIED., .F., .F., .F.,
 ( 4, 4 ),
 ( 2, 2 ),
 ( 20.00000000000000000, 21.00000000000000000 ),
 ( 0.0000000000000000000, 1.000000000000000000 ),
 .UNSPECIFIED. ) ;
#6895 = VECTOR ( 'NONE', #10711, 1000.000000000000000 ) ;
#6896 = CARTESIAN_POINT ( 'NONE',  ( -1.008745939355516041, -3.291521581663829910, 0.9810000000000000941 ) ) ;
#6897 = CARTESIAN_POINT ( 'NONE',  ( 0.0000000000000000000, 0.0000000000000000000, 0.9810000000000000941 ) ) ;
#6898 = SURFACE_STYLE_USAGE ( .BOTH. , #3226 ) ;
#6899 = EDGE_CURVE ( 'NONE', #3057, #9169, #1930, .T. ) ;
#6900 = PLANE ( 'NONE',  #1038 ) ;
#6901 = B_SPLINE_CURVE_WITH_KNOTS ( 'NONE', 3,
 ( #370, #8986, #1512, #3186 ),
 .UNSPECIFIED., .F., .F.,
 ( 4, 4 ),
 ( 15.00000000000000000, 16.00000000000000000 ),
 .UNSPECIFIED. ) ;
#6902 = DIRECTION ( 'NONE',  ( -0.0000000000000000000, -1.000000000000000000, -0.0000000000000000000 ) ) ;
#6903 = VECTOR ( 'NONE', #7702, 1000.000000000000000 ) ;
#6904 = STYLED_ITEM ( 'NONE', ( #4609 ), #4500 ) ;
#6905 = ORIENTED_EDGE ( 'NONE', *, *, #7381, .T. ) ;
#6906 = VERTEX_POINT ( 'NONE', #2927 ) ;
#6907 = FACE_OUTER_BOUND ( 'NONE', #4642, .T. ) ;
#6908 = FILL_AREA_STYLE_COLOUR ( '', #3598 ) ;
#6909 = CARTESIAN_POINT ( 'NONE',  ( -1.037755185220968768, -3.150426432419600076, 0.9810000000000000941 ) ) ;
#6910 = DIRECTION ( 'NONE',  ( 0.0000000000000000000, 0.0000000000000000000, -1.000000000000000000 ) ) ;
#6911 =( LENGTH_UNIT ( ) NAMED_UNIT ( * ) SI_UNIT ( .MILLI., .METRE. ) );
#6912 = CARTESIAN_POINT ( 'NONE',  ( -0.9780210929280128695, -2.847233024021917025, 0.9810000000000000941 ) ) ;
#6913 = EDGE_LOOP ( 'NONE', ( #6766, #4648, #909, #5248 ) ) ;
#6914 = DIRECTION ( 'NONE',  ( 0.0000000000000000000, 0.0000000000000000000, 1.000000000000000000 ) ) ;
#6915 = PRESENTATION_STYLE_ASSIGNMENT (( #2490 ) ) ;
#6916 = COLOUR_RGB ( '',0.0000000000000000000, 0.0000000000000000000, 0.0000000000000000000 ) ;
#6917 = CARTESIAN_POINT ( 'NONE',  ( -0.3744936104020317735, -3.150426432419600076, 0.9810000000000000941 ) ) ;
#6918 = VERTEX_POINT ( 'NONE', #9536 ) ;
#6919 = CARTESIAN_POINT ( 'NONE',  ( 3.623086578651010914, 3.799999999999999822, 4.336808689942017736E-16 ) ) ;
#6920 = AXIS2_PLACEMENT_3D ( 'NONE', #5940, #8713, #5028 ) ;
#6921 = DIRECTION ( 'NONE',  ( 1.000000000000000000, 0.0000000000000000000, 0.0000000000000000000 ) ) ;
#6922 = UNCERTAINTY_MEASURE_WITH_UNIT (LENGTH_MEASURE( 1.000000000000000082E-05 ), #3064, 'distance_accuracy_value', 'NONE');
#6923 = LINE ( 'NONE', #5265, #7815 ) ;
#6924 = LINE ( 'NONE', #9855, #1802 ) ;
#6925 = CARTESIAN_POINT ( 'NONE',  ( -0.1622270317866075784, -3.159784253666880094, 0.9800000000000002043 ) ) ;
#6926 = CARTESIAN_POINT ( 'NONE',  ( -1.725516619677668562, -2.836586302968011619, 0.9799999999999999822 ) ) ;
#6927 = DIRECTION ( 'NONE',  ( 0.0000000000000000000, 0.0000000000000000000, 1.000000000000000000 ) ) ;
#6928 = ORIENTED_EDGE ( 'NONE', *, *, #2915, .F. ) ;
#6929 = FACE_OUTER_BOUND ( 'NONE', #2300, .T. ) ;
#6930 = CARTESIAN_POINT ( 'NONE',  ( -0.4052184568288403343, -3.150426432419600076, 0.9800000000000002043 ) ) ;
#6931 = FACE_OUTER_BOUND ( 'NONE', #2611, .T. ) ;
#6932 = CARTESIAN_POINT ( 'NONE',  ( -0.9637244215790025104, -2.832156534235866996, 0.9810000000000000941 ) ) ;
#6933 = COLOUR_RGB ( '',0.0000000000000000000, 0.0000000000000000000, 0.0000000000000000000 ) ;
#6934 = VECTOR ( 'NONE', #6786, 1000.000000000000000 ) ;
#6935 = ORIENTED_EDGE ( 'NONE', *, *, #11905, .T. ) ;
#6936 =( LENGTH_UNIT ( ) NAMED_UNIT ( * ) SI_UNIT ( .MILLI., .METRE. ) );
#6937 = DIRECTION ( 'NONE',  ( 1.000000000000000000, 0.0000000000000000000, -1.118624075033640409E-16 ) ) ;
#6938 = ORIENTED_EDGE ( 'NONE', *, *, #9931, .T. ) ;
#6939 = CARTESIAN_POINT ( 'NONE',  ( -2.036403861351574029, -3.386061372626611998, 0.9799999999999999822 ) ) ;
#6940 = SURFACE_STYLE_FILL_AREA ( #9003 ) ;
#6941 = COLOUR_RGB ( '',0.0000000000000000000, 0.0000000000000000000, 0.0000000000000000000 ) ;
#6942 = COLOUR_RGB ( '',0.0000000000000000000, 0.0000000000000000000, 0.0000000000000000000 ) ;
#6943 = VERTEX_POINT ( 'NONE', #9415 ) ;
#6944 = FILL_AREA_STYLE ('',( #7118 ) ) ;
#6945 = ADVANCED_FACE ( 'NONE', ( #114 ), #10386, .T. ) ;
#6946 = EDGE_CURVE ( 'NONE', #8438, #198, #2805, .T. ) ;
#6947 = PLANE ( 'NONE',  #7595 ) ;
#6948 = ORIENTED_EDGE ( 'NONE', *, *, #7823, .T. ) ;
#6949 = VERTEX_POINT ( 'NONE', #895 ) ;
#6950 =( NAMED_UNIT ( * ) SI_UNIT ( $, .STERADIAN. ) SOLID_ANGLE_UNIT ( ) );
#6951 = FILL_AREA_STYLE_COLOUR ( '', #2504 ) ;
#6952 = CARTESIAN_POINT ( 'NONE',  ( -2.104365214239880544, -3.208204934097564021, 0.9799999999999999822 ) ) ;
#6953 = SURFACE_SIDE_STYLE ('',( #1247 ) ) ;
#6954 = FILL_AREA_STYLE ('',( #1437 ) ) ;
#6955 = EDGE_CURVE ( 'NONE', #2749, #6645, #3286, .T. ) ;
#6956 = CARTESIAN_POINT ( 'NONE',  ( -0.9515072660623393741, -3.262096432632322074, 0.9810000000000000941 ) ) ;
#6957 = ORIENTED_EDGE ( 'NONE', *, *, #7542, .F. ) ;
#6958 = ORIENTED_EDGE ( 'NONE', *, *, #1658, .F. ) ;
#6959 = EDGE_CURVE ( 'NONE', #1139, #11141, #1994, .T. ) ;
#6960 = PLANE ( 'NONE',  #11563 ) ;
#6961 = EDGE_CURVE ( 'NONE', #11788, #2049, #1874, .T. ) ;
#6962 = DIRECTION ( 'NONE',  ( 0.0000000000000000000, 0.0000000000000000000, -1.000000000000000000 ) ) ;
#6963 = FILL_AREA_STYLE_COLOUR ( '', #8003 ) ;
#6964 = CARTESIAN_POINT ( 'NONE',  ( -0.9993881181082362453, -2.908370789500994480, 0.9810000000000000941 ) ) ;
#6965 = ORIENTED_EDGE ( 'NONE', *, *, #4016, .T. ) ;
#6966 =( LENGTH_UNIT ( ) NAMED_UNIT ( * ) SI_UNIT ( .MILLI., .METRE. ) );
#6967 = SURFACE_STYLE_USAGE ( .BOTH. , #5132 ) ;
#6968 = FILL_AREA_STYLE ('',( #7907 ) ) ;
#6969 = DIRECTION ( 'NONE',  ( -0.0000000000000000000, -1.000000000000000000, -0.0000000000000000000 ) ) ;
#6970 = VERTEX_POINT ( 'NONE', #4630 ) ;
#6971 =( LENGTH_UNIT ( ) NAMED_UNIT ( * ) SI_UNIT ( .MILLI., .METRE. ) );
#6972 = DIRECTION ( 'NONE',  ( -0.0000000000000000000, -0.0000000000000000000, -1.000000000000000000 ) ) ;
#6973 = CARTESIAN_POINT ( 'NONE',  ( -1.862885400882674958, -3.283396360739304853, 0.9800000000000002043 ) ) ;
#6974 =( NAMED_UNIT ( * ) SI_UNIT ( $, .STERADIAN. ) SOLID_ANGLE_UNIT ( ) );
#6975 = EDGE_LOOP ( 'NONE', ( #10193, #8537, #10310, #1517 ) ) ;
#6976 = DIRECTION ( 'NONE',  ( 1.000000000000000000, -0.0000000000000000000, -0.0000000000000000000 ) ) ;
#6977 = PRESENTATION_STYLE_ASSIGNMENT (( #9622 ) ) ;
#6978 = CARTESIAN_POINT ( 'NONE',  ( -0.7176657106822849075, -3.185154346825209704, 0.9810000000000000941 ) ) ;
#6979 = SURFACE_SIDE_STYLE ('',( #3427 ) ) ;
#6980 = COLOUR_RGB ( '',0.0000000000000000000, 0.0000000000000000000, 0.0000000000000000000 ) ;
#6981 = ORIENTED_EDGE ( 'NONE', *, *, #6255, .F. ) ;
#6982 = COLOUR_RGB ( '',0.9686274509803921573, 0.8784313725490195957, 0.5999999999999999778 ) ;
#6983 = PLANE ( 'NONE',  #5351 ) ;
#6984 = CARTESIAN_POINT ( 'NONE',  ( -1.398723541192248954, -3.130121687562049448, 0.9810000000000000941 ) ) ;
#6985 = FILL_AREA_STYLE ('',( #9809 ) ) ;
#6986 = STYLED_ITEM ( 'NONE', ( #7223 ), #7334 ) ;
#6987 = FILL_AREA_STYLE ('',( #1230 ) ) ;
#6988 = PRESENTATION_LAYER_ASSIGNMENT (  '', '', ( #156 ) ) ;
#6989 =( NAMED_UNIT ( * ) PLANE_ANGLE_UNIT ( ) SI_UNIT ( $, .RADIAN. ) );
#6990 = EDGE_LOOP ( 'NONE', ( #912, #5098, #6134, #2435 ) ) ;
#6991 =( NAMED_UNIT ( * ) SI_UNIT ( $, .STERADIAN. ) SOLID_ANGLE_UNIT ( ) );
#6992 = CARTESIAN_POINT ( 'NONE',  ( -0.7061243978111498842, -3.370231255929431402, 0.9800000000000002043 ) ) ;
#6993 =( NAMED_UNIT ( * ) SI_UNIT ( $, .STERADIAN. ) SOLID_ANGLE_UNIT ( ) );
#6994 =( GEOMETRIC_REPRESENTATION_CONTEXT ( 3 ) GLOBAL_UNCERTAINTY_ASSIGNED_CONTEXT ( ( #11878 ) ) GLOBAL_UNIT_ASSIGNED_CONTEXT ( ( #1264, #491, #7019 ) ) REPRESENTATION_CONTEXT ( 'NONE', 'WORKASPACE' ) );
#6995 =( NAMED_UNIT ( * ) PLANE_ANGLE_UNIT ( ) SI_UNIT ( $, .RADIAN. ) );
#6996 = STYLED_ITEM ( 'NONE', ( #3538 ), #6827 ) ;
#6997 = CARTESIAN_POINT ( 'NONE',  ( -0.9945532437980212359, -3.220090212813853103, 0.9810000000000000941 ) ) ;
#6998 = ORIENTED_EDGE ( 'NONE', *, *, #2764, .F. ) ;
#6999 = ORIENTED_EDGE ( 'NONE', *, *, #609, .F. ) ;
#7000 = SURFACE_STYLE_FILL_AREA ( #3265 ) ;
#7001 = VECTOR ( 'NONE', #11731, 1000.000000000000000 ) ;
#7002 = VECTOR ( 'NONE', #8327, 1000.000000000000000 ) ;
#7003 = SURFACE_STYLE_USAGE ( .BOTH. , #7187 ) ;
#7004 = VECTOR ( 'NONE', #1326, 1000.000000000000000 ) ;
#7005 = CARTESIAN_POINT ( 'NONE',  ( -0.5556194394245878021, -2.859710119017364160, 0.9810000000000000941 ) ) ;
#7006 = FILL_AREA_STYLE_COLOUR ( '', #4940 ) ;
#7007 = LINE ( 'NONE', #7675, #9177 ) ;
#7008 = ADVANCED_FACE ( 'NONE', ( #53 ), #10445, .F. ) ;
#7009 = VERTEX_POINT ( 'NONE', #2233 ) ;
#7010 = VERTEX_POINT ( 'NONE', #9660 ) ;
#7011 = CARTESIAN_POINT ( 'NONE',  ( -1.498496622865703287, -3.331113871176612840, 0.9800000000000002043 ) ) ;
#7012 = CARTESIAN_POINT ( 'NONE',  ( -1.570795981394180085, -3.160487368500210170, 0.9810000000000000941 ) ) ;
#7013 = ADVANCED_FACE ( 'NONE', ( #9592 ), #8642, .T. ) ;
#7014 = ADVANCED_FACE ( 'NONE', ( #9710 ), #1610, .F. ) ;
#7015 = CARTESIAN_POINT ( 'NONE',  ( -1.035259766221189093, -3.007771646301291568, 0.9810000000000000941 ) ) ;
#7016 = VERTEX_POINT ( 'NONE', #8014 ) ;
#7017 =( NAMED_UNIT ( * ) PLANE_ANGLE_UNIT ( ) SI_UNIT ( $, .RADIAN. ) );
#7018 = CARTESIAN_POINT ( 'NONE',  ( -0.8233571028760637844, -3.207925045192944413, 0.9799999999999999822 ) ) ;
#7019 =( NAMED_UNIT ( * ) SI_UNIT ( $, .STERADIAN. ) SOLID_ANGLE_UNIT ( ) );
#7020 = VECTOR ( 'NONE', #8796, 1000.000000000000000 ) ;
#7021 = FILL_AREA_STYLE_COLOUR ( '', #10308 ) ;
#7022 = UNCERTAINTY_MEASURE_WITH_UNIT (LENGTH_MEASURE( 1.000000000000000082E-05 ), #1393, 'distance_accuracy_value', 'NONE');
#7023 = ORIENTED_EDGE ( 'NONE', *, *, #8525, .F. ) ;
#7024 = EDGE_CURVE ( 'NONE', #11057, #875, #1682, .T. ) ;
#7025 = LINE ( 'NONE', #5069, #1527 ) ;
#7026 = VECTOR ( 'NONE', #8289, 1000.000000000000000 ) ;
#7027 = DIRECTION ( 'NONE',  ( 0.0000000000000000000, -0.0000000000000000000, -1.000000000000000000 ) ) ;
#7028 = UNCERTAINTY_MEASURE_WITH_UNIT (LENGTH_MEASURE( 1.000000000000000082E-05 ), #9209, 'distance_accuracy_value', 'NONE');
#7029 = DIRECTION ( 'NONE',  ( -0.0000000000000000000, -0.0000000000000000000, -1.000000000000000000 ) ) ;
#7030 =( NAMED_UNIT ( * ) PLANE_ANGLE_UNIT ( ) SI_UNIT ( $, .RADIAN. ) );
#7031 = CARTESIAN_POINT ( 'NONE',  ( -0.7679380059364522282, -3.266879319047467867, 0.9810000000000000941 ) ) ;
#7032 = FACE_OUTER_BOUND ( 'NONE', #8578, .T. ) ;
#7033 = CARTESIAN_POINT ( 'NONE',  ( -7.500000000000000000, 3.799999999999999822, 0.4799999999999999822 ) ) ;
#7034 = VERTEX_POINT ( 'NONE', #3330 ) ;
#7035 = FILL_AREA_STYLE ('',( #7919 ) ) ;
#7036 = LINE ( 'NONE', #2383, #4436 ) ;
#7037 = CARTESIAN_POINT ( 'NONE',  ( -0.4037627957462677220, -2.804394997869956718, 0.9810000000000000941 ) ) ;
#7038 = SURFACE_STYLE_FILL_AREA ( #842 ) ;
#7039 =( GEOMETRIC_REPRESENTATION_CONTEXT ( 3 ) GLOBAL_UNCERTAINTY_ASSIGNED_CONTEXT ( ( #10375 ) ) GLOBAL_UNIT_ASSIGNED_CONTEXT ( ( #389, #6879, #5941 ) ) REPRESENTATION_CONTEXT ( 'NONE', 'WORKASPACE' ) );
#7040 = STYLED_ITEM ( 'NONE', ( #2413 ), #6283 ) ;
#7041 = VERTEX_POINT ( 'NONE', #7069 ) ;
#7042 = EDGE_CURVE ( 'NONE', #5365, #3506, #9944, .T. ) ;
#7043 = B_SPLINE_SURFACE_WITH_KNOTS ( 'NONE', 3, 1, ( 
 ( #4308, #1864 ),
 ( #11981, #7485 ),
 ( #8194, #4675 ),
 ( #7316, #1741 ) ),
 .UNSPECIFIED., .F., .F., .F.,
 ( 4, 4 ),
 ( 2, 2 ),
 ( 1.000000000000000000, 2.000000000000000000 ),
 ( 0.0000000000000000000, 1.000000000000000000 ),
 .UNSPECIFIED. ) ;
#7044 = CARTESIAN_POINT ( 'NONE',  ( -0.4802889783873196539, -3.215515277981726872, 0.9810000000000000941 ) ) ;
#7045 = SURFACE_SIDE_STYLE ('',( #10047 ) ) ;
#7046 = CARTESIAN_POINT ( 'NONE',  ( -0.4196710918658096423, -2.836523517483580559, 0.9810000000000000941 ) ) ;
#7047 = COLOUR_RGB ( '',0.0000000000000000000, 0.0000000000000000000, 0.0000000000000000000 ) ;
#7048 = MECHANICAL_DESIGN_GEOMETRIC_PRESENTATION_REPRESENTATION (  '', ( #7436 ), #32 ) ;
#7049 = VECTOR ( 'NONE', #3436, 1000.000000000000000 ) ;
#7050 =( NAMED_UNIT ( * ) PLANE_ANGLE_UNIT ( ) SI_UNIT ( $, .RADIAN. ) );
#7051 = FILL_AREA_STYLE ('',( #3311 ) ) ;
#7052 = EDGE_LOOP ( 'NONE', ( #11737, #9131, #7537, #4051 ) ) ;
#7053 = CARTESIAN_POINT ( 'NONE',  ( 2.675735931288065306, 3.799999999999999822, 0.1999999999999999833 ) ) ;
#7054 = CARTESIAN_POINT ( 'NONE',  ( -0.9284246403200677733, -3.301087354494127712, 0.9810000000000000941 ) ) ;
#7055 = DIRECTION ( 'NONE',  ( 1.000000000000000000, -0.0000000000000000000, -0.0000000000000000000 ) ) ;
#7056 = LINE ( 'NONE', #9704, #3784 ) ;
#7057 = MECHANICAL_DESIGN_GEOMETRIC_PRESENTATION_REPRESENTATION (  '', ( #11958 ), #987 ) ;
#7058 = AXIS2_PLACEMENT_3D ( 'NONE', #10509, #8539, #176 ) ;
#7059 = CARTESIAN_POINT ( 'NONE',  ( -0.3841633590238469620, -2.929165947827201855, 0.9810000000000000941 ) ) ;
#7060 = ORIENTED_EDGE ( 'NONE', *, *, #5509, .F. ) ;
#7061 = EDGE_LOOP ( 'NONE', ( #10628, #1460, #3921, #2667 ) ) ;
#7062 = SURFACE_STYLE_USAGE ( .BOTH. , #10678 ) ;
#7063 = CARTESIAN_POINT ( 'NONE',  ( -0.7769838998084951376, -3.183906637325670363, 0.9799999999999999822 ) ) ;
#7064 = VECTOR ( 'NONE', #11522, 1000.000000000000000 ) ;
#7065 = DIRECTION ( 'NONE',  ( 0.0000000000000000000, -0.0000000000000000000, -1.000000000000000000 ) ) ;
#7066 = DIRECTION ( 'NONE',  ( -0.0000000000000000000, -0.0000000000000000000, -1.000000000000000000 ) ) ;
#7067 = VECTOR ( 'NONE', #222, 1000.000000000000000 ) ;
#7068 = LINE ( 'NONE', #2478, #6041 ) ;
#7069 = CARTESIAN_POINT ( 'NONE',  ( -0.9962688443593771259, -3.322402391779288866, 0.9810000000000000941 ) ) ;
#7070 = ADVANCED_FACE ( 'NONE', ( #10806 ), #4496, .F. ) ;
#7071 = SURFACE_STYLE_FILL_AREA ( #7839 ) ;
#7072 = VERTEX_POINT ( 'NONE', #8078 ) ;
#7073 = SURFACE_STYLE_FILL_AREA ( #5048 ) ;
#7074 = VECTOR ( 'NONE', #4103, 1000.000000000000000 ) ;
#7075 = ORIENTED_EDGE ( 'NONE', *, *, #1657, .F. ) ;
#7076 = EDGE_LOOP ( 'NONE', ( #4887, #1977, #3210, #10604 ) ) ;
#7077 =( LENGTH_UNIT ( ) NAMED_UNIT ( * ) SI_UNIT ( .MILLI., .METRE. ) );
#7078 = CARTESIAN_POINT ( 'NONE',  ( -1.000843779191503025, -2.983441311059476853, 0.9799999999999999822 ) ) ;
#7079 = CARTESIAN_POINT ( 'NONE',  ( -0.7409043001118279514, -3.396745082795791237, 0.9799999999999999822 ) ) ;
#7080 = STYLED_ITEM ( 'NONE', ( #5937 ), #1120 ) ;
#7081 = ORIENTED_EDGE ( 'NONE', *, *, #9731, .T. ) ;
#7082 = CARTESIAN_POINT ( 'NONE',  ( -0.3755333683171586112, -3.330408527734124657, 0.9810000000000000941 ) ) ;
#7083 = DIRECTION ( 'NONE',  ( 0.0000000000000000000, 1.000000000000000000, -0.0000000000000000000 ) ) ;
#7084 =( GEOMETRIC_REPRESENTATION_CONTEXT ( 3 ) GLOBAL_UNCERTAINTY_ASSIGNED_CONTEXT ( ( #5832 ) ) GLOBAL_UNIT_ASSIGNED_CONTEXT ( ( #8544, #9497, #9677 ) ) REPRESENTATION_CONTEXT ( 'NONE', 'WORKASPACE' ) );
#7085 = CARTESIAN_POINT ( 'NONE',  ( -0.8007943560920566251, -3.248059700762786939, 0.9799999999999999822 ) ) ;
#7086 = VECTOR ( 'NONE', #10507, 1000.000000000000227 ) ;
#7087 = EDGE_LOOP ( 'NONE', ( #2428, #6781, #2309, #2001 ) ) ;
#7088 = EDGE_CURVE ( 'NONE', #7195, #6802, #10300, .T. ) ;
#7089 = SURFACE_STYLE_FILL_AREA ( #3346 ) ;
#7090 = EDGE_CURVE ( 'NONE', #9130, #6600, #11919, .T. ) ;
#7091 = B_SPLINE_CURVE_WITH_KNOTS ( 'NONE', 3,
 ( #9293, #4439, #5356, #1565 ),
 .UNSPECIFIED., .F., .F.,
 ( 4, 4 ),
 ( 3.000000000000000000, 4.000000000000000000 ),
 .UNSPECIFIED. ) ;
#7092 = EDGE_LOOP ( 'NONE', ( #4001, #10869, #11654, #1442 ) ) ;
#7093 = FILL_AREA_STYLE ('',( #4393 ) ) ;
#7094 = CARTESIAN_POINT ( 'NONE',  ( -0.6281425540868388335, -2.804394997869956274, 0.9799999999999999822 ) ) ;
#7095 = CARTESIAN_POINT ( 'NONE',  ( -0.9430852269400702426, -3.333839728858221996, 0.9799999999999999822 ) ) ;
#7096 = MECHANICAL_DESIGN_GEOMETRIC_PRESENTATION_REPRESENTATION (  '', ( #4359 ), #7484 ) ;
#7097 =( GEOMETRIC_REPRESENTATION_CONTEXT ( 3 ) GLOBAL_UNCERTAINTY_ASSIGNED_CONTEXT ( ( #6569 ) ) GLOBAL_UNIT_ASSIGNED_CONTEXT ( ( #510, #5993, #8645 ) ) REPRESENTATION_CONTEXT ( 'NONE', 'WORKASPACE' ) );
#7098 = EDGE_CURVE ( 'NONE', #4538, #728, #9120, .T. ) ;
#7099 = MECHANICAL_DESIGN_GEOMETRIC_PRESENTATION_REPRESENTATION (  '', ( #8241 ), #3592 ) ;
#7100 = ORIENTED_EDGE ( 'NONE', *, *, #5872, .T. ) ;
#7101 = PLANE ( 'NONE',  #4327 ) ;
#7102 = UNCERTAINTY_MEASURE_WITH_UNIT (LENGTH_MEASURE( 1.000000000000000082E-05 ), #9428, 'distance_accuracy_value', 'NONE');
#7103 = CARTESIAN_POINT ( 'NONE',  ( -0.9430852269400702426, -3.333839728858221996, 0.9810000000000000941 ) ) ;
#7104 = DIRECTION ( 'NONE',  ( -0.0000000000000000000, -0.0000000000000000000, -1.000000000000000000 ) ) ;
#7105 = SURFACE_STYLE_USAGE ( .BOTH. , #6232 ) ;
#7106 = ORIENTED_EDGE ( 'NONE', *, *, #2147, .F. ) ;
#7107 = COLOUR_RGB ( '',0.0000000000000000000, 0.0000000000000000000, 0.0000000000000000000 ) ;
#7108 = CARTESIAN_POINT ( 'NONE',  ( -0.7148063764122076780, -3.376989682386107194, 0.9810000000000000941 ) ) ;
#7109 = STYLED_ITEM ( 'NONE', ( #1904 ), #9033 ) ;
#7110 = CARTESIAN_POINT ( 'NONE',  ( -2.231612129378391263, -3.039024506848854834, 0.9810000000000000941 ) ) ;
#7111 = DIRECTION ( 'NONE',  ( -1.000000000000000000, 0.0000000000000000000, -4.051977475832535632E-17 ) ) ;
#7112 = CARTESIAN_POINT ( 'NONE',  ( -0.6599071584301589022, -2.984585044767507966, 0.9810000000000000941 ) ) ;
#7113 = MECHANICAL_DESIGN_GEOMETRIC_PRESENTATION_REPRESENTATION (  '', ( #11428 ), #9662 ) ;
#7114 = ADVANCED_FACE ( 'NONE', ( #11795 ), #3591, .F. ) ;
#7115 = CARTESIAN_POINT ( 'NONE',  ( -0.9634124942037739503, -3.263760045299302082, 0.9810000000000000941 ) ) ;
#7117 = ORIENTED_EDGE ( 'NONE', *, *, #7163, .T. ) ;
#7116 = ADVANCED_FACE ( 'NONE', ( #11525 ), #6794, .F. ) ;
#7118 = FILL_AREA_STYLE_COLOUR ( '', #4123 ) ;
#7119 = AXIS2_PLACEMENT_3D ( 'NONE', #199, #6693, #4607 ) ;
#7120 = PRESENTATION_STYLE_ASSIGNMENT (( #5946 ) ) ;
#7121 = CARTESIAN_POINT ( 'NONE',  ( -0.7648707200833483322, -3.314708183197609515, 0.9810000000000000941 ) ) ;
#7122 = VECTOR ( 'NONE', #2824, 1000.000000000000000 ) ;
#7123 = EDGE_CURVE ( 'NONE', #4510, #7774, #1524, .T. ) ;
#7124 = PRESENTATION_LAYER_ASSIGNMENT (  '', '', ( #870 ) ) ;
#7125 = SURFACE_STYLE_FILL_AREA ( #7239 ) ;
#7126 = EDGE_LOOP ( 'NONE', ( #3708, #6607, #1816, #7636 ) ) ;
#7127 = ORIENTED_EDGE ( 'NONE', *, *, #11896, .T. ) ;
#7128 = COLOUR_RGB ( '',0.0000000000000000000, 0.0000000000000000000, 0.0000000000000000000 ) ;
#7129 = EDGE_CURVE ( 'NONE', #601, #4605, #7699, .T. ) ;
#7130 = CARTESIAN_POINT ( 'NONE',  ( -0.4698913992235199677, -3.307221926200337059, 0.9810000000000000941 ) ) ;
#7131 = FILL_AREA_STYLE ('',( #5056 ) ) ;
#7132 = CARTESIAN_POINT ( 'NONE',  ( -1.449333092162113035, -3.017334699289550226, 0.9810000000000000941 ) ) ;
#7133 = EDGE_LOOP ( 'NONE', ( #2553, #4596, #9578, #1936, #5394, #6047, #4502, #3017, #11988, #2994 ) ) ;
#7134 = CARTESIAN_POINT ( 'NONE',  ( -0.5716836992313939492, -2.998309849262499771, 0.9799999999999999822 ) ) ;
#7135 = SURFACE_STYLE_FILL_AREA ( #3396 ) ;
#7136 = ORIENTED_EDGE ( 'NONE', *, *, #7158, .F. ) ;
#7137 = CARTESIAN_POINT ( 'NONE',  ( -1.919278867438905190, -2.975400994119907772, 0.9799999999999999822 ) ) ;
#7138 = ORIENTED_EDGE ( 'NONE', *, *, #689, .T. ) ;
#7139 = CARTESIAN_POINT ( 'NONE',  ( -0.9626846636624908360, -3.333839728858221996, 0.9810000000000000941 ) ) ;
#7140 = CARTESIAN_POINT ( 'NONE',  ( -0.1649823902644828588, -3.159160398917800983, 0.9810000000000000941 ) ) ;
#7141 = SURFACE_STYLE_FILL_AREA ( #8973 ) ;
#7142 = EDGE_LOOP ( 'NONE', ( #1024, #6000, #12123, #11609 ) ) ;
#7143 = CARTESIAN_POINT ( 'NONE',  ( -0.2965637545741610093, -3.153961609335209193, 0.9799999999999999822 ) ) ;
#7144 = SURFACE_SIDE_STYLE ('',( #9728 ) ) ;
#7145 = SURFACE_STYLE_FILL_AREA ( #10083 ) ;
#7146 = UNCERTAINTY_MEASURE_WITH_UNIT (LENGTH_MEASURE( 1.000000000000000082E-05 ), #8758, 'distance_accuracy_value', 'NONE');
#7147 = VERTEX_POINT ( 'NONE', #1103 ) ;
#7148 = MECHANICAL_DESIGN_GEOMETRIC_PRESENTATION_REPRESENTATION (  '', ( #11655 ), #3637 ) ;
#7149 = ORIENTED_EDGE ( 'NONE', *, *, #6338, .T. ) ;
#7150 = ORIENTED_EDGE ( 'NONE', *, *, #6813, .F. ) ;
#7151 = CARTESIAN_POINT ( 'NONE',  ( -0.9945532437980212359, -3.220090212813853103, 0.9810000000000000941 ) ) ;
#7152 =( NAMED_UNIT ( * ) PLANE_ANGLE_UNIT ( ) SI_UNIT ( $, .RADIAN. ) );
#7153 = CARTESIAN_POINT ( 'NONE',  ( -1.000843779191503025, -2.983441311059476853, 0.9810000000000000941 ) ) ;
#7154 = B_SPLINE_CURVE_WITH_KNOTS ( 'NONE', 3,
 ( #6880, #3819, #5881, #329 ),
 .UNSPECIFIED., .F., .F.,
 ( 4, 4 ),
 ( 4.000000000000000000, 5.000000000000000000 ),
 .UNSPECIFIED. ) ;
#7155 =( NAMED_UNIT ( * ) PLANE_ANGLE_UNIT ( ) SI_UNIT ( $, .RADIAN. ) );
#7156 = CARTESIAN_POINT ( 'NONE',  ( -0.5530200446325973518, -3.215515277981726872, 0.9810000000000000941 ) ) ;
#7157 = EDGE_LOOP ( 'NONE', ( #9571, #9843, #9959, #11184 ) ) ;
#7158 = EDGE_CURVE ( 'NONE', #3280, #7750, #11912, .T. ) ;
#7159 = SURFACE_SIDE_STYLE ('',( #2507 ) ) ;
#7160 = ORIENTED_EDGE ( 'NONE', *, *, #5977, .F. ) ;
#7161 = CARTESIAN_POINT ( 'NONE',  ( -0.9834278340929391016, -3.001949001969621555, 0.9810000000000000941 ) ) ;
#7162 = B_SPLINE_CURVE_WITH_KNOTS ( 'NONE', 3,
 ( #8972, #9893, #11682, #10756 ),
 .UNSPECIFIED., .F., .F.,
 ( 4, 4 ),
 ( 7.000000000000000000, 8.000000000000000000 ),
 .UNSPECIFIED. ) ;
#7163 = EDGE_CURVE ( 'NONE', #10440, #3561, #6804, .T. ) ;
#7164 = CARTESIAN_POINT ( 'NONE',  ( -2.207030346789430553, -2.979739027338710766, 0.9799999999999999822 ) ) ;
#7165 = CARTESIAN_POINT ( 'NONE',  ( -0.9271769308205284332, -2.987808294308576418, 0.9810000000000000941 ) ) ;
#7166 = FACE_OUTER_BOUND ( 'NONE', #5729, .T. ) ;
#7167 = CARTESIAN_POINT ( 'NONE',  ( -0.9084093004309093944, -3.011202847425386686, 0.9799999999999999822 ) ) ;
#7168 = DIRECTION ( 'NONE',  ( 1.000000000000000000, -0.0000000000000000000, -0.0000000000000000000 ) ) ;
#7169 = ORIENTED_EDGE ( 'NONE', *, *, #11440, .T. ) ;
#7170 = FACE_OUTER_BOUND ( 'NONE', #5108, .T. ) ;
#7171 = EDGE_CURVE ( 'NONE', #1845, #7072, #2204, .T. ) ;
#7172 = EDGE_CURVE ( 'NONE', #693, #4866, #12048, .T. ) ;
#7173 = AXIS2_PLACEMENT_3D ( 'NONE', #3056, #5920, #11690 ) ;
#7174 = ORIENTED_EDGE ( 'NONE', *, *, #7542, .T. ) ;
#7175 = DIRECTION ( 'NONE',  ( 4.051977475832535632E-17, 0.0000000000000000000, -1.000000000000000000 ) ) ;
#7176 =( LENGTH_UNIT ( ) NAMED_UNIT ( * ) SI_UNIT ( .MILLI., .METRE. ) );
#7177 = EDGE_CURVE ( 'NONE', #6191, #10152, #11178, .T. ) ;
#7178 = MECHANICAL_DESIGN_GEOMETRIC_PRESENTATION_REPRESENTATION (  '', ( #6201 ), #1897 ) ;
#7179 = ADVANCED_FACE ( 'NONE', ( #2027 ), #5756, .F. ) ;
#7180 = ORIENTED_EDGE ( 'NONE', *, *, #1027, .F. ) ;
#7181 = ORIENTED_EDGE ( 'NONE', *, *, #11629, .T. ) ;
#7182 = SURFACE_STYLE_USAGE ( .BOTH. , #9934 ) ;
#7183 = FILL_AREA_STYLE_COLOUR ( '', #2939 ) ;
#7184 = SURFACE_STYLE_FILL_AREA ( #9083 ) ;
#7185 = CARTESIAN_POINT ( 'NONE',  ( -0.7594119910226668768, -3.281331954084442781, 0.9800000000000002043 ) ) ;
#7186 = VERTEX_POINT ( 'NONE', #11706 ) ;
#7187 = SURFACE_SIDE_STYLE ('',( #11850 ) ) ;
#7188 = DIRECTION ( 'NONE',  ( -0.0000000000000000000, -0.0000000000000000000, -1.000000000000000000 ) ) ;
#7189 = MECHANICAL_DESIGN_GEOMETRIC_PRESENTATION_REPRESENTATION (  '', ( #1125 ), #6209 ) ;
#7190 = LINE ( 'NONE', #10926, #3483 ) ;
#7191 = ORIENTED_EDGE ( 'NONE', *, *, #5379, .F. ) ;
#7192 = CARTESIAN_POINT ( 'NONE',  ( -1.037755185220968768, -3.150426432419600076, 0.9810000000000000941 ) ) ;
#7193 = EDGE_CURVE ( 'NONE', #830, #6819, #7036, .T. ) ;
#7194 = PRESENTATION_LAYER_ASSIGNMENT (  '', '', ( #2722 ) ) ;
#7195 = VERTEX_POINT ( 'NONE', #6115 ) ;
#7196 = MECHANICAL_DESIGN_GEOMETRIC_PRESENTATION_REPRESENTATION (  '', ( #168 ), #10139 ) ;
#7197 = MECHANICAL_DESIGN_GEOMETRIC_PRESENTATION_REPRESENTATION (  '', ( #8133 ), #5822 ) ;
#7198 = PRESENTATION_LAYER_ASSIGNMENT (  '', '', ( #2299 ) ) ;
#7199 = AXIS2_PLACEMENT_3D ( 'NONE', #8688, #5970, #4997 ) ;
#7200 = LINE ( 'NONE', #10934, #10381 ) ;
#7201 = CARTESIAN_POINT ( 'NONE',  ( -0.8181063253984089956, -3.333839728858221996, 0.9799999999999999822 ) ) ;
#7202 = CARTESIAN_POINT ( 'NONE',  ( -1.511510529464747954, -3.017334699289550226, 0.9810000000000000941 ) ) ;
#7203 = CARTESIAN_POINT ( 'NONE',  ( -0.8573571867396971857, -3.233295138351273579, 0.9799999999999999822 ) ) ;
#7204 = ORIENTED_EDGE ( 'NONE', *, *, #1853, .T. ) ;
#7205 = CARTESIAN_POINT ( 'NONE',  ( -1.888913158920726199, -3.227002839023036085, 0.9799999999999999822 ) ) ;
#7206 = CARTESIAN_POINT ( 'NONE',  ( -0.7855619026180425957, -3.293393145913836140, 0.9799999999999999822 ) ) ;
#7207 = CARTESIAN_POINT ( 'NONE',  ( -1.985794282800996902, -2.866952039066210212, 0.9799999999999999822 ) ) ;
#7208 = COLOUR_RGB ( '',0.0000000000000000000, 0.0000000000000000000, 0.0000000000000000000 ) ;
#7209 = STYLED_ITEM ( 'NONE', ( #6253 ), #1876 ) ;
#7210 = EDGE_CURVE ( 'NONE', #6545, #7774, #9863, .T. ) ;
#7211 = ORIENTED_EDGE ( 'NONE', *, *, #3429, .T. ) ;
#7212 =( LENGTH_UNIT ( ) NAMED_UNIT ( * ) SI_UNIT ( .MILLI., .METRE. ) );
#7213 = ORIENTED_EDGE ( 'NONE', *, *, #517, .F. ) ;
#7214 = B_SPLINE_CURVE_WITH_KNOTS ( 'NONE', 3,
 ( #2374, #2129, #311, #1267 ),
 .UNSPECIFIED., .F., .F.,
 ( 4, 4 ),
 ( 3.000000000000000000, 4.000000000000000000 ),
 .UNSPECIFIED. ) ;
#7215 = ORIENTED_EDGE ( 'NONE', *, *, #10172, .T. ) ;
#7216 = DIRECTION ( 'NONE',  ( -0.0000000000000000000, -0.0000000000000000000, -1.000000000000000000 ) ) ;
#7217 = FACE_OUTER_BOUND ( 'NONE', #1452, .T. ) ;
#7218 =( GEOMETRIC_REPRESENTATION_CONTEXT ( 3 ) GLOBAL_UNCERTAINTY_ASSIGNED_CONTEXT ( ( #1903 ) ) GLOBAL_UNIT_ASSIGNED_CONTEXT ( ( #11430, #6007, #3319 ) ) REPRESENTATION_CONTEXT ( 'NONE', 'WORKASPACE' ) );
#7219 = SURFACE_STYLE_FILL_AREA ( #11761 ) ;
#7220 = EDGE_LOOP ( 'NONE', ( #3835, #4421, #330, #6150 ) ) ;
#7221 =( LENGTH_UNIT ( ) NAMED_UNIT ( * ) SI_UNIT ( .MILLI., .METRE. ) );
#7222 = CARTESIAN_POINT ( 'NONE',  ( -0.6599071584301589022, -2.984585044767507966, 0.9810000000000000941 ) ) ;
#7223 = PRESENTATION_STYLE_ASSIGNMENT (( #801 ) ) ;
#7224 = DIRECTION ( 'NONE',  ( 0.0000000000000000000, 0.0000000000000000000, 1.000000000000000000 ) ) ;
#7225 = EDGE_LOOP ( 'NONE', ( #10960, #6244, #3778, #4622 ) ) ;
#7226 =( GEOMETRIC_REPRESENTATION_CONTEXT ( 3 ) GLOBAL_UNCERTAINTY_ASSIGNED_CONTEXT ( ( #2910 ) ) GLOBAL_UNIT_ASSIGNED_CONTEXT ( ( #8698, #3298, #11583 ) ) REPRESENTATION_CONTEXT ( 'NONE', 'WORKASPACE' ) );
#7227 = CARTESIAN_POINT ( 'NONE',  ( -0.9175071821987061949, -3.238078024765039586, 0.9799999999999999822 ) ) ;
#7228 = CARTESIAN_POINT ( 'NONE',  ( -0.8573571867396971857, -3.211460222108549090, 0.9799999999999999822 ) ) ;
#7229 = ORIENTED_EDGE ( 'NONE', *, *, #10003, .F. ) ;
#7230 = ORIENTED_EDGE ( 'NONE', *, *, #10831, .T. ) ;
#7231 = CARTESIAN_POINT ( 'NONE',  ( -2.055201697326993315, -3.328221885802723268, 0.9799999999999999822 ) ) ;
#7232 = AXIS2_PLACEMENT_3D ( 'NONE', #9756, #1351, #5999 ) ;
#7233 = CARTESIAN_POINT ( 'NONE',  ( -0.9962688443593771259, -3.322402391779288866, 0.9799999999999999822 ) ) ;
#7234 = CARTESIAN_POINT ( 'NONE',  ( -2.675735931288069303, 3.799999999999999822, 0.9799999999999999822 ) ) ;
#7235 = ADVANCED_FACE ( 'NONE', ( #10720 ), #439, .F. ) ;
#7236 = EDGE_CURVE ( 'NONE', #9850, #551, #1404, .T. ) ;
#7237 =( GEOMETRIC_REPRESENTATION_CONTEXT ( 3 ) GLOBAL_UNCERTAINTY_ASSIGNED_CONTEXT ( ( #3654 ) ) GLOBAL_UNIT_ASSIGNED_CONTEXT ( ( #6306, #12029, #918 ) ) REPRESENTATION_CONTEXT ( 'NONE', 'WORKASPACE' ) );
#7238 = EDGE_CURVE ( 'NONE', #3387, #1235, #4226, .T. ) ;
#7239 = FILL_AREA_STYLE ('',( #3384 ) ) ;
#7240 = VERTEX_POINT ( 'NONE', #7920 ) ;
#7241 = ORIENTED_EDGE ( 'NONE', *, *, #11694, .F. ) ;
#7242 = CARTESIAN_POINT ( 'NONE',  ( -1.567904051181016722, -3.242908675834546894, 0.9799999999999999822 ) ) ;
#7243 = FACE_OUTER_BOUND ( 'NONE', #9507, .T. ) ;
#7244 = SURFACE_SIDE_STYLE ('',( #7943 ) ) ;
#7245 =( NAMED_UNIT ( * ) SI_UNIT ( $, .STERADIAN. ) SOLID_ANGLE_UNIT ( ) );
#7246 = VERTEX_POINT ( 'NONE', #5081 ) ;
#7247 = CARTESIAN_POINT ( 'NONE',  ( -0.7855619026180425957, -3.287778453165188797, 0.9810000000000000941 ) ) ;
#7248 = SURFACE_STYLE_USAGE ( .BOTH. , #4372 ) ;
#7249 = EDGE_CURVE ( 'NONE', #5762, #4989, #10836, .T. ) ;
#7250 = AXIS2_PLACEMENT_3D ( 'NONE', #1418, #9009, #7878 ) ;
#7251 = SURFACE_STYLE_USAGE ( .BOTH. , #772 ) ;
#7252 = COLOUR_RGB ( '',0.9686274509803921573, 0.8784313725490195957, 0.5999999999999999778 ) ;
#7253 = ORIENTED_EDGE ( 'NONE', *, *, #7735, .T. ) ;
#7254 = CARTESIAN_POINT ( 'NONE',  ( -1.773234185274330521, -3.267490413606325195, 0.9810000000000000941 ) ) ;
#7255 = ORIENTED_EDGE ( 'NONE', *, *, #10781, .T. ) ;
#7256 = LINE ( 'NONE', #6336, #5431 ) ;
#7257 = LINE ( 'NONE', #5354, #2544 ) ;
#7258 = CARTESIAN_POINT ( 'NONE',  ( -0.1673218455763035573, -3.167270510664148553, 0.9810000000000000941 ) ) ;
#7259 = CARTESIAN_POINT ( 'NONE',  ( -0.8573571867396971857, -3.233295138351273579, 0.9810000000000000941 ) ) ;
#7260 = EDGE_CURVE ( 'NONE', #4578, #10677, #9912, .T. ) ;
#7261 = ORIENTED_EDGE ( 'NONE', *, *, #7475, .T. ) ;
#7262 = EDGE_CURVE ( 'NONE', #2596, #1491, #1587, .T. ) ;
#7263 = SURFACE_STYLE_USAGE ( .BOTH. , #783 ) ;
#7264 = CARTESIAN_POINT ( 'NONE',  ( -0.9175071821987060838, -3.271454253879594098, 0.9810000000000000941 ) ) ;
#7265 =( LENGTH_UNIT ( ) NAMED_UNIT ( * ) SI_UNIT ( .MILLI., .METRE. ) );
#7266 = STYLED_ITEM ( 'NONE', ( #7411 ), #11148 ) ;
#7267 = ORIENTED_EDGE ( 'NONE', *, *, #6136, .T. ) ;
#7268 = VECTOR ( 'NONE', #4306, 1000.000000000000000 ) ;
#7269 = VERTEX_POINT ( 'NONE', #10041 ) ;
#7270 = VERTEX_POINT ( 'NONE', #3731 ) ;
#7271 = DIRECTION ( 'NONE',  ( 0.0000000000000000000, -1.000000000000000000, 0.0000000000000000000 ) ) ;
#7272 =( NAMED_UNIT ( * ) SI_UNIT ( $, .STERADIAN. ) SOLID_ANGLE_UNIT ( ) );
#7273 = CARTESIAN_POINT ( 'NONE',  ( -0.9430852269400702426, -3.333839728858221996, 0.9810000000000000941 ) ) ;
#7274 = COLOUR_RGB ( '',0.0000000000000000000, 0.0000000000000000000, 0.0000000000000000000 ) ;
#7275 = CARTESIAN_POINT ( 'NONE',  ( -0.7772438392872836888, -3.206053480942930189, 0.9799999999999999822 ) ) ;
#7276 =( NAMED_UNIT ( * ) PLANE_ANGLE_UNIT ( ) SI_UNIT ( $, .RADIAN. ) );
#7277 = ORIENTED_EDGE ( 'NONE', *, *, #5311, .F. ) ;
#7278 = CARTESIAN_POINT ( 'NONE',  ( -0.9282166887363552110, -3.325209738152917982, 0.9810000000000000941 ) ) ;
#7279 = DIRECTION ( 'NONE',  ( -0.0000000000000000000, -1.000000000000000000, -0.0000000000000000000 ) ) ;
#7280 =( NAMED_UNIT ( * ) PLANE_ANGLE_UNIT ( ) SI_UNIT ( $, .RADIAN. ) );
#7281 = VECTOR ( 'NONE', #7869, 1000.000000000000000 ) ;
#7282 = VECTOR ( 'NONE', #6574, 1000.000000000000000 ) ;
#7283 = VECTOR ( 'NONE', #1894, 1000.000000000000000 ) ;
#7284 = UNCERTAINTY_MEASURE_WITH_UNIT (LENGTH_MEASURE( 1.000000000000000082E-05 ), #3144, 'distance_accuracy_value', 'NONE');
#7285 = ORIENTED_EDGE ( 'NONE', *, *, #6496, .T. ) ;
#7286 = VECTOR ( 'NONE', #7476, 1000.000000000000000 ) ;
#7287 = DIRECTION ( 'NONE',  ( -0.0000000000000000000, 1.000000000000000000, -0.0000000000000000000 ) ) ;
#7288 = B_SPLINE_SURFACE_WITH_KNOTS ( 'NONE', 3, 1, ( 
 ( #3997, #3814 ),
 ( #2037, #3755 ),
 ( #2847, #5701 ),
 ( #8450, #7647 ) ),
 .UNSPECIFIED., .F., .F., .F.,
 ( 4, 4 ),
 ( 2, 2 ),
 ( 2.000000000000000000, 3.000000000000000000 ),
 ( 0.0000000000000000000, 1.000000000000000000 ),
 .UNSPECIFIED. ) ;
#7289 = COLOUR_RGB ( '',0.0000000000000000000, 0.0000000000000000000, 0.0000000000000000000 ) ;
#7290 = FILL_AREA_STYLE ('',( #1591 ) ) ;
#7291 = AXIS2_PLACEMENT_3D ( 'NONE', #6151, #11678, #2421 ) ;
#7292 = SURFACE_SIDE_STYLE ('',( #10173 ) ) ;
#7293 = FILL_AREA_STYLE ('',( #2711 ) ) ;
#7294 = CARTESIAN_POINT ( 'NONE',  ( -0.9271769308205284332, -2.987808294308576418, 0.9810000000000000941 ) ) ;
#7295 = DIRECTION ( 'NONE',  ( 0.0000000000000000000, 1.000000000000000000, -0.0000000000000000000 ) ) ;
#7296 = ORIENTED_EDGE ( 'NONE', *, *, #6875, .F. ) ;
#7297 = ORIENTED_EDGE ( 'NONE', *, *, #2241, .F. ) ;
#7298 = CARTESIAN_POINT ( 'NONE',  ( -0.4745183219514081951, -3.150426432419600076, 0.9810000000000000941 ) ) ;
#7299 = LINE ( 'NONE', #11041, #432 ) ;
#7300 = COLOUR_RGB ( '',0.9686274509803921573, 0.8784313725490195957, 0.5999999999999999778 ) ;
#7301 = SURFACE_SIDE_STYLE ('',( #11099 ) ) ;
#7302 =( GEOMETRIC_REPRESENTATION_CONTEXT ( 3 ) GLOBAL_UNCERTAINTY_ASSIGNED_CONTEXT ( ( #9160 ) ) GLOBAL_UNIT_ASSIGNED_CONTEXT ( ( #806, #917, #10411 ) ) REPRESENTATION_CONTEXT ( 'NONE', 'WORKASPACE' ) );
#7303 = FILL_AREA_STYLE_COLOUR ( '', #10226 ) ;
#7304 = STYLED_ITEM ( 'NONE', ( #4299 ), #8915 ) ;
#7305 = MECHANICAL_DESIGN_GEOMETRIC_PRESENTATION_REPRESENTATION (  '', ( #7855 ), #5122 ) ;
#7306 = DIRECTION ( 'NONE',  ( 1.000000000000000000, -0.0000000000000000000, -0.0000000000000000000 ) ) ;
#7307 = STYLED_ITEM ( 'NONE', ( #3206 ), #2859 ) ;
#7308 = EDGE_LOOP ( 'NONE', ( #10295, #12070, #8805, #12085 ) ) ;
#7309 = FACE_OUTER_BOUND ( 'NONE', #1866, .T. ) ;
#7310 = SURFACE_SIDE_STYLE ('',( #5643 ) ) ;
#7311 = CARTESIAN_POINT ( 'NONE',  ( -1.919278895018924569, -3.227002839023036085, 0.9810000000000000941 ) ) ;
#7312 =( GEOMETRIC_REPRESENTATION_CONTEXT ( 3 ) GLOBAL_UNCERTAINTY_ASSIGNED_CONTEXT ( ( #10270 ) ) GLOBAL_UNIT_ASSIGNED_CONTEXT ( ( #11201, #8540, #1885 ) ) REPRESENTATION_CONTEXT ( 'NONE', 'WORKASPACE' ) );
#7313 = PRESENTATION_STYLE_ASSIGNMENT (( #5584 ) ) ;
#7314 = CARTESIAN_POINT ( 'NONE',  ( -0.8746691560460573278, -2.999349607179018662, 0.9799999999999999822 ) ) ;
#7315 = EDGE_LOOP ( 'NONE', ( #2517, #337, #2270, #5984 ) ) ;
#7316 = CARTESIAN_POINT ( 'NONE',  ( -0.9445408880226360271, -3.181827121492629473, 0.9810000000000000941 ) ) ;
#7317 = B_SPLINE_CURVE_WITH_KNOTS ( 'NONE', 3,
 ( #7880, #7932, #11717, #3313 ),
 .UNSPECIFIED., .F., .F.,
 ( 4, 4 ),
 ( 8.000000000000000000, 9.000000000000000000 ),
 .UNSPECIFIED. ) ;
#7318 = FILL_AREA_STYLE_COLOUR ( '', #11287 ) ;
#7319 = EDGE_CURVE ( 'NONE', #6835, #8258, #9314, .T. ) ;
#7320 = CARTESIAN_POINT ( 'NONE',  ( -0.9643482763287762882, -3.202518304027323737, 0.9810000000000000941 ) ) ;
#7321 = VERTEX_POINT ( 'NONE', #4530 ) ;
#7322 = VECTOR ( 'NONE', #11948, 1000.000000000000000 ) ;
#7323 = DIRECTION ( 'NONE',  ( 1.000000000000000000, -0.0000000000000000000, -0.0000000000000000000 ) ) ;
#7324 = ORIENTED_EDGE ( 'NONE', *, *, #2686, .T. ) ;
#7325 = B_SPLINE_CURVE_WITH_KNOTS ( 'NONE', 3,
 ( #10526, #4884, #6925, #3063 ),
 .UNSPECIFIED., .F., .F.,
 ( 4, 4 ),
 ( 1.000000000000000000, 2.000000000000000000 ),
 .UNSPECIFIED. ) ;
#7326 = UNCERTAINTY_MEASURE_WITH_UNIT (LENGTH_MEASURE( 1.000000000000000082E-05 ), #2033, 'distance_accuracy_value', 'NONE');
#7327 =( LENGTH_UNIT ( ) NAMED_UNIT ( * ) SI_UNIT ( .MILLI., .METRE. ) );
#7328 = CARTESIAN_POINT ( 'NONE',  ( -0.9804645240313444310, -3.302023136619138377, 0.9800000000000002043 ) ) ;
#7329 =( GEOMETRIC_REPRESENTATION_CONTEXT ( 3 ) GLOBAL_UNCERTAINTY_ASSIGNED_CONTEXT ( ( #2675 ) ) GLOBAL_UNIT_ASSIGNED_CONTEXT ( ( #5026, #8773, #4177 ) ) REPRESENTATION_CONTEXT ( 'NONE', 'WORKASPACE' ) );
#7330 = CARTESIAN_POINT ( 'NONE',  ( -0.1673218455763035573, -3.167270510664148553, 0.9800000000000002043 ) ) ;
#7331 = LINE ( 'NONE', #2427, #10328 ) ;
#7332 = PRESENTATION_LAYER_ASSIGNMENT (  '', '', ( #2649 ) ) ;
#7333 = VERTEX_POINT ( 'NONE', #3490 ) ;
#7334 = ADVANCED_FACE ( 'NONE', ( #1708 ), #9244, .F. ) ;
#7335 = CARTESIAN_POINT ( 'NONE',  ( -0.6765952729874400440, -3.306286144076720390, 0.9810000000000000941 ) ) ;
#7336 = ORIENTED_EDGE ( 'NONE', *, *, #11983, .F. ) ;
#7337 = ORIENTED_EDGE ( 'NONE', *, *, #1100, .F. ) ;
#7338 = ADVANCED_FACE ( 'NONE', ( #12021 ), #2645, .F. ) ;
#7339 = ADVANCED_FACE ( 'NONE', ( #2703 ), #343, .F. ) ;
#7340 = ORIENTED_EDGE ( 'NONE', *, *, #11740, .T. ) ;
#7341 = SURFACE_STYLE_FILL_AREA ( #12011 ) ;
#7342 = CARTESIAN_POINT ( 'NONE',  ( 7.500000000000000000, -3.799999999999999822, 0.4799999999999981504 ) ) ;
#7343 = LINE ( 'NONE', #8042, #7373 ) ;
#7344 = ORIENTED_EDGE ( 'NONE', *, *, #8436, .F. ) ;
#7345 = CARTESIAN_POINT ( 'NONE',  ( -0.8573571867396971857, -3.224353220270048226, 0.9799999999999999822 ) ) ;
#7346 = FILL_AREA_STYLE ('',( #2646 ) ) ;
#7347 = EDGE_LOOP ( 'NONE', ( #5605, #2182, #3570, #1721 ) ) ;
#7348 = LINE ( 'NONE', #11954, #9358 ) ;
#7349 = SURFACE_STYLE_FILL_AREA ( #4535 ) ;
#7350 = CARTESIAN_POINT ( 'NONE',  ( -0.6849133363181991729, -3.383332205675342763, 0.9810000000000000941 ) ) ;
#7351 = PRESENTATION_STYLE_ASSIGNMENT (( #5573 ) ) ;
#7352 = VERTEX_POINT ( 'NONE', #1888 ) ;
#7353 = DIRECTION ( 'NONE',  ( -0.0000000000000000000, -0.0000000000000000000, -1.000000000000000000 ) ) ;
#7354 = ORIENTED_EDGE ( 'NONE', *, *, #9042, .F. ) ;
#7355 = CARTESIAN_POINT ( 'NONE',  ( 2.675735931288065306, -3.799999999999999822, 0.1999999999999999833 ) ) ;
#7356 = CARTESIAN_POINT ( 'NONE',  ( -0.3498513477856780574, -3.307221926200337059, 0.9810000000000000941 ) ) ;
#7357 = VERTEX_POINT ( 'NONE', #2068 ) ;
#7358 = CARTESIAN_POINT ( 'NONE',  ( -0.7292070235534214850, -2.827789550986767431, 0.9810000000000000941 ) ) ;
#7359 = FACE_BOUND ( 'NONE', #72, .T. ) ;
#7360 = CARTESIAN_POINT ( 'NONE',  ( -0.9761495286786930903, -3.271038350713540321, 0.9810000000000000941 ) ) ;
#7361 = DIRECTION ( 'NONE',  ( -0.9434452330824933952, 0.3315284183504029758, 0.0000000000000000000 ) ) ;
#7362 = ORIENTED_EDGE ( 'NONE', *, *, #281, .F. ) ;
#7363 =( NAMED_UNIT ( * ) PLANE_ANGLE_UNIT ( ) SI_UNIT ( $, .RADIAN. ) );
#7364 = CARTESIAN_POINT ( 'NONE',  ( -1.919278867438905190, -2.975400994119907772, 0.9799999999999999822 ) ) ;
#7365 = VECTOR ( 'NONE', #8195, 1000.000000000000000 ) ;
#7366 = ORIENTED_EDGE ( 'NONE', *, *, #8436, .T. ) ;
#7367 = DIRECTION ( 'NONE',  ( 1.000000000000000000, -0.0000000000000000000, -0.0000000000000000000 ) ) ;
#7368 = PRESENTATION_LAYER_ASSIGNMENT (  '', '', ( #541 ) ) ;
#7369 = EDGE_LOOP ( 'NONE', ( #3698, #7491, #9429, #4519 ) ) ;
#7370 =( NAMED_UNIT ( * ) SI_UNIT ( $, .STERADIAN. ) SOLID_ANGLE_UNIT ( ) );
#7371 = STYLED_ITEM ( 'NONE', ( #377 ), #7179 ) ;
#7372 = CARTESIAN_POINT ( 'NONE',  ( -0.9829079551346840971, -3.289442065832175466, 0.9800000000000002043 ) ) ;
#7373 = VECTOR ( 'NONE', #1581, 1000.000000000000000 ) ;
#7374 = CARTESIAN_POINT ( 'NONE',  ( -0.1673218455763031964, -3.167270510664148553, 0.9810000000000000941 ) ) ;
#7375 = CARTESIAN_POINT ( 'NONE',  ( -0.8573571867396971857, -3.224353220270048226, 0.9799999999999999822 ) ) ;
#7376 = ORIENTED_EDGE ( 'NONE', *, *, #2255, .T. ) ;
#7377 = FILL_AREA_STYLE_COLOUR ( '', #5072 ) ;
#7378 = CARTESIAN_POINT ( 'NONE',  ( -1.997362169133766852, -2.866952039066210212, 0.9799999999999999822 ) ) ;
#7379 = CARTESIAN_POINT ( 'NONE',  ( -0.4314723442150319443, -3.127031879302791140, 0.9810000000000000941 ) ) ;
#7380 = B_SPLINE_SURFACE_WITH_KNOTS ( 'NONE', 3, 1, ( 
 ( #7311, #9994 ),
 ( #11107, #6450 ),
 ( #10190, #12097 ),
 ( #2471, #10126 ),
 ( #1794, #1605 ),
 ( #6196, #11913 ) ),
 .UNSPECIFIED., .F., .F., .F.,
 ( 4, 2, 4 ),
 ( 2, 2 ),
 ( 2.000000000000000000, 3.000000000000000000, 4.000000000000000000 ),
 ( 0.0000000000000000000, 1.000000000000000000 ),
 .UNSPECIFIED. ) ;
#7381 = EDGE_CURVE ( 'NONE', #7556, #573, #240, .T. ) ;
#7382 = VERTEX_POINT ( 'NONE', #1149 ) ;
#7383 = AXIS2_PLACEMENT_3D ( 'NONE', #6401, #11863, #6474 ) ;
#7384 = VECTOR ( 'NONE', #9225, 1000.000000000000000 ) ;
#7385 = CARTESIAN_POINT ( 'NONE',  ( -0.8053692909234896335, -3.271558229671111651, 0.9810000000000000941 ) ) ;
#7386 = PRESENTATION_LAYER_ASSIGNMENT (  '', '', ( #1641 ) ) ;
#7387 = ORIENTED_EDGE ( 'NONE', *, *, #762, .T. ) ;
#7388 = EDGE_CURVE ( 'NONE', #8480, #9598, #1208, .T. ) ;
#7389 = ORIENTED_EDGE ( 'NONE', *, *, #3636, .F. ) ;
#7390 = ADVANCED_FACE ( 'NONE', ( #4939 ), #128, .F. ) ;
#7391 = CARTESIAN_POINT ( 'NONE',  ( -0.7663783690616761124, -3.188273620574769485, 0.9810000000000000941 ) ) ;
#7392 = SURFACE_STYLE_USAGE ( .BOTH. , #4395 ) ;
#7393 = CARTESIAN_POINT ( 'NONE',  ( -0.7736566744759153513, -3.260432819966722295, 0.9800000000000002043 ) ) ;
#7394 = CARTESIAN_POINT ( 'NONE',  ( -0.5512524561754880148, -2.979282279394789512, 0.9810000000000000941 ) ) ;
#7395 = PRESENTATION_LAYER_ASSIGNMENT (  '', '', ( #564 ) ) ;
#7396 = CARTESIAN_POINT ( 'NONE',  ( -0.9070576151398446196, -2.987808294308576418, 0.9799999999999999822 ) ) ;
#7397 = STYLED_ITEM ( 'NONE', ( #8909 ), #1854 ) ;
#7398 = VERTEX_POINT ( 'NONE', #2826 ) ;
#7399 = CARTESIAN_POINT ( 'NONE',  ( -0.3433528608077843214, -3.330408527734124657, 0.9799999999999999822 ) ) ;
#7400 = LINE ( 'NONE', #6674, #7122 ) ;
#7401 = CARTESIAN_POINT ( 'NONE',  ( -0.9706388117222577439, -3.310757103115949729, 0.9810000000000000941 ) ) ;
#7402 = DIRECTION ( 'NONE',  ( 0.0000000000000000000, -1.000000000000000000, 0.0000000000000000000 ) ) ;
#7403 = STYLED_ITEM ( 'NONE', ( #7741 ), #3893 ) ;
#7404 = EDGE_CURVE ( 'NONE', #5304, #10468, #8987, .T. ) ;
#7405 =( NAMED_UNIT ( * ) PLANE_ANGLE_UNIT ( ) SI_UNIT ( $, .RADIAN. ) );
#7406 = UNCERTAINTY_MEASURE_WITH_UNIT (LENGTH_MEASURE( 1.000000000000000082E-05 ), #6241, 'distance_accuracy_value', 'NONE');
#7407 = ORIENTED_EDGE ( 'NONE', *, *, #8893, .T. ) ;
#7408 = PRESENTATION_LAYER_ASSIGNMENT (  '', '', ( #382 ) ) ;
#7409 = FILL_AREA_STYLE ('',( #12079 ) ) ;
#7410 = ORIENTED_EDGE ( 'NONE', *, *, #2552, .T. ) ;
#7411 = PRESENTATION_STYLE_ASSIGNMENT (( #24 ) ) ;
#7412 = EDGE_CURVE ( 'NONE', #3634, #4771, #8616, .T. ) ;
#7413 =( LENGTH_UNIT ( ) NAMED_UNIT ( * ) SI_UNIT ( .MILLI., .METRE. ) );
#7414 = LINE ( 'NONE', #4606, #10413 ) ;
#7415 = UNCERTAINTY_MEASURE_WITH_UNIT (LENGTH_MEASURE( 1.000000000000000082E-05 ), #5022, 'distance_accuracy_value', 'NONE');
#7416 = DIRECTION ( 'NONE',  ( 1.000000000000000000, 0.0000000000000000000, 0.0000000000000000000 ) ) ;
#7417 = ORIENTED_EDGE ( 'NONE', *, *, #1549, .F. ) ;
#7418 =( NAMED_UNIT ( * ) SI_UNIT ( $, .STERADIAN. ) SOLID_ANGLE_UNIT ( ) );
#7419 =( NAMED_UNIT ( * ) PLANE_ANGLE_UNIT ( ) SI_UNIT ( $, .RADIAN. ) );
#7420 = CARTESIAN_POINT ( 'NONE',  ( -1.773234185274330743, -3.281950285312990712, 0.9799999999999999822 ) ) ;
#7421 = VECTOR ( 'NONE', #10759, 1000.000000000000114 ) ;
#7422 = FILL_AREA_STYLE_COLOUR ( '', #6246 ) ;
#7423 = ORIENTED_EDGE ( 'NONE', *, *, #5746, .F. ) ;
#7424 = UNCERTAINTY_MEASURE_WITH_UNIT (LENGTH_MEASURE( 1.000000000000000082E-05 ), #11406, 'distance_accuracy_value', 'NONE');
#7425 = PRESENTATION_STYLE_ASSIGNMENT (( #8581 ) ) ;
#7426 = ORIENTED_EDGE ( 'NONE', *, *, #106, .T. ) ;
#7427 = CARTESIAN_POINT ( 'NONE',  ( -1.838303607950860785, -3.426549002369938535, 0.9810000000000000941 ) ) ;
#7428 = PRESENTATION_LAYER_ASSIGNMENT (  '', '', ( #10564 ) ) ;
#7429 = MECHANICAL_DESIGN_GEOMETRIC_PRESENTATION_REPRESENTATION (  '', ( #1564 ), #5085 ) ;
#7430 =( GEOMETRIC_REPRESENTATION_CONTEXT ( 3 ) GLOBAL_UNCERTAINTY_ASSIGNED_CONTEXT ( ( #11456 ) ) GLOBAL_UNIT_ASSIGNED_CONTEXT ( ( #4030, #4151, #4087 ) ) REPRESENTATION_CONTEXT ( 'NONE', 'WORKASPACE' ) );
#7431 = B_SPLINE_CURVE_WITH_KNOTS ( 'NONE', 3,
 ( #8736, #5908, #9440, #7517 ),
 .UNSPECIFIED., .F., .F.,
 ( 4, 4 ),
 ( 12.00000000000000000, 13.00000000000000000 ),
 .UNSPECIFIED. ) ;
#7432 = PRESENTATION_STYLE_ASSIGNMENT (( #5828 ) ) ;
#7433 = ORIENTED_EDGE ( 'NONE', *, *, #11813, .F. ) ;
#7434 = UNCERTAINTY_MEASURE_WITH_UNIT (LENGTH_MEASURE( 1.000000000000000082E-05 ), #639, 'distance_accuracy_value', 'NONE');
#7435 = CARTESIAN_POINT ( 'NONE',  ( -1.654663226256120279, -2.749827072733562972, 0.9810000000000000941 ) ) ;
#7436 = STYLED_ITEM ( 'NONE', ( #8499 ), #10335 ) ;
#7437 =( GEOMETRIC_REPRESENTATION_CONTEXT ( 3 ) GLOBAL_UNCERTAINTY_ASSIGNED_CONTEXT ( ( #5588 ) ) GLOBAL_UNIT_ASSIGNED_CONTEXT ( ( #2338, #6989, #2153 ) ) REPRESENTATION_CONTEXT ( 'NONE', 'WORKASPACE' ) );
#7438 = DIRECTION ( 'NONE',  ( 0.0000000000000000000, -0.0000000000000000000, -1.000000000000000000 ) ) ;
#7439 = DIRECTION ( 'NONE',  ( 0.0000000000000000000, -1.000000000000000000, 0.0000000000000000000 ) ) ;
#7440 =( NAMED_UNIT ( * ) PLANE_ANGLE_UNIT ( ) SI_UNIT ( $, .RADIAN. ) );
#7441 = ORIENTED_EDGE ( 'NONE', *, *, #7412, .F. ) ;
#7442 = VECTOR ( 'NONE', #368, 1000.000000000000000 ) ;
#7443 = PRESENTATION_LAYER_ASSIGNMENT (  '', '', ( #8406 ) ) ;
#7444 = PRESENTATION_STYLE_ASSIGNMENT (( #10329 ) ) ;
#7445 = ORIENTED_EDGE ( 'NONE', *, *, #8118, .T. ) ;
#7446 = ORIENTED_EDGE ( 'NONE', *, *, #11679, .F. ) ;
#7447 = CARTESIAN_POINT ( 'NONE',  ( -2.170880670972001436, -3.258814512647445039, 0.9799999999999999822 ) ) ;
#7448 = FILL_AREA_STYLE ('',( #1766 ) ) ;
#7449 = CARTESIAN_POINT ( 'NONE',  ( -0.8007943560920566251, -3.181827121492629473, 0.9810000000000000941 ) ) ;
#7450 = ORIENTED_EDGE ( 'NONE', *, *, #8048, .T. ) ;
#7451 = CARTESIAN_POINT ( 'NONE',  ( -0.2965637545741610093, -3.301919160827621269, 0.9810000000000000941 ) ) ;
#7452 = SURFACE_STYLE_FILL_AREA ( #5676 ) ;
#7453 = B_SPLINE_CURVE_WITH_KNOTS ( 'NONE', 3,
 ( #10581, #2183, #5707, #4972 ),
 .UNSPECIFIED., .F., .F.,
 ( 4, 4 ),
 ( 2.000000000000000000, 3.000000000000000000 ),
 .UNSPECIFIED. ) ;
#7454 = DIRECTION ( 'NONE',  ( 0.0000000000000000000, -0.0000000000000000000, 1.000000000000000000 ) ) ;
#7455 = EDGE_CURVE ( 'NONE', #9303, #8309, #10515, .T. ) ;
#7456 = EDGE_CURVE ( 'NONE', #4026, #4089, #5621, .T. ) ;
#7457 = VERTEX_POINT ( 'NONE', #11265 ) ;
#7458 = CARTESIAN_POINT ( 'NONE',  ( -0.9530669029364294831, -2.800963796745862489, 0.9799999999999999822 ) ) ;
#7459 = COLOUR_RGB ( '',0.0000000000000000000, 0.0000000000000000000, 0.0000000000000000000 ) ;
#7460 = DIRECTION ( 'NONE',  ( 1.000000000000000000, 0.0000000000000000000, 0.0000000000000000000 ) ) ;
#7461 = B_SPLINE_CURVE_WITH_KNOTS ( 'NONE', 3,
 ( #7345, #4461, #4284, #10956 ),
 .UNSPECIFIED., .F., .F.,
 ( 4, 4 ),
 ( 5.000000000000000000, 6.000000000000000000 ),
 .UNSPECIFIED. ) ;
#7462 = DIRECTION ( 'NONE',  ( -0.0000000000000000000, -0.0000000000000000000, -1.000000000000000000 ) ) ;
#7463 = CARTESIAN_POINT ( 'NONE',  ( -0.2256002767859923985, -3.330408527734124657, 0.9810000000000000941 ) ) ;
#7464 = ORIENTED_EDGE ( 'NONE', *, *, #7829, .F. ) ;
#7465 = FACE_OUTER_BOUND ( 'NONE', #8967, .T. ) ;
#7466 =( LENGTH_UNIT ( ) NAMED_UNIT ( * ) SI_UNIT ( .MILLI., .METRE. ) );
#7467 = FACE_OUTER_BOUND ( 'NONE', #5146, .T. ) ;
#7468 = CARTESIAN_POINT ( 'NONE',  ( -0.4148882054506557449, -2.844633629231312355, 0.9810000000000000941 ) ) ;
#7469 = EDGE_CURVE ( 'NONE', #6819, #11409, #4434, .T. ) ;
#7470 = CARTESIAN_POINT ( 'NONE',  ( -1.452225022375277952, -2.939251397593995563, 0.9799999999999999822 ) ) ;
#7471 = VECTOR ( 'NONE', #9455, 1000.000000000000000 ) ;
#7472 = STYLED_ITEM ( 'NONE', ( #6498 ), #1413 ) ;
#7473 = DIRECTION ( 'NONE',  ( 0.9369753459544831742, 0.3493954794691490617, -0.0000000000000000000 ) ) ;
#7474 = ORIENTED_EDGE ( 'NONE', *, *, #8595, .T. ) ;
#7475 = EDGE_CURVE ( 'NONE', #9871, #7195, #8976, .T. ) ;
#7476 = DIRECTION ( 'NONE',  ( 1.000000000000000000, -0.0000000000000000000, -0.0000000000000000000 ) ) ;
#7477 = DIRECTION ( 'NONE',  ( -0.0000000000000000000, -0.0000000000000000000, -1.000000000000000000 ) ) ;
#7478 = EDGE_CURVE ( 'NONE', #10915, #5943, #8870, .T. ) ;
#7479 = CARTESIAN_POINT ( 'NONE',  ( -0.5980415624104890027, -3.007771646301292012, 0.9810000000000000941 ) ) ;
#7480 = CARTESIAN_POINT ( 'NONE',  ( -0.9601372567676421665, -3.011202847425386686, 0.9799999999999999822 ) ) ;
#7481 = PRESENTATION_STYLE_ASSIGNMENT (( #9211 ) ) ;
#7482 = VERTEX_POINT ( 'NONE', #5063 ) ;
#7483 = B_SPLINE_SURFACE_WITH_KNOTS ( 'NONE', 3, 1, ( 
 ( #8714, #5819 ),
 ( #1062, #2041 ),
 ( #2970, #3031 ),
 ( #4788, #8577 ) ),
 .UNSPECIFIED., .F., .F., .F.,
 ( 4, 4 ),
 ( 2, 2 ),
 ( 18.00000000000000000, 19.00000000000000000 ),
 ( 0.0000000000000000000, 1.000000000000000000 ),
 .UNSPECIFIED. ) ;
#7484 =( GEOMETRIC_REPRESENTATION_CONTEXT ( 3 ) GLOBAL_UNCERTAINTY_ASSIGNED_CONTEXT ( ( #9737 ) ) GLOBAL_UNIT_ASSIGNED_CONTEXT ( ( #347, #480, #2355 ) ) REPRESENTATION_CONTEXT ( 'NONE', 'WORKASPACE' ) );
#7485 = CARTESIAN_POINT ( 'NONE',  ( -0.8920331132488582560, -3.200126860819747510, 0.9799999999999999822 ) ) ;
#7486 = FILL_AREA_STYLE ('',( #4732 ) ) ;
#7487 = CARTESIAN_POINT ( 'NONE',  ( -0.5512524561754880148, -2.979282279394789512, 0.9799999999999999822 ) ) ;
#7488 = ADVANCED_FACE ( 'NONE', ( #1318 ), #4999, .F. ) ;
#7489 = VECTOR ( 'NONE', #6068, 1000.000000000000000 ) ;
#7490 = CARTESIAN_POINT ( 'NONE',  ( -0.7855619026180425957, -3.293393145913836140, 0.9810000000000000941 ) ) ;
#7491 = ORIENTED_EDGE ( 'NONE', *, *, #7177, .F. ) ;
#7492 = PRESENTATION_STYLE_ASSIGNMENT (( #11122 ) ) ;
#7493 = DIRECTION ( 'NONE',  ( 1.000000000000000000, -0.0000000000000000000, -0.0000000000000000000 ) ) ;
#7494 = FACE_OUTER_BOUND ( 'NONE', #9707, .T. ) ;
#7495 = FILL_AREA_STYLE_COLOUR ( '', #5988 ) ;
#7496 = CARTESIAN_POINT ( 'NONE',  ( -0.8311032993528110202, -3.222065752853989107, 0.9810000000000000941 ) ) ;
#7497 = STYLED_ITEM ( 'NONE', ( #3922 ), #9121 ) ;
#7498 = DIRECTION ( 'NONE',  ( -0.0000000000000000000, -0.0000000000000000000, -1.000000000000000000 ) ) ;
#7499 = VERTEX_POINT ( 'NONE', #7085 ) ;
#7500 = ORIENTED_EDGE ( 'NONE', *, *, #1713, .T. ) ;
#7501 = STYLED_ITEM ( 'NONE', ( #8187 ), #9306 ) ;
#7502 = CARTESIAN_POINT ( 'NONE',  ( -0.7594119910226668768, -3.304206628243687938, 0.9810000000000000941 ) ) ;
#7503 = CARTESIAN_POINT ( 'NONE',  ( -2.170880670972001436, -3.258814512647445039, 0.9810000000000000941 ) ) ;
#7504 = LINE ( 'NONE', #1022, #221 ) ;
#7505 = SURFACE_SIDE_STYLE ('',( #3786 ) ) ;
#7506 = FILL_AREA_STYLE ('',( #7981 ) ) ;
#7507 = VERTEX_POINT ( 'NONE', #6847 ) ;
#7508 = CARTESIAN_POINT ( 'NONE',  ( -1.452225022375277952, -2.939251397593995563, 0.9799999999999999822 ) ) ;
#7509 = CARTESIAN_POINT ( 'NONE',  ( -0.9284246403200677733, -3.301087354494127712, 0.9810000000000000941 ) ) ;
#7510 = DIRECTION ( 'NONE',  ( -1.000000000000000000, -0.0000000000000000000, -0.0000000000000000000 ) ) ;
#7511 = DIRECTION ( 'NONE',  ( -0.3559357243643076485, -0.9345104387438672999, -0.0000000000000000000 ) ) ;
#7512 = UNCERTAINTY_MEASURE_WITH_UNIT (LENGTH_MEASURE( 1.000000000000000082E-05 ), #9873, 'distance_accuracy_value', 'NONE');
#7513 = ORIENTED_EDGE ( 'NONE', *, *, #6959, .T. ) ;
#7514 = CARTESIAN_POINT ( 'NONE',  ( -0.9779691050322590895, -2.810945472742220286, 0.9799999999999999822 ) ) ;
#7515 =( NAMED_UNIT ( * ) SI_UNIT ( $, .STERADIAN. ) SOLID_ANGLE_UNIT ( ) );
#7516 = PRESENTATION_STYLE_ASSIGNMENT (( #1957 ) ) ;
#7517 = CARTESIAN_POINT ( 'NONE',  ( -0.6759194303426058203, -3.306286144076720834, 0.9799999999999999822 ) ) ;
#7518 = CARTESIAN_POINT ( 'NONE',  ( -1.570796036554218844, -3.242908675834546894, 0.9800000000000002043 ) ) ;
#7519 = CARTESIAN_POINT ( 'NONE',  ( -0.6891763437750964005, -3.330096600359580883, 0.9810000000000000941 ) ) ;
#7520 = CARTESIAN_POINT ( 'NONE',  ( -1.116256907902850815, -3.307221926200337059, 0.9810000000000000941 ) ) ;
#7521 = ORIENTED_EDGE ( 'NONE', *, *, #734, .T. ) ;
#7522 = CARTESIAN_POINT ( 'NONE',  ( -0.8007943560920566251, -3.181827121492629473, 0.9810000000000000941 ) ) ;
#7523 = CARTESIAN_POINT ( 'NONE',  ( -0.8573571867396971857, -3.233295138351273579, 0.9810000000000000941 ) ) ;
#7524 = FILL_AREA_STYLE_COLOUR ( '', #1974 ) ;
#7525 = CARTESIAN_POINT ( 'NONE',  ( -1.502834628505179460, -3.242908675834546450, 0.9800000000000002043 ) ) ;
#7526 = UNCERTAINTY_MEASURE_WITH_UNIT (LENGTH_MEASURE( 1.000000000000000082E-05 ), #275, 'distance_accuracy_value', 'NONE');
#7527 = ADVANCED_FACE ( 'NONE', ( #1504 ), #8745, .F. ) ;
#7528 = VERTEX_POINT ( 'NONE', #8280 ) ;
#7529 = LINE ( 'NONE', #7708, #1213 ) ;
#7530 = SURFACE_STYLE_FILL_AREA ( #94 ) ;
#7531 = ADVANCED_FACE ( 'NONE', ( #6346, #11807 ), #5307, .T. ) ;
#7532 = CARTESIAN_POINT ( 'NONE',  ( -0.9051860508905329450, -2.824670277238598537, 0.9800000000000002043 ) ) ;
#7533 = EDGE_CURVE ( 'NONE', #9896, #7528, #12001, .T. ) ;
#7534 = CARTESIAN_POINT ( 'NONE',  ( -1.773234185274330521, -3.267490413606325195, 0.9800000000000002043 ) ) ;
#7535 =( NAMED_UNIT ( * ) PLANE_ANGLE_UNIT ( ) SI_UNIT ( $, .RADIAN. ) );
#7536 =( NAMED_UNIT ( * ) SI_UNIT ( $, .STERADIAN. ) SOLID_ANGLE_UNIT ( ) );
#7537 = ORIENTED_EDGE ( 'NONE', *, *, #11060, .F. ) ;
#7538 = CARTESIAN_POINT ( 'NONE',  ( -1.369803797780998034, -2.965279155633430808, 0.9799999999999999822 ) ) ;
#7539 =( LENGTH_UNIT ( ) NAMED_UNIT ( * ) SI_UNIT ( .MILLI., .METRE. ) );
#7540 = ADVANCED_FACE ( 'NONE', ( #5415 ), #9299, .F. ) ;
#7541 = CARTESIAN_POINT ( 'NONE',  ( -0.8348464278514439174, -3.260120892592178077, 0.9810000000000000941 ) ) ;
#7542 = EDGE_CURVE ( 'NONE', #4089, #8161, #898, .T. ) ;
#7543 = CARTESIAN_POINT ( 'NONE',  ( -0.7877453942418992661, -3.283203518334449011, 0.9799999999999999822 ) ) ;
#7544 = ORIENTED_EDGE ( 'NONE', *, *, #3955, .T. ) ;
#7545 = UNCERTAINTY_MEASURE_WITH_UNIT (LENGTH_MEASURE( 1.000000000000000082E-05 ), #62, 'distance_accuracy_value', 'NONE');
#7546 = SURFACE_STYLE_FILL_AREA ( #8396 ) ;
#7547 = FACE_OUTER_BOUND ( 'NONE', #7092, .T. ) ;
#7548 = FILL_AREA_STYLE_COLOUR ( '', #7757 ) ;
#7549 = DIRECTION ( 'NONE',  ( 0.7071067811865463515, 0.0000000000000000000, 0.7071067811865487940 ) ) ;
#7550 = PRESENTATION_STYLE_ASSIGNMENT (( #8473 ) ) ;
#7551 = AXIS2_PLACEMENT_3D ( 'NONE', #9624, #2080, #1222 ) ;
#7552 = EDGE_CURVE ( 'NONE', #3057, #3240, #5457, .T. ) ;
#7553 = VECTOR ( 'NONE', #6557, 1000.000000000000114 ) ;
#7554 =( LENGTH_UNIT ( ) NAMED_UNIT ( * ) SI_UNIT ( .MILLI., .METRE. ) );
#7555 = CARTESIAN_POINT ( 'NONE',  ( -0.3152274091715781545, -3.286010864708079460, 0.9810000000000000941 ) ) ;
#7556 = VERTEX_POINT ( 'NONE', #5360 ) ;
#7557 =( GEOMETRIC_REPRESENTATION_CONTEXT ( 3 ) GLOBAL_UNCERTAINTY_ASSIGNED_CONTEXT ( ( #11764 ) ) GLOBAL_UNIT_ASSIGNED_CONTEXT ( ( #1398, #6110, #10772 ) ) REPRESENTATION_CONTEXT ( 'NONE', 'WORKASPACE' ) );
#7558 = ORIENTED_EDGE ( 'NONE', *, *, #8570, .F. ) ;
#7559 = SURFACE_STYLE_USAGE ( .BOTH. , #11073 ) ;
#7560 = EDGE_CURVE ( 'NONE', #7009, #5296, #4444, .T. ) ;
#7561 = ORIENTED_EDGE ( 'NONE', *, *, #3616, .F. ) ;
#7562 = CARTESIAN_POINT ( 'NONE',  ( 2.675735931288064862, 3.799999999999999822, 0.1999999999999999833 ) ) ;
#7563 =( NAMED_UNIT ( * ) PLANE_ANGLE_UNIT ( ) SI_UNIT ( $, .RADIAN. ) );
#7564 =( GEOMETRIC_REPRESENTATION_CONTEXT ( 3 ) GLOBAL_UNCERTAINTY_ASSIGNED_CONTEXT ( ( #11113 ) ) GLOBAL_UNIT_ASSIGNED_CONTEXT ( ( #6787, #4025, #6843 ) ) REPRESENTATION_CONTEXT ( 'NONE', 'WORKASPACE' ) );
#7565 = ORIENTED_EDGE ( 'NONE', *, *, #1713, .F. ) ;
#7566 = PRESENTATION_STYLE_ASSIGNMENT (( #3795 ) ) ;
#7567 = B_SPLINE_SURFACE_WITH_KNOTS ( 'NONE', 3, 1, ( 
 ( #11827, #9001 ),
 ( #3433, #7164 ),
 ( #7110, #10896 ),
 ( #2513, #4534 ) ),
 .UNSPECIFIED., .F., .F., .F.,
 ( 4, 4 ),
 ( 2, 2 ),
 ( 6.000000000000000000, 7.000000000000000000 ),
 ( 0.0000000000000000000, 1.000000000000000000 ),
 .UNSPECIFIED. ) ;
#7568 = MECHANICAL_DESIGN_GEOMETRIC_PRESENTATION_REPRESENTATION (  '', ( #9750 ), #11097 ) ;
#7569 = PRESENTATION_LAYER_ASSIGNMENT (  '', '', ( #168 ) ) ;
#7570 = CARTESIAN_POINT ( 'NONE',  ( -1.037755185220968768, -3.127031879302791140, 0.9810000000000000941 ) ) ;
#7571 = MECHANICAL_DESIGN_GEOMETRIC_PRESENTATION_REPRESENTATION (  '', ( #6218 ), #9158 ) ;
#7572 = CARTESIAN_POINT ( 'NONE',  ( -0.4314723442150319443, -3.330408527734124657, 0.9800000000000002043 ) ) ;
#7573 = CARTESIAN_POINT ( 'NONE',  ( -0.2658908960417202816, -3.226120808728545342, 0.9799999999999999822 ) ) ;
#7574 = MECHANICAL_DESIGN_GEOMETRIC_PRESENTATION_REPRESENTATION (  '', ( #4845 ), #919 ) ;
#7575 = CARTESIAN_POINT ( 'NONE',  ( -1.043525841656193887, -3.215515277981726872, 0.9799999999999999822 ) ) ;
#7576 = SURFACE_SIDE_STYLE ('',( #2134 ) ) ;
#7577 = CARTESIAN_POINT ( 'NONE',  ( -0.4196710918658096423, -2.836523517483580559, 0.9800000000000002043 ) ) ;
#7578 = ORIENTED_EDGE ( 'NONE', *, *, #1698, .T. ) ;
#7579 = LINE ( 'NONE', #3126, #10211 ) ;
#7580 = DIRECTION ( 'NONE',  ( -0.0000000000000000000, 1.000000000000000000, -0.0000000000000000000 ) ) ;
#7581 = MECHANICAL_DESIGN_GEOMETRIC_PRESENTATION_REPRESENTATION (  '', ( #765 ), #1014 ) ;
#7582 = STYLED_ITEM ( 'NONE', ( #5705 ), #2002 ) ;
#7583 = FILL_AREA_STYLE_COLOUR ( '', #8063 ) ;
#7584 = B_SPLINE_CURVE_WITH_KNOTS ( 'NONE', 3,
 ( #3647, #6328, #8193, #4558 ),
 .UNSPECIFIED., .F., .F.,
 ( 4, 4 ),
 ( 0.0000000000000000000, 1.000000000000000000 ),
 .UNSPECIFIED. ) ;
#7585 = FILL_AREA_STYLE ('',( #9514 ) ) ;
#7586 = ORIENTED_EDGE ( 'NONE', *, *, #3588, .F. ) ;
#7587 = FILL_AREA_STYLE ('',( #3926 ) ) ;
#7588 =( LENGTH_UNIT ( ) NAMED_UNIT ( * ) SI_UNIT ( .MILLI., .METRE. ) );
#7589 = CARTESIAN_POINT ( 'NONE',  ( -0.9761495286786930903, -3.271038350713540321, 0.9800000000000002043 ) ) ;
#7590 =( NAMED_UNIT ( * ) SI_UNIT ( $, .STERADIAN. ) SOLID_ANGLE_UNIT ( ) );
#7591 = SURFACE_STYLE_FILL_AREA ( #8518 ) ;
#7592 = ORIENTED_EDGE ( 'NONE', *, *, #7560, .T. ) ;
#7593 = PRESENTATION_STYLE_ASSIGNMENT (( #4061 ) ) ;
#7594 = EDGE_CURVE ( 'NONE', #903, #3219, #6491, .T. ) ;
#7595 = AXIS2_PLACEMENT_3D ( 'NONE', #5106, #8844, #467 ) ;
#7596 = CARTESIAN_POINT ( 'NONE',  ( -0.5980415624104890027, -3.007771646301292012, 0.9800000000000002043 ) ) ;
#7597 = ADVANCED_FACE ( 'NONE', ( #5662 ), #5725, .F. ) ;
#7598 = EDGE_CURVE ( 'NONE', #773, #2202, #9267, .T. ) ;
#7599 =( GEOMETRIC_REPRESENTATION_CONTEXT ( 3 ) GLOBAL_UNCERTAINTY_ASSIGNED_CONTEXT ( ( #1338 ) ) GLOBAL_UNIT_ASSIGNED_CONTEXT ( ( #3839, #2937, #10336 ) ) REPRESENTATION_CONTEXT ( 'NONE', 'WORKASPACE' ) );
#7600 = VECTOR ( 'NONE', #5291, 1000.000000000000000 ) ;
#7601 = ORIENTED_EDGE ( 'NONE', *, *, #7598, .F. ) ;
#7602 = CARTESIAN_POINT ( 'NONE',  ( -2.231612129378391263, -3.101201944150103973, 0.9799999999999999822 ) ) ;
#7603 = ADVANCED_FACE ( 'NONE', ( #115 ), #11312, .T. ) ;
#7604 = B_SPLINE_CURVE_WITH_KNOTS ( 'NONE', 3,
 ( #2943, #11, #6739, #4697 ),
 .UNSPECIFIED., .F., .F.,
 ( 4, 4 ),
 ( 6.000000000000000000, 7.000000000000000000 ),
 .UNSPECIFIED. ) ;
#7605 = FILL_AREA_STYLE ('',( #7548 ) ) ;
#7606 = CARTESIAN_POINT ( 'NONE',  ( -1.919278867438905190, -2.975400994119907772, 0.9810000000000000941 ) ) ;
#7607 = CARTESIAN_POINT ( 'NONE',  ( -1.919278895018924569, -3.339789882455566961, 0.9810000000000000941 ) ) ;
#7608 = LINE ( 'NONE', #11309, #11491 ) ;
#7609 = CARTESIAN_POINT ( 'NONE',  ( -0.4180594670959711934, -2.830388945777369880, 0.9810000000000000941 ) ) ;
#7610 = LINE ( 'NONE', #287, #6107 ) ;
#7611 = STYLED_ITEM ( 'NONE', ( #8308 ), #529 ) ;
#7612 = CARTESIAN_POINT ( 'NONE',  ( -0.7964793607394053954, -3.275925212920210772, 0.9810000000000000941 ) ) ;
#7613 = ORIENTED_EDGE ( 'NONE', *, *, #8570, .T. ) ;
#7614 = VECTOR ( 'NONE', #10176, 1000.000000000000114 ) ;
#7615 = ORIENTED_EDGE ( 'NONE', *, *, #4986, .T. ) ;
#7616 = COLOUR_RGB ( '',0.0000000000000000000, 0.0000000000000000000, 0.0000000000000000000 ) ;
#7617 = CARTESIAN_POINT ( 'NONE',  ( -0.9634124942037739503, -3.263760045299302082, 0.9800000000000002043 ) ) ;
#7618 = EDGE_CURVE ( 'NONE', #3220, #8658, #2054, .T. ) ;
#7619 = EDGE_CURVE ( 'NONE', #1263, #443, #9537, .T. ) ;
#7620 = DIRECTION ( 'NONE',  ( -0.0000000000000000000, -0.0000000000000000000, -1.000000000000000000 ) ) ;
#7621 = DIRECTION ( 'NONE',  ( -0.0000000000000000000, 1.000000000000000000, -0.0000000000000000000 ) ) ;
#7622 = DIRECTION ( 'NONE',  ( 0.0000000000000000000, 0.0000000000000000000, -1.000000000000000000 ) ) ;
#7623 = ORIENTED_EDGE ( 'NONE', *, *, #9784, .F. ) ;
#7624 =( NAMED_UNIT ( * ) PLANE_ANGLE_UNIT ( ) SI_UNIT ( $, .RADIAN. ) );
#7625 = CARTESIAN_POINT ( 'NONE',  ( -1.116256907902850815, -2.984585044767507966, 0.9810000000000000941 ) ) ;
#7626 = FILL_AREA_STYLE ('',( #2876 ) ) ;
#7627 = VECTOR ( 'NONE', #8777, 1000.000000000000000 ) ;
#7628 = VECTOR ( 'NONE', #7621, 1000.000000000000000 ) ;
#7629 = UNCERTAINTY_MEASURE_WITH_UNIT (LENGTH_MEASURE( 1.000000000000000082E-05 ), #7846, 'distance_accuracy_value', 'NONE');
#7630 = ORIENTED_EDGE ( 'NONE', *, *, #6571, .T. ) ;
#7631 = PRESENTATION_LAYER_ASSIGNMENT (  '', '', ( #8484 ) ) ;
#7632 = CARTESIAN_POINT ( 'NONE',  ( -0.6765952729874400440, -3.306286144076720390, 0.9810000000000000941 ) ) ;
#7633 =( NAMED_UNIT ( * ) PLANE_ANGLE_UNIT ( ) SI_UNIT ( $, .RADIAN. ) );
#7634 = DIRECTION ( 'NONE',  ( -0.7071067811865431318, 0.0000000000000000000, -0.7071067811865520136 ) ) ;
#7635 = SURFACE_SIDE_STYLE ('',( #5467 ) ) ;
#7636 = ORIENTED_EDGE ( 'NONE', *, *, #11086, .T. ) ;
#7637 = CARTESIAN_POINT ( 'NONE',  ( -0.3169949976286874915, -3.135973797384016937, 0.9810000000000000941 ) ) ;
#7638 = DIRECTION ( 'NONE',  ( -0.0000000000000000000, -1.000000000000000000, -0.0000000000000000000 ) ) ;
#7639 = CARTESIAN_POINT ( 'NONE',  ( -0.3756893320058169450, -3.307221926200337059, 0.9810000000000000941 ) ) ;
#7640 = CARTESIAN_POINT ( 'NONE',  ( -1.035259766221189093, -3.007771646301291568, 0.9800000000000002043 ) ) ;
#7641 = VERTEX_POINT ( 'NONE', #4861 ) ;
#7642 = PRESENTATION_STYLE_ASSIGNMENT (( #2843 ) ) ;
#7643 = PRESENTATION_LAYER_ASSIGNMENT (  '', '', ( #2790 ) ) ;
#7644 = VECTOR ( 'NONE', #6656, 1000.000000000000000 ) ;
#7645 = SURFACE_STYLE_FILL_AREA ( #10302 ) ;
#7646 = ORIENTED_EDGE ( 'NONE', *, *, #1782, .T. ) ;
#7647 = CARTESIAN_POINT ( 'NONE',  ( -0.7244761250340311376, -3.398824598628831239, 0.9799999999999999822 ) ) ;
#7648 = CARTESIAN_POINT ( 'NONE',  ( -0.9962688443593771259, -3.322402391779288866, 0.9810000000000000941 ) ) ;
#7649 = SURFACE_STYLE_USAGE ( .BOTH. , #11354 ) ;
#7650 = FILL_AREA_STYLE ('',( #5766 ) ) ;
#7651 = CARTESIAN_POINT ( 'NONE',  ( -0.8920331132488582560, -3.200126860819747510, 0.9810000000000000941 ) ) ;
#7652 = EDGE_LOOP ( 'NONE', ( #6073, #970, #3321, #5412 ) ) ;
#7653 = CARTESIAN_POINT ( 'NONE',  ( -0.9605531599343878346, -3.244108620679739818, 0.9810000000000000941 ) ) ;
#7654 = VECTOR ( 'NONE', #3054, 1000.000000000000000 ) ;
#7655 = CARTESIAN_POINT ( 'NONE',  ( -0.8746691560460576609, -2.974187465603711278, 0.9799999999999999822 ) ) ;
#7656 =( NAMED_UNIT ( * ) PLANE_ANGLE_UNIT ( ) SI_UNIT ( $, .RADIAN. ) );
#7657 = COLOUR_RGB ( '',0.0000000000000000000, 0.0000000000000000000, 0.0000000000000000000 ) ;
#7658 = VECTOR ( 'NONE', #876, 1000.000000000000000 ) ;
#7659 = SURFACE_STYLE_USAGE ( .BOTH. , #5773 ) ;
#7660 = PRESENTATION_LAYER_ASSIGNMENT (  '', '', ( #8237 ) ) ;
#7661 = VERTEX_POINT ( 'NONE', #8597 ) ;
#7662 = ORIENTED_EDGE ( 'NONE', *, *, #4639, .F. ) ;
#7663 = AXIS2_PLACEMENT_3D ( 'NONE', #1196, #4863, #4922 ) ;
#7664 = UNCERTAINTY_MEASURE_WITH_UNIT (LENGTH_MEASURE( 1.000000000000000082E-05 ), #4149, 'distance_accuracy_value', 'NONE');
#7665 = DIRECTION ( 'NONE',  ( 0.0000000000000000000, 0.0000000000000000000, -1.000000000000000000 ) ) ;
#7666 = PLANE ( 'NONE',  #10911 ) ;
#7667 = EDGE_CURVE ( 'NONE', #10058, #3653, #3947, .T. ) ;
#7668 = SURFACE_SIDE_STYLE ('',( #10499 ) ) ;
#7669 = FILL_AREA_STYLE_COLOUR ( '', #6980 ) ;
#7670 = CARTESIAN_POINT ( 'NONE',  ( -3.410954544295048407, -3.799999999999999822, 0.5678679656440377421 ) ) ;
#7671 = MECHANICAL_DESIGN_GEOMETRIC_PRESENTATION_REPRESENTATION (  '', ( #1817 ), #4744 ) ;
#7672 = B_SPLINE_SURFACE_WITH_KNOTS ( 'NONE', 3, 1, ( 
 ( #2726, #2528 ),
 ( #6247, #9990 ),
 ( #8250, #8005 ),
 ( #5229, #5338 ) ),
 .UNSPECIFIED., .F., .F., .F.,
 ( 4, 4 ),
 ( 2, 2 ),
 ( 5.000000000000000000, 6.000000000000000000 ),
 ( 0.0000000000000000000, 1.000000000000000000 ),
 .UNSPECIFIED. ) ;
#7673 = VECTOR ( 'NONE', #4190, 1000.000000000000000 ) ;
#7674 = VECTOR ( 'NONE', #4817, 1000.000000000000000 ) ;
#7675 = CARTESIAN_POINT ( 'NONE',  ( -0.9945532437980212359, -3.220090212813853103, 0.9800000000000002043 ) ) ;
#7676 = VERTEX_POINT ( 'NONE', #4983 ) ;
#7677 = ORIENTED_EDGE ( 'NONE', *, *, #5527, .T. ) ;
#7678 = VECTOR ( 'NONE', #9324, 1000.000000000000000 ) ;
#7679 = FACE_OUTER_BOUND ( 'NONE', #10223, .T. ) ;
#7680 = EDGE_CURVE ( 'NONE', #654, #8974, #10749, .T. ) ;
#7681 =( LENGTH_UNIT ( ) NAMED_UNIT ( * ) SI_UNIT ( .MILLI., .METRE. ) );
#7682 = SURFACE_STYLE_FILL_AREA ( #5060 ) ;
#7683 = ORIENTED_EDGE ( 'NONE', *, *, #11381, .T. ) ;
#7684 = SURFACE_SIDE_STYLE ('',( #10513 ) ) ;
#7685 = CARTESIAN_POINT ( 'NONE',  ( -1.309072325584600183, -3.179285218265638147, 0.9810000000000000941 ) ) ;
#7686 = CARTESIAN_POINT ( 'NONE',  ( -0.5092982242513865998, -3.007771646301291568, 0.9810000000000000941 ) ) ;
#7687 = DIRECTION ( 'NONE',  ( -0.3416038306902453026, 0.9398440417738201935, 0.0000000000000000000 ) ) ;
#7688 = VERTEX_POINT ( 'NONE', #8670 ) ;
#7689 = ADVANCED_FACE ( 'NONE', ( #2171 ), #1250, .F. ) ;
#7690 = PRESENTATION_LAYER_ASSIGNMENT (  '', '', ( #11036 ) ) ;
#7691 = EDGE_CURVE ( 'NONE', #443, #3506, #8132, .T. ) ;
#7692 =( NAMED_UNIT ( * ) PLANE_ANGLE_UNIT ( ) SI_UNIT ( $, .RADIAN. ) );
#7693 = PLANE ( 'NONE',  #44 ) ;
#7694 = CARTESIAN_POINT ( 'NONE',  ( -1.576579952140586105, -3.241462710728314267, 0.9799999999999999822 ) ) ;
#7695 = CARTESIAN_POINT ( 'NONE',  ( -0.4220105471776305905, -2.844633629231312355, 0.9800000000000002043 ) ) ;
#7696 = ORIENTED_EDGE ( 'NONE', *, *, #10995, .F. ) ;
#7697 =( NAMED_UNIT ( * ) SI_UNIT ( $, .STERADIAN. ) SOLID_ANGLE_UNIT ( ) );
#7698 = FACE_OUTER_BOUND ( 'NONE', #9716, .T. ) ;
#7699 = LINE ( 'NONE', #4561, #4251 ) ;
#7700 =( NAMED_UNIT ( * ) PLANE_ANGLE_UNIT ( ) SI_UNIT ( $, .RADIAN. ) );
#7701 = B_SPLINE_CURVE_WITH_KNOTS ( 'NONE', 3,
 ( #6455, #2855, #8318, #2669 ),
 .UNSPECIFIED., .F., .F.,
 ( 4, 4 ),
 ( 13.00000000000000000, 14.00000000000000000 ),
 .UNSPECIFIED. ) ;
#7702 = DIRECTION ( 'NONE',  ( -0.0000000000000000000, -0.0000000000000000000, -1.000000000000000000 ) ) ;
#7703 = ORIENTED_EDGE ( 'NONE', *, *, #2465, .F. ) ;
#7704 = CARTESIAN_POINT ( 'NONE',  ( -0.3157992760262828269, -3.169557978080211225, 0.9800000000000002043 ) ) ;
#7705 = B_SPLINE_SURFACE_WITH_KNOTS ( 'NONE', 3, 1, ( 
 ( #9608, #1317 ),
 ( #3413, #5062 ),
 ( #357, #4326 ),
 ( #8027, #11574 ) ),
 .UNSPECIFIED., .F., .F., .F.,
 ( 4, 4 ),
 ( 2, 2 ),
 ( 11.00000000000000000, 12.00000000000000000 ),
 ( 0.0000000000000000000, 1.000000000000000000 ),
 .UNSPECIFIED. ) ;
#7706 = CARTESIAN_POINT ( 'NONE',  ( -1.773234185274330743, -3.273274384352724553, 0.9810000000000000941 ) ) ;
#7707 = ORIENTED_EDGE ( 'NONE', *, *, #1327, .F. ) ;
#7708 = CARTESIAN_POINT ( 'NONE',  ( -7.500000000000000000, 3.799999999999999822, 0.0000000000000000000 ) ) ;
#7709 = CARTESIAN_POINT ( 'NONE',  ( -0.2965637545741610093, -3.153961609335209193, 0.9799999999999999822 ) ) ;
#7710 =( NAMED_UNIT ( * ) SI_UNIT ( $, .STERADIAN. ) SOLID_ANGLE_UNIT ( ) );
#7711 = CARTESIAN_POINT ( 'NONE',  ( -0.8077087462353104153, -2.916168973874188275, 0.9810000000000000941 ) ) ;
#7712 = SURFACE_STYLE_USAGE ( .BOTH. , #6702 ) ;
#7713 =( LENGTH_UNIT ( ) NAMED_UNIT ( * ) SI_UNIT ( .MILLI., .METRE. ) );
#7714 = ORIENTED_EDGE ( 'NONE', *, *, #9786, .T. ) ;
#7715 = CARTESIAN_POINT ( 'NONE',  ( -1.900481045253495260, -2.806220573765509929, 0.9799999999999999822 ) ) ;
#7716 = PLANE ( 'NONE',  #4466 ) ;
#7717 = STYLED_ITEM ( 'NONE', ( #4062 ), #12091 ) ;
#7718 = LINE ( 'NONE', #5171, #3705 ) ;
#7719 = ORIENTED_EDGE ( 'NONE', *, *, #6955, .T. ) ;
#7720 = ORIENTED_EDGE ( 'NONE', *, *, #952, .T. ) ;
#7721 = FILL_AREA_STYLE ('',( #8592 ) ) ;
#7722 = SURFACE_STYLE_FILL_AREA ( #6777 ) ;
#7723 = CARTESIAN_POINT ( 'NONE',  ( -1.534646302130288520, -2.916115597349821620, 0.9810000000000000941 ) ) ;
#7724 = CARTESIAN_POINT ( 'NONE',  ( -0.9175071821987061949, -3.238078024765040475, 0.9810000000000000941 ) ) ;
#7725 = ORIENTED_EDGE ( 'NONE', *, *, #2686, .F. ) ;
#7726 = ORIENTED_EDGE ( 'NONE', *, *, #9452, .F. ) ;
#7727 = LINE ( 'NONE', #9602, #6710 ) ;
#7728 = FACE_OUTER_BOUND ( 'NONE', #8968, .T. ) ;
#7729 = CARTESIAN_POINT ( 'NONE',  ( -0.3009307378232607411, -3.182347000451578811, 0.9800000000000002043 ) ) ;
#7730 = CARTESIAN_POINT ( 'NONE',  ( -0.5843687458098730803, -2.977514690936292840, 0.9810000000000000941 ) ) ;
#7731 = ORIENTED_EDGE ( 'NONE', *, *, #6117, .T. ) ;
#7732 = CARTESIAN_POINT ( 'NONE',  ( -0.5308212131195741978, -2.849312539854953474, 0.9810000000000000941 ) ) ;
#7733 =( LENGTH_UNIT ( ) NAMED_UNIT ( * ) SI_UNIT ( .MILLI., .METRE. ) );
#7734 = CARTESIAN_POINT ( 'NONE',  ( -1.362573861928358276, -3.266044448500084574, 0.9810000000000000941 ) ) ;
#7735 = EDGE_CURVE ( 'NONE', #4147, #8974, #1368, .T. ) ;
#7736 = LINE ( 'NONE', #10585, #8742 ) ;
#7737 = UNCERTAINTY_MEASURE_WITH_UNIT (LENGTH_MEASURE( 1.000000000000000082E-05 ), #4169, 'distance_accuracy_value', 'NONE');
#7738 = ORIENTED_EDGE ( 'NONE', *, *, #7883, .T. ) ;
#7739 = VECTOR ( 'NONE', #4619, 1000.000000000000000 ) ;
#7740 = EDGE_CURVE ( 'NONE', #8961, #6856, #8510, .T. ) ;
#7741 = PRESENTATION_STYLE_ASSIGNMENT (( #5976 ) ) ;
#7742 = EDGE_CURVE ( 'NONE', #5680, #2781, #9106, .T. ) ;
#7743 = DIRECTION ( 'NONE',  ( 0.1333547648937655761, -0.9910683662997868959, 0.0000000000000000000 ) ) ;
#7744 = CARTESIAN_POINT ( 'NONE',  ( -0.4180594670959714154, -2.830388945777370324, 0.9800000000000002043 ) ) ;
#7745 = CARTESIAN_POINT ( 'NONE',  ( -0.8255405945006136781, -3.235582605765955133, 0.9810000000000000941 ) ) ;
#7746 = LINE ( 'NONE', #1271, #4703 ) ;
#7747 = EDGE_CURVE ( 'NONE', #8638, #10228, #6083, .T. ) ;
#7748 =( GEOMETRIC_REPRESENTATION_CONTEXT ( 3 ) GLOBAL_UNCERTAINTY_ASSIGNED_CONTEXT ( ( #3677 ) ) GLOBAL_UNIT_ASSIGNED_CONTEXT ( ( #5503, #7280, #4592 ) ) REPRESENTATION_CONTEXT ( 'NONE', 'WORKASPACE' ) );
#7749 = VECTOR ( 'NONE', #11703, 1000.000000000000000 ) ;
#7750 = VERTEX_POINT ( 'NONE', #6832 ) ;
#7751 = CARTESIAN_POINT ( 'NONE',  ( -0.5512524561754880148, -2.979282279394789512, 0.9810000000000000941 ) ) ;
#7752 = SURFACE_STYLE_USAGE ( .BOTH. , #9566 ) ;
#7753 = ORIENTED_EDGE ( 'NONE', *, *, #11534, .F. ) ;
#7754 =( NAMED_UNIT ( * ) PLANE_ANGLE_UNIT ( ) SI_UNIT ( $, .RADIAN. ) );
#7755 = COLOUR_RGB ( '',0.0000000000000000000, 0.0000000000000000000, 0.0000000000000000000 ) ;
#7756 = VECTOR ( 'NONE', #8028, 1000.000000000000000 ) ;
#7757 = COLOUR_RGB ( '',0.0000000000000000000, 0.0000000000000000000, 0.0000000000000000000 ) ;
#7758 =( GEOMETRIC_REPRESENTATION_CONTEXT ( 3 ) GLOBAL_UNCERTAINTY_ASSIGNED_CONTEXT ( ( #7806 ) ) GLOBAL_UNIT_ASSIGNED_CONTEXT ( ( #6911, #5129, #11684 ) ) REPRESENTATION_CONTEXT ( 'NONE', 'WORKASPACE' ) );
#7759 = STYLED_ITEM ( 'NONE', ( #712 ), #3504 ) ;
#7760 = CARTESIAN_POINT ( 'NONE',  ( -1.142510795289743974, -2.804394997869956274, 0.9799999999999999822 ) ) ;
#7761 = ORIENTED_EDGE ( 'NONE', *, *, #9945, .F. ) ;
#7762 = PRESENTATION_STYLE_ASSIGNMENT (( #8833 ) ) ;
#7763 = FILL_AREA_STYLE ('',( #8712 ) ) ;
#7764 = CARTESIAN_POINT ( 'NONE',  ( -0.8501308692212133922, -3.247331870220810046, 0.9810000000000000941 ) ) ;
#7765 = SURFACE_STYLE_USAGE ( .BOTH. , #1114 ) ;
#7766 = EDGE_CURVE ( 'NONE', #3802, #11572, #11492, .T. ) ;
#7767 = VERTEX_POINT ( 'NONE', #9711 ) ;
#7768 = MECHANICAL_DESIGN_GEOMETRIC_PRESENTATION_REPRESENTATION (  '', ( #7582 ), #4515 ) ;
#7769 = CARTESIAN_POINT ( 'NONE',  ( -0.3169949976286874915, -3.135973797384016937, 0.9799999999999999822 ) ) ;
#7770 = PRESENTATION_LAYER_ASSIGNMENT (  '', '', ( #7403 ) ) ;
#7771 = CARTESIAN_POINT ( 'NONE',  ( -1.790586014773487333, -2.749827072733562972, 0.9810000000000000941 ) ) ;
#7772 = CARTESIAN_POINT ( 'NONE',  ( -0.7003537413759326480, -3.356506451434439153, 0.9799999999999999822 ) ) ;
#7773 = EDGE_LOOP ( 'NONE', ( #7513, #6208, #8321, #7255 ) ) ;
#7774 = VERTEX_POINT ( 'NONE', #1301 ) ;
#7775 = CARTESIAN_POINT ( 'NONE',  ( -1.900481045253495260, -2.806220573765509929, 0.9810000000000000941 ) ) ;
#7776 = CARTESIAN_POINT ( 'NONE',  ( -0.8410329874534082650, -3.193368434364459052, 0.9799999999999999822 ) ) ;
#7777 = CARTESIAN_POINT ( 'NONE',  ( -1.995916176447512402, -2.953711186560602719, 0.9810000000000000941 ) ) ;
#7778 = CARTESIAN_POINT ( 'NONE',  ( -1.008745939355516041, -3.291521581663829910, 0.9799999999999999822 ) ) ;
#7779 = DIRECTION ( 'NONE',  ( -0.0000000000000000000, -0.0000000000000000000, -1.000000000000000000 ) ) ;
#7780 = PRESENTATION_STYLE_ASSIGNMENT (( #5118 ) ) ;
#7781 = ORIENTED_EDGE ( 'NONE', *, *, #11069, .F. ) ;
#7782 = EDGE_LOOP ( 'NONE', ( #9, #3578, #5549, #9665 ) ) ;
#7783 = DIRECTION ( 'NONE',  ( 0.3493954794973187505, -0.9369753459439787990, -0.0000000000000000000 ) ) ;
#7784 =( NAMED_UNIT ( * ) SI_UNIT ( $, .STERADIAN. ) SOLID_ANGLE_UNIT ( ) );
#7785 = CARTESIAN_POINT ( 'NONE',  ( -0.9560822008937726046, -3.312940594740499733, 0.9810000000000000941 ) ) ;
#7786 = VECTOR ( 'NONE', #4379, 1000.000000000000114 ) ;
#7787 = STYLED_ITEM ( 'NONE', ( #6915 ), #11607 ) ;
#7788 = CARTESIAN_POINT ( 'NONE',  ( -0.4220105471776305905, -2.844633629231312355, 0.9810000000000000941 ) ) ;
#7789 = CARTESIAN_POINT ( 'NONE',  ( -0.9962688443593771259, -3.322402391779288866, 0.9799999999999999822 ) ) ;
#7790 = CARTESIAN_POINT ( 'NONE',  ( -1.008745939355516041, -3.291521581663829910, 0.9810000000000000941 ) ) ;
#7791 = ORIENTED_EDGE ( 'NONE', *, *, #9200, .T. ) ;
#7792 = CARTESIAN_POINT ( 'NONE',  ( -0.4148882054506555783, -2.844633629231312355, 0.9800000000000002043 ) ) ;
#7793 =( NAMED_UNIT ( * ) PLANE_ANGLE_UNIT ( ) SI_UNIT ( $, .RADIAN. ) );
#7794 = LINE ( 'NONE', #361, #5603 ) ;
#7795 = ORIENTED_EDGE ( 'NONE', *, *, #1194, .T. ) ;
#7796 = STYLED_ITEM ( 'NONE', ( #10367 ), #10167 ) ;
#7797 = LINE ( 'NONE', #6851, #770 ) ;
#7798 =( GEOMETRIC_REPRESENTATION_CONTEXT ( 3 ) GLOBAL_UNCERTAINTY_ASSIGNED_CONTEXT ( ( #7512 ) ) GLOBAL_UNIT_ASSIGNED_CONTEXT ( ( #9873, #1291, #2222 ) ) REPRESENTATION_CONTEXT ( 'NONE', 'WORKASPACE' ) );
#7799 = CARTESIAN_POINT ( 'NONE',  ( -1.773234185274330743, -3.281950285312990712, 0.9810000000000000941 ) ) ;
#7800 = PLANE ( 'NONE',  #10009 ) ;
#7801 = PRESENTATION_STYLE_ASSIGNMENT (( #431 ) ) ;
#7802 = ORIENTED_EDGE ( 'NONE', *, *, #2909, .F. ) ;
#7803 = CARTESIAN_POINT ( 'NONE',  ( -0.9084093004309093944, -3.011202847425386686, 0.9810000000000000941 ) ) ;
#7804 = ADVANCED_FACE ( 'NONE', ( #4253 ), #8857, .F. ) ;
#7805 =( GEOMETRIC_REPRESENTATION_CONTEXT ( 3 ) GLOBAL_UNCERTAINTY_ASSIGNED_CONTEXT ( ( #1389 ) ) GLOBAL_UNIT_ASSIGNED_CONTEXT ( ( #5161, #5030, #3438 ) ) REPRESENTATION_CONTEXT ( 'NONE', 'WORKASPACE' ) );
#7806 = UNCERTAINTY_MEASURE_WITH_UNIT (LENGTH_MEASURE( 1.000000000000000082E-05 ), #6911, 'distance_accuracy_value', 'NONE');
#7807 = COLOUR_RGB ( '',0.0000000000000000000, 0.0000000000000000000, 0.0000000000000000000 ) ;
#7808 = EDGE_CURVE ( 'NONE', #251, #9494, #12050, .T. ) ;
#7809 = CARTESIAN_POINT ( 'NONE',  ( -0.9780210929280128695, -2.847233024021917025, 0.9810000000000000941 ) ) ;
#7810 = SURFACE_STYLE_USAGE ( .BOTH. , #5083 ) ;
#7811 = ORIENTED_EDGE ( 'NONE', *, *, #7740, .F. ) ;
#7812 =( LENGTH_UNIT ( ) NAMED_UNIT ( * ) SI_UNIT ( .MILLI., .METRE. ) );
#7813 =( NAMED_UNIT ( * ) PLANE_ANGLE_UNIT ( ) SI_UNIT ( $, .RADIAN. ) );
#7814 = PRESENTATION_LAYER_ASSIGNMENT (  '', '', ( #7080 ) ) ;
#7815 = VECTOR ( 'NONE', #6854, 1000.000000000000000 ) ;
#7816 = ORIENTED_EDGE ( 'NONE', *, *, #9642, .T. ) ;
#7817 = FILL_AREA_STYLE_COLOUR ( '', #6711 ) ;
#7818 = CARTESIAN_POINT ( 'NONE',  ( -0.3760532472761146106, -2.952144597777958790, 0.9810000000000000941 ) ) ;
#7819 = SURFACE_STYLE_USAGE ( .BOTH. , #3256 ) ;
#7820 = SURFACE_STYLE_USAGE ( .BOTH. , #3929 ) ;
#7821 = EDGE_LOOP ( 'NONE', ( #3001, #9119, #8200, #838 ) ) ;
#7822 = DIRECTION ( 'NONE',  ( -0.0000000000000000000, -1.000000000000000000, -0.0000000000000000000 ) ) ;
#7823 = EDGE_CURVE ( 'NONE', #1501, #7641, #947, .T. ) ;
#7824 =( NAMED_UNIT ( * ) PLANE_ANGLE_UNIT ( ) SI_UNIT ( $, .RADIAN. ) );
#7825 = SURFACE_SIDE_STYLE ('',( #398 ) ) ;
#7826 = DIRECTION ( 'NONE',  ( -0.9345104387438672999, -0.3559357243643079816, 0.0000000000000000000 ) ) ;
#7827 = VECTOR ( 'NONE', #613, 1000.000000000000000 ) ;
#7828 = EDGE_CURVE ( 'NONE', #4258, #7831, #5740, .T. ) ;
#7829 = EDGE_CURVE ( 'NONE', #11014, #5139, #11920, .T. ) ;
#7830 = DIRECTION ( 'NONE',  ( 1.000000000000000000, -0.0000000000000000000, -0.0000000000000000000 ) ) ;
#7831 = VERTEX_POINT ( 'NONE', #6387 ) ;
#7832 = EDGE_LOOP ( 'NONE', ( #2357, #3681, #8904, #58 ) ) ;
#7833 = CARTESIAN_POINT ( 'NONE',  ( -0.5481851703216898963, -2.904211757836307584, 0.9810000000000000941 ) ) ;
#7834 = AXIS2_PLACEMENT_3D ( 'NONE', #1462, #618, #4342 ) ;
#7835 = PRESENTATION_STYLE_ASSIGNMENT (( #9589 ) ) ;
#7836 = SURFACE_STYLE_FILL_AREA ( #582 ) ;
#7837 =( NAMED_UNIT ( * ) PLANE_ANGLE_UNIT ( ) SI_UNIT ( $, .RADIAN. ) );
#7838 =( GEOMETRIC_REPRESENTATION_CONTEXT ( 3 ) GLOBAL_UNCERTAINTY_ASSIGNED_CONTEXT ( ( #184 ) ) GLOBAL_UNIT_ASSIGNED_CONTEXT ( ( #2514, #9254, #2884 ) ) REPRESENTATION_CONTEXT ( 'NONE', 'WORKASPACE' ) );
#7839 = FILL_AREA_STYLE ('',( #406 ) ) ;
#7840 = PRESENTATION_LAYER_ASSIGNMENT (  '', '', ( #10219 ) ) ;
#7841 = B_SPLINE_CURVE_WITH_KNOTS ( 'NONE', 3,
 ( #3185, #9904, #4276, #6167 ),
 .UNSPECIFIED., .F., .F.,
 ( 4, 4 ),
 ( 21.00000000000000000, 22.00000000000000000 ),
 .UNSPECIFIED. ) ;
#7842 = VECTOR ( 'NONE', #2084, 1000.000000000000000 ) ;
#7843 = ORIENTED_EDGE ( 'NONE', *, *, #6178, .F. ) ;
#7844 = COLOUR_RGB ( '',0.0000000000000000000, 0.0000000000000000000, 0.0000000000000000000 ) ;
#7845 = ORIENTED_EDGE ( 'NONE', *, *, #10028, .T. ) ;
#7846 =( LENGTH_UNIT ( ) NAMED_UNIT ( * ) SI_UNIT ( .MILLI., .METRE. ) );
#7847 = CARTESIAN_POINT ( 'NONE',  ( -0.6303780336071427293, -2.984585044767507966, 0.9810000000000000941 ) ) ;
#7848 = LINE ( 'NONE', #3958, #8981 ) ;
#7849 = SURFACE_STYLE_USAGE ( .BOTH. , #4145 ) ;
#7851 = PRESENTATION_LAYER_ASSIGNMENT (  '', '', ( #8244 ) ) ;
#7850 = PRESENTATION_STYLE_ASSIGNMENT (( #539 ) ) ;
#7852 =( NAMED_UNIT ( * ) SI_UNIT ( $, .STERADIAN. ) SOLID_ANGLE_UNIT ( ) );
#7853 = ORIENTED_EDGE ( 'NONE', *, *, #8260, .T. ) ;
#7854 = CARTESIAN_POINT ( 'NONE',  ( -1.975672361575154801, -2.868398017962456414, 0.9810000000000000941 ) ) ;
#7855 = STYLED_ITEM ( 'NONE', ( #11216 ), #4762 ) ;
#7856 = CARTESIAN_POINT ( 'NONE',  ( -0.9452687185639270240, -2.824670277238598537, 0.9799999999999999822 ) ) ;
#7857 = UNCERTAINTY_MEASURE_WITH_UNIT (LENGTH_MEASURE( 1.000000000000000082E-05 ), #8765, 'distance_accuracy_value', 'NONE');
#7858 = ORIENTED_EDGE ( 'NONE', *, *, #3502, .T. ) ;
#7859 =( GEOMETRIC_REPRESENTATION_CONTEXT ( 3 ) GLOBAL_UNCERTAINTY_ASSIGNED_CONTEXT ( ( #546 ) ) GLOBAL_UNIT_ASSIGNED_CONTEXT ( ( #12098, #822, #4727 ) ) REPRESENTATION_CONTEXT ( 'NONE', 'WORKASPACE' ) );
#7860 =( GEOMETRIC_REPRESENTATION_CONTEXT ( 3 ) GLOBAL_UNCERTAINTY_ASSIGNED_CONTEXT ( ( #10709 ) ) GLOBAL_UNIT_ASSIGNED_CONTEXT ( ( #2404, #11485, #3214 ) ) REPRESENTATION_CONTEXT ( 'NONE', 'WORKASPACE' ) );
#7861 =( NAMED_UNIT ( * ) SI_UNIT ( $, .STERADIAN. ) SOLID_ANGLE_UNIT ( ) );
#7862 = UNCERTAINTY_MEASURE_WITH_UNIT (LENGTH_MEASURE( 1.000000000000000082E-05 ), #85, 'distance_accuracy_value', 'NONE');
#7863 = LINE ( 'NONE', #11581, #3741 ) ;
#7864 = CARTESIAN_POINT ( 'NONE',  ( -0.9779691050322590895, -2.810945472742220286, 0.9810000000000000941 ) ) ;
#7865 = EDGE_LOOP ( 'NONE', ( #1464, #9423, #6564, #2810 ) ) ;
#7866 = LINE ( 'NONE', #1461, #3342 ) ;
#7867 = DIRECTION ( 'NONE',  ( 0.0000000000000000000, -0.0000000000000000000, 1.000000000000000000 ) ) ;
#7868 = DIRECTION ( 'NONE',  ( 0.0000000000000000000, 1.000000000000000000, -0.0000000000000000000 ) ) ;
#7869 = DIRECTION ( 'NONE',  ( -0.0000000000000000000, -0.0000000000000000000, -1.000000000000000000 ) ) ;
#7870 = PRESENTATION_LAYER_ASSIGNMENT (  '', '', ( #7497 ) ) ;
#7871 = VERTEX_POINT ( 'NONE', #10070 ) ;
#7872 = CARTESIAN_POINT ( 'NONE',  ( -1.449333092162113035, -3.017334699289550226, 0.9810000000000000941 ) ) ;
#7873 = VERTEX_POINT ( 'NONE', #4564 ) ;
#7874 = CARTESIAN_POINT ( 'NONE',  ( -0.4698913992235201897, -3.307221926200337503, 0.9799999999999999822 ) ) ;
#7875 = CARTESIAN_POINT ( 'NONE',  ( -0.2546095226514470955, -3.330408527734124657, 0.9800000000000002043 ) ) ;
#7876 = LINE ( 'NONE', #10731, #8390 ) ;
#7877 = VECTOR ( 'NONE', #9323, 1000.000000000000000 ) ;
#7878 = DIRECTION ( 'NONE',  ( 0.0000000000000000000, 0.0000000000000000000, -1.000000000000000000 ) ) ;
#7879 = ORIENTED_EDGE ( 'NONE', *, *, #3946, .T. ) ;
#7880 = CARTESIAN_POINT ( 'NONE',  ( -1.008745939355516041, -3.291521581663829910, 0.9799999999999999822 ) ) ;
#7881 = CARTESIAN_POINT ( 'NONE',  ( -0.2965637545741610093, -3.153961609335209193, 0.9810000000000000941 ) ) ;
#7882 = ADVANCED_FACE ( 'NONE', ( #10868 ), #446, .F. ) ;
#7883 = EDGE_CURVE ( 'NONE', #5230, #7886, #7190, .T. ) ;
#7884 = EDGE_CURVE ( 'NONE', #5870, #7873, #10135, .T. ) ;
#7885 = LINE ( 'NONE', #1241, #1935 ) ;
#7886 = VERTEX_POINT ( 'NONE', #2541 ) ;
#7887 = ORIENTED_EDGE ( 'NONE', *, *, #5311, .T. ) ;
#7888 = SURFACE_STYLE_FILL_AREA ( #8957 ) ;
#7889 = FILL_AREA_STYLE_COLOUR ( '', #1993 ) ;
#7890 = SURFACE_STYLE_FILL_AREA ( #5236 ) ;
#7891 =( NAMED_UNIT ( * ) PLANE_ANGLE_UNIT ( ) SI_UNIT ( $, .RADIAN. ) );
#7892 = EDGE_CURVE ( 'NONE', #1235, #9879, #925, .T. ) ;
#7893 = B_SPLINE_CURVE_WITH_KNOTS ( 'NONE', 3,
 ( #8055, #8164, #4406, #8104 ),
 .UNSPECIFIED., .F., .F.,
 ( 4, 4 ),
 ( 7.000000000000000000, 8.000000000000000000 ),
 .UNSPECIFIED. ) ;
#7894 = SURFACE_STYLE_FILL_AREA ( #4200 ) ;
#7895 = FILL_AREA_STYLE_COLOUR ( '', #1424 ) ;
#7896 = LINE ( 'NONE', #9713, #5455 ) ;
#7897 = ORIENTED_EDGE ( 'NONE', *, *, #2481, .F. ) ;
#7898 = ORIENTED_EDGE ( 'NONE', *, *, #10637, .F. ) ;
#7899 = CARTESIAN_POINT ( 'NONE',  ( -0.7245801008262332532, -3.007771646301291568, 0.9810000000000000941 ) ) ;
#7900 = SURFACE_SIDE_STYLE ('',( #536 ) ) ;
#7901 = CARTESIAN_POINT ( 'NONE',  ( -0.3744936104020317735, -3.150426432419600076, 0.9799999999999999822 ) ) ;
#7902 = CARTESIAN_POINT ( 'NONE',  ( -0.6045400493869972358, -2.984585044767507966, 0.9800000000000002043 ) ) ;
#7903 = EDGE_CURVE ( 'NONE', #2493, #5994, #8553, .T. ) ;
#7904 = ORIENTED_EDGE ( 'NONE', *, *, #7883, .F. ) ;
#7905 = CARTESIAN_POINT ( 'NONE',  ( -0.8007943560920566251, -3.248059700762786939, 0.9799999999999999822 ) ) ;
#7906 = CARTESIAN_POINT ( 'NONE',  ( -0.8311032993528110202, -3.222065752853989107, 0.9799999999999999822 ) ) ;
#7907 = FILL_AREA_STYLE_COLOUR ( '', #9927 ) ;
#7908 = DIRECTION ( 'NONE',  ( -1.000000000000000000, -0.0000000000000000000, -0.0000000000000000000 ) ) ;
#7909 = ORIENTED_EDGE ( 'NONE', *, *, #1327, .T. ) ;
#7910 = SURFACE_STYLE_USAGE ( .BOTH. , #11869 ) ;
#7911 = DIRECTION ( 'NONE',  ( -0.0000000000000000000, -0.0000000000000000000, -1.000000000000000000 ) ) ;
#7912 = EDGE_CURVE ( 'NONE', #10752, #9871, #1670, .T. ) ;
#7913 = SURFACE_STYLE_USAGE ( .BOTH. , #8627 ) ;
#7914 = FILL_AREA_STYLE ('',( #10832 ) ) ;
#7915 = ORIENTED_EDGE ( 'NONE', *, *, #12063, .T. ) ;
#7916 = DIRECTION ( 'NONE',  ( 0.9400931103999036198, -0.3409177962187287525, 0.0000000000000000000 ) ) ;
#7917 = UNCERTAINTY_MEASURE_WITH_UNIT (LENGTH_MEASURE( 1.000000000000000082E-05 ), #6082, 'distance_accuracy_value', 'NONE');
#7918 =( NAMED_UNIT ( * ) SI_UNIT ( $, .STERADIAN. ) SOLID_ANGLE_UNIT ( ) );
#7919 = FILL_AREA_STYLE_COLOUR ( '', #4730 ) ;
#7920 = CARTESIAN_POINT ( 'NONE',  ( -1.037755185220968768, -3.150426432419600964, 0.9799999999999999822 ) ) ;
#7921 = COLOUR_RGB ( '',0.0000000000000000000, 0.0000000000000000000, 0.0000000000000000000 ) ;
#7922 = CARTESIAN_POINT ( 'NONE',  ( -0.7955955665101568375, -3.313044570532008848, 0.9810000000000000941 ) ) ;
#7923 = ORIENTED_EDGE ( 'NONE', *, *, #7954, .F. ) ;
#7924 = FACE_OUTER_BOUND ( 'NONE', #5107, .T. ) ;
#7925 = VECTOR ( 'NONE', #6362, 1000.000000000000000 ) ;
#7926 =( NAMED_UNIT ( * ) PLANE_ANGLE_UNIT ( ) SI_UNIT ( $, .RADIAN. ) );
#7927 = CARTESIAN_POINT ( 'NONE',  ( -0.7622713252927442174, -3.273325818128220988, 0.9799999999999999822 ) ) ;
#7928 =( GEOMETRIC_REPRESENTATION_CONTEXT ( 3 ) GLOBAL_UNCERTAINTY_ASSIGNED_CONTEXT ( ( #9798 ) ) GLOBAL_UNIT_ASSIGNED_CONTEXT ( ( #2568, #8990, #6171 ) ) REPRESENTATION_CONTEXT ( 'NONE', 'WORKASPACE' ) );
#7929 = FILL_AREA_STYLE_COLOUR ( '', #7616 ) ;
#7930 = CARTESIAN_POINT ( 'NONE',  ( -0.9515072660623395961, -3.262096432632322518, 0.9810000000000000941 ) ) ;
#7931 = EDGE_LOOP ( 'NONE', ( #130, #716, #5590, #11196 ) ) ;
#7932 = CARTESIAN_POINT ( 'NONE',  ( -1.008745939355516041, -3.304518555618224163, 0.9800000000000002043 ) ) ;
#7933 = SURFACE_SIDE_STYLE ('',( #8000 ) ) ;
#7934 = CARTESIAN_POINT ( 'NONE',  ( -1.891805144293927210, -2.894425789790516124, 0.9799999999999999822 ) ) ;
#7935 = CARTESIAN_POINT ( 'NONE',  ( -0.8077087462353104153, -2.827789550986767431, 0.9810000000000000941 ) ) ;
#7936 = AXIS2_PLACEMENT_3D ( 'NONE', #4229, #2208, #8829 ) ;
#7937 = CARTESIAN_POINT ( 'NONE',  ( -0.5716836992313939492, -2.813336915949796957, 0.9810000000000000941 ) ) ;
#7938 = ORIENTED_EDGE ( 'NONE', *, *, #4634, .T. ) ;
#7939 = ORIENTED_EDGE ( 'NONE', *, *, #9748, .T. ) ;
#7940 =( NAMED_UNIT ( * ) PLANE_ANGLE_UNIT ( ) SI_UNIT ( $, .RADIAN. ) );
#7941 = PRESENTATION_STYLE_ASSIGNMENT (( #3103 ) ) ;
#7942 = EDGE_CURVE ( 'NONE', #9078, #261, #3564, .T. ) ;
#7943 = SURFACE_STYLE_FILL_AREA ( #278 ) ;
#7944 =( GEOMETRIC_REPRESENTATION_CONTEXT ( 3 ) GLOBAL_UNCERTAINTY_ASSIGNED_CONTEXT ( ( #2879 ) ) GLOBAL_UNIT_ASSIGNED_CONTEXT ( ( #3862, #7700, #2959 ) ) REPRESENTATION_CONTEXT ( 'NONE', 'WORKASPACE' ) );
#7945 = VECTOR ( 'NONE', #8263, 1000.000000000000000 ) ;
#7946 = VECTOR ( 'NONE', #1545, 1000.000000000000000 ) ;
#7947 = CARTESIAN_POINT ( 'NONE',  ( -0.4607415295606541727, -2.952144597777958790, 0.9799999999999999822 ) ) ;
#7948 = CARTESIAN_POINT ( 'NONE',  ( -0.8575131504269682958, -3.299007838662481262, 0.9810000000000000941 ) ) ;
#7949 = VECTOR ( 'NONE', #9376, 1000.000000000000000 ) ;
#7950 = CARTESIAN_POINT ( 'NONE',  ( -2.139068955978249864, -3.293518226805795646, 0.9810000000000000941 ) ) ;
#7951 = CARTESIAN_POINT ( 'NONE',  ( -0.7409043001118279514, -3.374078360219573636, 0.9810000000000000941 ) ) ;
#7952 = ADVANCED_FACE ( 'NONE', ( #5650 ), #8463, .F. ) ;
#7953 = CARTESIAN_POINT ( 'NONE',  ( -1.043525841656193887, -3.238805855307024029, 0.9810000000000000941 ) ) ;
#7954 = EDGE_CURVE ( 'NONE', #7831, #11269, #9420, .T. ) ;
#7955 = SURFACE_STYLE_USAGE ( .BOTH. , #4254 ) ;
#7956 = VECTOR ( 'NONE', #6021, 1000.000000000000000 ) ;
#7957 = VERTEX_POINT ( 'NONE', #5771 ) ;
#7958 = ADVANCED_FACE ( 'NONE', ( #1865 ), #6894, .F. ) ;
#7959 = VERTEX_POINT ( 'NONE', #4188 ) ;
#7960 = SURFACE_STYLE_FILL_AREA ( #4261 ) ;
#7961 = PRESENTATION_STYLE_ASSIGNMENT (( #1689 ) ) ;
#7962 = CARTESIAN_POINT ( 'NONE',  ( -0.1977347646271890025, -3.251802829261419170, 0.9810000000000000941 ) ) ;
#7963 = ORIENTED_EDGE ( 'NONE', *, *, #2785, .F. ) ;
#7964 = CARTESIAN_POINT ( 'NONE',  ( -0.3734538524855119945, -3.127031879302791140, 0.9799999999999999822 ) ) ;
#7965 = CARTESIAN_POINT ( 'NONE',  ( -0.9634644820995278414, -3.181827121492629473, 0.9800000000000002043 ) ) ;
#7966 = SURFACE_STYLE_USAGE ( .BOTH. , #6095 ) ;
#7967 = STYLED_ITEM ( 'NONE', ( #11785 ), #4418 ) ;
#7968 = UNCERTAINTY_MEASURE_WITH_UNIT (LENGTH_MEASURE( 1.000000000000000082E-05 ), #9273, 'distance_accuracy_value', 'NONE');
#7969 = ORIENTED_EDGE ( 'NONE', *, *, #11398, .T. ) ;
#7970 = CARTESIAN_POINT ( 'NONE',  ( -0.9530669029364294831, -2.800963796745862489, 0.9800000000000002043 ) ) ;
#7971 = ORIENTED_EDGE ( 'NONE', *, *, #2466, .T. ) ;
#7972 = ADVANCED_FACE ( 'NONE', ( #1178 ), #7716, .F. ) ;
#7973 = ADVANCED_FACE ( 'NONE', ( #1238 ), #11544, .F. ) ;
#7974 = COLOUR_RGB ( '',0.0000000000000000000, 0.0000000000000000000, 0.0000000000000000000 ) ;
#7975 =( LENGTH_UNIT ( ) NAMED_UNIT ( * ) SI_UNIT ( .MILLI., .METRE. ) );
#7976 = UNCERTAINTY_MEASURE_WITH_UNIT (LENGTH_MEASURE( 1.000000000000000082E-05 ), #4236, 'distance_accuracy_value', 'NONE');
#7977 = SURFACE_STYLE_USAGE ( .BOTH. , #5925 ) ;
#7978 = CARTESIAN_POINT ( 'NONE',  ( -0.9228619354678770925, -2.800963796745862489, 0.9810000000000000941 ) ) ;
#7979 = FACE_OUTER_BOUND ( 'NONE', #11594, .T. ) ;
#7980 =( LENGTH_UNIT ( ) NAMED_UNIT ( * ) SI_UNIT ( .MILLI., .METRE. ) );
#7981 = FILL_AREA_STYLE_COLOUR ( '', #8945 ) ;
#7982 = ORIENTED_EDGE ( 'NONE', *, *, #2086, .F. ) ;
#7983 = CARTESIAN_POINT ( 'NONE',  ( -0.5699161107728969444, -2.963373983275247703, 0.9800000000000002043 ) ) ;
#7984 = CARTESIAN_POINT ( 'NONE',  ( -1.494158672385573983, -3.331113871176612840, 0.9810000000000000941 ) ) ;
#7985 = FACE_OUTER_BOUND ( 'NONE', #10572, .T. ) ;
#7986 =( LENGTH_UNIT ( ) NAMED_UNIT ( * ) SI_UNIT ( .MILLI., .METRE. ) );
#7987 = FILL_AREA_STYLE_COLOUR ( '', #8940 ) ;
#7988 = STYLED_ITEM ( 'NONE', ( #932 ), #10092 ) ;
#7989 = ORIENTED_EDGE ( 'NONE', *, *, #2011, .T. ) ;
#7990 = ADVANCED_FACE ( 'NONE', ( #11611 ), #1423, .F. ) ;
#7991 = AXIS2_PLACEMENT_3D ( 'NONE', #6184, #9011, #2278 ) ;
#7992 = CARTESIAN_POINT ( 'NONE',  ( -1.980010339634612038, -3.135905575568395331, 0.9810000000000000941 ) ) ;
#7993 = SURFACE_STYLE_FILL_AREA ( #5510 ) ;
#7994 = VECTOR ( 'NONE', #7168, 1000.000000000000000 ) ;
#7995 = COLOUR_RGB ( '',0.0000000000000000000, 0.0000000000000000000, 0.0000000000000000000 ) ;
#7996 = DIRECTION ( 'NONE',  ( 0.3315284183576450161, 0.9434452330799484310, -0.0000000000000000000 ) ) ;
#7997 = DIRECTION ( 'NONE',  ( -0.0000000000000000000, -0.0000000000000000000, -1.000000000000000000 ) ) ;
#7998 = VERTEX_POINT ( 'NONE', #3379 ) ;
#7999 =( LENGTH_UNIT ( ) NAMED_UNIT ( * ) SI_UNIT ( .MILLI., .METRE. ) );
#8000 = SURFACE_STYLE_FILL_AREA ( #9702 ) ;
#8001 = CARTESIAN_POINT ( 'NONE',  ( -0.8873542026252231318, -2.803771143119492049, 0.9799999999999999822 ) ) ;
#8002 = COLOUR_RGB ( '',0.0000000000000000000, 0.0000000000000000000, 0.0000000000000000000 ) ;
#8003 = COLOUR_RGB ( '',0.0000000000000000000, 0.0000000000000000000, 0.0000000000000000000 ) ;
#8004 = B_SPLINE_CURVE_WITH_KNOTS ( 'NONE', 3,
 ( #233, #297, #3106, #4805 ),
 .UNSPECIFIED., .F., .F.,
 ( 4, 4 ),
 ( 10.00000000000000000, 11.00000000000000000 ),
 .UNSPECIFIED. ) ;
#8005 = CARTESIAN_POINT ( 'NONE',  ( -0.3502672509517243404, -3.150426432419600076, 0.9799999999999999822 ) ) ;
#8006 = ORIENTED_EDGE ( 'NONE', *, *, #3079, .T. ) ;
#8007 = VERTEX_POINT ( 'NONE', #10974 ) ;
#8008 = CARTESIAN_POINT ( 'NONE',  ( -0.7292070235534214850, -2.804394997869956718, 0.9810000000000000941 ) ) ;
#8009 =( GEOMETRIC_REPRESENTATION_CONTEXT ( 3 ) GLOBAL_UNCERTAINTY_ASSIGNED_CONTEXT ( ( #1889 ) ) GLOBAL_UNIT_ASSIGNED_CONTEXT ( ( #3018, #3986, #7697 ) ) REPRESENTATION_CONTEXT ( 'NONE', 'WORKASPACE' ) );
#8010 = ORIENTED_EDGE ( 'NONE', *, *, #7912, .F. ) ;
#8011 = CARTESIAN_POINT ( 'NONE',  ( -0.5980415624104890027, -3.007771646301292012, 0.9799999999999999822 ) ) ;
#8012 = VECTOR ( 'NONE', #3466, 1000.000000000000000 ) ;
#8013 = DIRECTION ( 'NONE',  ( -0.0000000000000000000, -0.0000000000000000000, -1.000000000000000000 ) ) ;
#8014 = CARTESIAN_POINT ( 'NONE',  ( -0.8181063253984089956, -3.333839728858221996, 0.9810000000000000941 ) ) ;
#8015 = DIRECTION ( 'NONE',  ( 0.0000000000000000000, 1.000000000000000000, 0.0000000000000000000 ) ) ;
#8016 = ORIENTED_EDGE ( 'NONE', *, *, #1249, .F. ) ;
#8017 = AXIS2_PLACEMENT_3D ( 'NONE', #9055, #3426, #1339 ) ;
#8018 = ORIENTED_EDGE ( 'NONE', *, *, #11831, .F. ) ;
#8019 = B_SPLINE_CURVE_WITH_KNOTS ( 'NONE', 3,
 ( #11748, #5413, #9101, #9166 ),
 .UNSPECIFIED., .F., .F.,
 ( 4, 4 ),
 ( 3.000000000000000000, 4.000000000000000000 ),
 .UNSPECIFIED. ) ;
#8020 = EDGE_CURVE ( 'NONE', #6918, #9230, #5222, .T. ) ;
#8021 =( LENGTH_UNIT ( ) NAMED_UNIT ( * ) SI_UNIT ( .MILLI., .METRE. ) );
#8022 =( NAMED_UNIT ( * ) SI_UNIT ( $, .STERADIAN. ) SOLID_ANGLE_UNIT ( ) );
#8023 = CARTESIAN_POINT ( 'NONE',  ( -0.7594119910226668768, -3.304206628243687938, 0.9800000000000002043 ) ) ;
#8024 = VECTOR ( 'NONE', #1908, 1000.000000000000000 ) ;
#8025 = ORIENTED_EDGE ( 'NONE', *, *, #10707, .F. ) ;
#8026 = CARTESIAN_POINT ( 'NONE',  ( -0.5512524561754880148, -2.831324727902375216, 0.9810000000000000941 ) ) ;
#8027 = CARTESIAN_POINT ( 'NONE',  ( -0.8032897750911421886, -3.202518304027323737, 0.9810000000000000941 ) ) ;
#8028 = DIRECTION ( 'NONE',  ( -0.0000000000000000000, -0.0000000000000000000, -1.000000000000000000 ) ) ;
#8029 = ADVANCED_FACE ( 'NONE', ( #8950 ), #5021, .F. ) ;
#8030 = VECTOR ( 'NONE', #6511, 1000.000000000000000 ) ;
#8031 = VERTEX_POINT ( 'NONE', #4416 ) ;
#8032 = FILL_AREA_STYLE ('',( #8149 ) ) ;
#8033 = ORIENTED_EDGE ( 'NONE', *, *, #8965, .F. ) ;
#8034 = EDGE_CURVE ( 'NONE', #6906, #3376, #8113, .T. ) ;
#8035 = EDGE_CURVE ( 'NONE', #7034, #8489, #5391, .T. ) ;
#8036 = FACE_OUTER_BOUND ( 'NONE', #10506, .T. ) ;
#8037 = STYLED_ITEM ( 'NONE', ( #9020 ), #2704 ) ;
#8038 = CARTESIAN_POINT ( 'NONE',  ( -1.975672389155174180, -3.251584631954842042, 0.9800000000000002043 ) ) ;
#8039 = CARTESIAN_POINT ( 'NONE',  ( -0.1601995038493302104, -3.167270510664148553, 0.9810000000000000941 ) ) ;
#8040 = AXIS2_PLACEMENT_3D ( 'NONE', #7379, #8336, #11128 ) ;
#8041 = CARTESIAN_POINT ( 'NONE',  ( -1.919278895018924569, -3.227002839023036085, 0.9800000000000002043 ) ) ;
#8042 = CARTESIAN_POINT ( 'NONE',  ( -0.8575131504269682958, -3.325313713944427985, 0.9810000000000000941 ) ) ;
#8043 = ORIENTED_EDGE ( 'NONE', *, *, #1309, .T. ) ;
#8044 = UNCERTAINTY_MEASURE_WITH_UNIT (LENGTH_MEASURE( 1.000000000000000082E-05 ), #9351, 'distance_accuracy_value', 'NONE');
#8045 = CARTESIAN_POINT ( 'NONE',  ( -0.5843687458098730803, -2.977514690936292840, 0.9800000000000002043 ) ) ;
#8046 = CARTESIAN_POINT ( 'NONE',  ( -0.9445408880226360271, -3.181827121492629473, 0.9810000000000000941 ) ) ;
#8047 = FILL_AREA_STYLE ('',( #9510 ) ) ;
#8048 = EDGE_CURVE ( 'NONE', #3531, #179, #1538, .T. ) ;
#8049 = B_SPLINE_CURVE_WITH_KNOTS ( 'NONE', 3,
 ( #6762, #8649, #11171, #11235 ),
 .UNSPECIFIED., .F., .F.,
 ( 4, 4 ),
 ( 18.00000000000000000, 19.00000000000000000 ),
 .UNSPECIFIED. ) ;
#8050 = ADVANCED_FACE ( 'NONE', ( #8179 ), #5281, .F. ) ;
#8051 = ORIENTED_EDGE ( 'NONE', *, *, #945, .T. ) ;
#8052 = VECTOR ( 'NONE', #11479, 1000.000000000000000 ) ;
#8053 = SURFACE_SIDE_STYLE ('',( #6367 ) ) ;
#8054 = VECTOR ( 'NONE', #6206, 1000.000000000000000 ) ;
#8055 = CARTESIAN_POINT ( 'NONE',  ( -2.231612129378391263, -3.101201944150103973, 0.9810000000000000941 ) ) ;
#8056 = LINE ( 'NONE', #10962, #1219 ) ;
#8057 = CARTESIAN_POINT ( 'NONE',  ( -0.4207628376780845891, -2.841306403898733013, 0.9810000000000000941 ) ) ;
#8058 = PRESENTATION_STYLE_ASSIGNMENT (( #10847 ) ) ;
#8059 = AXIS2_PLACEMENT_3D ( 'NONE', #2956, #6690, #10417 ) ;
#8060 = SURFACE_STYLE_FILL_AREA ( #4183 ) ;
#8061 = EDGE_LOOP ( 'NONE', ( #1594, #8219, #1223, #6278 ) ) ;
#8062 = CARTESIAN_POINT ( 'NONE',  ( -0.8292317351034912409, -3.232359356226271352, 0.9810000000000000941 ) ) ;
#8063 = COLOUR_RGB ( '',0.0000000000000000000, 0.0000000000000000000, 0.0000000000000000000 ) ;
#8064 = DIRECTION ( 'NONE',  ( 1.000000000000000000, 0.0000000000000000000, 0.0000000000000000000 ) ) ;
#8065 = EDGE_CURVE ( 'NONE', #8567, #10468, #7414, .T. ) ;
#8066 = CARTESIAN_POINT ( 'NONE',  ( -1.116256907902850815, -3.150426432419600076, 0.9799999999999999822 ) ) ;
#8067 = STYLED_ITEM ( 'NONE', ( #1841 ), #9516 ) ;
#8068 = ORIENTED_EDGE ( 'NONE', *, *, #6349, .F. ) ;
#8069 = ORIENTED_EDGE ( 'NONE', *, *, #594, .T. ) ;
#8070 = PRESENTATION_LAYER_ASSIGNMENT (  '', '', ( #11824 ) ) ;
#8071 = PRESENTATION_STYLE_ASSIGNMENT (( #7182 ) ) ;
#8072 = SURFACE_SIDE_STYLE ('',( #1363 ) ) ;
#8073 = FACE_OUTER_BOUND ( 'NONE', #1824, .T. ) ;
#8074 = PRESENTATION_STYLE_ASSIGNMENT (( #10575 ) ) ;
#8075 = SURFACE_STYLE_USAGE ( .BOTH. , #7244 ) ;
#8076 = CARTESIAN_POINT ( 'NONE',  ( -0.5308212131195741978, -2.849312539854953474, 0.9800000000000002043 ) ) ;
#8077 = VERTEX_POINT ( 'NONE', #8376 ) ;
#8078 = CARTESIAN_POINT ( 'NONE',  ( -0.3760532472761148326, -2.952144597777958346, 0.9799999999999999822 ) ) ;
#8079 = ORIENTED_EDGE ( 'NONE', *, *, #7884, .F. ) ;
#8080 = CARTESIAN_POINT ( 'NONE',  ( -1.925062838185309433, -2.823572423948986110, 0.9810000000000000941 ) ) ;
#8081 = VERTEX_POINT ( 'NONE', #10360 ) ;
#8082 = CARTESIAN_POINT ( 'NONE',  ( -0.1213645456747888818, -3.274781479212180990, 0.9810000000000000941 ) ) ;
#8083 = CARTESIAN_POINT ( 'NONE',  ( -1.026941702891116748, -2.909930426376465373, 0.9810000000000000941 ) ) ;
#8084 = CARTESIAN_POINT ( 'NONE',  ( -1.601161745072399167, -3.241462710728314267, 0.9810000000000000941 ) ) ;
#8085 = ORIENTED_EDGE ( 'NONE', *, *, #215, .F. ) ;
#8086 =( NAMED_UNIT ( * ) PLANE_ANGLE_UNIT ( ) SI_UNIT ( $, .RADIAN. ) );
#8087 = SURFACE_SIDE_STYLE ('',( #4385 ) ) ;
#8088 = UNCERTAINTY_MEASURE_WITH_UNIT (LENGTH_MEASURE( 1.000000000000000082E-05 ), #4059, 'distance_accuracy_value', 'NONE');
#8089 = ORIENTED_EDGE ( 'NONE', *, *, #5743, .F. ) ;
#8090 =( NAMED_UNIT ( * ) SI_UNIT ( $, .STERADIAN. ) SOLID_ANGLE_UNIT ( ) );
#8091 = EDGE_LOOP ( 'NONE', ( #11833, #7982, #4004, #1863 ) ) ;
#8092 = VERTEX_POINT ( 'NONE', #5518 ) ;
#8093 =( NAMED_UNIT ( * ) SI_UNIT ( $, .STERADIAN. ) SOLID_ANGLE_UNIT ( ) );
#8094 = PRESENTATION_STYLE_ASSIGNMENT (( #4396 ) ) ;
#8095 = SURFACE_STYLE_USAGE ( .BOTH. , #8155 ) ;
#8096 = ORIENTED_EDGE ( 'NONE', *, *, #154, .F. ) ;
#8097 =( NAMED_UNIT ( * ) SI_UNIT ( $, .STERADIAN. ) SOLID_ANGLE_UNIT ( ) );
#8098 = PRESENTATION_STYLE_ASSIGNMENT (( #8297 ) ) ;
#8099 = PLANE ( 'NONE',  #1891 ) ;
#8100 = EDGE_CURVE ( 'NONE', #4945, #5612, #11165, .T. ) ;
#8101 = EDGE_CURVE ( 'NONE', #11565, #7507, #8445, .T. ) ;
#8102 = ORIENTED_EDGE ( 'NONE', *, *, #10334, .T. ) ;
#8103 = LINE ( 'NONE', #6430, #11904 ) ;
#8104 = CARTESIAN_POINT ( 'NONE',  ( -2.170880670972001436, -3.258814512647445039, 0.9810000000000000941 ) ) ;
#8105 = EDGE_CURVE ( 'NONE', #3973, #1558, #6691, .T. ) ;
#8106 =( NAMED_UNIT ( * ) PLANE_ANGLE_UNIT ( ) SI_UNIT ( $, .RADIAN. ) );
#8107 = MECHANICAL_DESIGN_GEOMETRIC_PRESENTATION_REPRESENTATION (  '', ( #2087 ), #6388 ) ;
#8108 = ORIENTED_EDGE ( 'NONE', *, *, #6374, .T. ) ;
#8109 = ORIENTED_EDGE ( 'NONE', *, *, #1720, .F. ) ;
#8110 = PLANE ( 'NONE',  #3607 ) ;
#8111 = SURFACE_SIDE_STYLE ('',( #10971 ) ) ;
#8112 = CARTESIAN_POINT ( 'NONE',  ( -0.9767733834284669792, -3.333839728858221996, 0.9810000000000000941 ) ) ;
#8113 = LINE ( 'NONE', #10055, #8854 ) ;
#8114 = AXIS2_PLACEMENT_3D ( 'NONE', #9971, #6490, #5435 ) ;
#8115 =( NAMED_UNIT ( * ) SI_UNIT ( $, .STERADIAN. ) SOLID_ANGLE_UNIT ( ) );
#8116 = ORIENTED_EDGE ( 'NONE', *, *, #1883, .F. ) ;
#8117 = ORIENTED_EDGE ( 'NONE', *, *, #1541, .F. ) ;
#8118 = EDGE_CURVE ( 'NONE', #6274, #5936, #9262, .T. ) ;
#8119 = DIRECTION ( 'NONE',  ( -0.0000000000000000000, -0.0000000000000000000, -1.000000000000000000 ) ) ;
#8120 = SURFACE_STYLE_FILL_AREA ( #2598 ) ;
#8121 = EDGE_CURVE ( 'NONE', #12077, #4976, #511, .T. ) ;
#8122 = SURFACE_STYLE_USAGE ( .BOTH. , #3642 ) ;
#8123 = FILL_AREA_STYLE ('',( #7889 ) ) ;
#8124 = FILL_AREA_STYLE_COLOUR ( '', #9199 ) ;
#8125 = DIRECTION ( 'NONE',  ( 0.0000000000000000000, -1.000000000000000000, 0.0000000000000000000 ) ) ;
#8126 = PRESENTATION_STYLE_ASSIGNMENT (( #7248 ) ) ;
#8127 = CARTESIAN_POINT ( 'NONE',  ( -0.9802045845525627632, -3.208444924150506417, 0.9799999999999999822 ) ) ;
#8128 = VERTEX_POINT ( 'NONE', #3750 ) ;
#8129 = LINE ( 'NONE', #1804, #11024 ) ;
#8130 = B_SPLINE_CURVE_WITH_KNOTS ( 'NONE', 3,
 ( #10981, #6250, #6193, #12095 ),
 .UNSPECIFIED., .F., .F.,
 ( 4, 4 ),
 ( 4.000000000000000000, 5.000000000000000000 ),
 .UNSPECIFIED. ) ;
#8131 = ORIENTED_EDGE ( 'NONE', *, *, #5169, .T. ) ;
#8132 = CIRCLE ( 'NONE', #9552, 0.7800000000000001377 ) ;
#8133 = STYLED_ITEM ( 'NONE', ( #5721 ), #1784 ) ;
#8134 = COLOUR_RGB ( '',0.0000000000000000000, 0.0000000000000000000, 0.0000000000000000000 ) ;
#8135 = MECHANICAL_DESIGN_GEOMETRIC_PRESENTATION_REPRESENTATION (  '', ( #5249 ), #1521 ) ;
#8136 = FILL_AREA_STYLE_COLOUR ( '', #5145 ) ;
#8137 = CARTESIAN_POINT ( 'NONE',  ( -0.3296800442085461302, -3.300151572370511932, 0.9810000000000000941 ) ) ;
#8138 = LINE ( 'NONE', #2548, #5661 ) ;
#8139 = CARTESIAN_POINT ( 'NONE',  ( -0.8181063253984089956, -3.333839728858221996, 0.9799999999999999822 ) ) ;
#8140 = ORIENTED_EDGE ( 'NONE', *, *, #3683, .F. ) ;
#8141 = CARTESIAN_POINT ( 'NONE',  ( -1.862885400882674958, -3.313762069257482512, 0.9799999999999999822 ) ) ;
#8142 = CARTESIAN_POINT ( 'NONE',  ( -0.7855619026180425957, -3.306494095659747057, 0.9800000000000002043 ) ) ;
#8143 = PRESENTATION_LAYER_ASSIGNMENT (  '', '', ( #765 ) ) ;
#8144 = VECTOR ( 'NONE', #5345, 1000.000000000000000 ) ;
#8145 = PRESENTATION_STYLE_ASSIGNMENT (( #8213 ) ) ;
#8146 = B_SPLINE_CURVE_WITH_KNOTS ( 'NONE', 3,
 ( #5894, #6893, #10634, #2232 ),
 .UNSPECIFIED., .F., .F.,
 ( 4, 4 ),
 ( 4.000000000000000000, 5.000000000000000000 ),
 .UNSPECIFIED. ) ;
#8147 =( GEOMETRIC_REPRESENTATION_CONTEXT ( 3 ) GLOBAL_UNCERTAINTY_ASSIGNED_CONTEXT ( ( #574 ) ) GLOBAL_UNIT_ASSIGNED_CONTEXT ( ( #8874, #9735, #3974 ) ) REPRESENTATION_CONTEXT ( 'NONE', 'WORKASPACE' ) );
#8148 = EDGE_LOOP ( 'NONE', ( #2562, #9837, #2229, #1204, #5162, #4124, #7117, #8883, #11521, #11130 ) ) ;
#8149 = FILL_AREA_STYLE_COLOUR ( '', #5444 ) ;
#8150 = VERTEX_POINT ( 'NONE', #8443 ) ;
#8151 = EDGE_LOOP ( 'NONE', ( #7915, #11837, #10850, #533 ) ) ;
#8152 =( NAMED_UNIT ( * ) PLANE_ANGLE_UNIT ( ) SI_UNIT ( $, .RADIAN. ) );
#8153 = FILL_AREA_STYLE ('',( #4453 ) ) ;
#8154 = VECTOR ( 'NONE', #11615, 1000.000000000000000 ) ;
#8155 = SURFACE_SIDE_STYLE ('',( #7219 ) ) ;
#8156 = ORIENTED_EDGE ( 'NONE', *, *, #2255, .F. ) ;
#8157 = PRESENTATION_STYLE_ASSIGNMENT (( #729 ) ) ;
#8158 = LINE ( 'NONE', #11879, #3961 ) ;
#8159 = DIRECTION ( 'NONE',  ( -0.0000000000000000000, -0.0000000000000000000, -1.000000000000000000 ) ) ;
#8160 =( NAMED_UNIT ( * ) PLANE_ANGLE_UNIT ( ) SI_UNIT ( $, .RADIAN. ) );
#8161 = VERTEX_POINT ( 'NONE', #10245 ) ;
#8162 = COLOUR_RGB ( '',0.0000000000000000000, 0.0000000000000000000, 0.0000000000000000000 ) ;
#8163 = CARTESIAN_POINT ( 'NONE',  ( -1.000843779191503025, -2.983441311059476853, 0.9810000000000000941 ) ) ;
#8164 = CARTESIAN_POINT ( 'NONE',  ( -2.231612129378391263, -3.159041430973994036, 0.9810000000000000941 ) ) ;
#8165 = B_SPLINE_CURVE_WITH_KNOTS ( 'NONE', 3,
 ( #2892, #7637, #11160, #4717 ),
 .UNSPECIFIED., .F., .F.,
 ( 4, 4 ),
 ( 2.000000000000000000, 3.000000000000000000 ),
 .UNSPECIFIED. ) ;
#8166 = LINE ( 'NONE', #11956, #9832 ) ;
#8167 = PRESENTATION_STYLE_ASSIGNMENT (( #4472 ) ) ;
#8168 = EDGE_CURVE ( 'NONE', #8831, #2488, #29, .T. ) ;
#8169 = CARTESIAN_POINT ( 'NONE',  ( -0.7244761250340311376, -3.398824598628831239, 0.9810000000000000941 ) ) ;
#8170 = CARTESIAN_POINT ( 'NONE',  ( -1.116256907902850815, -2.804394997869956274, 0.9799999999999999822 ) ) ;
#8171 = ORIENTED_EDGE ( 'NONE', *, *, #6406, .F. ) ;
#8172 = ORIENTED_EDGE ( 'NONE', *, *, #10172, .F. ) ;
#8173 = FILL_AREA_STYLE ('',( #11895 ) ) ;
#8174 = CARTESIAN_POINT ( 'NONE',  ( -0.3755333683171586112, -3.330408527734124657, 0.9799999999999999822 ) ) ;
#8175 = DIRECTION ( 'NONE',  ( 0.0000000000000000000, 0.0000000000000000000, 1.000000000000000000 ) ) ;
#8176 = MECHANICAL_DESIGN_GEOMETRIC_PRESENTATION_REPRESENTATION (  '', ( #7988 ), #4877 ) ;
#8177 =( GEOMETRIC_REPRESENTATION_CONTEXT ( 3 ) GLOBAL_UNCERTAINTY_ASSIGNED_CONTEXT ( ( #3192 ) ) GLOBAL_UNIT_ASSIGNED_CONTEXT ( ( #51, #10205, #6657 ) ) REPRESENTATION_CONTEXT ( 'NONE', 'WORKASPACE' ) );
#8178 = PRESENTATION_STYLE_ASSIGNMENT (( #10908 ) ) ;
#8179 = FACE_OUTER_BOUND ( 'NONE', #8862, .T. ) ;
#8180 = CARTESIAN_POINT ( 'NONE',  ( -0.7292070235534214850, -2.827789550986767431, 0.9810000000000000941 ) ) ;
#8181 =( GEOMETRIC_REPRESENTATION_CONTEXT ( 3 ) GLOBAL_UNCERTAINTY_ASSIGNED_CONTEXT ( ( #11580 ) ) GLOBAL_UNIT_ASSIGNED_CONTEXT ( ( #10050, #1896, #3743 ) ) REPRESENTATION_CONTEXT ( 'NONE', 'WORKASPACE' ) );
#8182 = CARTESIAN_POINT ( 'NONE',  ( -0.8410329874534082650, -3.193368434364459052, 0.9799999999999999822 ) ) ;
#8183 = UNCERTAINTY_MEASURE_WITH_UNIT (LENGTH_MEASURE( 1.000000000000000082E-05 ), #7539, 'distance_accuracy_value', 'NONE');
#8184 = ORIENTED_EDGE ( 'NONE', *, *, #3151, .T. ) ;
#8185 = ORIENTED_EDGE ( 'NONE', *, *, #9642, .F. ) ;
#8186 = SURFACE_STYLE_USAGE ( .BOTH. , #695 ) ;
#8187 = PRESENTATION_STYLE_ASSIGNMENT (( #3641 ) ) ;
#8188 = EDGE_CURVE ( 'NONE', #1731, #8567, #2252, .T. ) ;
#8189 =( NAMED_UNIT ( * ) PLANE_ANGLE_UNIT ( ) SI_UNIT ( $, .RADIAN. ) );
#8190 = CARTESIAN_POINT ( 'NONE',  ( -0.9309720472149166648, -3.011202847425386686, 0.9799999999999999822 ) ) ;
#8191 = CARTESIAN_POINT ( 'NONE',  ( -1.502834628505179682, -3.242908675834546894, 0.9810000000000000941 ) ) ;
#8192 = ORIENTED_EDGE ( 'NONE', *, *, #2237, .F. ) ;
#8193 = CARTESIAN_POINT ( 'NONE',  ( -0.8445161764732593834, -3.308365659908373946, 0.9810000000000000941 ) ) ;
#8194 = CARTESIAN_POINT ( 'NONE',  ( -0.9095530341389380657, -3.181827121492629473, 0.9810000000000000941 ) ) ;
#8195 = DIRECTION ( 'NONE',  ( -0.0000000000000000000, -1.000000000000000000, -0.0000000000000000000 ) ) ;
#8196 = COLOUR_RGB ( '',0.0000000000000000000, 0.0000000000000000000, 0.0000000000000000000 ) ;
#8197 = CARTESIAN_POINT ( 'NONE',  ( -0.9945532437980214580, -3.220090212813853547, 0.9799999999999999822 ) ) ;
#8198 = PRESENTATION_LAYER_ASSIGNMENT (  '', '', ( #2559 ) ) ;
#8199 = EDGE_CURVE ( 'NONE', #5612, #6330, #1080, .T. ) ;
#8200 = ORIENTED_EDGE ( 'NONE', *, *, #8984, .F. ) ;
#8201 = FACE_OUTER_BOUND ( 'NONE', #8151, .T. ) ;
#8202 = EDGE_CURVE ( 'NONE', #9706, #6918, #9326, .T. ) ;
#8203 = ORIENTED_EDGE ( 'NONE', *, *, #4685, .T. ) ;
#8204 = MECHANICAL_DESIGN_GEOMETRIC_PRESENTATION_REPRESENTATION (  '', ( #10000 ), #2577 ) ;
#8205 = SURFACE_SIDE_STYLE ('',( #2676 ) ) ;
#8206 = CARTESIAN_POINT ( 'NONE',  ( 3.071543289325506798, -3.799999999999999822, 0.2284567106744905263 ) ) ;
#8207 = CARTESIAN_POINT ( 'NONE',  ( -0.7757881782047097996, -3.322298415987779752, 0.9810000000000000941 ) ) ;
#8208 = CARTESIAN_POINT ( 'NONE',  ( -0.9945532437980214580, -3.220090212813853547, 0.9799999999999999822 ) ) ;
#8209 = SURFACE_SIDE_STYLE ('',( #7141 ) ) ;
#8210 = EDGE_LOOP ( 'NONE', ( #9257, #1664, #6192, #3025, #3608, #11908, #4069 ) ) ;
#8211 = CARTESIAN_POINT ( 'NONE',  ( -0.8920331132488582560, -3.236934291058397140, 0.9799999999999999822 ) ) ;
#8212 = CARTESIAN_POINT ( 'NONE',  ( -1.116256907902850815, -2.984585044767507966, 0.9810000000000000941 ) ) ;
#8213 = SURFACE_STYLE_USAGE ( .BOTH. , #11192 ) ;
#8214 = ORIENTED_EDGE ( 'NONE', *, *, #9573, .T. ) ;
#8215 = AXIS2_PLACEMENT_3D ( 'NONE', #2949, #6431, #9319 ) ;
#8216 = LINE ( 'NONE', #662, #371 ) ;
#8217 = VECTOR ( 'NONE', #8931, 1000.000000000000114 ) ;
#8218 = ORIENTED_EDGE ( 'NONE', *, *, #10471, .F. ) ;
#8219 = ORIENTED_EDGE ( 'NONE', *, *, #821, .F. ) ;
#8220 = FILL_AREA_STYLE ('',( #9173 ) ) ;
#8221 = CARTESIAN_POINT ( 'NONE',  ( -1.995916176447512402, -2.953711186560602719, 0.9810000000000000941 ) ) ;
#8222 = CARTESIAN_POINT ( 'NONE',  ( -1.654663226256120279, -2.749827072733562972, 0.9810000000000000941 ) ) ;
#8223 = VECTOR ( 'NONE', #1088, 1000.000000000000000 ) ;
#8224 = CARTESIAN_POINT ( 'NONE',  ( -0.4314723442150319443, -3.330408527734124657, 0.9810000000000000941 ) ) ;
#8225 = DIRECTION ( 'NONE',  ( 0.0000000000000000000, -0.0000000000000000000, -1.000000000000000000 ) ) ;
#8226 = ORIENTED_EDGE ( 'NONE', *, *, #1789, .T. ) ;
#8227 =( NAMED_UNIT ( * ) SI_UNIT ( $, .STERADIAN. ) SOLID_ANGLE_UNIT ( ) );
#8228 = DIRECTION ( 'NONE',  ( -0.0000000000000000000, 1.000000000000000000, -0.0000000000000000000 ) ) ;
#8229 = CARTESIAN_POINT ( 'NONE',  ( -0.9560822008937726046, -3.312940594740499733, 0.9810000000000000941 ) ) ;
#8230 = SURFACE_SIDE_STYLE ('',( #5376 ) ) ;
#8231 = STYLED_ITEM ( 'NONE', ( #7941 ), #4980 ) ;
#8232 = PRESENTATION_LAYER_ASSIGNMENT (  '', '', ( #4547 ) ) ;
#8233 = CARTESIAN_POINT ( 'NONE',  ( -0.7349776799893397161, -2.916168973874188275, 0.9810000000000000941 ) ) ;
#8234 = UNCERTAINTY_MEASURE_WITH_UNIT (LENGTH_MEASURE( 1.000000000000000082E-05 ), #6379, 'distance_accuracy_value', 'NONE');
#8235 = VERTEX_POINT ( 'NONE', #2842 ) ;
#8236 = PLANE ( 'NONE',  #4074 ) ;
#8237 = STYLED_ITEM ( 'NONE', ( #3125 ), #3117 ) ;
#8238 = B_SPLINE_SURFACE_WITH_KNOTS ( 'NONE', 3, 1, ( 
 ( #2052, #10378 ),
 ( #5778, #2980 ),
 ( #6718, #9590 ),
 ( #5042, #7776 ) ),
 .UNSPECIFIED., .F., .F., .F.,
 ( 4, 4 ),
 ( 2, 2 ),
 ( 7.000000000000000000, 8.000000000000000000 ),
 ( 0.0000000000000000000, 1.000000000000000000 ),
 .UNSPECIFIED. ) ;
#8239 = AXIS2_PLACEMENT_3D ( 'NONE', #11558, #9770, #8730 ) ;
#8240 = VECTOR ( 'NONE', #11167, 1000.000000000000000 ) ;
#8241 = STYLED_ITEM ( 'NONE', ( #7492 ), #1490 ) ;
#8242 = DIRECTION ( 'NONE',  ( -0.3283461648125119980, 0.9445574604294408871, -0.0000000000000000000 ) ) ;
#8243 = ORIENTED_EDGE ( 'NONE', *, *, #5957, .T. ) ;
#8244 = STYLED_ITEM ( 'NONE', ( #5 ), #2631 ) ;
#8245 = FACE_OUTER_BOUND ( 'NONE', #11946, .T. ) ;
#8246 = LINE ( 'NONE', #5015, #7281 ) ;
#8247 = VECTOR ( 'NONE', #7323, 1000.000000000000000 ) ;
#8248 = MECHANICAL_DESIGN_GEOMETRIC_PRESENTATION_REPRESENTATION (  '', ( #271 ), #2018 ) ;
#8249 = FACE_OUTER_BOUND ( 'NONE', #11473, .T. ) ;
#8250 = CARTESIAN_POINT ( 'NONE',  ( -0.3502672509517243404, -3.150426432419600076, 0.9810000000000000941 ) ) ;
#8251 = STYLED_ITEM ( 'NONE', ( #7313 ), #2718 ) ;
#8252 = ORIENTED_EDGE ( 'NONE', *, *, #231, .F. ) ;
#8253 = CARTESIAN_POINT ( 'NONE',  ( -0.9226019959884024235, -2.824670277238598537, 0.9810000000000000941 ) ) ;
#8254 = PRESENTATION_STYLE_ASSIGNMENT (( #761 ) ) ;
#8255 = SURFACE_STYLE_USAGE ( .BOTH. , #4553 ) ;
#8256 = SURFACE_SIDE_STYLE ('',( #4672 ) ) ;
#8257 = DIRECTION ( 'NONE',  ( -0.0000000000000000000, -0.0000000000000000000, -1.000000000000000000 ) ) ;
#8258 = VERTEX_POINT ( 'NONE', #6568 ) ;
#8259 = LINE ( 'NONE', #3586, #2898 ) ;
#8260 = EDGE_CURVE ( 'NONE', #9329, #4781, #2895, .T. ) ;
#8261 = CARTESIAN_POINT ( 'NONE',  ( -1.310518290691525589, -3.041916492221364621, 0.9799999999999999822 ) ) ;
#8262 = UNCERTAINTY_MEASURE_WITH_UNIT (LENGTH_MEASURE( 1.000000000000000082E-05 ), #12069, 'distance_accuracy_value', 'NONE');
#8263 = DIRECTION ( 'NONE',  ( -0.0000000000000000000, 1.000000000000000000, -0.0000000000000000000 ) ) ;
#8264 = EDGE_LOOP ( 'NONE', ( #11044, #242, #151, #10450 ) ) ;
#8265 = AXIS2_PLACEMENT_3D ( 'NONE', #437, #6113, #7867 ) ;
#8266 = CARTESIAN_POINT ( 'NONE',  ( -1.725516619677668562, -2.836586302968011619, 0.9799999999999999822 ) ) ;
#8267 = EDGE_CURVE ( 'NONE', #11072, #11709, #1106, .T. ) ;
#8268 = AXIS2_PLACEMENT_3D ( 'NONE', #2038, #5764, #4965 ) ;
#8269 = EDGE_CURVE ( 'NONE', #820, #3612, #140, .T. ) ;
#8270 = ORIENTED_EDGE ( 'NONE', *, *, #11517, .T. ) ;
#8271 = UNCERTAINTY_MEASURE_WITH_UNIT (LENGTH_MEASURE( 1.000000000000000082E-05 ), #2230, 'distance_accuracy_value', 'NONE');
#8272 = CARTESIAN_POINT ( 'NONE',  ( -0.6281425540868390556, -2.804394997869957162, 0.9799999999999999822 ) ) ;
#8273 = EDGE_CURVE ( 'NONE', #10558, #1296, #8246, .T. ) ;
#8274 = CARTESIAN_POINT ( 'NONE',  ( -0.5530200446325973518, -3.307221926200337059, 0.9810000000000000941 ) ) ;
#8275 = DIRECTION ( 'NONE',  ( 0.9409537876827095415, -0.3385350342956581216, 0.0000000000000000000 ) ) ;
#8276 = CARTESIAN_POINT ( 'NONE',  ( -0.9175071821987060838, -3.307949756742321057, 0.9810000000000000941 ) ) ;
#8277 = CARTESIAN_POINT ( 'NONE',  ( -0.2256002767859937030, -3.330408527734125101, 0.9800000000000002043 ) ) ;
#8278 = ORIENTED_EDGE ( 'NONE', *, *, #7158, .T. ) ;
#8279 = LINE ( 'NONE', #8212, #10949 ) ;
#8280 = CARTESIAN_POINT ( 'NONE',  ( -1.116256907902850815, -3.150426432419600076, 0.9810000000000000941 ) ) ;
#8281 = VERTEX_POINT ( 'NONE', #3130 ) ;
#8282 = CARTESIAN_POINT ( 'NONE',  ( -0.9780210929280128695, -2.847233024021917025, 0.9810000000000000941 ) ) ;
#8283 = ORIENTED_EDGE ( 'NONE', *, *, #4728, .F. ) ;
#8284 = ORIENTED_EDGE ( 'NONE', *, *, #5223, .F. ) ;
#8285 = FILL_AREA_STYLE_COLOUR ( '', #8855 ) ;
#8286 = ADVANCED_FACE ( 'NONE', ( #5930 ), #3178, .F. ) ;
#8287 = PRESENTATION_STYLE_ASSIGNMENT (( #848 ) ) ;
#8288 = CARTESIAN_POINT ( 'NONE',  ( -0.3157992760262828269, -3.169557978080211225, 0.9800000000000002043 ) ) ;
#8289 = DIRECTION ( 'NONE',  ( -1.000000000000000000, -0.0000000000000000000, -0.0000000000000000000 ) ) ;
#8290 = SURFACE_STYLE_USAGE ( .BOTH. , #10221 ) ;
#8291 = SURFACE_SIDE_STYLE ('',( #1945 ) ) ;
#8292 = VERTEX_POINT ( 'NONE', #3991 ) ;
#8293 = CARTESIAN_POINT ( 'NONE',  ( -0.3169949976286874915, -3.320946730696714866, 0.9810000000000000941 ) ) ;
#8294 = UNCERTAINTY_MEASURE_WITH_UNIT (LENGTH_MEASURE( 1.000000000000000082E-05 ), #11591, 'distance_accuracy_value', 'NONE');
#8295 = CARTESIAN_POINT ( 'NONE',  ( -0.7061243978111498842, -3.370231255929431402, 0.9799999999999999822 ) ) ;
#8296 = FILL_AREA_STYLE_COLOUR ( '', #7274 ) ;
#8297 = SURFACE_STYLE_USAGE ( .BOTH. , #8230 ) ;
#8298 = DIRECTION ( 'NONE',  ( 0.0000000000000000000, -0.0000000000000000000, -1.000000000000000000 ) ) ;
#8299 = COLOUR_RGB ( '',0.0000000000000000000, 0.0000000000000000000, 0.0000000000000000000 ) ;
#8300 = ORIENTED_EDGE ( 'NONE', *, *, #4388, .F. ) ;
#8301 = CARTESIAN_POINT ( 'NONE',  ( -0.4318362594867182214, -2.804394997869956718, 0.9810000000000000941 ) ) ;
#8302 = LINE ( 'NONE', #8429, #76 ) ;
#8303 = CARTESIAN_POINT ( 'NONE',  ( -3.410954544295048407, -3.799999999999999822, 0.5678679656440377421 ) ) ;
#8304 = SURFACE_STYLE_USAGE ( .BOTH. , #4600 ) ;
#8305 = CARTESIAN_POINT ( 'NONE',  ( -0.9515072660623393741, -3.262096432632322074, 0.9810000000000000941 ) ) ;
#8306 = SURFACE_SIDE_STYLE ('',( #3569 ) ) ;
#8307 = EDGE_LOOP ( 'NONE', ( #11304, #9632, #470, #7646 ) ) ;
#8308 = PRESENTATION_STYLE_ASSIGNMENT (( #6309 ) ) ;
#8309 = VERTEX_POINT ( 'NONE', #6864 ) ;
#8310 = CARTESIAN_POINT ( 'NONE',  ( -1.309072325584600183, -3.128675667295774510, 0.9800000000000002043 ) ) ;
#8311 = SURFACE_SIDE_STYLE ('',( #6512 ) ) ;
#8312 = FACE_OUTER_BOUND ( 'NONE', #11893, .T. ) ;
#8313 = ORIENTED_EDGE ( 'NONE', *, *, #9454, .T. ) ;
#8314 =( LENGTH_UNIT ( ) NAMED_UNIT ( * ) SI_UNIT ( .MILLI., .METRE. ) );
#8315 = CARTESIAN_POINT ( 'NONE',  ( -1.026941702891116748, -2.877178052012376419, 0.9810000000000000941 ) ) ;
#8316 = FILL_AREA_STYLE_COLOUR ( '', #5522 ) ;
#8317 = ORIENTED_EDGE ( 'NONE', *, *, #8105, .T. ) ;
#8318 = CARTESIAN_POINT ( 'NONE',  ( -0.8311032993528110202, -3.227888397185662672, 0.9800000000000002043 ) ) ;
#8319 = FILL_AREA_STYLE ('',( #8635 ) ) ;
#8320 = PRESENTATION_LAYER_ASSIGNMENT (  '', '', ( #4239 ) ) ;
#8321 = ORIENTED_EDGE ( 'NONE', *, *, #2850, .F. ) ;
#8322 = LINE ( 'NONE', #1617, #1431 ) ;
#8323 = ORIENTED_EDGE ( 'NONE', *, *, #10937, .T. ) ;
#8324 = CARTESIAN_POINT ( 'NONE',  ( -2.118825085945855058, -2.891533818206630357, 0.9799999999999999822 ) ) ;
#8325 = VECTOR ( 'NONE', #6175, 1000.000000000000000 ) ;
#8326 = B_SPLINE_CURVE_WITH_KNOTS ( 'NONE', 3,
 ( #180, #967, #9431, #3790 ),
 .UNSPECIFIED., .F., .F.,
 ( 4, 4 ),
 ( 5.000000000000000000, 6.000000000000000000 ),
 .UNSPECIFIED. ) ;
#8327 = DIRECTION ( 'NONE',  ( -1.000000000000000000, -0.0000000000000000000, -0.0000000000000000000 ) ) ;
#8328 = B_SPLINE_CURVE_WITH_KNOTS ( 'NONE', 3,
 ( #5217, #8941, #567, #9189 ),
 .UNSPECIFIED., .F., .F.,
 ( 4, 4 ),
 ( 5.000000000000000000, 6.000000000000000000 ),
 .UNSPECIFIED. ) ;
#8329 = PRESENTATION_LAYER_ASSIGNMENT (  '', '', ( #5242 ) ) ;
#8330 = EDGE_CURVE ( 'NONE', #9317, #6748, #11593, .T. ) ;
#8331 = EDGE_CURVE ( 'NONE', #10480, #4018, #196, .T. ) ;
#8332 = CARTESIAN_POINT ( 'NONE',  ( -1.567904051181016500, -3.242908675834546450, 0.9810000000000000941 ) ) ;
#8333 = DIRECTION ( 'NONE',  ( -0.0000000000000000000, -0.0000000000000000000, -1.000000000000000000 ) ) ;
#8334 = ORIENTED_EDGE ( 'NONE', *, *, #5889, .T. ) ;
#8335 = CARTESIAN_POINT ( 'NONE',  ( -0.2965637545741610093, -3.301919160827621269, 0.9810000000000000941 ) ) ;
#8336 = DIRECTION ( 'NONE',  ( 0.0000000000000000000, -1.000000000000000000, 0.0000000000000000000 ) ) ;
#8337 = B_SPLINE_SURFACE_WITH_KNOTS ( 'NONE', 3, 1, ( 
 ( #4590, #10341 ),
 ( #10225, #8295 ),
 ( #8543, #3678 ),
 ( #3903, #2757 ) ),
 .UNSPECIFIED., .F., .F., .F.,
 ( 4, 4 ),
 ( 2, 2 ),
 ( 5.000000000000000000, 6.000000000000000000 ),
 ( 0.0000000000000000000, 1.000000000000000000 ),
 .UNSPECIFIED. ) ;
#8338 = ORIENTED_EDGE ( 'NONE', *, *, #1868, .F. ) ;
#8339 = PRESENTATION_LAYER_ASSIGNMENT (  '', '', ( #8767 ) ) ;
#8340 = EDGE_CURVE ( 'NONE', #1886, #3074, #3020, .T. ) ;
#8341 =( GEOMETRIC_REPRESENTATION_CONTEXT ( 3 ) GLOBAL_UNCERTAINTY_ASSIGNED_CONTEXT ( ( #4756 ) ) GLOBAL_UNIT_ASSIGNED_CONTEXT ( ( #3967, #7563, #10463 ) ) REPRESENTATION_CONTEXT ( 'NONE', 'WORKASPACE' ) );
#8342 = FACE_OUTER_BOUND ( 'NONE', #1616, .T. ) ;
#8343 = STYLED_ITEM ( 'NONE', ( #323 ), #3527 ) ;
#8344 = ORIENTED_EDGE ( 'NONE', *, *, #8035, .T. ) ;
#8345 = ORIENTED_EDGE ( 'NONE', *, *, #1032, .F. ) ;
#8346 = CARTESIAN_POINT ( 'NONE',  ( -2.231612129378391263, -3.101201944150103973, 0.9799999999999999822 ) ) ;
#8347 = LINE ( 'NONE', #11200, #5333 ) ;
#8348 = SURFACE_STYLE_USAGE ( .BOTH. , #2753 ) ;
#8349 = ADVANCED_FACE ( 'NONE', ( #4046 ), #4152, .F. ) ;
#8350 = FACE_OUTER_BOUND ( 'NONE', #1343, .T. ) ;
#8351 = COLOUR_RGB ( '',0.9686274509803921573, 0.8784313725490195957, 0.5999999999999999778 ) ;
#8352 = COLOUR_RGB ( '',0.0000000000000000000, 0.0000000000000000000, 0.0000000000000000000 ) ;
#8353 = EDGE_LOOP ( 'NONE', ( #3143, #1348, #5839, #6965 ) ) ;
#8354 = FILL_AREA_STYLE_COLOUR ( '', #3183 ) ;
#8355 = CARTESIAN_POINT ( 'NONE',  ( -0.7244761250340311376, -3.398824598628831239, 0.9799999999999999822 ) ) ;
#8356 = CARTESIAN_POINT ( 'NONE',  ( -0.2658908960417202816, -3.226120808728545342, 0.9799999999999999822 ) ) ;
#8357 =( GEOMETRIC_REPRESENTATION_CONTEXT ( 3 ) GLOBAL_UNCERTAINTY_ASSIGNED_CONTEXT ( ( #6444 ) ) GLOBAL_UNIT_ASSIGNED_CONTEXT ( ( #7212, #11866, #8090 ) ) REPRESENTATION_CONTEXT ( 'NONE', 'WORKASPACE' ) );
#8358 = PRESENTATION_STYLE_ASSIGNMENT (( #1029 ) ) ;
#8359 = UNCERTAINTY_MEASURE_WITH_UNIT (LENGTH_MEASURE( 1.000000000000000082E-05 ), #1772, 'distance_accuracy_value', 'NONE');
#8360 = ORIENTED_EDGE ( 'NONE', *, *, #7088, .T. ) ;
#8361 = EDGE_CURVE ( 'NONE', #5318, #636, #1635, .T. ) ;
#8362 = ADVANCED_FACE ( 'NONE', ( #1819 ), #2291, .F. ) ;
#8363 = FACE_OUTER_BOUND ( 'NONE', #5037, .T. ) ;
#8364 = VECTOR ( 'NONE', #9664, 1000.000000000000000 ) ;
#8365 = SURFACE_STYLE_FILL_AREA ( #7409 ) ;
#8366 = CARTESIAN_POINT ( 'NONE',  ( -0.3744936104020314960, -3.150426432419600076, 0.9800000000000002043 ) ) ;
#8367 = CARTESIAN_POINT ( 'NONE',  ( -0.7663783690616761124, -3.213019858982632648, 0.9810000000000000941 ) ) ;
#8368 = CARTESIAN_POINT ( 'NONE',  ( -1.116256907902850815, -2.984585044767507966, 0.9810000000000000941 ) ) ;
#8369 = ORIENTED_EDGE ( 'NONE', *, *, #8815, .T. ) ;
#8370 = PRESENTATION_STYLE_ASSIGNMENT (( #10178 ) ) ;
#8371 = CARTESIAN_POINT ( 'NONE',  ( -0.8573571867396971857, -3.224353220270048226, 0.9810000000000000941 ) ) ;
#8372 = DIRECTION ( 'NONE',  ( -1.000000000000000000, 0.0000000000000000000, 0.0000000000000000000 ) ) ;
#8373 = UNCERTAINTY_MEASURE_WITH_UNIT (LENGTH_MEASURE( 1.000000000000000082E-05 ), #10492, 'distance_accuracy_value', 'NONE');
#8374 = ADVANCED_FACE ( 'NONE', ( #6347 ), #10084, .F. ) ;
#8375 = FILL_AREA_STYLE ('',( #4663 ) ) ;
#8376 = CARTESIAN_POINT ( 'NONE',  ( -0.7409043001118278404, -3.374078360219573192, 0.9799999999999999822 ) ) ;
#8377 = CARTESIAN_POINT ( 'NONE',  ( -1.398723541192248954, -3.130121687562049448, 0.9810000000000000941 ) ) ;
#8378 = CARTESIAN_POINT ( 'NONE',  ( -0.9780210929280128695, -2.847233024021917025, 0.9810000000000000941 ) ) ;
#8379 = ORIENTED_EDGE ( 'NONE', *, *, #1396, .F. ) ;
#8380 = CARTESIAN_POINT ( 'NONE',  ( 7.500000000000000000, 3.799999999999999822, 0.0000000000000000000 ) ) ;
#8381 = CARTESIAN_POINT ( 'NONE',  ( -0.1977347646271890025, -3.251802829261419170, 0.9810000000000000941 ) ) ;
#8382 = PRESENTATION_LAYER_ASSIGNMENT (  '', '', ( #10169 ) ) ;
#8383 = CARTESIAN_POINT ( 'NONE',  ( -1.726962584784596855, -2.749827072733562972, 0.9810000000000000941 ) ) ;
#8384 = CARTESIAN_POINT ( 'NONE',  ( -0.7245801008262332532, -2.984585044767508411, 0.9799999999999999822 ) ) ;
#8385 = ORIENTED_EDGE ( 'NONE', *, *, #5912, .T. ) ;
#8386 =( NAMED_UNIT ( * ) SI_UNIT ( $, .STERADIAN. ) SOLID_ANGLE_UNIT ( ) );
#8387 = UNCERTAINTY_MEASURE_WITH_UNIT (LENGTH_MEASURE( 1.000000000000000082E-05 ), #7077, 'distance_accuracy_value', 'NONE');
#8388 = CARTESIAN_POINT ( 'NONE',  ( -1.919278867438905190, -2.975400994119907772, 0.9810000000000000941 ) ) ;
#8389 = CARTESIAN_POINT ( 'NONE',  ( 3.623086578651010914, 3.799999999999999822, 4.336808689942017736E-16 ) ) ;
#8390 = VECTOR ( 'NONE', #8946, 1000.000000000000000 ) ;
#8391 = PRESENTATION_LAYER_ASSIGNMENT (  '', '', ( #3908 ) ) ;
#8392 = MECHANICAL_DESIGN_GEOMETRIC_PRESENTATION_REPRESENTATION (  '', ( #8600 ), #7798 ) ;
#8393 = CARTESIAN_POINT ( 'NONE',  ( -0.7855619026180425957, -3.287778453165188797, 0.9810000000000000941 ) ) ;
#8394 = ORIENTED_EDGE ( 'NONE', *, *, #9670, .T. ) ;
#8395 = UNCERTAINTY_MEASURE_WITH_UNIT (LENGTH_MEASURE( 1.000000000000000082E-05 ), #1381, 'distance_accuracy_value', 'NONE');
#8396 = FILL_AREA_STYLE ('',( #951 ) ) ;
#8397 = SURFACE_STYLE_USAGE ( .BOTH. , #5545 ) ;
#8398 = LINE ( 'NONE', #4571, #1967 ) ;
#8399 = PRESENTATION_LAYER_ASSIGNMENT (  '', '', ( #1971 ) ) ;
#8400 =( GEOMETRIC_REPRESENTATION_CONTEXT ( 3 ) GLOBAL_UNCERTAINTY_ASSIGNED_CONTEXT ( ( #10660 ) ) GLOBAL_UNIT_ASSIGNED_CONTEXT ( ( #1350, #5091, #7710 ) ) REPRESENTATION_CONTEXT ( 'NONE', 'WORKASPACE' ) );
#8401 = CARTESIAN_POINT ( 'NONE',  ( -0.5481851703216898963, -2.904211757836307584, 0.9810000000000000941 ) ) ;
#8402 = SURFACE_STYLE_FILL_AREA ( #1932 ) ;
#8403 = SURFACE_STYLE_USAGE ( .BOTH. , #1934 ) ;
#8404 = AXIS2_PLACEMENT_3D ( 'NONE', #910, #11947, #2570 ) ;
#8405 = VECTOR ( 'NONE', #4584, 1000.000000000000000 ) ;
#8406 = STYLED_ITEM ( 'NONE', ( #5191 ), #10679 ) ;
#8407 = CARTESIAN_POINT ( 'NONE',  ( -0.8187821680439378857, -3.266567391672931198, 0.9799999999999999822 ) ) ;
#8408 = VERTEX_POINT ( 'NONE', #6475 ) ;
#8409 = ORIENTED_EDGE ( 'NONE', *, *, #5076, .F. ) ;
#8410 = CYLINDRICAL_SURFACE ( 'NONE', #11990, 0.2999999999999979905 ) ;
#8411 = FILL_AREA_STYLE_COLOUR ( '', #9260 ) ;
#8412 = CARTESIAN_POINT ( 'NONE',  ( -0.6743597934671352601, -3.299631693411562150, 0.9810000000000000941 ) ) ;
#8413 = FILL_AREA_STYLE_COLOUR ( '', #5104 ) ;
#8414 = CARTESIAN_POINT ( 'NONE',  ( -0.9515072660623394851, -3.262096432632321630, 0.9799999999999999822 ) ) ;
#8415 = CARTESIAN_POINT ( 'NONE',  ( -0.8895376942497728034, -2.983233359476450630, 0.9810000000000000941 ) ) ;
#8416 = ORIENTED_EDGE ( 'NONE', *, *, #4908, .F. ) ;
#8417 = CARTESIAN_POINT ( 'NONE',  ( -1.495604637492501165, -2.856830131629684910, 0.9810000000000000941 ) ) ;
#8418 = CARTESIAN_POINT ( 'NONE',  ( 3.227279220613570310, -3.799999999999999822, 0.7515432893255098445 ) ) ;
#8419 =( LENGTH_UNIT ( ) NAMED_UNIT ( * ) SI_UNIT ( .MILLI., .METRE. ) );
#8420 = PRESENTATION_LAYER_ASSIGNMENT (  '', '', ( #10000 ) ) ;
#8421 = DIRECTION ( 'NONE',  ( -0.0000000000000000000, -0.0000000000000000000, -1.000000000000000000 ) ) ;
#8422 = ADVANCED_FACE ( 'NONE', ( #5550 ), #12119, .F. ) ;
#8423 = SURFACE_STYLE_FILL_AREA ( #6676 ) ;
#8424 = B_SPLINE_CURVE_WITH_KNOTS ( 'NONE', 3,
 ( #5179, #3525, #11728, #2538 ),
 .UNSPECIFIED., .F., .F.,
 ( 4, 4 ),
 ( 11.00000000000000000, 12.00000000000000000 ),
 .UNSPECIFIED. ) ;
#8425 = ORIENTED_EDGE ( 'NONE', *, *, #4322, .T. ) ;
#8426 = EDGE_CURVE ( 'NONE', #9968, #11141, #9596, .T. ) ;
#8427 = ADVANCED_FACE ( 'NONE', ( #10275 ), #8477, .F. ) ;
#8428 = VECTOR ( 'NONE', #6860, 1000.000000000000000 ) ;
#8429 = CARTESIAN_POINT ( 'NONE',  ( -1.142510795289743974, -3.007771646301291568, 0.9810000000000000941 ) ) ;
#8430 =( NAMED_UNIT ( * ) SI_UNIT ( $, .STERADIAN. ) SOLID_ANGLE_UNIT ( ) );
#8431 = LINE ( 'NONE', #8366, #7283 ) ;
#8432 = CARTESIAN_POINT ( 'NONE',  ( 7.500000000000000000, 3.799999999999999822, 0.4799999999999981504 ) ) ;
#8433 =( LENGTH_UNIT ( ) NAMED_UNIT ( * ) SI_UNIT ( .MILLI., .METRE. ) );
#8434 = AXIS2_PLACEMENT_3D ( 'NONE', #10279, #11256, #11135 ) ;
#8435 = CARTESIAN_POINT ( 'NONE',  ( -0.1601995038493300716, -3.167270510664148553, 0.9810000000000000941 ) ) ;
#8436 = EDGE_CURVE ( 'NONE', #3555, #9494, #7610, .T. ) ;
#8437 = ADVANCED_FACE ( 'NONE', ( #3949 ), #10502, .T. ) ;
#8438 = VERTEX_POINT ( 'NONE', #3166 ) ;
#8439 = PLANE ( 'NONE',  #105 ) ;
#8440 = CARTESIAN_POINT ( 'NONE',  ( -2.170880670972001436, -3.258814512647445039, 0.9810000000000000941 ) ) ;
#8441 = STYLED_ITEM ( 'NONE', ( #9430 ), #888 ) ;
#8442 = FILL_AREA_STYLE ('',( #7524 ) ) ;
#8443 = CARTESIAN_POINT ( 'NONE',  ( -0.9226019959884024235, -2.824670277238598537, 0.9810000000000000941 ) ) ;
#8444 = FILL_AREA_STYLE ('',( #11411 ) ) ;
#8445 = CIRCLE ( 'NONE', #1611, 0.3000000000000006550 ) ;
#8446 = MECHANICAL_DESIGN_GEOMETRIC_PRESENTATION_REPRESENTATION (  '', ( #4360 ), #6695 ) ;
#8447 = COLOUR_RGB ( '',0.0000000000000000000, 0.0000000000000000000, 0.0000000000000000000 ) ;
#8448 = CARTESIAN_POINT ( 'NONE',  ( -1.940968674996824683, -2.962387115099497148, 0.9810000000000000941 ) ) ;
#8449 = ORIENTED_EDGE ( 'NONE', *, *, #10314, .F. ) ;
#8450 = CARTESIAN_POINT ( 'NONE',  ( -0.7244761250340311376, -3.398824598628831239, 0.9810000000000000941 ) ) ;
#8451 = FILL_AREA_STYLE_COLOUR ( '', #2425 ) ;
#8452 = CARTESIAN_POINT ( 'NONE',  ( -1.919278895018924569, -3.339789882455566961, 0.9799999999999999822 ) ) ;
#8453 = CARTESIAN_POINT ( 'NONE',  ( -0.9834278340929391016, -3.001949001969621555, 0.9799999999999999822 ) ) ;
#8454 =( GEOMETRIC_REPRESENTATION_CONTEXT ( 3 ) GLOBAL_UNCERTAINTY_ASSIGNED_CONTEXT ( ( #2492 ) ) GLOBAL_UNIT_ASSIGNED_CONTEXT ( ( #4452, #3551, #7272 ) ) REPRESENTATION_CONTEXT ( 'NONE', 'WORKASPACE' ) );
#8455 = CARTESIAN_POINT ( 'NONE',  ( -1.615621561618332702, -3.083850031912276357, 0.9810000000000000941 ) ) ;
#8456 = ADVANCED_FACE ( 'NONE', ( #10567 ), #6900, .F. ) ;
#8457 = DIRECTION ( 'NONE',  ( -1.000000000000000000, -0.0000000000000000000, -0.0000000000000000000 ) ) ;
#8458 = ORIENTED_EDGE ( 'NONE', *, *, #4908, .T. ) ;
#8459 = B_SPLINE_SURFACE_WITH_KNOTS ( 'NONE', 3, 1, ( 
 ( #750, #4777 ),
 ( #9453, #8507 ),
 ( #6632, #10244 ),
 ( #9565, #139 ) ),
 .UNSPECIFIED., .F., .F., .F.,
 ( 4, 4 ),
 ( 2, 2 ),
 ( 14.00000000000000000, 15.00000000000000000 ),
 ( 0.0000000000000000000, 1.000000000000000000 ),
 .UNSPECIFIED. ) ;
#8460 = AXIS2_PLACEMENT_3D ( 'NONE', #5245, #11732, #4984 ) ;
#8462 = VECTOR ( 'NONE', #10291, 1000.000000000000000 ) ;
#8461 = CARTESIAN_POINT ( 'NONE',  ( -1.142510795289743974, -3.007771646301291124, 0.9799999999999999822 ) ) ;
#8463 = PLANE ( 'NONE',  #6417 ) ;
#8464 = PRESENTATION_STYLE_ASSIGNMENT (( #11242 ) ) ;
#8465 = B_SPLINE_CURVE_WITH_KNOTS ( 'NONE', 3,
 ( #2275, #10848, #1474, #4351 ),
 .UNSPECIFIED., .F., .F.,
 ( 4, 4 ),
 ( 11.00000000000000000, 12.00000000000000000 ),
 .UNSPECIFIED. ) ;
#8466 = VECTOR ( 'NONE', #7367, 1000.000000000000000 ) ;
#8467 = FILL_AREA_STYLE_COLOUR ( '', #11530 ) ;
#8468 = ORIENTED_EDGE ( 'NONE', *, *, #664, .F. ) ;
#8469 = B_SPLINE_CURVE_WITH_KNOTS ( 'NONE', 3,
 ( #1832, #3676, #2642, #11027 ),
 .UNSPECIFIED., .F., .F.,
 ( 4, 4 ),
 ( 11.00000000000000000, 12.00000000000000000 ),
 .UNSPECIFIED. ) ;
#8470 = SURFACE_STYLE_USAGE ( .BOTH. , #1005 ) ;
#8471 =( LENGTH_UNIT ( ) NAMED_UNIT ( * ) SI_UNIT ( .MILLI., .METRE. ) );
#8472 = CARTESIAN_POINT ( 'NONE',  ( -0.8077087462353104153, -2.827789550986767431, 0.9810000000000000941 ) ) ;
#8473 = SURFACE_STYLE_USAGE ( .BOTH. , #3832 ) ;
#8474 = VECTOR ( 'NONE', #504, 1000.000000000000000 ) ;
#8475 = PRESENTATION_STYLE_ASSIGNMENT (( #5836 ) ) ;
#8476 = COLOUR_RGB ( '',0.0000000000000000000, 0.0000000000000000000, 0.0000000000000000000 ) ;
#8477 = PLANE ( 'NONE',  #7663 ) ;
#8478 = B_SPLINE_CURVE_WITH_KNOTS ( 'NONE', 3,
 ( #2698, #10157, #7729, #9775 ),
 .UNSPECIFIED., .F., .F.,
 ( 4, 4 ),
 ( 4.000000000000000000, 5.000000000000000000 ),
 .UNSPECIFIED. ) ;
#8479 = LINE ( 'NONE', #1823, #11518 ) ;
#8480 = VERTEX_POINT ( 'NONE', #6019 ) ;
#8481 = ORIENTED_EDGE ( 'NONE', *, *, #7412, .T. ) ;
#8482 = COLOUR_RGB ( '',0.6470588235294117974, 0.6196078431372549211, 0.5882352941176470784 ) ;
#8483 = DIRECTION ( 'NONE',  ( -0.0000000000000000000, -1.000000000000000000, -0.0000000000000000000 ) ) ;
#8484 = STYLED_ITEM ( 'NONE', ( #1159 ), #621 ) ;
#8485 = SURFACE_STYLE_FILL_AREA ( #174 ) ;
#8486 = CARTESIAN_POINT ( 'NONE',  ( -0.9181830248442337528, -3.307949756742321057, 0.9810000000000000941 ) ) ;
#8487 = LINE ( 'NONE', #11502, #4319 ) ;
#8488 = CARTESIAN_POINT ( 'NONE',  ( -0.8895376942497728034, -2.983233359476450630, 0.9799999999999999822 ) ) ;
#8489 = VERTEX_POINT ( 'NONE', #5183 ) ;
#8490 = FILL_AREA_STYLE ('',( #5613 ) ) ;
#8491 = CARTESIAN_POINT ( 'NONE',  ( -1.327870147770007447, -3.228448804129268268, 0.9799999999999999822 ) ) ;
#8492 = UNCERTAINTY_MEASURE_WITH_UNIT (LENGTH_MEASURE( 1.000000000000000082E-05 ), #4102, 'distance_accuracy_value', 'NONE');
#8493 = VERTEX_POINT ( 'NONE', #2236 ) ;
#8494 = ADVANCED_FACE ( 'NONE', ( #4315 ), #11673, .F. ) ;
#8495 = SURFACE_STYLE_USAGE ( .BOTH. , #5684 ) ;
#8496 = LINE ( 'NONE', #132, #11209 ) ;
#8497 = DIRECTION ( 'NONE',  ( 0.3493954794973187505, -0.9369753459439787990, -0.0000000000000000000 ) ) ;
#8498 = SURFACE_SIDE_STYLE ('',( #9442 ) ) ;
#8499 = PRESENTATION_STYLE_ASSIGNMENT (( #8559 ) ) ;
#8500 = CARTESIAN_POINT ( 'NONE',  ( -0.6759194303426055983, -3.306286144076720390, 0.9810000000000000941 ) ) ;
#8501 = EDGE_LOOP ( 'NONE', ( #320, #4748, #9890, #1494 ) ) ;
#8502 = ADVANCED_FACE ( 'NONE', ( #1303 ), #531, .F. ) ;
#8503 =( GEOMETRIC_REPRESENTATION_CONTEXT ( 3 ) GLOBAL_UNCERTAINTY_ASSIGNED_CONTEXT ( ( #6076 ) ) GLOBAL_UNIT_ASSIGNED_CONTEXT ( ( #3821, #3706, #998 ) ) REPRESENTATION_CONTEXT ( 'NONE', 'WORKASPACE' ) );
#8504 = CARTESIAN_POINT ( 'NONE',  ( -0.9469323312302121431, -3.202518304027323737, 0.9810000000000000941 ) ) ;
#8505 =( LENGTH_UNIT ( ) NAMED_UNIT ( * ) SI_UNIT ( .MILLI., .METRE. ) );
#8506 = EDGE_CURVE ( 'NONE', #1886, #125, #10007, .T. ) ;
#8507 = CARTESIAN_POINT ( 'NONE',  ( -0.8135833784627313214, -3.243068862764606486, 0.9799999999999999822 ) ) ;
#8508 = DIRECTION ( 'NONE',  ( -0.0000000000000000000, 1.000000000000000000, -0.0000000000000000000 ) ) ;
#8509 = UNCERTAINTY_MEASURE_WITH_UNIT (LENGTH_MEASURE( 1.000000000000000082E-05 ), #427, 'distance_accuracy_value', 'NONE');
#8510 = B_SPLINE_CURVE_WITH_KNOTS ( 'NONE', 3,
 ( #346, #4921, #8793, #285 ),
 .UNSPECIFIED., .F., .F.,
 ( 4, 4 ),
 ( 8.000000000000000000, 9.000000000000000000 ),
 .UNSPECIFIED. ) ;
#8511 = EDGE_CURVE ( 'NONE', #9949, #1731, #9401, .T. ) ;
#8512 = SURFACE_SIDE_STYLE ('',( #7645 ) ) ;
#8513 = VERTEX_POINT ( 'NONE', #9948 ) ;
#8514 = CARTESIAN_POINT ( 'NONE',  ( -0.4314723442150319443, -3.330408527734124657, 0.9810000000000000941 ) ) ;
#8515 = CARTESIAN_POINT ( 'NONE',  ( -1.573688021927421188, -3.241462710728314267, 0.9810000000000000941 ) ) ;
#8516 = PLANE ( 'NONE',  #6920 ) ;
#8517 = PRESENTATION_STYLE_ASSIGNMENT (( #7820 ) ) ;
#8518 = FILL_AREA_STYLE ('',( #5768 ) ) ;
#8519 = ORIENTED_EDGE ( 'NONE', *, *, #5837, .T. ) ;
#8520 = CARTESIAN_POINT ( 'NONE',  ( -1.945306653056974477, -2.845262231506906048, 0.9810000000000000941 ) ) ;
#8521 = CARTESIAN_POINT ( 'NONE',  ( -0.8453479828060594947, -3.253674393510046503, 0.9800000000000002043 ) ) ;
#8522 = UNCERTAINTY_MEASURE_WITH_UNIT (LENGTH_MEASURE( 1.000000000000000082E-05 ), #9214, 'distance_accuracy_value', 'NONE');
#8523 = DIRECTION ( 'NONE',  ( 1.000000000000000000, -0.0000000000000000000, -0.0000000000000000000 ) ) ;
#8524 = EDGE_CURVE ( 'NONE', #12010, #10089, #8654, .T. ) ;
#8525 = EDGE_CURVE ( 'NONE', #7041, #11487, #1553, .T. ) ;
#8526 = ORIENTED_EDGE ( 'NONE', *, *, #7238, .T. ) ;
#8527 = UNCERTAINTY_MEASURE_WITH_UNIT (LENGTH_MEASURE( 1.000000000000000082E-05 ), #4806, 'distance_accuracy_value', 'NONE');
#8528 = LINE ( 'NONE', #11367, #10812 ) ;
#8529 =( NAMED_UNIT ( * ) SI_UNIT ( $, .STERADIAN. ) SOLID_ANGLE_UNIT ( ) );
#8530 = FILL_AREA_STYLE ('',( #6719 ) ) ;
#8531 = FILL_AREA_STYLE ('',( #3040 ) ) ;
#8532 = PRESENTATION_STYLE_ASSIGNMENT (( #2806 ) ) ;
#8533 = PRESENTATION_LAYER_ASSIGNMENT (  '', '', ( #3671 ) ) ;
#8534 = ORIENTED_EDGE ( 'NONE', *, *, #6374, .F. ) ;
#8535 = VECTOR ( 'NONE', #10419, 1000.000000000000000 ) ;
#8536 = VECTOR ( 'NONE', #4399, 1000.000000000000000 ) ;
#8537 = ORIENTED_EDGE ( 'NONE', *, *, #10535, .F. ) ;
#8538 = DIRECTION ( 'NONE',  ( -0.0000000000000000000, -0.0000000000000000000, -1.000000000000000000 ) ) ;
#8539 = DIRECTION ( 'NONE',  ( 1.000000000000000000, 0.0000000000000000000, 0.0000000000000000000 ) ) ;
#8540 =( NAMED_UNIT ( * ) PLANE_ANGLE_UNIT ( ) SI_UNIT ( $, .RADIAN. ) );
#8541 = FILL_AREA_STYLE_COLOUR ( '', #1918 ) ;
#8542 = ORIENTED_EDGE ( 'NONE', *, *, #2982, .T. ) ;
#8543 = CARTESIAN_POINT ( 'NONE',  ( -0.7148063764122076780, -3.376989682386107194, 0.9810000000000000941 ) ) ;
#8544 =( LENGTH_UNIT ( ) NAMED_UNIT ( * ) SI_UNIT ( .MILLI., .METRE. ) );
#8545 = CARTESIAN_POINT ( 'NONE',  ( -1.309072325584600183, -3.128675667295774510, 0.9810000000000000941 ) ) ;
#8546 = MECHANICAL_DESIGN_GEOMETRIC_PRESENTATION_REPRESENTATION (  '', ( #11702 ), #6994 ) ;
#8547 = CARTESIAN_POINT ( 'NONE',  ( -0.6599071584301589022, -2.984585044767507966, 0.9800000000000002043 ) ) ;
#8548 =( GEOMETRIC_REPRESENTATION_CONTEXT ( 3 ) GLOBAL_UNCERTAINTY_ASSIGNED_CONTEXT ( ( #11648 ) ) GLOBAL_UNIT_ASSIGNED_CONTEXT ( ( #10876, #1566, #2621 ) ) REPRESENTATION_CONTEXT ( 'NONE', 'WORKASPACE' ) );
#8549 = VECTOR ( 'NONE', #655, 1000.000000000000000 ) ;
#8550 = ORIENTED_EDGE ( 'NONE', *, *, #10253, .F. ) ;
#8551 = B_SPLINE_SURFACE_WITH_KNOTS ( 'NONE', 3, 1, ( 
 ( #7360, #7589 ),
 ( #6878, #3141 ),
 ( #5879, #1981 ),
 ( #8575, #1174 ) ),
 .UNSPECIFIED., .F., .F., .F.,
 ( 4, 4 ),
 ( 2, 2 ),
 ( 1.000000000000000000, 2.000000000000000000 ),
 ( 0.0000000000000000000, 1.000000000000000000 ),
 .UNSPECIFIED. ) ;
#8552 = VECTOR ( 'NONE', #3919, 1000.000000000000000 ) ;
#8553 = CIRCLE ( 'NONE', #5040, 0.7799999999999999156 ) ;
#8554 = DIRECTION ( 'NONE',  ( -0.0000000000000000000, 0.0000000000000000000, -1.000000000000000000 ) ) ;
#8555 = CARTESIAN_POINT ( 'NONE',  ( -0.2761325115182485801, -3.282891590958525896, 0.9800000000000002043 ) ) ;
#8556 = MECHANICAL_DESIGN_GEOMETRIC_PRESENTATION_REPRESENTATION (  '', ( #10692 ), #756 ) ;
#8557 = CARTESIAN_POINT ( 'NONE',  ( -0.5530200446325973518, -3.238805855307024029, 0.9810000000000000941 ) ) ;
#8558 = VECTOR ( 'NONE', #3293, 1000.000000000000000 ) ;
#8559 = SURFACE_STYLE_USAGE ( .BOTH. , #2952 ) ;
#8560 = FILL_AREA_STYLE ('',( #4820 ) ) ;
#8561 = ORIENTED_EDGE ( 'NONE', *, *, #2373, .F. ) ;
#8562 = DIRECTION ( 'NONE',  ( -0.0000000000000000000, -0.0000000000000000000, -1.000000000000000000 ) ) ;
#8563 = SURFACE_SIDE_STYLE ('',( #1965 ) ) ;
#8564 = CARTESIAN_POINT ( 'NONE',  ( -0.7244761250340311376, -3.398824598628831239, 0.9799999999999999822 ) ) ;
#8565 = CARTESIAN_POINT ( 'NONE',  ( -0.5530200446325973518, -3.150426432419600076, 0.9810000000000000941 ) ) ;
#8566 = CARTESIAN_POINT ( 'NONE',  ( -0.6849133363181991729, -3.383332205675342763, 0.9799999999999999822 ) ) ;
#8567 = VERTEX_POINT ( 'NONE', #2543 ) ;
#8568 = COLOUR_RGB ( '',0.0000000000000000000, 0.0000000000000000000, 0.0000000000000000000 ) ;
#8569 = DIRECTION ( 'NONE',  ( 0.0000000000000000000, 1.000000000000000000, -0.0000000000000000000 ) ) ;
#8570 = EDGE_CURVE ( 'NONE', #1825, #10285, #8322, .T. ) ;
#8571 = EDGE_LOOP ( 'NONE', ( #228, #11431, #2738, #9025 ) ) ;
#8572 = LINE ( 'NONE', #5817, #9013 ) ;
#8573 = FACE_OUTER_BOUND ( 'NONE', #2890, .T. ) ;
#8574 = CARTESIAN_POINT ( 'NONE',  ( -1.773234185274330743, -3.361479579694797604, 0.9799999999999999822 ) ) ;
#8575 = CARTESIAN_POINT ( 'NONE',  ( -0.9829079551346840971, -3.289442065832175466, 0.9810000000000000941 ) ) ;
#8576 = SURFACE_STYLE_FILL_AREA ( #1060 ) ;
#8577 = CARTESIAN_POINT ( 'NONE',  ( -1.995916176447512402, -2.953711186560602719, 0.9799999999999999822 ) ) ;
#8578 = EDGE_LOOP ( 'NONE', ( #2687, #1775, #5459, #4895 ) ) ;
#8579 =( NAMED_UNIT ( * ) PLANE_ANGLE_UNIT ( ) SI_UNIT ( $, .RADIAN. ) );
#8580 = PRESENTATION_LAYER_ASSIGNMENT (  '', '', ( #10151 ) ) ;
#8581 = SURFACE_STYLE_USAGE ( .BOTH. , #3933 ) ;
#8582 = FILL_AREA_STYLE ('',( #10265 ) ) ;
#8583 = MECHANICAL_DESIGN_GEOMETRIC_PRESENTATION_REPRESENTATION (  '', ( #3718 ), #11733 ) ;
#8584 = EDGE_CURVE ( 'NONE', #515, #9179, #3529, .T. ) ;
#8585 = FACE_OUTER_BOUND ( 'NONE', #7133, .T. ) ;
#8586 = VERTEX_POINT ( 'NONE', #3401 ) ;
#8587 = EDGE_LOOP ( 'NONE', ( #4582, #10303, #8612, #11849 ) ) ;
#8588 = B_SPLINE_SURFACE_WITH_KNOTS ( 'NONE', 3, 1, ( 
 ( #3865, #2333 ),
 ( #8639, #381 ),
 ( #9626, #11595 ),
 ( #3198, #5811 ) ),
 .UNSPECIFIED., .F., .F., .F.,
 ( 4, 4 ),
 ( 2, 2 ),
 ( 19.00000000000000000, 20.00000000000000000 ),
 ( 0.0000000000000000000, 1.000000000000000000 ),
 .UNSPECIFIED. ) ;
#8589 = CARTESIAN_POINT ( 'NONE',  ( -2.209922321820471769, -3.215434952690258807, 0.9810000000000000941 ) ) ;
#8590 = CARTESIAN_POINT ( 'NONE',  ( -1.035259766221189093, -2.984585044767508411, 0.9799999999999999822 ) ) ;
#8591 = LINE ( 'NONE', #11553, #565 ) ;
#8592 = FILL_AREA_STYLE_COLOUR ( '', #3725 ) ;
#8593 = CARTESIAN_POINT ( 'NONE',  ( -0.9945532437980212359, -3.195343974404595055, 0.9810000000000000941 ) ) ;
#8594 = CARTESIAN_POINT ( 'NONE',  ( -0.8255405945006136781, -3.235582605765955133, 0.9810000000000000941 ) ) ;
#8595 = EDGE_CURVE ( 'NONE', #1921, #7072, #10870, .T. ) ;
#8596 = EDGE_CURVE ( 'NONE', #6357, #8092, #10199, .T. ) ;
#8597 = CARTESIAN_POINT ( 'NONE',  ( -0.9228619354678770925, -2.800963796745862489, 0.9810000000000000941 ) ) ;
#8598 = AXIS2_PLACEMENT_3D ( 'NONE', #4246, #5112, #6138 ) ;
#8599 = DIRECTION ( 'NONE',  ( 0.0000000000000000000, 1.000000000000000000, 0.0000000000000000000 ) ) ;
#8600 = STYLED_ITEM ( 'NONE', ( #7120 ), #363 ) ;
#8601 = PLANE ( 'NONE',  #3894 ) ;
#8602 = ORIENTED_EDGE ( 'NONE', *, *, #3892, .F. ) ;
#8603 = MECHANICAL_DESIGN_GEOMETRIC_PRESENTATION_REPRESENTATION (  '', ( #1571 ), #7805 ) ;
#8604 = VERTEX_POINT ( 'NONE', #7192 ) ;
#8605 = VECTOR ( 'NONE', #10730, 1000.000000000000000 ) ;
#8606 = LINE ( 'NONE', #11444, #3766 ) ;
#8607 = LINE ( 'NONE', #3838, #1619 ) ;
#8608 = CARTESIAN_POINT ( 'NONE',  ( -1.919278867438905190, -2.975400994119907772, 0.9810000000000000941 ) ) ;
#8609 = CARTESIAN_POINT ( 'NONE',  ( -0.4196710918658096423, -2.836523517483580559, 0.9810000000000000941 ) ) ;
#8610 = CARTESIAN_POINT ( 'NONE',  ( -0.7359134621136491639, -3.376053900261096974, 0.9810000000000000941 ) ) ;
#8611 = CARTESIAN_POINT ( 'NONE',  ( -0.9993881181082362453, -2.882792744759634651, 0.9799999999999999822 ) ) ;
#8612 = ORIENTED_EDGE ( 'NONE', *, *, #9575, .F. ) ;
#8613 = CARTESIAN_POINT ( 'NONE',  ( -3.071543289325503689, 3.799999999999999822, 0.2284567106744964660 ) ) ;
#8614 = CARTESIAN_POINT ( 'NONE',  ( -0.7679380059364522282, -3.266879319047467867, 0.9799999999999999822 ) ) ;
#8615 = CARTESIAN_POINT ( 'NONE',  ( -0.2658908960417202816, -3.195967829155061501, 0.9799999999999999822 ) ) ;
#8616 = LINE ( 'NONE', #7686, #159 ) ;
#8617 = CARTESIAN_POINT ( 'NONE',  ( -0.8746691560460573278, -2.809281860076622728, 0.9810000000000000941 ) ) ;
#8618 = VECTOR ( 'NONE', #7029, 1000.000000000000000 ) ;
#8619 = UNCERTAINTY_MEASURE_WITH_UNIT (LENGTH_MEASURE( 1.000000000000000082E-05 ), #5655, 'distance_accuracy_value', 'NONE');
#8620 = ORIENTED_EDGE ( 'NONE', *, *, #5963, .T. ) ;
#8621 = CARTESIAN_POINT ( 'NONE',  ( -0.9273328945077927710, -3.202518304027323737, 0.9799999999999999822 ) ) ;
#8622 = B_SPLINE_CURVE_WITH_KNOTS ( 'NONE', 3,
 ( #10337, #9492, #4933, #3840 ),
 .UNSPECIFIED., .F., .F.,
 ( 4, 4 ),
 ( 4.000000000000000000, 5.000000000000000000 ),
 .UNSPECIFIED. ) ;
#8623 = STYLED_ITEM ( 'NONE', ( #8936 ), #726 ) ;
#8624 = FACE_BOUND ( 'NONE', #172, .T. ) ;
#8625 = CARTESIAN_POINT ( 'NONE',  ( -0.1633707654932584075, -3.153025827211590304, 0.9810000000000000941 ) ) ;
#8626 = CARTESIAN_POINT ( 'NONE',  ( -0.2965637545741610093, -3.301919160827621269, 0.9799999999999999822 ) ) ;
#8627 = SURFACE_SIDE_STYLE ('',( #2197 ) ) ;
#8628 = EDGE_CURVE ( 'NONE', #10060, #4576, #2480, .T. ) ;
#8629 = COLOUR_RGB ( '',0.0000000000000000000, 0.0000000000000000000, 0.0000000000000000000 ) ;
#8630 = DIRECTION ( 'NONE',  ( 0.3315284183504029758, 0.9434452330824933952, -0.0000000000000000000 ) ) ;
#8631 = DIRECTION ( 'NONE',  ( -0.0000000000000000000, 1.000000000000000000, -0.0000000000000000000 ) ) ;
#8632 = ORIENTED_EDGE ( 'NONE', *, *, #9669, .F. ) ;
#8633 = LINE ( 'NONE', #84, #7678 ) ;
#8634 =( NAMED_UNIT ( * ) PLANE_ANGLE_UNIT ( ) SI_UNIT ( $, .RADIAN. ) );
#8635 = FILL_AREA_STYLE_COLOUR ( '', #3880 ) ;
#8636 = CARTESIAN_POINT ( 'NONE',  ( -0.4158759754714215218, -2.841826282857685015, 0.9800000000000002043 ) ) ;
#8637 = CARTESIAN_POINT ( 'NONE',  ( -0.7021733177294906536, -3.398824598628831239, 0.9810000000000000941 ) ) ;
#8638 = VERTEX_POINT ( 'NONE', #704 ) ;
#8639 = CARTESIAN_POINT ( 'NONE',  ( -0.8462837649310632759, -3.330928406693073995, 0.9810000000000000941 ) ) ;
#8640 = VECTOR ( 'NONE', #10777, 1000.000000000000000 ) ;
#8641 = B_SPLINE_CURVE_WITH_KNOTS ( 'NONE', 3,
 ( #8163, #7161, #6299, #9000 ),
 .UNSPECIFIED., .F., .F.,
 ( 4, 4 ),
 ( 1.000000000000000000, 2.000000000000000000 ),
 .UNSPECIFIED. ) ;
#8642 = B_SPLINE_SURFACE_WITH_KNOTS ( 'NONE', 3, 1, ( 
 ( #6017, #283 ),
 ( #2293, #8912 ),
 ( #7005, #11626 ),
 ( #3041, #4012 ) ),
 .UNSPECIFIED., .F., .F., .F.,
 ( 4, 4 ),
 ( 2, 2 ),
 ( 4.000000000000000000, 5.000000000000000000 ),
 ( 0.0000000000000000000, 1.000000000000000000 ),
 .UNSPECIFIED. ) ;
#8643 = PRESENTATION_LAYER_ASSIGNMENT (  '', '', ( #11783 ) ) ;
#8644 = VECTOR ( 'NONE', #9237, 1000.000000000000000 ) ;
#8645 =( NAMED_UNIT ( * ) SI_UNIT ( $, .STERADIAN. ) SOLID_ANGLE_UNIT ( ) );
#8646 = VERTEX_POINT ( 'NONE', #2736 ) ;
#8647 = CARTESIAN_POINT ( 'NONE',  ( -0.4745183219514081951, -3.150426432419600076, 0.9810000000000000941 ) ) ;
#8648 = CARTESIAN_POINT ( 'NONE',  ( 3.071543289325506798, 3.799999999999999822, 0.2284567106744903320 ) ) ;
#8649 = CARTESIAN_POINT ( 'NONE',  ( -0.8007943560920566251, -3.333839728858221996, 0.9810000000000000941 ) ) ;
#8650 = LINE ( 'NONE', #327, #11225 ) ;
#8651 = ORIENTED_EDGE ( 'NONE', *, *, #10235, .T. ) ;
#8652 = FILL_AREA_STYLE ('',( #2095 ) ) ;
#8653 = MECHANICAL_DESIGN_GEOMETRIC_PRESENTATION_REPRESENTATION (  '', ( #5519 ), #7084 ) ;
#8654 = B_SPLINE_CURVE_WITH_KNOTS ( 'NONE', 3,
 ( #7137, #3595, #1745, #8266 ),
 .UNSPECIFIED., .F., .F.,
 ( 4, 4 ),
 ( 20.00000000000000000, 21.00000000000000000 ),
 .UNSPECIFIED. ) ;
#8655 =( GEOMETRIC_REPRESENTATION_CONTEXT ( 3 ) GLOBAL_UNCERTAINTY_ASSIGNED_CONTEXT ( ( #109 ) ) GLOBAL_UNIT_ASSIGNED_CONTEXT ( ( #6807, #6755, #319 ) ) REPRESENTATION_CONTEXT ( 'NONE', 'WORKASPACE' ) );
#8656 =( GEOMETRIC_REPRESENTATION_CONTEXT ( 3 ) GLOBAL_UNCERTAINTY_ASSIGNED_CONTEXT ( ( #11241 ) ) GLOBAL_UNIT_ASSIGNED_CONTEXT ( ( #5907, #292, #3898 ) ) REPRESENTATION_CONTEXT ( 'NONE', 'WORKASPACE' ) );
#8657 =( GEOMETRIC_REPRESENTATION_CONTEXT ( 3 ) GLOBAL_UNCERTAINTY_ASSIGNED_CONTEXT ( ( #9849 ) ) GLOBAL_UNIT_ASSIGNED_CONTEXT ( ( #10860, #11914, #7784 ) ) REPRESENTATION_CONTEXT ( 'NONE', 'WORKASPACE' ) );
#8658 = VERTEX_POINT ( 'NONE', #4431 ) ;
#8659 = ORIENTED_EDGE ( 'NONE', *, *, #2461, .T. ) ;
#8660 = EDGE_CURVE ( 'NONE', #8007, #8638, #8129, .T. ) ;
#8661 =( GEOMETRIC_REPRESENTATION_CONTEXT ( 3 ) GLOBAL_UNCERTAINTY_ASSIGNED_CONTEXT ( ( #9853 ) ) GLOBAL_UNIT_ASSIGNED_CONTEXT ( ( #7554, #2055, #1130 ) ) REPRESENTATION_CONTEXT ( 'NONE', 'WORKASPACE' ) );
#8662 = VECTOR ( 'NONE', #1730, 1000.000000000000000 ) ;
#8663 = FILL_AREA_STYLE_COLOUR ( '', #10992 ) ;
#8664 = PRESENTATION_LAYER_ASSIGNMENT (  '', '', ( #3382 ) ) ;
#8665 = CARTESIAN_POINT ( 'NONE',  ( -0.9804645240313444310, -3.302023136619138377, 0.9810000000000000941 ) ) ;
#8666 = PRESENTATION_STYLE_ASSIGNMENT (( #4857 ) ) ;
#8667 = SURFACE_SIDE_STYLE ('',( #2352 ) ) ;
#8668 = B_SPLINE_CURVE_WITH_KNOTS ( 'NONE', 3,
 ( #336, #8785, #2405, #11548 ),
 .UNSPECIFIED., .F., .F.,
 ( 4, 4 ),
 ( 19.00000000000000000, 20.00000000000000000 ),
 .UNSPECIFIED. ) ;
#8669 = ADVANCED_FACE ( 'NONE', ( #8201 ), #10701, .F. ) ;
#8670 = CARTESIAN_POINT ( 'NONE',  ( -1.494158672385573983, -3.331113871176612840, 0.9810000000000000941 ) ) ;
#8671 = EDGE_CURVE ( 'NONE', #10997, #3280, #5713, .T. ) ;
#8672 = VECTOR ( 'NONE', #7353, 1000.000000000000000 ) ;
#8673 =( NAMED_UNIT ( * ) PLANE_ANGLE_UNIT ( ) SI_UNIT ( $, .RADIAN. ) );
#8674 = B_SPLINE_SURFACE_WITH_KNOTS ( 'NONE', 3, 1, ( 
 ( #9161, #4569 ),
 ( #5544, #6534 ),
 ( #890, #8324 ),
 ( #3713, #10271 ) ),
 .UNSPECIFIED., .F., .F., .F.,
 ( 4, 4 ),
 ( 2, 2 ),
 ( 5.000000000000000000, 6.000000000000000000 ),
 ( 0.0000000000000000000, 1.000000000000000000 ),
 .UNSPECIFIED. ) ;
#8675 = PRESENTATION_LAYER_ASSIGNMENT (  '', '', ( #7109 ) ) ;
#8676 = LINE ( 'NONE', #2113, #2734 ) ;
#8677 = ORIENTED_EDGE ( 'NONE', *, *, #4331, .F. ) ;
#8678 = EDGE_CURVE ( 'NONE', #5870, #5406, #4792, .T. ) ;
#8679 = ORIENTED_EDGE ( 'NONE', *, *, #2857, .T. ) ;
#8680 = LINE ( 'NONE', #8008, #448 ) ;
#8681 = PRESENTATION_LAYER_ASSIGNMENT (  '', '', ( #10250 ) ) ;
#8682 = FACE_OUTER_BOUND ( 'NONE', #1890, .T. ) ;
#8683 = CARTESIAN_POINT ( 'NONE',  ( 3.410954544295047963, -3.799999999999999822, 0.5678679656440351886 ) ) ;
#8684 = STYLED_ITEM ( 'NONE', ( #10664 ), #9127 ) ;
#8685 = SURFACE_STYLE_USAGE ( .BOTH. , #2119 ) ;
#8686 = CARTESIAN_POINT ( 'NONE',  ( -0.9962688443593771259, -3.322402391779288866, 0.9810000000000000941 ) ) ;
#8687 = ORIENTED_EDGE ( 'NONE', *, *, #821, .T. ) ;
#8688 = CARTESIAN_POINT ( 'NONE',  ( -0.07161212937888518371, -3.330408527734124657, 0.9810000000000000941 ) ) ;
#8689 = FILL_AREA_STYLE_COLOUR ( '', #4923 ) ;
#8690 = SURFACE_SIDE_STYLE ('',( #11452 ) ) ;
#8691 = CARTESIAN_POINT ( 'NONE',  ( -0.9780210929280128695, -2.847233024021917025, 0.9810000000000000941 ) ) ;
#8692 = ORIENTED_EDGE ( 'NONE', *, *, #10648, .T. ) ;
#8693 = STYLED_ITEM ( 'NONE', ( #1769 ), #3233 ) ;
#8694 = CARTESIAN_POINT ( 'NONE',  ( -0.9175071821987061949, -3.238078024765040475, 0.9799999999999999822 ) ) ;
#8695 = COLOUR_RGB ( '',0.0000000000000000000, 0.0000000000000000000, 0.0000000000000000000 ) ;
#8696 = EDGE_CURVE ( 'NONE', #5936, #7016, #4267, .T. ) ;
#8697 = MECHANICAL_DESIGN_GEOMETRIC_PRESENTATION_REPRESENTATION (  '', ( #1849 ), #2235 ) ;
#8698 =( LENGTH_UNIT ( ) NAMED_UNIT ( * ) SI_UNIT ( .MILLI., .METRE. ) );
#8699 = PLANE ( 'NONE',  #3733 ) ;
#8700 = SURFACE_SIDE_STYLE ('',( #11464 ) ) ;
#8701 = EDGE_LOOP ( 'NONE', ( #1570, #5847, #11976, #10123 ) ) ;
#8702 = CARTESIAN_POINT ( 'NONE',  ( -1.043525841656193887, -3.238805855307024029, 0.9810000000000000941 ) ) ;
#8703 = LINE ( 'NONE', #2328, #1421 ) ;
#8704 = PRESENTATION_STYLE_ASSIGNMENT (( #5928 ) ) ;
#8705 = ORIENTED_EDGE ( 'NONE', *, *, #10919, .T. ) ;
#8706 =( LENGTH_UNIT ( ) NAMED_UNIT ( * ) SI_UNIT ( .MILLI., .METRE. ) );
#8707 = EDGE_CURVE ( 'NONE', #5451, #1235, #3403, .T. ) ;
#8708 = CARTESIAN_POINT ( 'NONE',  ( -1.362573861928358276, -3.266044448500084574, 0.9810000000000000941 ) ) ;
#8709 = PLANE ( 'NONE',  #10424 ) ;
#8710 = VERTEX_POINT ( 'NONE', #8389 ) ;
#8711 = SURFACE_SIDE_STYLE ('',( #8943 ) ) ;
#8712 = FILL_AREA_STYLE_COLOUR ( '', #11243 ) ;
#8713 = DIRECTION ( 'NONE',  ( 4.051977475832535632E-17, 0.0000000000000000000, -1.000000000000000000 ) ) ;
#8714 = CARTESIAN_POINT ( 'NONE',  ( -2.140514893504466887, -3.098309903617555872, 0.9810000000000000941 ) ) ;
#8715 = VERTEX_POINT ( 'NONE', #46 ) ;
#8716 = DIRECTION ( 'NONE',  ( -0.3283461648125119980, 0.9445574604294408871, -0.0000000000000000000 ) ) ;
#8717 = FILL_AREA_STYLE ('',( #153 ) ) ;
#8718 = CARTESIAN_POINT ( 'NONE',  ( -2.675735931288071079, -3.799999999999999822, 0.7800000000000008038 ) ) ;
#8719 =( NAMED_UNIT ( * ) SI_UNIT ( $, .STERADIAN. ) SOLID_ANGLE_UNIT ( ) );
#8720 = CARTESIAN_POINT ( 'NONE',  ( -1.849871494282939066, -2.770070892776653082, 0.9810000000000000941 ) ) ;
#8721 = CARTESIAN_POINT ( 'NONE',  ( -0.7409043001118279514, -3.396745082795791237, 0.9810000000000000941 ) ) ;
#8722 = VERTEX_POINT ( 'NONE', #10313 ) ;
#8723 = VERTEX_POINT ( 'NONE', #4733 ) ;
#8724 = CARTESIAN_POINT ( 'NONE',  ( -2.053755663270016463, -3.231340734341733967, 0.9810000000000000941 ) ) ;
#8725 = SURFACE_SIDE_STYLE ('',( #6775 ) ) ;
#8726 = CARTESIAN_POINT ( 'NONE',  ( -1.940968674996824683, -2.962387115099497148, 0.9799999999999999822 ) ) ;
#8727 =( NAMED_UNIT ( * ) SI_UNIT ( $, .STERADIAN. ) SOLID_ANGLE_UNIT ( ) );
#8728 = CARTESIAN_POINT ( 'NONE',  ( -0.7264516650755532545, -3.376989682386107194, 0.9810000000000000941 ) ) ;
#8729 = DIRECTION ( 'NONE',  ( 0.0000000000000000000, 0.0000000000000000000, 1.000000000000000000 ) ) ;
#8730 = DIRECTION ( 'NONE',  ( 0.0000000000000000000, 0.0000000000000000000, -1.000000000000000000 ) ) ;
#8731 =( NAMED_UNIT ( * ) SI_UNIT ( $, .STERADIAN. ) SOLID_ANGLE_UNIT ( ) );
#8732 = ORIENTED_EDGE ( 'NONE', *, *, #5002, .T. ) ;
#8733 = EDGE_CURVE ( 'NONE', #663, #1047, #2073, .T. ) ;
#8734 = EDGE_LOOP ( 'NONE', ( #5875, #9972, #718, #8873 ) ) ;
#8735 = EDGE_CURVE ( 'NONE', #2932, #9932, #631, .T. ) ;
#8736 = CARTESIAN_POINT ( 'NONE',  ( -0.6728001565930521455, -3.294536879621864589, 0.9799999999999999822 ) ) ;
#8737 = SURFACE_SIDE_STYLE ('',( #1311 ) ) ;
#8738 = CARTESIAN_POINT ( 'NONE',  ( -1.725516619677668562, -2.836586302968011619, 0.9810000000000000941 ) ) ;
#8739 = CARTESIAN_POINT ( 'NONE',  ( -0.4802889783873200980, -3.007771646301290680, 0.9800000000000002043 ) ) ;
#8740 = FILL_AREA_STYLE_COLOUR ( '', #5421 ) ;
#8741 = FILL_AREA_STYLE_COLOUR ( '', #11308 ) ;
#8742 = VECTOR ( 'NONE', #7687, 999.9999999999998863 ) ;
#8743 = ORIENTED_EDGE ( 'NONE', *, *, #8971, .F. ) ;
#8744 = CARTESIAN_POINT ( 'NONE',  ( -0.07161212937888518371, -3.330408527734124657, 0.9810000000000000941 ) ) ;
#8745 = B_SPLINE_SURFACE_WITH_KNOTS ( 'NONE', 3, 1, ( 
 ( #5972, #4150 ),
 ( #7854, #8923 ),
 ( #10823, #7207 ),
 ( #9167, #7378 ) ),
 .UNSPECIFIED., .F., .F., .F.,
 ( 4, 4 ),
 ( 2, 2 ),
 ( 4.000000000000000000, 5.000000000000000000 ),
 ( 0.0000000000000000000, 1.000000000000000000 ),
 .UNSPECIFIED. ) ;
#8746 = UNCERTAINTY_MEASURE_WITH_UNIT (LENGTH_MEASURE( 1.000000000000000082E-05 ), #2271, 'distance_accuracy_value', 'NONE');
#8747 = EDGE_LOOP ( 'NONE', ( #3523, #7561, #9110, #3788 ) ) ;
#8748 = VECTOR ( 'NONE', #5272, 1000.000000000000000 ) ;
#8749 = CARTESIAN_POINT ( 'NONE',  ( -0.9605531599343878346, -3.244108620679739818, 0.9810000000000000941 ) ) ;
#8750 = EDGE_CURVE ( 'NONE', #8831, #9329, #3034, .T. ) ;
#8751 = UNCERTAINTY_MEASURE_WITH_UNIT (LENGTH_MEASURE( 1.000000000000000082E-05 ), #5663, 'distance_accuracy_value', 'NONE');
#8752 = LINE ( 'NONE', #5266, #7827 ) ;
#8753 = LINE ( 'NONE', #4337, #6258 ) ;
#8754 = AXIS2_PLACEMENT_3D ( 'NONE', #3662, #5485, #785 ) ;
#8755 = DIRECTION ( 'NONE',  ( -1.000000000000000000, 0.0000000000000000000, -2.237248150067282790E-16 ) ) ;
#8756 = AXIS2_PLACEMENT_3D ( 'NONE', #5983, #6801, #374 ) ;
#8757 = ORIENTED_EDGE ( 'NONE', *, *, #6961, .T. ) ;
#8758 =( LENGTH_UNIT ( ) NAMED_UNIT ( * ) SI_UNIT ( .MILLI., .METRE. ) );
#8759 =( NAMED_UNIT ( * ) SI_UNIT ( $, .STERADIAN. ) SOLID_ANGLE_UNIT ( ) );
#8760 = EDGE_CURVE ( 'NONE', #6086, #10752, #5288, .T. ) ;
#8761 = EDGE_CURVE ( 'NONE', #8723, #8077, #9582, .T. ) ;
#8762 = FILL_AREA_STYLE ('',( #5869 ) ) ;
#8763 = ORIENTED_EDGE ( 'NONE', *, *, #457, .F. ) ;
#8764 = FACE_OUTER_BOUND ( 'NONE', #11811, .T. ) ;
#8765 =( LENGTH_UNIT ( ) NAMED_UNIT ( * ) SI_UNIT ( .MILLI., .METRE. ) );
#8766 = B_SPLINE_CURVE_WITH_KNOTS ( 'NONE', 3,
 ( #2597, #1732, #5461, #10061 ),
 .UNSPECIFIED., .F., .F.,
 ( 4, 4 ),
 ( 7.000000000000000000, 8.000000000000000000 ),
 .UNSPECIFIED. ) ;
#8767 = STYLED_ITEM ( 'NONE', ( #5635 ), #86 ) ;
#8768 = MECHANICAL_DESIGN_GEOMETRIC_PRESENTATION_REPRESENTATION (  '', ( #753 ), #3097 ) ;
#8769 = AXIS2_PLACEMENT_3D ( 'NONE', #10124, #11910, #3449 ) ;
#8770 = MECHANICAL_DESIGN_GEOMETRIC_PRESENTATION_REPRESENTATION (  '', ( #5814 ), #7758 ) ;
#8771 = EDGE_LOOP ( 'NONE', ( #3045, #11358, #4803, #7100 ) ) ;
#8772 = CARTESIAN_POINT ( 'NONE',  ( -1.917832902331976896, -3.426549002369938535, 0.9810000000000000941 ) ) ;
#8773 =( NAMED_UNIT ( * ) PLANE_ANGLE_UNIT ( ) SI_UNIT ( $, .RADIAN. ) );
#8774 = CARTESIAN_POINT ( 'NONE',  ( -1.142510795289743974, -3.330408527734124657, 0.9810000000000000941 ) ) ;
#8775 = CARTESIAN_POINT ( 'NONE',  ( -0.8339626336221952485, -2.804394997869956718, 0.9810000000000000941 ) ) ;
#8776 = FACE_OUTER_BOUND ( 'NONE', #6913, .T. ) ;
#8777 = DIRECTION ( 'NONE',  ( -0.0000000000000000000, -0.0000000000000000000, -1.000000000000000000 ) ) ;
#8778 = EDGE_LOOP ( 'NONE', ( #3754, #2006, #12038, #11865 ) ) ;
#8779 = SURFACE_STYLE_FILL_AREA ( #9641 ) ;
#8780 = PRESENTATION_LAYER_ASSIGNMENT (  '', '', ( #3496 ) ) ;
#8781 = CARTESIAN_POINT ( 'NONE',  ( -0.9175071821987061949, -3.271454253879594098, 0.9810000000000000941 ) ) ;
#8782 = PRESENTATION_STYLE_ASSIGNMENT (( #10673 ) ) ;
#8783 = COLOUR_RGB ( '',0.0000000000000000000, 0.0000000000000000000, 0.0000000000000000000 ) ;
#8784 = CARTESIAN_POINT ( 'NONE',  ( -1.900481045253495260, -2.806220573765509929, 0.9810000000000000941 ) ) ;
#8785 = CARTESIAN_POINT ( 'NONE',  ( -1.968442425721822264, -2.953711186560602719, 0.9800000000000002043 ) ) ;
#8786 = ORIENTED_EDGE ( 'NONE', *, *, #3225, .F. ) ;
#8787 = ORIENTED_EDGE ( 'NONE', *, *, #4019, .F. ) ;
#8788 = VECTOR ( 'NONE', #2346, 1000.000000000000000 ) ;
#8789 = CARTESIAN_POINT ( 'NONE',  ( -0.1622270317866075784, -3.159784253666880094, 0.9800000000000002043 ) ) ;
#8790 = SURFACE_SIDE_STYLE ('',( #7890 ) ) ;
#8791 = CARTESIAN_POINT ( 'NONE',  ( -1.033128262493087535, -3.307221926200337059, 0.9800000000000002043 ) ) ;
#8792 = LINE ( 'NONE', #405, #4139 ) ;
#8793 = CARTESIAN_POINT ( 'NONE',  ( -0.9452687185639270240, -2.824670277238598537, 0.9800000000000002043 ) ) ;
#8794 = VECTOR ( 'NONE', #6972, 1000.000000000000000 ) ;
#8795 = AXIS2_PLACEMENT_3D ( 'NONE', #1503, #7083, #4085 ) ;
#8796 = DIRECTION ( 'NONE',  ( -1.000000000000000000, -0.0000000000000000000, -0.0000000000000000000 ) ) ;
#8797 = ORIENTED_EDGE ( 'NONE', *, *, #7942, .T. ) ;
#8798 = B_SPLINE_CURVE_WITH_KNOTS ( 'NONE', 3,
 ( #10306, #203, #9397, #11352 ),
 .UNSPECIFIED., .F., .F.,
 ( 4, 4 ),
 ( 14.00000000000000000, 15.00000000000000000 ),
 .UNSPECIFIED. ) ;
#8799 = ORIENTED_EDGE ( 'NONE', *, *, #7552, .T. ) ;
#8800 = FACE_OUTER_BOUND ( 'NONE', #8771, .T. ) ;
#8801 = CARTESIAN_POINT ( 'NONE',  ( -0.8575131504269682958, -3.325313713944427985, 0.9810000000000000941 ) ) ;
#8802 = SURFACE_STYLE_FILL_AREA ( #417 ) ;
#8803 = CARTESIAN_POINT ( 'NONE',  ( -1.576579952140586105, -3.241462710728314267, 0.9810000000000000941 ) ) ;
#8804 = SURFACE_SIDE_STYLE ('',( #7682 ) ) ;
#8805 = ORIENTED_EDGE ( 'NONE', *, *, #2011, .F. ) ;
#8806 =( NAMED_UNIT ( * ) PLANE_ANGLE_UNIT ( ) SI_UNIT ( $, .RADIAN. ) );
#8807 = CARTESIAN_POINT ( 'NONE',  ( -0.9452687185639270240, -2.824670277238598537, 0.9810000000000000941 ) ) ;
#8808 = ORIENTED_EDGE ( 'NONE', *, *, #4410, .F. ) ;
#8809 = PRESENTATION_LAYER_ASSIGNMENT (  '', '', ( #1972 ) ) ;
#8810 = DIRECTION ( 'NONE',  ( -0.3385350343141514950, -0.9409537876760559749, 0.0000000000000000000 ) ) ;
#8811 = COLOUR_RGB ( '',0.0000000000000000000, 0.0000000000000000000, 0.0000000000000000000 ) ;
#8812 = PRESENTATION_STYLE_ASSIGNMENT (( #11400 ) ) ;
#8813 = DIRECTION ( 'NONE',  ( 1.000000000000000000, -0.0000000000000000000, -0.0000000000000000000 ) ) ;
#8814 = LINE ( 'NONE', #4159, #8794 ) ;
#8815 = EDGE_CURVE ( 'NONE', #2285, #3802, #6650, .T. ) ;
#8816 = FILL_AREA_STYLE ('',( #10771 ) ) ;
#8817 = ORIENTED_EDGE ( 'NONE', *, *, #2155, .T. ) ;
#8818 = PLANE ( 'NONE',  #8265 ) ;
#8819 = DIRECTION ( 'NONE',  ( 0.0000000000000000000, 0.0000000000000000000, 1.000000000000000000 ) ) ;
#8820 = SURFACE_STYLE_USAGE ( .BOTH. , #6979 ) ;
#8821 = PRESENTATION_LAYER_ASSIGNMENT (  '', '', ( #4705 ) ) ;
#8822 = FILL_AREA_STYLE ('',( #5215 ) ) ;
#8823 = B_SPLINE_CURVE_WITH_KNOTS ( 'NONE', 3,
 ( #4014, #5120, #5838, #7724 ),
 .UNSPECIFIED., .F., .F.,
 ( 4, 4 ),
 ( 11.00000000000000000, 12.00000000000000000 ),
 .UNSPECIFIED. ) ;
#8824 = ADVANCED_FACE ( 'NONE', ( #10371 ), #8853, .F. ) ;
#8825 = CARTESIAN_POINT ( 'NONE',  ( -0.6726441929057809244, -3.352347419768366699, 0.9799999999999999822 ) ) ;
#8826 = EDGE_CURVE ( 'NONE', #2557, #2177, #10675, .T. ) ;
#8827 = ORIENTED_EDGE ( 'NONE', *, *, #3588, .T. ) ;
#8828 = DIRECTION ( 'NONE',  ( -0.9676172723861844460, -0.2524218971878640638, 0.0000000000000000000 ) ) ;
#8829 = DIRECTION ( 'NONE',  ( 0.0000000000000000000, 0.0000000000000000000, 1.000000000000000000 ) ) ;
#8830 = SURFACE_STYLE_FILL_AREA ( #5935 ) ;
#8831 = VERTEX_POINT ( 'NONE', #10794 ) ;
#8832 = ADVANCED_FACE ( 'NONE', ( #2344 ), #5136, .T. ) ;
#8833 = SURFACE_STYLE_USAGE ( .BOTH. , #8711 ) ;
#8834 = CARTESIAN_POINT ( 'NONE',  ( -3.623086578651014023, -3.799999999999999822, 0.7800000000000008038 ) ) ;
#8835 = CARTESIAN_POINT ( 'NONE',  ( -0.8920331132488581449, -3.330408527734124657, 0.9810000000000000941 ) ) ;
#8836 = SURFACE_SIDE_STYLE ('',( #4232 ) ) ;
#8837 = CARTESIAN_POINT ( 'NONE',  ( -0.9515072660623395961, -3.262096432632322518, 0.9799999999999999822 ) ) ;
#8838 = VERTEX_POINT ( 'NONE', #3149 ) ;
#8839 = SURFACE_STYLE_USAGE ( .BOTH. , #5331 ) ;
#8840 = SURFACE_STYLE_USAGE ( .BOTH. , #5101 ) ;
#8841 = MECHANICAL_DESIGN_GEOMETRIC_PRESENTATION_REPRESENTATION (  '', ( #7266 ), #1788 ) ;
#8842 = PRESENTATION_LAYER_ASSIGNMENT (  '', '', ( #7855 ) ) ;
#8843 = PRESENTATION_LAYER_ASSIGNMENT (  '', '', ( #4722 ) ) ;
#8844 = DIRECTION ( 'NONE',  ( -0.0000000000000000000, 0.0000000000000000000, -1.000000000000000000 ) ) ;
#8845 = ORIENTED_EDGE ( 'NONE', *, *, #1046, .T. ) ;
#8846 = EDGE_LOOP ( 'NONE', ( #5730, #10773, #4876, #8526 ) ) ;
#8847 = EDGE_CURVE ( 'NONE', #9130, #11998, #8901, .T. ) ;
#8848 = DIRECTION ( 'NONE',  ( 0.0000000000000000000, 1.000000000000000000, 0.0000000000000000000 ) ) ;
#8849 = PRESENTATION_LAYER_ASSIGNMENT (  '', '', ( #2186 ) ) ;
#8850 = DIRECTION ( 'NONE',  ( 1.000000000000000000, -0.0000000000000000000, -0.0000000000000000000 ) ) ;
#8851 = FACE_OUTER_BOUND ( 'NONE', #8846, .T. ) ;
#8852 = FACE_OUTER_BOUND ( 'NONE', #6975, .T. ) ;
#8853 = B_SPLINE_SURFACE_WITH_KNOTS ( 'NONE', 3, 1, ( 
 ( #4849, #6133 ),
 ( #7771, #9874 ),
 ( #8720, #273 ),
 ( #8784, #11545 ) ),
 .UNSPECIFIED., .F., .F., .F.,
 ( 4, 4 ),
 ( 2, 2 ),
 ( 2.000000000000000000, 3.000000000000000000 ),
 ( 0.0000000000000000000, 1.000000000000000000 ),
 .UNSPECIFIED. ) ;
#8854 = VECTOR ( 'NONE', #1668, 1000.000000000000000 ) ;
#8855 = COLOUR_RGB ( '',0.0000000000000000000, 0.0000000000000000000, 0.0000000000000000000 ) ;
#8856 = PRESENTATION_LAYER_ASSIGNMENT (  '', '', ( #2390 ) ) ;
#8857 = PLANE ( 'NONE',  #6217 ) ;
#8858 = CARTESIAN_POINT ( 'NONE',  ( -0.2934964687217503365, -3.252218732427472059, 0.9800000000000002043 ) ) ;
#8859 = COLOUR_RGB ( '',0.9686274509803921573, 0.8784313725490195957, 0.5999999999999999778 ) ;
#8860 = ORIENTED_EDGE ( 'NONE', *, *, #289, .T. ) ;
#8861 = COLOUR_RGB ( '',0.0000000000000000000, 0.0000000000000000000, 0.0000000000000000000 ) ;
#8862 = EDGE_LOOP ( 'NONE', ( #5054, #6522, #9195, #2065 ) ) ;
#8863 = CARTESIAN_POINT ( 'NONE',  ( -1.585255853100152601, -2.777300828629293949, 0.9810000000000000941 ) ) ;
#8864 = FACE_OUTER_BOUND ( 'NONE', #8587, .T. ) ;
#8865 = CARTESIAN_POINT ( 'NONE',  ( -2.104365214239880544, -3.208204934097564021, 0.9800000000000002043 ) ) ;
#8866 = DIRECTION ( 'NONE',  ( 1.000000000000000000, 0.0000000000000000000, 0.0000000000000000000 ) ) ;
#8867 = SURFACE_SIDE_STYLE ('',( #1382 ) ) ;
#8868 = ORIENTED_EDGE ( 'NONE', *, *, #95, .T. ) ;
#8869 = FACE_OUTER_BOUND ( 'NONE', #5775, .T. ) ;
#8870 = LINE ( 'NONE', #6159, #8951 ) ;
#8871 = STYLED_ITEM ( 'NONE', ( #5887 ), #8832 ) ;
#8872 = CARTESIAN_POINT ( 'NONE',  ( -0.4698913992235199677, -3.330408527734124657, 0.9800000000000002043 ) ) ;
#8873 = ORIENTED_EDGE ( 'NONE', *, *, #7455, .T. ) ;
#8874 =( LENGTH_UNIT ( ) NAMED_UNIT ( * ) SI_UNIT ( .MILLI., .METRE. ) );
#8875 =( GEOMETRIC_REPRESENTATION_CONTEXT ( 3 ) GLOBAL_UNCERTAINTY_ASSIGNED_CONTEXT ( ( #8977 ) ) GLOBAL_UNIT_ASSIGNED_CONTEXT ( ( #12031, #11223, #4773 ) ) REPRESENTATION_CONTEXT ( 'NONE', 'WORKASPACE' ) );
#8876 = PRESENTATION_LAYER_ASSIGNMENT (  '', '', ( #11032 ) ) ;
#8877 = LINE ( 'NONE', #9363, #4918 ) ;
#8878 = UNCERTAINTY_MEASURE_WITH_UNIT (LENGTH_MEASURE( 1.000000000000000082E-05 ), #10745, 'distance_accuracy_value', 'NONE');
#8879 = LINE ( 'NONE', #497, #11179 ) ;
#8880 = SURFACE_STYLE_USAGE ( .BOTH. , #3118 ) ;
#8881 =( NAMED_UNIT ( * ) SI_UNIT ( $, .STERADIAN. ) SOLID_ANGLE_UNIT ( ) );
#8882 = CARTESIAN_POINT ( 'NONE',  ( -0.6303780336071427293, -2.984585044767507966, 0.9810000000000000941 ) ) ;
#8883 = ORIENTED_EDGE ( 'NONE', *, *, #4117, .T. ) ;
#8884 = LINE ( 'NONE', #3249, #8474 ) ;
#8885 =( LENGTH_UNIT ( ) NAMED_UNIT ( * ) SI_UNIT ( .MILLI., .METRE. ) );
#8886 = CARTESIAN_POINT ( 'NONE',  ( -0.2965637545741610093, -3.301919160827621269, 0.9810000000000000941 ) ) ;
#8887 = VECTOR ( 'NONE', #8228, 1000.000000000000000 ) ;
#8888 = VECTOR ( 'NONE', #7477, 1000.000000000000000 ) ;
#8889 = EDGE_LOOP ( 'NONE', ( #35, #1199, #694, #10346, #10722, #7297, #4113 ) ) ;
#8890 =( NAMED_UNIT ( * ) SI_UNIT ( $, .STERADIAN. ) SOLID_ANGLE_UNIT ( ) );
#8891 = PRESENTATION_STYLE_ASSIGNMENT (( #10608 ) ) ;
#8892 = PLANE ( 'NONE',  #488 ) ;
#8893 = EDGE_CURVE ( 'NONE', #10398, #8917, #6887, .T. ) ;
#8894 = AXIS2_PLACEMENT_3D ( 'NONE', #6499, #3740, #5383 ) ;
#8895 = EDGE_CURVE ( 'NONE', #11998, #11014, #2223, .T. ) ;
#8896 = FILL_AREA_STYLE ('',( #5160 ) ) ;
#8897 = AXIS2_PLACEMENT_3D ( 'NONE', #1846, #11159, #6439 ) ;
#8898 = ORIENTED_EDGE ( 'NONE', *, *, #1061, .F. ) ;
#8899 = CARTESIAN_POINT ( 'NONE',  ( -0.3426250302671859926, -3.127031879302791140, 0.9799999999999999822 ) ) ;
#8900 = EDGE_CURVE ( 'NONE', #1946, #1139, #7056, .T. ) ;
#8901 = LINE ( 'NONE', #11662, #7489 ) ;
#8902 = DIRECTION ( 'NONE',  ( 1.000000000000000000, 0.0000000000000000000, 0.0000000000000000000 ) ) ;
#8903 = VERTEX_POINT ( 'NONE', #5034 ) ;
#8904 = ORIENTED_EDGE ( 'NONE', *, *, #11898, .F. ) ;
#8905 = FILL_AREA_STYLE ('',( #9880 ) ) ;
#8906 = CARTESIAN_POINT ( 'NONE',  ( -0.8007943560920566251, -3.181827121492629473, 0.9810000000000000941 ) ) ;
#8907 = UNCERTAINTY_MEASURE_WITH_UNIT (LENGTH_MEASURE( 1.000000000000000082E-05 ), #2702, 'distance_accuracy_value', 'NONE');
#8908 = CARTESIAN_POINT ( 'NONE',  ( -0.7594119910226668768, -3.290897726914749022, 0.9799999999999999822 ) ) ;
#8909 = PRESENTATION_STYLE_ASSIGNMENT (( #3267 ) ) ;
#8910 = FILL_AREA_STYLE_COLOUR ( '', #204 ) ;
#8911 =( LENGTH_UNIT ( ) NAMED_UNIT ( * ) SI_UNIT ( .MILLI., .METRE. ) );
#8912 = CARTESIAN_POINT ( 'NONE',  ( -0.5481851703216898963, -2.878841664677973977, 0.9800000000000002043 ) ) ;
#8913 = COLOUR_RGB ( '',0.7529411764705882248, 0.7529411764705882248, 0.7529411764705882248 ) ;
#8914 = EDGE_CURVE ( 'NONE', #2239, #7321, #4129, .T. ) ;
#8915 = ADVANCED_FACE ( 'NONE', ( #8249 ), #403, .F. ) ;
#8916 = FILL_AREA_STYLE ('',( #5185 ) ) ;
#8917 = VERTEX_POINT ( 'NONE', #691 ) ;
#8918 = VERTEX_POINT ( 'NONE', #8180 ) ;
#8919 = PLANE ( 'NONE',  #6858 ) ;
#8920 = FILL_AREA_STYLE ('',( #1445 ) ) ;
#8921 = ORIENTED_EDGE ( 'NONE', *, *, #5428, .F. ) ;
#8922 = CARTESIAN_POINT ( 'NONE',  ( -0.9175071821987060838, -3.307949756742320613, 0.9799999999999999822 ) ) ;
#8923 = CARTESIAN_POINT ( 'NONE',  ( -1.975672361575154801, -2.868398017962456414, 0.9799999999999999822 ) ) ;
#8924 = CARTESIAN_POINT ( 'NONE',  ( -1.602607710179327682, -3.329667906070380656, 0.9800000000000002043 ) ) ;
#8925 = EDGE_LOOP ( 'NONE', ( #11977, #10503, #10580, #10833 ) ) ;
#8926 = FACE_OUTER_BOUND ( 'NONE', #10541, .T. ) ;
#8927 = ORIENTED_EDGE ( 'NONE', *, *, #1937, .T. ) ;
#8928 = PLANE ( 'NONE',  #3359 ) ;
#8929 = B_SPLINE_CURVE_WITH_KNOTS ( 'NONE', 3,
 ( #10885, #2498, #8222, #3420 ),
 .UNSPECIFIED., .F., .F.,
 ( 4, 4 ),
 ( 1.000000000000000000, 2.000000000000000000 ),
 .UNSPECIFIED. ) ;
#8930 = LINE ( 'NONE', #6044, #2168 ) ;
#8931 = DIRECTION ( 'NONE',  ( 0.3493954794691490617, -0.9369753459544831742, -0.0000000000000000000 ) ) ;
#8932 = CARTESIAN_POINT ( 'NONE',  ( -0.9181830248442337528, -3.307949756742321057, 0.9810000000000000941 ) ) ;
#8933 = CARTESIAN_POINT ( 'NONE',  ( -1.862885400882674958, -3.313762069257482512, 0.9800000000000002043 ) ) ;
#8934 = CARTESIAN_POINT ( 'NONE',  ( -3.623086578651017575, 3.799999999999999822, 1.084202172485504434E-16 ) ) ;
#8935 = ORIENTED_EDGE ( 'NONE', *, *, #8847, .F. ) ;
#8936 = PRESENTATION_STYLE_ASSIGNMENT (( #1337 ) ) ;
#8937 = SURFACE_STYLE_FILL_AREA ( #8047 ) ;
#8938 = VECTOR ( 'NONE', #2608, 1000.000000000000000 ) ;
#8939 = ORIENTED_EDGE ( 'NONE', *, *, #7766, .T. ) ;
#8940 = COLOUR_RGB ( '',0.0000000000000000000, 0.0000000000000000000, 0.0000000000000000000 ) ;
#8941 = CARTESIAN_POINT ( 'NONE',  ( -0.8873542026252231318, -2.803771143119492049, 0.9810000000000000941 ) ) ;
#8942 = COLOUR_RGB ( '',0.0000000000000000000, 0.0000000000000000000, 0.0000000000000000000 ) ;
#8943 = SURFACE_STYLE_FILL_AREA ( #6987 ) ;
#8944 = B_SPLINE_CURVE_WITH_KNOTS ( 'NONE', 3,
 ( #6224, #9903, #10030, #9963 ),
 .UNSPECIFIED., .F., .F.,
 ( 4, 4 ),
 ( 10.00000000000000000, 11.00000000000000000 ),
 .UNSPECIFIED. ) ;
#8945 = COLOUR_RGB ( '',0.0000000000000000000, 0.0000000000000000000, 0.0000000000000000000 ) ;
#8946 = DIRECTION ( 'NONE',  ( -0.0000000000000000000, 1.000000000000000000, -0.0000000000000000000 ) ) ;
#8947 =( LENGTH_UNIT ( ) NAMED_UNIT ( * ) SI_UNIT ( .MILLI., .METRE. ) );
#8948 = ORIENTED_EDGE ( 'NONE', *, *, #6123, .F. ) ;
#8949 = PLANE ( 'NONE',  #2554 ) ;
#8950 = FACE_OUTER_BOUND ( 'NONE', #3613, .T. ) ;
#8951 = VECTOR ( 'NONE', #10699, 1000.000000000000000 ) ;
#8952 =( NAMED_UNIT ( * ) SI_UNIT ( $, .STERADIAN. ) SOLID_ANGLE_UNIT ( ) );
#8953 = EDGE_CURVE ( 'NONE', #5357, #9179, #4361, .T. ) ;
#8954 = VECTOR ( 'NONE', #11065, 1000.000000000000227 ) ;
#8955 = VERTEX_POINT ( 'NONE', #2724 ) ;
#8956 = VERTEX_POINT ( 'NONE', #8066 ) ;
#8957 = FILL_AREA_STYLE ('',( #9935 ) ) ;
#8958 = MECHANICAL_DESIGN_GEOMETRIC_PRESENTATION_REPRESENTATION (  '', ( #2312 ), #1526 ) ;
#8959 = MECHANICAL_DESIGN_GEOMETRIC_PRESENTATION_REPRESENTATION (  '', ( #7397 ), #4072 ) ;
#8960 =( LENGTH_UNIT ( ) NAMED_UNIT ( * ) SI_UNIT ( .MILLI., .METRE. ) );
#8961 = VERTEX_POINT ( 'NONE', #9074 ) ;
#8962 = CARTESIAN_POINT ( 'NONE',  ( -0.7679380059364522282, -3.266879319047467867, 0.9810000000000000941 ) ) ;
#8963 =( NAMED_UNIT ( * ) PLANE_ANGLE_UNIT ( ) SI_UNIT ( $, .RADIAN. ) );
#8964 = EDGE_LOOP ( 'NONE', ( #4565, #10993, #6629, #9171 ) ) ;
#8965 = EDGE_CURVE ( 'NONE', #7957, #11666, #5000, .T. ) ;
#8966 = EDGE_CURVE ( 'NONE', #3653, #10332, #11840, .T. ) ;
#8967 = EDGE_LOOP ( 'NONE', ( #10251, #2900, #10857, #1220 ) ) ;
#8968 = EDGE_LOOP ( 'NONE', ( #8313, #1701, #5810, #1158 ) ) ;
#8969 =( LENGTH_UNIT ( ) NAMED_UNIT ( * ) SI_UNIT ( .MILLI., .METRE. ) );
#8970 = EDGE_CURVE ( 'NONE', #7774, #2364, #907, .T. ) ;
#8971 = EDGE_CURVE ( 'NONE', #6274, #8235, #2464, .T. ) ;
#8972 = CARTESIAN_POINT ( 'NONE',  ( -0.9226019959884024235, -2.824670277238598537, 0.9810000000000000941 ) ) ;
#8973 = FILL_AREA_STYLE ('',( #2680 ) ) ;
#8974 = VERTEX_POINT ( 'NONE', #6445 ) ;
#8975 =( LENGTH_UNIT ( ) NAMED_UNIT ( * ) SI_UNIT ( .MILLI., .METRE. ) );
#8976 = LINE ( 'NONE', #3238, #4257 ) ;
#8977 = UNCERTAINTY_MEASURE_WITH_UNIT (LENGTH_MEASURE( 1.000000000000000082E-05 ), #12031, 'distance_accuracy_value', 'NONE');
#8978 = ORIENTED_EDGE ( 'NONE', *, *, #7747, .T. ) ;
#8979 = DIRECTION ( 'NONE',  ( -1.000000000000000000, 0.0000000000000000000, 0.0000000000000000000 ) ) ;
#8980 = ORIENTED_EDGE ( 'NONE', *, *, #4575, .T. ) ;
#8981 = VECTOR ( 'NONE', #10576, 1000.000000000000000 ) ;
#8982 = MECHANICAL_DESIGN_GEOMETRIC_PRESENTATION_REPRESENTATION (  '', ( #2143 ), #973 ) ;
#8983 = DIRECTION ( 'NONE',  ( -1.000000000000000000, 0.0000000000000000000, 0.0000000000000000000 ) ) ;
#8984 = EDGE_CURVE ( 'NONE', #9620, #5514, #6317, .T. ) ;
#8985 = FILL_AREA_STYLE ('',( #9738 ) ) ;
#8986 = CARTESIAN_POINT ( 'NONE',  ( -0.7736566744759153513, -3.260432819966722295, 0.9810000000000000941 ) ) ;
#8987 = B_SPLINE_CURVE_WITH_KNOTS ( 'NONE', 3,
 ( #10403, #1089, #968, #2008 ),
 .UNSPECIFIED., .F., .F.,
 ( 4, 4 ),
 ( 4.000000000000000000, 5.000000000000000000 ),
 .UNSPECIFIED. ) ;
#8988 = FILL_AREA_STYLE_COLOUR ( '', #7974 ) ;
#8989 =( NAMED_UNIT ( * ) SI_UNIT ( $, .STERADIAN. ) SOLID_ANGLE_UNIT ( ) );
#8990 =( NAMED_UNIT ( * ) PLANE_ANGLE_UNIT ( ) SI_UNIT ( $, .RADIAN. ) );
#8991 = ORIENTED_EDGE ( 'NONE', *, *, #10636, .F. ) ;
#8992 = FILL_AREA_STYLE ('',( #2326 ) ) ;
#8993 = LINE ( 'NONE', #9054, #8887 ) ;
#8994 = PLANE ( 'NONE',  #7834 ) ;
#8995 = CARTESIAN_POINT ( 'NONE',  ( -0.4802889783873196539, -3.007771646301291568, 0.9810000000000000941 ) ) ;
#8996 = COLOUR_RGB ( '',0.0000000000000000000, 0.0000000000000000000, 0.0000000000000000000 ) ;
#8997 = EDGE_LOOP ( 'NONE', ( #2496, #5423, #10146, #4695 ) ) ;
#8998 = COLOUR_RGB ( '',0.0000000000000000000, 0.0000000000000000000, 0.0000000000000000000 ) ;
#8999 = B_SPLINE_SURFACE_WITH_KNOTS ( 'NONE', 3, 1, ( 
 ( #570, #2394 ),
 ( #452, #7167 ),
 ( #9869, #2455 ),
 ( #1533, #4291 ) ),
 .UNSPECIFIED., .F., .F., .F.,
 ( 4, 4 ),
 ( 2, 2 ),
 ( 0.0000000000000000000, 1.000000000000000000 ),
 ( 0.0000000000000000000, 1.000000000000000000 ),
 .UNSPECIFIED. ) ;
#9000 = CARTESIAN_POINT ( 'NONE',  ( -0.9309720472149166648, -3.011202847425386686, 0.9810000000000000941 ) ) ;
#9001 = CARTESIAN_POINT ( 'NONE',  ( -2.163650693749332277, -2.936359426011495355, 0.9799999999999999822 ) ) ;
#9002 = PRESENTATION_STYLE_ASSIGNMENT (( #2710 ) ) ;
#9003 = FILL_AREA_STYLE ('',( #11829 ) ) ;
#9004 = CARTESIAN_POINT ( 'NONE',  ( -0.9070576151398446196, -2.987808294308576418, 0.9810000000000000941 ) ) ;
#9005 = PRESENTATION_LAYER_ASSIGNMENT (  '', '', ( #1571 ) ) ;
#9006 = PRESENTATION_LAYER_ASSIGNMENT (  '', '', ( #10764 ) ) ;
#9007 = MECHANICAL_DESIGN_GEOMETRIC_PRESENTATION_REPRESENTATION (  '', ( #1370 ), #8400 ) ;
#9008 =( LENGTH_UNIT ( ) NAMED_UNIT ( * ) SI_UNIT ( .MILLI., .METRE. ) );
#9009 = DIRECTION ( 'NONE',  ( -0.0000000000000000000, -1.000000000000000000, -0.0000000000000000000 ) ) ;
#9010 = ORIENTED_EDGE ( 'NONE', *, *, #12058, .T. ) ;
#9011 = DIRECTION ( 'NONE',  ( -1.000000000000000000, 0.0000000000000000000, 0.0000000000000000000 ) ) ;
#9012 = FILL_AREA_STYLE_COLOUR ( '', #9829 ) ;
#9013 = VECTOR ( 'NONE', #1978, 1000.000000000000000 ) ;
#9014 = CARTESIAN_POINT ( 'NONE',  ( -0.8873542026252231318, -2.803771143119492049, 0.9810000000000000941 ) ) ;
#9015 = VECTOR ( 'NONE', #9964, 1000.000000000000000 ) ;
#9016 = VERTEX_POINT ( 'NONE', #1669 ) ;
#9017 = EDGE_LOOP ( 'NONE', ( #8360, #10087, #7389, #7261 ) ) ;
#9018 = CARTESIAN_POINT ( 'NONE',  ( -0.9271769308205284332, -2.987808294308576418, 0.9810000000000000941 ) ) ;
#9019 = UNCERTAINTY_MEASURE_WITH_UNIT (LENGTH_MEASURE( 1.000000000000000082E-05 ), #696, 'distance_accuracy_value', 'NONE');
#9020 = PRESENTATION_STYLE_ASSIGNMENT (( #3391 ) ) ;
#9021 = PRESENTATION_STYLE_ASSIGNMENT (( #1434 ) ) ;
#9022 =( GEOMETRIC_REPRESENTATION_CONTEXT ( 3 ) GLOBAL_UNCERTAINTY_ASSIGNED_CONTEXT ( ( #428 ) ) GLOBAL_UNIT_ASSIGNED_CONTEXT ( ( #688, #3442, #1597 ) ) REPRESENTATION_CONTEXT ( 'NONE', 'WORKASPACE' ) );
#9023 = LINE ( 'NONE', #10924, #3131 ) ;
#9024 =( NAMED_UNIT ( * ) PLANE_ANGLE_UNIT ( ) SI_UNIT ( $, .RADIAN. ) );
#9025 = ORIENTED_EDGE ( 'NONE', *, *, #8525, .T. ) ;
#9026 = CARTESIAN_POINT ( 'NONE',  ( -0.6728001565930521455, -3.294536879621864589, 0.9810000000000000941 ) ) ;
#9027 = MECHANICAL_DESIGN_GEOMETRIC_PRESENTATION_REPRESENTATION (  '', ( #2186 ), #11596 ) ;
#9028 = ORIENTED_EDGE ( 'NONE', *, *, #11174, .T. ) ;
#9029 =( GEOMETRIC_REPRESENTATION_CONTEXT ( 3 ) GLOBAL_UNCERTAINTY_ASSIGNED_CONTEXT ( ( #3763 ) ) GLOBAL_UNIT_ASSIGNED_CONTEXT ( ( #60, #10333, #4 ) ) REPRESENTATION_CONTEXT ( 'NONE', 'WORKASPACE' ) );
#9030 = FILL_AREA_STYLE ('',( #10755 ) ) ;
#9031 = LINE ( 'NONE', #2423, #9599 ) ;
#9032 = EDGE_CURVE ( 'NONE', #3996, #9045, #5393, .T. ) ;
#9033 = ADVANCED_FACE ( 'NONE', ( #3576 ), #9202, .F. ) ;
#9034 = CARTESIAN_POINT ( 'NONE',  ( -0.9802045845525627632, -3.208444924150506417, 0.9800000000000002043 ) ) ;
#9035 = COLOUR_RGB ( '',0.0000000000000000000, 0.0000000000000000000, 0.0000000000000000000 ) ;
#9036 = ORIENTED_EDGE ( 'NONE', *, *, #2297, .T. ) ;
#9037 = CARTESIAN_POINT ( 'NONE',  ( -1.862885400882674958, -3.251584631954842042, 0.9799999999999999822 ) ) ;
#9038 = DIRECTION ( 'NONE',  ( -1.000000000000000000, -0.0000000000000000000, -0.0000000000000000000 ) ) ;
#9039 = VECTOR ( 'NONE', #11408, 1000.000000000000000 ) ;
#9040 = MECHANICAL_DESIGN_GEOMETRIC_PRESENTATION_REPRESENTATION (  '', ( #5712 ), #248 ) ;
#9041 = ORIENTED_EDGE ( 'NONE', *, *, #10930, .T. ) ;
#9042 = EDGE_CURVE ( 'NONE', #1122, #11220, #3021, .T. ) ;
#9043 = PRESENTATION_LAYER_ASSIGNMENT (  '', '', ( #6516 ) ) ;
#9044 = PRESENTATION_STYLE_ASSIGNMENT (( #607 ) ) ;
#9045 = VERTEX_POINT ( 'NONE', #1852 ) ;
#9046 = ORIENTED_EDGE ( 'NONE', *, *, #5957, .F. ) ;
#9047 = CARTESIAN_POINT ( 'NONE',  ( 3.623086578651010914, -3.799999999999999822, 4.336808689942017736E-16 ) ) ;
#9048 = CARTESIAN_POINT ( 'NONE',  ( -0.7594119910226668768, -3.290897726914749022, 0.9799999999999999822 ) ) ;
#9049 =( GEOMETRIC_REPRESENTATION_CONTEXT ( 3 ) GLOBAL_UNCERTAINTY_ASSIGNED_CONTEXT ( ( #11991 ) ) GLOBAL_UNIT_ASSIGNED_CONTEXT ( ( #2417, #4202, #9712 ) ) REPRESENTATION_CONTEXT ( 'NONE', 'WORKASPACE' ) );
#9050 = PRESENTATION_LAYER_ASSIGNMENT (  '', '', ( #2403 ) ) ;
#9051 = LINE ( 'NONE', #6418, #2099 ) ;
#9052 = ORIENTED_EDGE ( 'NONE', *, *, #5752, .F. ) ;
#9053 = FACE_OUTER_BOUND ( 'NONE', #4176, .T. ) ;
#9054 = CARTESIAN_POINT ( 'NONE',  ( -1.116256907902850815, -3.238805855307024029, 0.9800000000000002043 ) ) ;
#9055 = CARTESIAN_POINT ( 'NONE',  ( -0.1633707654932581022, -3.153025827211590304, 0.9810000000000000941 ) ) ;
#9056 = SURFACE_SIDE_STYLE ('',( #3679 ) ) ;
#9057 = FACE_OUTER_BOUND ( 'NONE', #1255, .T. ) ;
#9058 = ORIENTED_EDGE ( 'NONE', *, *, #10045, .F. ) ;
#9059 =( GEOMETRIC_REPRESENTATION_CONTEXT ( 3 ) GLOBAL_UNCERTAINTY_ASSIGNED_CONTEXT ( ( #1505 ) ) GLOBAL_UNIT_ASSIGNED_CONTEXT ( ( #10970, #6185, #2460 ) ) REPRESENTATION_CONTEXT ( 'NONE', 'WORKASPACE' ) );
#9060 = EDGE_CURVE ( 'NONE', #8710, #9317, #5931, .T. ) ;
#9061 = CARTESIAN_POINT ( 'NONE',  ( -1.790586014773487333, -2.749827072733562972, 0.9810000000000000941 ) ) ;
#9062 =( NAMED_UNIT ( * ) SI_UNIT ( $, .STERADIAN. ) SOLID_ANGLE_UNIT ( ) );
#9063 = CARTESIAN_POINT ( 'NONE',  ( -0.5530200446325973518, -3.150426432419600076, 0.9810000000000000941 ) ) ;
#9064 = SURFACE_STYLE_FILL_AREA ( #6236 ) ;
#9065 = DIRECTION ( 'NONE',  ( -0.0000000000000000000, -0.0000000000000000000, -1.000000000000000000 ) ) ;
#9066 = ORIENTED_EDGE ( 'NONE', *, *, #10552, .T. ) ;
#9067 = VERTEX_POINT ( 'NONE', #8377 ) ;
#9068 =( NAMED_UNIT ( * ) SI_UNIT ( $, .STERADIAN. ) SOLID_ANGLE_UNIT ( ) );
#9069 = FILL_AREA_STYLE_COLOUR ( '', #4529 ) ;
#9070 = STYLED_ITEM ( 'NONE', ( #7642 ), #9071 ) ;
#9071 = ADVANCED_FACE ( 'NONE', ( #2779 ), #11282, .T. ) ;
#9072 = CARTESIAN_POINT ( 'NONE',  ( -0.9879507810293111092, -3.329992624568071768, 0.9810000000000000941 ) ) ;
#9073 = CARTESIAN_POINT ( 'NONE',  ( -0.9801525966568087611, -3.186298080533246591, 0.9810000000000000941 ) ) ;
#9074 = CARTESIAN_POINT ( 'NONE',  ( -0.9780210929280128695, -2.847233024021917025, 0.9799999999999999822 ) ) ;
#9075 = B_SPLINE_CURVE_WITH_KNOTS ( 'NONE', 3,
 ( #4036, #9793, #2260, #7745 ),
 .UNSPECIFIED., .F., .F.,
 ( 4, 4 ),
 ( 14.00000000000000000, 15.00000000000000000 ),
 .UNSPECIFIED. ) ;
#9076 = MECHANICAL_DESIGN_GEOMETRIC_PRESENTATION_REPRESENTATION (  '', ( #3615 ), #5170 ) ;
#9077 = CARTESIAN_POINT ( 'NONE',  ( -0.8007943560920566251, -3.181827121492629473, 0.9799999999999999822 ) ) ;
#9078 = VERTEX_POINT ( 'NONE', #9456 ) ;
#9079 = ORIENTED_EDGE ( 'NONE', *, *, #5899, .T. ) ;
#9080 = COLOUR_RGB ( '',0.0000000000000000000, 0.0000000000000000000, 0.0000000000000000000 ) ;
#9081 = DIRECTION ( 'NONE',  ( 0.0000000000000000000, -0.0000000000000000000, 1.000000000000000000 ) ) ;
#9082 = FACE_OUTER_BOUND ( 'NONE', #5390, .T. ) ;
#9083 = FILL_AREA_STYLE ('',( #6908 ) ) ;
#9084 = CARTESIAN_POINT ( 'NONE',  ( -0.7964793607394053954, -3.275925212920210772, 0.9810000000000000941 ) ) ;
#9085 = FILL_AREA_STYLE ('',( #2731 ) ) ;
#9086 = ORIENTED_EDGE ( 'NONE', *, *, #2379, .F. ) ;
#9087 = SURFACE_STYLE_FILL_AREA ( #11727 ) ;
#9088 = CARTESIAN_POINT ( 'NONE',  ( -0.7921123774909988313, -3.279564365627333444, 0.9810000000000000941 ) ) ;
#9089 = DIRECTION ( 'NONE',  ( -1.000000000000000000, 0.0000000000000000000, 0.0000000000000000000 ) ) ;
#9090 = CARTESIAN_POINT ( 'NONE',  ( -2.170880670972001436, -3.258814512647445039, 0.9799999999999999822 ) ) ;
#9091 = ORIENTED_EDGE ( 'NONE', *, *, #540, .T. ) ;
#9092 = CARTESIAN_POINT ( 'NONE',  ( -0.1213645456747888818, -3.274781479212180990, 0.9800000000000002043 ) ) ;
#9093 = ORIENTED_EDGE ( 'NONE', *, *, #11222, .T. ) ;
#9094 = CARTESIAN_POINT ( 'NONE',  ( -0.5512524561754880148, -2.831324727902375216, 0.9799999999999999822 ) ) ;
#9095 = CARTESIAN_POINT ( 'NONE',  ( -0.3756893320058169450, -3.307221926200337059, 0.9810000000000000941 ) ) ;
#9096 = B_SPLINE_CURVE_WITH_KNOTS ( 'NONE', 3,
 ( #9077, #692, #11907, #8182 ),
 .UNSPECIFIED., .F., .F.,
 ( 4, 4 ),
 ( 7.000000000000000000, 8.000000000000000000 ),
 .UNSPECIFIED. ) ;
#9097 = FACE_OUTER_BOUND ( 'NONE', #5038, .T. ) ;
#9098 = CARTESIAN_POINT ( 'NONE',  ( -0.1660741360753699436, -3.163943285332953437, 0.9810000000000000941 ) ) ;
#9099 = FACE_OUTER_BOUND ( 'NONE', #7126, .T. ) ;
#9100 = ORIENTED_EDGE ( 'NONE', *, *, #10840, .T. ) ;
#9101 = CARTESIAN_POINT ( 'NONE',  ( -0.1660741360753699436, -3.163943285332953437, 0.9800000000000002043 ) ) ;
#9102 = DIRECTION ( 'NONE',  ( -1.000000000000000000, -0.0000000000000000000, -0.0000000000000000000 ) ) ;
#9103 = SURFACE_STYLE_USAGE ( .BOTH. , #5416 ) ;
#9104 = UNCERTAINTY_MEASURE_WITH_UNIT (LENGTH_MEASURE( 1.000000000000000082E-05 ), #5194, 'distance_accuracy_value', 'NONE');
#9105 = EDGE_LOOP ( 'NONE', ( #9207, #1792, #8117, #5482 ) ) ;
#9106 = B_SPLINE_CURVE_WITH_KNOTS ( 'NONE', 3,
 ( #9769, #4013, #7723, #5117 ),
 .UNSPECIFIED., .F., .F.,
 ( 4, 4 ),
 ( 21.00000000000000000, 22.00000000000000000 ),
 .UNSPECIFIED. ) ;
#9107 = EDGE_CURVE ( 'NONE', #9949, #2121, #5520, .T. ) ;
#9108 = EDGE_CURVE ( 'NONE', #3468, #4171, #6636, .T. ) ;
#9109 = ORIENTED_EDGE ( 'NONE', *, *, #10685, .T. ) ;
#9110 = ORIENTED_EDGE ( 'NONE', *, *, #6955, .F. ) ;
#9111 = LINE ( 'NONE', #10884, #3161 ) ;
#9112 = CARTESIAN_POINT ( 'NONE',  ( -1.116256907902850815, -3.215515277981726872, 0.9810000000000000941 ) ) ;
#9113 = LINE ( 'NONE', #5207, #9771 ) ;
#9114 = FACE_OUTER_BOUND ( 'NONE', #9601, .T. ) ;
#9115 = ORIENTED_EDGE ( 'NONE', *, *, #9930, .F. ) ;
#9116 = SURFACE_STYLE_FILL_AREA ( #11877 ) ;
#9117 = FILL_AREA_STYLE_COLOUR ( '', #3464 ) ;
#9118 = CARTESIAN_POINT ( 'NONE',  ( -0.4052184568288403343, -3.307221926200337059, 0.9810000000000000941 ) ) ;
#9119 = ORIENTED_EDGE ( 'NONE', *, *, #1194, .F. ) ;
#9120 = B_SPLINE_CURVE_WITH_KNOTS ( 'NONE', 3,
 ( #586, #4309, #5292, #10990 ),
 .UNSPECIFIED., .F., .F.,
 ( 4, 4 ),
 ( 1.000000000000000000, 2.000000000000000000 ),
 .UNSPECIFIED. ) ;
#9121 = ADVANCED_FACE ( 'NONE', ( #10361 ), #8588, .F. ) ;
#9122 = DIRECTION ( 'NONE',  ( -0.0000000000000000000, -0.0000000000000000000, -1.000000000000000000 ) ) ;
#9123 = SURFACE_STYLE_USAGE ( .BOTH. , #7045 ) ;
#9124 = DIRECTION ( 'NONE',  ( -1.000000000000000000, 0.0000000000000000000, 0.0000000000000000000 ) ) ;
#9125 = SURFACE_SIDE_STYLE ('',( #5508 ) ) ;
#9126 = DIRECTION ( 'NONE',  ( -0.0000000000000000000, -0.0000000000000000000, -1.000000000000000000 ) ) ;
#9127 = ADVANCED_FACE ( 'NONE', ( #8764 ), #6983, .F. ) ;
#9128 = VECTOR ( 'NONE', #2671, 1000.000000000000114 ) ;
#9130 = VERTEX_POINT ( 'NONE', #444 ) ;
#9129 = EDGE_CURVE ( 'NONE', #7959, #2432, #6619, .T. ) ;
#9131 = ORIENTED_EDGE ( 'NONE', *, *, #9108, .F. ) ;
#9132 = CARTESIAN_POINT ( 'NONE',  ( -1.116256907902850815, -2.804394997869956718, 0.9810000000000000941 ) ) ;
#9133 = CARTESIAN_POINT ( 'NONE',  ( -0.3169949976286874915, -3.320946730696714866, 0.9800000000000002043 ) ) ;
#9134 = DIRECTION ( 'NONE',  ( 1.000000000000000000, -0.0000000000000000000, -0.0000000000000000000 ) ) ;
#9135 = PRESENTATION_LAYER_ASSIGNMENT (  '', '', ( #2286 ) ) ;
#9136 = SURFACE_STYLE_USAGE ( .BOTH. , #2719 ) ;
#9137 = SURFACE_STYLE_USAGE ( .BOTH. , #3383 ) ;
#9138 = VECTOR ( 'NONE', #9498, 1000.000000000000000 ) ;
#9139 = CARTESIAN_POINT ( 'NONE',  ( -0.9469323312302121431, -3.202518304027323737, 0.9799999999999999822 ) ) ;
#9140 = ORIENTED_EDGE ( 'NONE', *, *, #9813, .F. ) ;
#9141 = EDGE_LOOP ( 'NONE', ( #2372, #6772, #5654, #11439 ) ) ;
#9142 = FACE_BOUND ( 'NONE', #11726, .T. ) ;
#9143 = DIRECTION ( 'NONE',  ( 0.8840949502478813171, 0.4673073067545553960, 0.0000000000000000000 ) ) ;
#9144 = CARTESIAN_POINT ( 'NONE',  ( -0.4607415295606541727, -2.952144597777958790, 0.9810000000000000941 ) ) ;
#9145 = ORIENTED_EDGE ( 'NONE', *, *, #5509, .T. ) ;
#9146 = DIRECTION ( 'NONE',  ( 0.0000000000000000000, 0.0000000000000000000, 1.000000000000000000 ) ) ;
#9147 = B_SPLINE_SURFACE_WITH_KNOTS ( 'NONE', 3, 1, ( 
 ( #7054, #4235 ),
 ( #10792, #2462 ),
 ( #9644, #4297 ),
 ( #8781, #3315 ) ),
 .UNSPECIFIED., .F., .F., .F.,
 ( 4, 4 ),
 ( 2, 2 ),
 ( 5.000000000000000000, 6.000000000000000000 ),
 ( 0.0000000000000000000, 1.000000000000000000 ),
 .UNSPECIFIED. ) ;
#9148 = PLANE ( 'NONE',  #6652 ) ;
#9149 =( NAMED_UNIT ( * ) PLANE_ANGLE_UNIT ( ) SI_UNIT ( $, .RADIAN. ) );
#9150 = MECHANICAL_DESIGN_GEOMETRIC_PRESENTATION_REPRESENTATION (  '', ( #350 ), #4828 ) ;
#9151 = STYLED_ITEM ( 'NONE', ( #5559 ), #6593 ) ;
#9152 = DIRECTION ( 'NONE',  ( -0.0000000000000000000, -1.000000000000000000, -0.0000000000000000000 ) ) ;
#9153 = ORIENTED_EDGE ( 'NONE', *, *, #1366, .T. ) ;
#9154 = CARTESIAN_POINT ( 'NONE',  ( -0.9962688443593771259, -3.322402391779288866, 0.9810000000000000941 ) ) ;
#9155 = VECTOR ( 'NONE', #2081, 1000.000000000000000 ) ;
#9156 = ORIENTED_EDGE ( 'NONE', *, *, #11973, .F. ) ;
#9157 = PRESENTATION_LAYER_ASSIGNMENT (  '', '', ( #753 ) ) ;
#9158 =( GEOMETRIC_REPRESENTATION_CONTEXT ( 3 ) GLOBAL_UNCERTAINTY_ASSIGNED_CONTEXT ( ( #911 ) ) GLOBAL_UNIT_ASSIGNED_CONTEXT ( ( #6829, #341, #8529 ) ) REPRESENTATION_CONTEXT ( 'NONE', 'WORKASPACE' ) );
#9159 = MECHANICAL_DESIGN_GEOMETRIC_PRESENTATION_REPRESENTATION (  '', ( #8343 ), #2509 ) ;
#9160 = UNCERTAINTY_MEASURE_WITH_UNIT (LENGTH_MEASURE( 1.000000000000000082E-05 ), #806, 'distance_accuracy_value', 'NONE');
#9161 = CARTESIAN_POINT ( 'NONE',  ( -1.997362169133766852, -2.866952039066210212, 0.9810000000000000941 ) ) ;
#9162 = CARTESIAN_POINT ( 'NONE',  ( -0.9829079551346840971, -3.289442065832175466, 0.9800000000000002043 ) ) ;
#9163 = LINE ( 'NONE', #8276, #2370 ) ;
#9164 = DIRECTION ( 'NONE',  ( -0.0000000000000000000, -1.000000000000000000, -0.0000000000000000000 ) ) ;
#9165 = ORIENTED_EDGE ( 'NONE', *, *, #7828, .T. ) ;
#9166 = CARTESIAN_POINT ( 'NONE',  ( -0.1673218455763035573, -3.167270510664148553, 0.9800000000000002043 ) ) ;
#9167 = CARTESIAN_POINT ( 'NONE',  ( -1.997362169133766852, -2.866952039066210212, 0.9810000000000000941 ) ) ;
#9168 = COLOUR_RGB ( '',0.6470588235294117974, 0.6196078431372549211, 0.5882352941176470784 ) ;
#9169 = VERTEX_POINT ( 'NONE', #7704 ) ;
#9170 = CARTESIAN_POINT ( 'NONE',  ( -0.5481851703216898963, -2.929581850994640746, 0.9810000000000000941 ) ) ;
#9171 = ORIENTED_EDGE ( 'NONE', *, *, #8971, .T. ) ;
#9172 = ORIENTED_EDGE ( 'NONE', *, *, #6496, .F. ) ;
#9173 = FILL_AREA_STYLE_COLOUR ( '', #11208 ) ;
#9174 = CARTESIAN_POINT ( 'NONE',  ( -1.975672389155174180, -3.315208089523751234, 0.9800000000000002043 ) ) ;
#9175 = SURFACE_STYLE_FILL_AREA ( #669 ) ;
#9176 = DIRECTION ( 'NONE',  ( -0.0000000000000000000, -1.000000000000000000, -0.0000000000000000000 ) ) ;
#9177 = VECTOR ( 'NONE', #6902, 1000.000000000000000 ) ;
#9178 = CARTESIAN_POINT ( 'NONE',  ( -0.7895129826997018263, -3.202518304027323737, 0.9799999999999999822 ) ) ;
#9179 = VERTEX_POINT ( 'NONE', #5018 ) ;
#9180 = CARTESIAN_POINT ( 'NONE',  ( -1.621405532364044610, -3.286288290951770108, 0.9799999999999999822 ) ) ;
#9181 = PRESENTATION_STYLE_ASSIGNMENT (( #11144 ) ) ;
#9182 = CARTESIAN_POINT ( 'NONE',  ( -1.362573861928358276, -3.266044448500084574, 0.9810000000000000941 ) ) ;
#9183 =( NAMED_UNIT ( * ) SI_UNIT ( $, .STERADIAN. ) SOLID_ANGLE_UNIT ( ) );
#9184 = ORIENTED_EDGE ( 'NONE', *, *, #7808, .F. ) ;
#9185 = COLOUR_RGB ( '',0.0000000000000000000, 0.0000000000000000000, 0.0000000000000000000 ) ;
#9186 = COLOUR_RGB ( '',0.0000000000000000000, 0.0000000000000000000, 0.0000000000000000000 ) ;
#9187 = LINE ( 'NONE', #2512, #2712 ) ;
#9188 = EDGE_CURVE ( 'NONE', #3220, #11475, #4172, .T. ) ;
#9189 = CARTESIAN_POINT ( 'NONE',  ( -0.9228619354678770925, -2.800963796745862489, 0.9810000000000000941 ) ) ;
#9190 = CARTESIAN_POINT ( 'NONE',  ( -0.9273328945077927710, -3.202518304027323737, 0.9800000000000002043 ) ) ;
#9191 = CARTESIAN_POINT ( 'NONE',  ( -0.9706388117222577439, -3.310757103115949729, 0.9800000000000002043 ) ) ;
#9192 = DIRECTION ( 'NONE',  ( 0.0000000000000000000, -0.0000000000000000000, 1.000000000000000000 ) ) ;
#9193 = PRESENTATION_STYLE_ASSIGNMENT (( #12083 ) ) ;
#9194 = ORIENTED_EDGE ( 'NONE', *, *, #5912, .F. ) ;
#9195 = ORIENTED_EDGE ( 'NONE', *, *, #6340, .F. ) ;
#9196 = PLANE ( 'NONE',  #6342 ) ;
#9197 = EDGE_CURVE ( 'NONE', #7186, #2347, #5933, .T. ) ;
#9198 = MECHANICAL_DESIGN_GEOMETRIC_PRESENTATION_REPRESENTATION (  '', ( #9403 ), #6461 ) ;
#9199 = COLOUR_RGB ( '',0.0000000000000000000, 0.0000000000000000000, 0.0000000000000000000 ) ;
#9200 = EDGE_CURVE ( 'NONE', #11333, #1544, #6670, .T. ) ;
#9201 =( NAMED_UNIT ( * ) SI_UNIT ( $, .STERADIAN. ) SOLID_ANGLE_UNIT ( ) );
#9202 = PLANE ( 'NONE',  #7119 ) ;
#9203 = EDGE_CURVE ( 'NONE', #4989, #10915, #2120, .T. ) ;
#9204 = VECTOR ( 'NONE', #5513, 1000.000000000000000 ) ;
#9205 = VECTOR ( 'NONE', #9126, 1000.000000000000000 ) ;
#9206 = PRESENTATION_STYLE_ASSIGNMENT (( #2467 ) ) ;
#9207 = ORIENTED_EDGE ( 'NONE', *, *, #8900, .T. ) ;
#9208 = FILL_AREA_STYLE_COLOUR ( '', #8352 ) ;
#9209 =( LENGTH_UNIT ( ) NAMED_UNIT ( * ) SI_UNIT ( .MILLI., .METRE. ) );
#9210 = CARTESIAN_POINT ( 'NONE',  ( -0.9834278340929391016, -3.001949001969621555, 0.9810000000000000941 ) ) ;
#9211 = SURFACE_STYLE_USAGE ( .BOTH. , #11173 ) ;
#9212 = PRESENTATION_STYLE_ASSIGNMENT (( #5530 ) ) ;
#9213 = VERTEX_POINT ( 'NONE', #8414 ) ;
#9214 =( LENGTH_UNIT ( ) NAMED_UNIT ( * ) SI_UNIT ( .MILLI., .METRE. ) );
#9215 =( NAMED_UNIT ( * ) PLANE_ANGLE_UNIT ( ) SI_UNIT ( $, .RADIAN. ) );
#9216 = CARTESIAN_POINT ( 'NONE',  ( -0.7349776799893397161, -2.892878396548891562, 0.9810000000000000941 ) ) ;
#9217 = DIRECTION ( 'NONE',  ( -0.0000000000000000000, -0.0000000000000000000, -1.000000000000000000 ) ) ;
#9218 = VERTEX_POINT ( 'NONE', #4754 ) ;
#9219 = ADVANCED_FACE ( 'NONE', ( #8350 ), #10338, .F. ) ;
#9220 = PRESENTATION_LAYER_ASSIGNMENT (  '', '', ( #2778 ) ) ;
#9221 = EDGE_LOOP ( 'NONE', ( #11638, #7344, #11632, #2942 ) ) ;
#9222 = CARTESIAN_POINT ( 'NONE',  ( -0.9051860508905329450, -2.824670277238598537, 0.9799999999999999822 ) ) ;
#9223 = SURFACE_SIDE_STYLE ('',( #1928 ) ) ;
#9224 = DIRECTION ( 'NONE',  ( 1.000000000000000000, -0.0000000000000000000, -0.0000000000000000000 ) ) ;
#9225 = DIRECTION ( 'NONE',  ( -0.0000000000000000000, 1.000000000000000000, -0.0000000000000000000 ) ) ;
#9226 = ORIENTED_EDGE ( 'NONE', *, *, #4255, .F. ) ;
#9227 = SURFACE_STYLE_USAGE ( .BOTH. , #9956 ) ;
#9228 = CARTESIAN_POINT ( 'NONE',  ( -0.7855619026180425957, -3.306494095659747057, 0.9799999999999999822 ) ) ;
#9229 = COLOUR_RGB ( '',0.0000000000000000000, 0.0000000000000000000, 0.0000000000000000000 ) ;
#9230 = VERTEX_POINT ( 'NONE', #5789 ) ;
#9231 = PRESENTATION_LAYER_ASSIGNMENT (  '', '', ( #11621 ) ) ;
#9232 = FACE_OUTER_BOUND ( 'NONE', #8734, .T. ) ;
#9233 = PRESENTATION_LAYER_ASSIGNMENT (  '', '', ( #6696 ) ) ;
#9234 = ORIENTED_EDGE ( 'NONE', *, *, #5163, .F. ) ;
#9235 = EDGE_LOOP ( 'NONE', ( #5154, #1602, #5172, #6389, #8787, #9991, #2976, #9914, #7811, #11631, #6260, #3728, #1722, #5278 ) ) ;
#9236 = SURFACE_SIDE_STYLE ('',( #1827 ) ) ;
#9237 = DIRECTION ( 'NONE',  ( -0.0000000000000000000, -0.0000000000000000000, -1.000000000000000000 ) ) ;
#9238 = LINE ( 'NONE', #61, #5652 ) ;
#9239 = SURFACE_STYLE_USAGE ( .BOTH. , #10096 ) ;
#9240 = DIRECTION ( 'NONE',  ( 1.000000000000000000, 0.0000000000000000000, 0.0000000000000000000 ) ) ;
#9241 = ORIENTED_EDGE ( 'NONE', *, *, #6366, .F. ) ;
#9242 = FILL_AREA_STYLE ('',( #9312 ) ) ;
#9243 = LINE ( 'NONE', #11949, #3355 ) ;
#9244 = PLANE ( 'NONE',  #2484 ) ;
#9245 = VECTOR ( 'NONE', #1725, 1000.000000000000000 ) ;
#9246 = COLOUR_RGB ( '',0.0000000000000000000, 0.0000000000000000000, 0.0000000000000000000 ) ;
#9247 = PRESENTATION_LAYER_ASSIGNMENT (  '', '', ( #11796 ) ) ;
#9248 = UNCERTAINTY_MEASURE_WITH_UNIT (LENGTH_MEASURE( 1.000000000000000082E-05 ), #8960, 'distance_accuracy_value', 'NONE');
#9249 = EDGE_LOOP ( 'NONE', ( #3132, #10154, #11105, #7407 ) ) ;
#9250 = CARTESIAN_POINT ( 'NONE',  ( -0.5792739320201751863, -3.330408527734124657, 0.9800000000000002043 ) ) ;
#9251 = B_SPLINE_SURFACE_WITH_KNOTS ( 'NONE', 3, 1, ( 
 ( #3010, #6743 ),
 ( #1152, #8621 ),
 ( #11150, #6494 ),
 ( #6038, #8694 ) ),
 .UNSPECIFIED., .F., .F., .F.,
 ( 4, 4 ),
 ( 2, 2 ),
 ( 11.00000000000000000, 12.00000000000000000 ),
 ( 0.0000000000000000000, 1.000000000000000000 ),
 .UNSPECIFIED. ) ;
#9252 = COLOUR_RGB ( '',0.0000000000000000000, 0.0000000000000000000, 0.0000000000000000000 ) ;
#9253 =( GEOMETRIC_REPRESENTATION_CONTEXT ( 3 ) GLOBAL_UNCERTAINTY_ASSIGNED_CONTEXT ( ( #8619 ) ) GLOBAL_UNIT_ASSIGNED_CONTEXT ( ( #5655, #9408, #9476 ) ) REPRESENTATION_CONTEXT ( 'NONE', 'WORKASPACE' ) );
#9254 =( NAMED_UNIT ( * ) PLANE_ANGLE_UNIT ( ) SI_UNIT ( $, .RADIAN. ) );
#9255 = FILL_AREA_STYLE_COLOUR ( '', #8482 ) ;
#9256 = CARTESIAN_POINT ( 'NONE',  ( -0.8032897750911421886, -3.202518304027323737, 0.9810000000000000941 ) ) ;
#9257 = ORIENTED_EDGE ( 'NONE', *, *, #3825, .F. ) ;
#9258 =( LENGTH_UNIT ( ) NAMED_UNIT ( * ) SI_UNIT ( .MILLI., .METRE. ) );
#9259 = CARTESIAN_POINT ( 'NONE',  ( -0.8311032993528110202, -3.227888397185662672, 0.9810000000000000941 ) ) ;
#9260 = COLOUR_RGB ( '',0.0000000000000000000, 0.0000000000000000000, 0.0000000000000000000 ) ;
#9261 = FILL_AREA_STYLE_COLOUR ( '', #7128 ) ;
#9262 = LINE ( 'NONE', #6442, #8030 ) ;
#9263 = EDGE_CURVE ( 'NONE', #257, #1390, #963, .T. ) ;
#9264 = UNCERTAINTY_MEASURE_WITH_UNIT (LENGTH_MEASURE( 1.000000000000000082E-05 ), #819, 'distance_accuracy_value', 'NONE');
#9265 =( GEOMETRIC_REPRESENTATION_CONTEXT ( 3 ) GLOBAL_UNCERTAINTY_ASSIGNED_CONTEXT ( ( #5696 ) ) GLOBAL_UNIT_ASSIGNED_CONTEXT ( ( #1269, #5979, #9550 ) ) REPRESENTATION_CONTEXT ( 'NONE', 'WORKASPACE' ) );
#9266 = DIRECTION ( 'NONE',  ( 0.0000000000000000000, 0.0000000000000000000, -1.000000000000000000 ) ) ;
#9267 = B_SPLINE_CURVE_WITH_KNOTS ( 'NONE', 3,
 ( #7496, #9416, #11191, #9593 ),
 .UNSPECIFIED., .F., .F.,
 ( 4, 4 ),
 ( 12.00000000000000000, 13.00000000000000000 ),
 .UNSPECIFIED. ) ;
#9268 = ADVANCED_FACE ( 'NONE', ( #4693 ), #9493, .T. ) ;
#9269 = EDGE_CURVE ( 'NONE', #8031, #8723, #11599, .T. ) ;
#9270 = VECTOR ( 'NONE', #149, 1000.000000000000000 ) ;
#9271 = VERTEX_POINT ( 'NONE', #10457 ) ;
#9272 = SURFACE_STYLE_FILL_AREA ( #4613 ) ;
#9273 =( LENGTH_UNIT ( ) NAMED_UNIT ( * ) SI_UNIT ( .MILLI., .METRE. ) );
#9274 = FILL_AREA_STYLE_COLOUR ( '', #3140 ) ;
#9275 = CARTESIAN_POINT ( 'NONE',  ( -0.5512524561754880148, -2.831324727902375216, 0.9799999999999999822 ) ) ;
#9276 = VERTEX_POINT ( 'NONE', #4670 ) ;
#9277 = CARTESIAN_POINT ( 'NONE',  ( -0.3734538524855119945, -3.127031879302791140, 0.9799999999999999822 ) ) ;
#9278 = UNCERTAINTY_MEASURE_WITH_UNIT (LENGTH_MEASURE( 1.000000000000000082E-05 ), #9886, 'distance_accuracy_value', 'NONE');
#9279 = CARTESIAN_POINT ( 'NONE',  ( -0.6759194303426057093, -3.306286144076720834, 0.9810000000000000941 ) ) ;
#9280 = ADVANCED_FACE ( 'NONE', ( #2784 ), #6758, .F. ) ;
#9281 = CARTESIAN_POINT ( 'NONE',  ( -1.919278895018924569, -3.227002839023036085, 0.9810000000000000941 ) ) ;
#9282 = ORIENTED_EDGE ( 'NONE', *, *, #4019, .T. ) ;
#9283 = CARTESIAN_POINT ( 'NONE',  ( -0.4052184568288403343, -3.150426432419600076, 0.9810000000000000941 ) ) ;
#9284 = AXIS2_PLACEMENT_3D ( 'NONE', #8834, #3309, #3255 ) ;
#9285 = B_SPLINE_CURVE_WITH_KNOTS ( 'NONE', 3,
 ( #6273, #6155, #8023, #4382 ),
 .UNSPECIFIED., .F., .F.,
 ( 4, 4 ),
 ( 17.00000000000000000, 18.00000000000000000 ),
 .UNSPECIFIED. ) ;
#9286 = ORIENTED_EDGE ( 'NONE', *, *, #2201, .F. ) ;
#9287 = UNCERTAINTY_MEASURE_WITH_UNIT (LENGTH_MEASURE( 1.000000000000000082E-05 ), #6824, 'distance_accuracy_value', 'NONE');
#9288 = CARTESIAN_POINT ( 'NONE',  ( -0.6281425540868390556, -2.804394997869957162, 0.9810000000000000941 ) ) ;
#9289 = PRESENTATION_STYLE_ASSIGNMENT (( #8397 ) ) ;
#9290 = DIRECTION ( 'NONE',  ( 0.0000000000000000000, -1.000000000000000000, 0.0000000000000000000 ) ) ;
#9291 = VECTOR ( 'NONE', #2075, 1000.000000000000000 ) ;
#9292 = B_SPLINE_CURVE_WITH_KNOTS ( 'NONE', 3,
 ( #6658, #6720, #4741, #9535 ),
 .UNSPECIFIED., .F., .F.,
 ( 4, 4 ),
 ( 18.00000000000000000, 19.00000000000000000 ),
 .UNSPECIFIED. ) ;
#9293 = CARTESIAN_POINT ( 'NONE',  ( -0.3152274091715781545, -3.286010864708079460, 0.9810000000000000941 ) ) ;
#9294 = CARTESIAN_POINT ( 'NONE',  ( -0.7884212368881212685, -3.181827121492629473, 0.9810000000000000941 ) ) ;
#9295 = EDGE_CURVE ( 'NONE', #10290, #10640, #6321, .T. ) ;
#9296 = ORIENTED_EDGE ( 'NONE', *, *, #11697, .F. ) ;
#9297 = EDGE_CURVE ( 'NONE', #2585, #7871, #6448, .T. ) ;
#9298 = CARTESIAN_POINT ( 'NONE',  ( -1.502834628505179682, -3.242908675834546894, 0.9810000000000000941 ) ) ;
#9299 = PLANE ( 'NONE',  #7383 ) ;
#9300 = FILL_AREA_STYLE_COLOUR ( '', #6524 ) ;
#9301 = ORIENTED_EDGE ( 'NONE', *, *, #9361, .T. ) ;
#9302 = FILL_AREA_STYLE ('',( #2867 ) ) ;
#9303 = VERTEX_POINT ( 'NONE', #11234 ) ;
#9304 = ORIENTED_EDGE ( 'NONE', *, *, #10384, .F. ) ;
#9305 = SURFACE_STYLE_USAGE ( .BOTH. , #5733 ) ;
#9306 = ADVANCED_FACE ( 'NONE', ( #10125, #9395, #12096, #2848, #10982, #7359, #1674, #1858, #4552, #9331, #5582, #9142, #930, #4423 ), #4488, .F. ) ;
#9307 = CARTESIAN_POINT ( 'NONE',  ( -0.6753995513850354904, -3.303582773493221492, 0.9810000000000000941 ) ) ;
#9308 = DIRECTION ( 'NONE',  ( 0.0000000000000000000, 0.0000000000000000000, -1.000000000000000000 ) ) ;
#9309 = SURFACE_STYLE_FILL_AREA ( #10396 ) ;
#9310 = CARTESIAN_POINT ( 'NONE',  ( -0.7349776799893397161, -2.892878396548892006, 0.9799999999999999822 ) ) ;
#9311 = VERTEX_POINT ( 'NONE', #5702 ) ;
#9312 = FILL_AREA_STYLE_COLOUR ( '', #3215 ) ;
#9313 = CARTESIAN_POINT ( 'NONE',  ( -1.008745939355516041, -3.291521581663829910, 0.9799999999999999822 ) ) ;
#9314 = LINE ( 'NONE', #10164, #3270 ) ;
#9315 = FILL_AREA_STYLE_COLOUR ( '', #3461 ) ;
#9316 = MECHANICAL_DESIGN_GEOMETRIC_PRESENTATION_REPRESENTATION (  '', ( #1082 ), #893 ) ;
#9317 = VERTEX_POINT ( 'NONE', #8648 ) ;
#9318 = DIRECTION ( 'NONE',  ( -0.0000000000000000000, -1.000000000000000000, -0.0000000000000000000 ) ) ;
#9319 = DIRECTION ( 'NONE',  ( 0.0000000000000000000, 0.0000000000000000000, 1.000000000000000000 ) ) ;
#9320 = LINE ( 'NONE', #2769, #9446 ) ;
#9321 = LINE ( 'NONE', #12082, #1377 ) ;
#9322 = VERTEX_POINT ( 'NONE', #11535 ) ;
#9323 = DIRECTION ( 'NONE',  ( -0.0000000000000000000, -0.0000000000000000000, -1.000000000000000000 ) ) ;
#9324 = DIRECTION ( 'NONE',  ( -0.0000000000000000000, -0.0000000000000000000, -1.000000000000000000 ) ) ;
#9325 = FACE_OUTER_BOUND ( 'NONE', #10519, .T. ) ;
#9326 = LINE ( 'NONE', #9513, #7471 ) ;
#9327 =( NAMED_UNIT ( * ) PLANE_ANGLE_UNIT ( ) SI_UNIT ( $, .RADIAN. ) );
#9328 = CARTESIAN_POINT ( 'NONE',  ( -0.8233571028760637844, -3.207925045192944413, 0.9799999999999999822 ) ) ;
#9329 = VERTEX_POINT ( 'NONE', #9461 ) ;
#9330 = PLANE ( 'NONE',  #4927 ) ;
#9331 = FACE_BOUND ( 'NONE', #11801, .T. ) ;
#9332 =( NAMED_UNIT ( * ) PLANE_ANGLE_UNIT ( ) SI_UNIT ( $, .RADIAN. ) );
#9333 = CARTESIAN_POINT ( 'NONE',  ( -0.8311032993528110202, -3.216243108523703320, 0.9799999999999999822 ) ) ;
#9334 = FILL_AREA_STYLE ('',( #9274 ) ) ;
#9335 = DIRECTION ( 'NONE',  ( -0.0000000000000000000, -0.0000000000000000000, -1.000000000000000000 ) ) ;
#9336 = ORIENTED_EDGE ( 'NONE', *, *, #3217, .T. ) ;
#9337 = PRESENTATION_STYLE_ASSIGNMENT (( #6579 ) ) ;
#9338 = EDGE_CURVE ( 'NONE', #2954, #11986, #3815, .T. ) ;
#9339 = CARTESIAN_POINT ( 'NONE',  ( -1.000843779191503025, -2.983441311059476853, 0.9810000000000000941 ) ) ;
#9340 =( GEOMETRIC_REPRESENTATION_CONTEXT ( 3 ) GLOBAL_UNCERTAINTY_ASSIGNED_CONTEXT ( ( #1948 ) ) GLOBAL_UNIT_ASSIGNED_CONTEXT ( ( #11082, #8160, #11950 ) ) REPRESENTATION_CONTEXT ( 'NONE', 'WORKASPACE' ) );
#9341 = ORIENTED_EDGE ( 'NONE', *, *, #5658, .T. ) ;
#9342 = FILL_AREA_STYLE ('',( #1869 ) ) ;
#9343 = ORIENTED_EDGE ( 'NONE', *, *, #5658, .F. ) ;
#9344 = EDGE_CURVE ( 'NONE', #9016, #8710, #11289, .T. ) ;
#9345 = CARTESIAN_POINT ( 'NONE',  ( -2.231612129378391263, -3.101201944150103973, 0.9810000000000000941 ) ) ;
#9346 = MECHANICAL_DESIGN_GEOMETRIC_PRESENTATION_REPRESENTATION (  '', ( #9740 ), #3866 ) ;
#9347 = CARTESIAN_POINT ( 'NONE',  ( -0.9829079551346840971, -3.289442065832175466, 0.9810000000000000941 ) ) ;
#9348 = CARTESIAN_POINT ( 'NONE',  ( -1.621405532364044610, -3.309424063617307787, 0.9810000000000000941 ) ) ;
#9349 = CARTESIAN_POINT ( 'NONE',  ( -1.530308351650157661, -2.825018409740929659, 0.9810000000000000941 ) ) ;
#9350 = EDGE_CURVE ( 'NONE', #11079, #1946, #11351, .T. ) ;
#9351 =( LENGTH_UNIT ( ) NAMED_UNIT ( * ) SI_UNIT ( .MILLI., .METRE. ) );
#9352 = ADVANCED_FACE ( 'NONE', ( #3998 ), #6700, .F. ) ;
#9353 = B_SPLINE_SURFACE_WITH_KNOTS ( 'NONE', 3, 1, ( 
 ( #6377, #6446 ),
 ( #7356, #11104 ),
 ( #1542, #11043 ),
 ( #3445, #10185 ) ),
 .UNSPECIFIED., .F., .F., .F.,
 ( 4, 4 ),
 ( 2, 2 ),
 ( 2.000000000000000000, 3.000000000000000000 ),
 ( 0.0000000000000000000, 1.000000000000000000 ),
 .UNSPECIFIED. ) ;
#9354 =( GEOMETRIC_REPRESENTATION_CONTEXT ( 3 ) GLOBAL_UNCERTAINTY_ASSIGNED_CONTEXT ( ( #7737 ) ) GLOBAL_UNIT_ASSIGNED_CONTEXT ( ( #4169, #6052, #2140 ) ) REPRESENTATION_CONTEXT ( 'NONE', 'WORKASPACE' ) );
#9355 = AXIS2_PLACEMENT_3D ( 'NONE', #6035, #10583, #11506 ) ;
#9356 = MECHANICAL_DESIGN_GEOMETRIC_PRESENTATION_REPRESENTATION (  '', ( #940 ), #10912 ) ;
#9357 = LINE ( 'NONE', #4637, #182 ) ;
#9358 = VECTOR ( 'NONE', #11886, 1000.000000000000000 ) ;
#9359 = VERTEX_POINT ( 'NONE', #7709 ) ;
#9360 = EDGE_CURVE ( 'NONE', #10099, #728, #9518, .T. ) ;
#9361 = EDGE_CURVE ( 'NONE', #9640, #7507, #202, .T. ) ;
#9362 = ORIENTED_EDGE ( 'NONE', *, *, #7598, .T. ) ;
#9363 = CARTESIAN_POINT ( 'NONE',  ( -0.4314723442150319443, -3.330408527734124657, 0.9800000000000002043 ) ) ;
#9364 = CARTESIAN_POINT ( 'NONE',  ( -0.7648707200833483322, -3.314708183197609515, 0.9810000000000000941 ) ) ;
#9365 = DIRECTION ( 'NONE',  ( -0.0000000000000000000, -0.0000000000000000000, -1.000000000000000000 ) ) ;
#9366 = DIRECTION ( 'NONE',  ( 0.0000000000000000000, 0.0000000000000000000, 1.000000000000000000 ) ) ;
#9367 = B_SPLINE_CURVE_WITH_KNOTS ( 'NONE', 3,
 ( #4269, #9848, #8924, #1451 ),
 .UNSPECIFIED., .F., .F.,
 ( 4, 4 ),
 ( 28.00000000000000000, 29.00000000000000000 ),
 .UNSPECIFIED. ) ;
#9368 = DIRECTION ( 'NONE',  ( -0.0000000000000000000, -0.0000000000000000000, -1.000000000000000000 ) ) ;
#9369 = AXIS2_PLACEMENT_3D ( 'NONE', #10985, #10129, #767 ) ;
#9370 = ORIENTED_EDGE ( 'NONE', *, *, #6571, .F. ) ;
#9371 = SURFACE_STYLE_FILL_AREA ( #9242 ) ;
#9372 = CARTESIAN_POINT ( 'NONE',  ( -1.917832874751957517, -3.135905575568395331, 0.9799999999999999822 ) ) ;
#9373 = MECHANICAL_DESIGN_GEOMETRIC_PRESENTATION_REPRESENTATION (  '', ( #11918 ), #949 ) ;
#9374 = CARTESIAN_POINT ( 'NONE',  ( -3.623086578651014023, -3.799999999999999822, 0.7800000000000008038 ) ) ;
#9375 = ORIENTED_EDGE ( 'NONE', *, *, #9721, .T. ) ;
#9376 = DIRECTION ( 'NONE',  ( 1.000000000000000000, -0.0000000000000000000, -0.0000000000000000000 ) ) ;
#9377 = B_SPLINE_CURVE_WITH_KNOTS ( 'NONE', 3,
 ( #7648, #10484, #2089, #5877 ),
 .UNSPECIFIED., .F., .F.,
 ( 4, 4 ),
 ( 7.000000000000000000, 8.000000000000000000 ),
 .UNSPECIFIED. ) ;
#9378 = EDGE_CURVE ( 'NONE', #7041, #6066, #9377, .T. ) ;
#9379 =( NAMED_UNIT ( * ) PLANE_ANGLE_UNIT ( ) SI_UNIT ( $, .RADIAN. ) );
#9380 = LINE ( 'NONE', #11401, #1374 ) ;
#9381 = LINE ( 'NONE', #2833, #4348 ) ;
#9382 = CARTESIAN_POINT ( 'NONE',  ( -0.9716265817430220775, -3.266671367464448750, 0.9810000000000000941 ) ) ;
#9383 = LINE ( 'NONE', #6435, #10372 ) ;
#9384 = EDGE_LOOP ( 'NONE', ( #1582, #8203, #6213, #3594, #4039, #4377 ) ) ;
#9385 = FILL_AREA_STYLE_COLOUR ( '', #4776 ) ;
#9386 = DIRECTION ( 'NONE',  ( 1.000000000000000000, 0.0000000000000000000, 0.0000000000000000000 ) ) ;
#9387 = SURFACE_SIDE_STYLE ('',( #6566 ) ) ;
#9388 = CIRCLE ( 'NONE', #6071, 0.7800000000000009148 ) ;
#9389 = DIRECTION ( 'NONE',  ( -0.0000000000000000000, -0.0000000000000000000, -1.000000000000000000 ) ) ;
#9390 = UNCERTAINTY_MEASURE_WITH_UNIT (LENGTH_MEASURE( 1.000000000000000082E-05 ), #2389, 'distance_accuracy_value', 'NONE');
#9391 = B_SPLINE_CURVE_WITH_KNOTS ( 'NONE', 3,
 ( #3360, #7103, #7278, #6174 ),
 .UNSPECIFIED., .F., .F.,
 ( 4, 4 ),
 ( 6.000000000000000000, 7.000000000000000000 ),
 .UNSPECIFIED. ) ;
#9392 = CARTESIAN_POINT ( 'NONE',  ( -0.8575131504269682958, -3.325313713944427985, 0.9810000000000000941 ) ) ;
#9393 = ORIENTED_EDGE ( 'NONE', *, *, #4549, .F. ) ;
#9394 = CARTESIAN_POINT ( 'NONE',  ( -0.5699161107728969444, -2.963373983275247703, 0.9800000000000002043 ) ) ;
#9395 = FACE_BOUND ( 'NONE', #3081, .T. ) ;
#9396 = STYLED_ITEM ( 'NONE', ( #7961 ), #6147 ) ;
#9397 = CARTESIAN_POINT ( 'NONE',  ( -0.8217974660012865584, -3.238909831098533143, 0.9800000000000002043 ) ) ;
#9398 =( NAMED_UNIT ( * ) SI_UNIT ( $, .STERADIAN. ) SOLID_ANGLE_UNIT ( ) );
#9399 = ORIENTED_EDGE ( 'NONE', *, *, #3272, .T. ) ;
#9400 = CARTESIAN_POINT ( 'NONE',  ( -1.309072325584600183, -3.128675667295774510, 0.9810000000000000941 ) ) ;
#9401 = B_SPLINE_CURVE_WITH_KNOTS ( 'NONE', 3,
 ( #11117, #8080, #886, #4623 ),
 .UNSPECIFIED., .F., .F.,
 ( 4, 4 ),
 ( 3.000000000000000000, 4.000000000000000000 ),
 .UNSPECIFIED. ) ;
#9402 =( LENGTH_UNIT ( ) NAMED_UNIT ( * ) SI_UNIT ( .MILLI., .METRE. ) );
#9403 = STYLED_ITEM ( 'NONE', ( #8517 ), #10187 ) ;
#9404 = PRESENTATION_LAYER_ASSIGNMENT (  '', '', ( #3536 ) ) ;
#9405 = VECTOR ( 'NONE', #3377, 1000.000000000000000 ) ;
#9406 = VERTEX_POINT ( 'NONE', #9634 ) ;
#9407 = UNCERTAINTY_MEASURE_WITH_UNIT (LENGTH_MEASURE( 1.000000000000000082E-05 ), #7812, 'distance_accuracy_value', 'NONE');
#9408 =( NAMED_UNIT ( * ) PLANE_ANGLE_UNIT ( ) SI_UNIT ( $, .RADIAN. ) );
#9409 = CARTESIAN_POINT ( 'NONE',  ( -0.8892257668745348065, -2.828621357320259211, 0.9810000000000000941 ) ) ;
#9410 = CARTESIAN_POINT ( 'NONE',  ( -1.043525841656193887, -3.215515277981726872, 0.9800000000000002043 ) ) ;
#9411 = VECTOR ( 'NONE', #4320, 1000.000000000000000 ) ;
#9412 = MECHANICAL_DESIGN_GEOMETRIC_PRESENTATION_REPRESENTATION (  '', ( #3332 ), #2162 ) ;
#9413 = PRESENTATION_LAYER_ASSIGNMENT (  '', '', ( #3150 ) ) ;
#9414 = CARTESIAN_POINT ( 'NONE',  ( -0.7244761250340311376, -3.398824598628831239, 0.9810000000000000941 ) ) ;
#9415 = CARTESIAN_POINT ( 'NONE',  ( -0.8187821680439378857, -3.266567391672931198, 0.9799999999999999822 ) ) ;
#9416 = CARTESIAN_POINT ( 'NONE',  ( -0.8311032993528110202, -3.216243108523703320, 0.9810000000000000941 ) ) ;
#9417 = ADVANCED_FACE ( 'NONE', ( #8573 ), #4977, .F. ) ;
#9418 = PRESENTATION_LAYER_ASSIGNMENT (  '', '', ( #11577 ) ) ;
#9419 = VECTOR ( 'NONE', #2245, 1000.000000000000000 ) ;
#9420 = B_SPLINE_CURVE_WITH_KNOTS ( 'NONE', 3,
 ( #6649, #11426, #10261, #4676 ),
 .UNSPECIFIED., .F., .F.,
 ( 4, 4 ),
 ( 8.000000000000000000, 9.000000000000000000 ),
 .UNSPECIFIED. ) ;
#9421 = ORIENTED_EDGE ( 'NONE', *, *, #676, .T. ) ;
#9422 = EDGE_CURVE ( 'NONE', #10476, #3169, #10972, .T. ) ;
#9423 = ORIENTED_EDGE ( 'NONE', *, *, #1576, .F. ) ;
#9424 = EDGE_CURVE ( 'NONE', #10742, #1845, #2272, .T. ) ;
#9425 =( NAMED_UNIT ( * ) SI_UNIT ( $, .STERADIAN. ) SOLID_ANGLE_UNIT ( ) );
#9426 = CARTESIAN_POINT ( 'NONE',  ( -1.452225022375277952, -2.939251397593995563, 0.9810000000000000941 ) ) ;
#9427 = PRESENTATION_STYLE_ASSIGNMENT (( #9542 ) ) ;
#9428 =( LENGTH_UNIT ( ) NAMED_UNIT ( * ) SI_UNIT ( .MILLI., .METRE. ) );
#9429 = ORIENTED_EDGE ( 'NONE', *, *, #6053, .F. ) ;
#9430 = PRESENTATION_STYLE_ASSIGNMENT (( #3964 ) ) ;
#9431 = CARTESIAN_POINT ( 'NONE',  ( -2.118825085945855058, -2.891533818206630357, 0.9810000000000000941 ) ) ;
#9432 = PRESENTATION_LAYER_ASSIGNMENT (  '', '', ( #6080 ) ) ;
#9433 = EDGE_CURVE ( 'NONE', #3046, #2596, #1349, .T. ) ;
#9434 = SURFACE_STYLE_FILL_AREA ( #6613 ) ;
#9435 = ORIENTED_EDGE ( 'NONE', *, *, #6333, .T. ) ;
#9436 = CARTESIAN_POINT ( 'NONE',  ( -0.9975685417553713519, -2.830908824736320550, 0.9799999999999999822 ) ) ;
#9437 = AXIS2_PLACEMENT_3D ( 'NONE', #5865, #1160, #3194 ) ;
#9438 = CARTESIAN_POINT ( 'NONE',  ( 0.0000000000000000000, 0.0000000000000000000, 0.9810000000000000941 ) ) ;
#9439 = FILL_AREA_STYLE ('',( #11217 ) ) ;
#9440 = CARTESIAN_POINT ( 'NONE',  ( -0.6753995513850354904, -3.303582773493221492, 0.9800000000000002043 ) ) ;
#9441 = CARTESIAN_POINT ( 'NONE',  ( -0.6765952729874398219, -3.306286144076720834, 0.9799999999999999822 ) ) ;
#9442 = SURFACE_STYLE_FILL_AREA ( #5687 ) ;
#9443 = STYLED_ITEM ( 'NONE', ( #11838 ), #8029 ) ;
#9444 = MECHANICAL_DESIGN_GEOMETRIC_PRESENTATION_REPRESENTATION (  '', ( #2191 ), #831 ) ;
#9445 = DIRECTION ( 'NONE',  ( -0.0000000000000000000, -0.0000000000000000000, -1.000000000000000000 ) ) ;
#9446 = VECTOR ( 'NONE', #7783, 1000.000000000000000 ) ;
#9447 = VERTEX_POINT ( 'NONE', #4116 ) ;
#9448 =( NAMED_UNIT ( * ) PLANE_ANGLE_UNIT ( ) SI_UNIT ( $, .RADIAN. ) );
#9449 = FACE_OUTER_BOUND ( 'NONE', #6343, .T. ) ;
#9450 = CARTESIAN_POINT ( 'NONE',  ( -2.055201697326993315, -3.328221885802723268, 0.9799999999999999822 ) ) ;
#9451 = VECTOR ( 'NONE', #8716, 999.9999999999998863 ) ;
#9452 = EDGE_CURVE ( 'NONE', #7556, #4015, #11718, .T. ) ;
#9453 = CARTESIAN_POINT ( 'NONE',  ( -0.8135833784627313214, -3.243068862764606486, 0.9810000000000000941 ) ) ;
#9454 = EDGE_CURVE ( 'NONE', #59, #1263, #6744, .T. ) ;
#9455 = DIRECTION ( 'NONE',  ( -0.0000000000000000000, -1.000000000000000000, -0.0000000000000000000 ) ) ;
#9456 = CARTESIAN_POINT ( 'NONE',  ( -1.919278895018924569, -3.227002839023036085, 0.9810000000000000941 ) ) ;
#9457 = MECHANICAL_DESIGN_GEOMETRIC_PRESENTATION_REPRESENTATION (  '', ( #5533 ), #12004 ) ;
#9458 =( GEOMETRIC_REPRESENTATION_CONTEXT ( 3 ) GLOBAL_UNCERTAINTY_ASSIGNED_CONTEXT ( ( #3864 ) ) GLOBAL_UNIT_ASSIGNED_CONTEXT ( ( #34, #6517, #2899 ) ) REPRESENTATION_CONTEXT ( 'NONE', 'WORKASPACE' ) );
#9459 = EDGE_LOOP ( 'NONE', ( #3650, #7285, #5803, #781 ) ) ;
#9460 = LINE ( 'NONE', #8647, #6265 ) ;
#9461 = CARTESIAN_POINT ( 'NONE',  ( -0.3263008309802120088, -3.007771646301291568, 0.9810000000000000941 ) ) ;
#9462 = CARTESIAN_POINT ( 'NONE',  ( -0.6303780336071427293, -2.984585044767507966, 0.9800000000000002043 ) ) ;
#9463 = FILL_AREA_STYLE ('',( #5704 ) ) ;
#9464 = MECHANICAL_DESIGN_GEOMETRIC_PRESENTATION_REPRESENTATION (  '', ( #2613 ), #8657 ) ;
#9465 = VERTEX_POINT ( 'NONE', #9695 ) ;
#9466 = B_SPLINE_SURFACE_WITH_KNOTS ( 'NONE', 3, 1, ( 
 ( #2483, #2301 ),
 ( #8863, #11000 ),
 ( #7435, #4626 ),
 ( #11186, #11248 ) ),
 .UNSPECIFIED., .F., .F., .F.,
 ( 4, 4 ),
 ( 2, 2 ),
 ( 1.000000000000000000, 2.000000000000000000 ),
 ( 0.0000000000000000000, 1.000000000000000000 ),
 .UNSPECIFIED. ) ;
#9467 = COLOUR_RGB ( '',0.0000000000000000000, 0.0000000000000000000, 0.0000000000000000000 ) ;
#9469 = AXIS2_PLACEMENT_3D ( 'NONE', #9438, #4709, #1840 ) ;
#9468 =( NAMED_UNIT ( * ) SI_UNIT ( $, .STERADIAN. ) SOLID_ANGLE_UNIT ( ) );
#9470 = CARTESIAN_POINT ( 'NONE',  ( -1.919278867438905190, -2.975400994119907772, 0.9799999999999999822 ) ) ;
#9471 = CARTESIAN_POINT ( 'NONE',  ( -0.7244761250340311376, -3.398824598628831239, 0.9810000000000000941 ) ) ;
#9472 = PRESENTATION_LAYER_ASSIGNMENT (  '', '', ( #7307 ) ) ;
#9473 = PRESENTATION_LAYER_ASSIGNMENT (  '', '', ( #6725 ) ) ;
#9474 = CARTESIAN_POINT ( 'NONE',  ( 7.500000000000000000, -3.799999999999999822, 0.0000000000000000000 ) ) ;
#9475 = ORIENTED_EDGE ( 'NONE', *, *, #9108, .T. ) ;
#9476 =( NAMED_UNIT ( * ) SI_UNIT ( $, .STERADIAN. ) SOLID_ANGLE_UNIT ( ) );
#9477 = DIRECTION ( 'NONE',  ( -0.3409177962187287525, -0.9400931103999036198, -0.0000000000000000000 ) ) ;
#9478 =( LENGTH_UNIT ( ) NAMED_UNIT ( * ) SI_UNIT ( .MILLI., .METRE. ) );
#9479 = LINE ( 'NONE', #6776, #1388 ) ;
#9480 = CARTESIAN_POINT ( 'NONE',  ( -1.964104475242384407, -2.869844010648710864, 0.9810000000000000941 ) ) ;
#9481 = COLOUR_RGB ( '',0.0000000000000000000, 0.0000000000000000000, 0.0000000000000000000 ) ;
#9482 = SURFACE_SIDE_STYLE ('',( #8402 ) ) ;
#9483 = AXIS2_PLACEMENT_3D ( 'NONE', #141, #3023, #3810 ) ;
#9484 = PRESENTATION_STYLE_ASSIGNMENT (( #1878 ) ) ;
#9485 = VERTEX_POINT ( 'NONE', #3375 ) ;
#9486 = ORIENTED_EDGE ( 'NONE', *, *, #5746, .T. ) ;
#9487 = COLOUR_RGB ( '',0.6470588235294117974, 0.6196078431372549211, 0.5882352941176470784 ) ;
#9488 =( NAMED_UNIT ( * ) SI_UNIT ( $, .STERADIAN. ) SOLID_ANGLE_UNIT ( ) );
#9489 = VECTOR ( 'NONE', #813, 1000.000000000000000 ) ;
#9490 = PRESENTATION_STYLE_ASSIGNMENT (( #9305 ) ) ;
#9491 = CARTESIAN_POINT ( 'NONE',  ( -1.919278895018924569, -3.339789882455566961, 0.9810000000000000941 ) ) ;
#9492 = CARTESIAN_POINT ( 'NONE',  ( -0.7311305756984967097, -3.376989682386107194, 0.9800000000000002043 ) ) ;
#9493 = PLANE ( 'NONE',  #10830 ) ;
#9494 = VERTEX_POINT ( 'NONE', #7874 ) ;
#9495 = CARTESIAN_POINT ( 'NONE',  ( -0.5205795976444335116, -2.903483927294328915, 0.9799999999999999822 ) ) ;
#9496 = LINE ( 'NONE', #11143, #4191 ) ;
#9497 =( NAMED_UNIT ( * ) PLANE_ANGLE_UNIT ( ) SI_UNIT ( $, .RADIAN. ) );
#9498 = DIRECTION ( 'NONE',  ( -0.0000000000000000000, -0.0000000000000000000, -1.000000000000000000 ) ) ;
#9499 = DIRECTION ( 'NONE',  ( 0.0000000000000000000, 1.000000000000000000, 0.0000000000000000000 ) ) ;
#9500 = ADVANCED_FACE ( 'NONE', ( #4289 ), #8892, .F. ) ;
#9501 = ORIENTED_EDGE ( 'NONE', *, *, #6148, .T. ) ;
#9502 = CARTESIAN_POINT ( 'NONE',  ( -1.142510795289743974, -2.804394997869956718, 0.9800000000000002043 ) ) ;
#9503 = FACE_OUTER_BOUND ( 'NONE', #1138, .T. ) ;
#9504 = CARTESIAN_POINT ( 'NONE',  ( -0.7461550775894828513, -3.185154346825209704, 0.9810000000000000941 ) ) ;
#9505 = CARTESIAN_POINT ( 'NONE',  ( -0.1611872738687085138, -3.164463164290519437, 0.9810000000000000941 ) ) ;
#9506 = CARTESIAN_POINT ( 'NONE',  ( -1.452225022375277952, -2.939251397593995563, 0.9799999999999999822 ) ) ;
#9507 = EDGE_LOOP ( 'NONE', ( #3415, #9715, #8797, #589 ) ) ;
#9508 = LINE ( 'NONE', #4823, #2829 ) ;
#9509 = CARTESIAN_POINT ( 'NONE',  ( -0.9993881181082362453, -2.908370789500994480, 0.9810000000000000941 ) ) ;
#9510 = FILL_AREA_STYLE_COLOUR ( '', #8942 ) ;
#9511 = CARTESIAN_POINT ( 'NONE',  ( -0.4169157333879343619, -2.837147372234046117, 0.9810000000000000941 ) ) ;
#9512 = ADVANCED_FACE ( 'NONE', ( #1469 ), #3134, .T. ) ;
#9513 = CARTESIAN_POINT ( 'NONE',  ( -0.5792739320201751863, -3.330408527734124657, 0.9810000000000000941 ) ) ;
#9514 = FILL_AREA_STYLE_COLOUR ( '', #4941 ) ;
#9515 = ORIENTED_EDGE ( 'NONE', *, *, #10683, .T. ) ;
#9516 = ADVANCED_FACE ( 'NONE', ( #10174 ), #11219, .F. ) ;
#9517 = SURFACE_SIDE_STYLE ('',( #10427 ) ) ;
#9518 = LINE ( 'NONE', #2213, #10057 ) ;
#9519 = ADVANCED_FACE ( 'NONE', ( #5448 ), #11091, .T. ) ;
#9520 = CARTESIAN_POINT ( 'NONE',  ( -0.2965637545741610093, -3.153961609335209193, 0.9810000000000000941 ) ) ;
#9521 = DIRECTION ( 'NONE',  ( -0.0000000000000000000, -0.0000000000000000000, -1.000000000000000000 ) ) ;
#9522 = DIRECTION ( 'NONE',  ( -0.9303007377811831624, 0.3667976789509255764, 0.0000000000000000000 ) ) ;
#9523 = VERTEX_POINT ( 'NONE', #7744 ) ;
#9524 = SURFACE_SIDE_STYLE ('',( #2908 ) ) ;
#9525 = LINE ( 'NONE', #2160, #5201 ) ;
#9526 = B_SPLINE_CURVE_WITH_KNOTS ( 'NONE', 3,
 ( #5966, #2303, #9720, #4144 ),
 .UNSPECIFIED., .F., .F.,
 ( 4, 4 ),
 ( 4.000000000000000000, 5.000000000000000000 ),
 .UNSPECIFIED. ) ;
#9527 = CARTESIAN_POINT ( 'NONE',  ( -1.975672389155174180, -3.315208089523751234, 0.9810000000000000941 ) ) ;
#9528 = CARTESIAN_POINT ( 'NONE',  ( -0.8462837649310632759, -3.330928406693073995, 0.9810000000000000941 ) ) ;
#9529 = B_SPLINE_CURVE_WITH_KNOTS ( 'NONE', 3,
 ( #11238, #10128, #877, #1677 ),
 .UNSPECIFIED., .F., .F.,
 ( 4, 4 ),
 ( 3.000000000000000000, 4.000000000000000000 ),
 .UNSPECIFIED. ) ;
#9530 = ORIENTED_EDGE ( 'NONE', *, *, #5767, .F. ) ;
#9531 = VERTEX_POINT ( 'NONE', #5798 ) ;
#9532 = CARTESIAN_POINT ( 'NONE',  ( -2.163650693749332277, -2.936359426011495355, 0.9810000000000000941 ) ) ;
#9533 = CARTESIAN_POINT ( 'NONE',  ( -1.116256907902850815, -2.984585044767508411, 0.9799999999999999822 ) ) ;
#9534 = CARTESIAN_POINT ( 'NONE',  ( -1.919278867438905190, -2.975400994119907772, 0.9799999999999999822 ) ) ;
#9535 = CARTESIAN_POINT ( 'NONE',  ( -0.7757881782047097996, -3.322298415987779752, 0.9799999999999999822 ) ) ;
#9536 = CARTESIAN_POINT ( 'NONE',  ( -0.5792739320201751863, -3.330408527734124657, 0.9810000000000000941 ) ) ;
#9537 = LINE ( 'NONE', #7670, #1133 ) ;
#9538 = ORIENTED_EDGE ( 'NONE', *, *, #11924, .T. ) ;
#9539 = B_SPLINE_CURVE_WITH_KNOTS ( 'NONE', 3,
 ( #611, #10951, #5492, #8346 ),
 .UNSPECIFIED., .F., .F.,
 ( 4, 4 ),
 ( 6.000000000000000000, 7.000000000000000000 ),
 .UNSPECIFIED. ) ;
#9540 = ORIENTED_EDGE ( 'NONE', *, *, #11517, .F. ) ;
#9541 = CARTESIAN_POINT ( 'NONE',  ( 3.071543289325506798, 3.799999999999999822, 0.2284567106744903320 ) ) ;
#9542 = SURFACE_STYLE_USAGE ( .BOTH. , #5672 ) ;
#9543 = CARTESIAN_POINT ( 'NONE',  ( -0.9271769308205284332, -2.987808294308576418, 0.9810000000000000941 ) ) ;
#9544 = EDGE_LOOP ( 'NONE', ( #5490, #5308, #4433, #2674 ) ) ;
#9545 = PRESENTATION_STYLE_ASSIGNMENT (( #126 ) ) ;
#9546 =( NAMED_UNIT ( * ) SI_UNIT ( $, .STERADIAN. ) SOLID_ANGLE_UNIT ( ) );
#9547 = CARTESIAN_POINT ( 'NONE',  ( -0.2546095226514470955, -3.330408527734124657, 0.9810000000000000941 ) ) ;
#9548 = ORIENTED_EDGE ( 'NONE', *, *, #4562, .F. ) ;
#9549 = CARTESIAN_POINT ( 'NONE',  ( -1.037755185220968768, -3.127031879302791140, 0.9799999999999999822 ) ) ;
#9550 =( NAMED_UNIT ( * ) SI_UNIT ( $, .STERADIAN. ) SOLID_ANGLE_UNIT ( ) );
#9551 = AXIS2_PLACEMENT_3D ( 'NONE', #7037, #11471, #9864 ) ;
#9552 = AXIS2_PLACEMENT_3D ( 'NONE', #10563, #530, #8729 ) ;
#9553 = FACE_OUTER_BOUND ( 'NONE', #9785, .T. ) ;
#9554 = PRESENTATION_LAYER_ASSIGNMENT (  '', '', ( #11315 ) ) ;
#9555 = SURFACE_STYLE_FILL_AREA ( #9616 ) ;
#9556 = CARTESIAN_POINT ( 'NONE',  ( -0.7594119910226668768, -3.281331954084442781, 0.9810000000000000941 ) ) ;
#9557 = MECHANICAL_DESIGN_GEOMETRIC_PRESENTATION_REPRESENTATION (  '', ( #4847 ), #8357 ) ;
#9558 = CARTESIAN_POINT ( 'NONE',  ( -0.4802889783873196539, -3.238805855307024473, 0.9799999999999999822 ) ) ;
#9559 = CARTESIAN_POINT ( 'NONE',  ( -0.9993881181082362453, -2.932701124742809640, 0.9800000000000002043 ) ) ;
#9560 = EDGE_LOOP ( 'NONE', ( #82, #9699, #7180, #5123 ) ) ;
#9561 = FILL_AREA_STYLE ('',( #4772 ) ) ;
#9562 = PRESENTATION_STYLE_ASSIGNMENT (( #2775 ) ) ;
#9563 = PLANE ( 'NONE',  #8017 ) ;
#9564 = CARTESIAN_POINT ( 'NONE',  ( -0.8182103011906193268, -3.204285892485820852, 0.9800000000000002043 ) ) ;
#9565 = CARTESIAN_POINT ( 'NONE',  ( -0.8255405945006136781, -3.235582605765955133, 0.9810000000000000941 ) ) ;
#9566 = SURFACE_SIDE_STYLE ('',( #5809 ) ) ;
#9567 = ORIENTED_EDGE ( 'NONE', *, *, #5598, .T. ) ;
#9568 = DIRECTION ( 'NONE',  ( 0.2524218971878640083, -0.9676172723861843350, 0.0000000000000000000 ) ) ;
#9569 = EDGE_CURVE ( 'NONE', #5367, #3813, #1895, .T. ) ;
#9570 = DIRECTION ( 'NONE',  ( 1.118624075033640409E-16, -0.0000000000000000000, 1.000000000000000000 ) ) ;
#9571 = ORIENTED_EDGE ( 'NONE', *, *, #12064, .T. ) ;
#9572 = CARTESIAN_POINT ( 'NONE',  ( -1.026941702891116748, -2.877178052012376419, 0.9800000000000002043 ) ) ;
#9573 = EDGE_CURVE ( 'NONE', #6330, #4538, #612, .T. ) ;
#9574 = LINE ( 'NONE', #8381, #3372 ) ;
#9575 = EDGE_CURVE ( 'NONE', #267, #10440, #5628, .T. ) ;
#9576 = CARTESIAN_POINT ( 'NONE',  ( -0.6067235410115465744, -3.185154346825209704, 0.9810000000000000941 ) ) ;
#9577 =( NAMED_UNIT ( * ) PLANE_ANGLE_UNIT ( ) SI_UNIT ( $, .RADIAN. ) );
#9578 = ORIENTED_EDGE ( 'NONE', *, *, #5671, .T. ) ;
#9579 = PRESENTATION_LAYER_ASSIGNMENT (  '', '', ( #1153 ) ) ;
#9580 = FACE_OUTER_BOUND ( 'NONE', #1506, .T. ) ;
#9581 = EDGE_CURVE ( 'NONE', #4171, #2347, #10388, .T. ) ;
#9582 = LINE ( 'NONE', #1920, #3013 ) ;
#9583 = VECTOR ( 'NONE', #6549, 1000.000000000000000 ) ;
#9584 = PRESENTATION_LAYER_ASSIGNMENT (  '', '', ( #3719 ) ) ;
#9585 = PRESENTATION_STYLE_ASSIGNMENT (( #2917 ) ) ;
#9586 = ORIENTED_EDGE ( 'NONE', *, *, #8524, .F. ) ;
#9587 = ORIENTED_EDGE ( 'NONE', *, *, #2844, .T. ) ;
#9588 = B_SPLINE_SURFACE_WITH_KNOTS ( 'NONE', 3, 1, ( 
 ( #12020, #8356 ),
 ( #127, #8615 ),
 ( #6610, #5792 ),
 ( #6740, #10462 ) ),
 .UNSPECIFIED., .F., .F., .F.,
 ( 4, 4 ),
 ( 2, 2 ),
 ( 3.000000000000000000, 4.000000000000000000 ),
 ( 0.0000000000000000000, 1.000000000000000000 ),
 .UNSPECIFIED. ) ;
#9589 = SURFACE_STYLE_USAGE ( .BOTH. , #2051 ) ;
#9590 = CARTESIAN_POINT ( 'NONE',  ( -0.8301155293320466866, -3.185674225782779700, 0.9799999999999999822 ) ) ;
#9591 =( NAMED_UNIT ( * ) SI_UNIT ( $, .STERADIAN. ) SOLID_ANGLE_UNIT ( ) );
#9592 = FACE_OUTER_BOUND ( 'NONE', #2267, .T. ) ;
#9593 = CARTESIAN_POINT ( 'NONE',  ( -0.8233571028760637844, -3.207925045192944413, 0.9810000000000000941 ) ) ;
#9594 = AXIS2_PLACEMENT_3D ( 'NONE', #5399, #5465, #10192 ) ;
#9595 = EDGE_CURVE ( 'NONE', #1558, #1296, #4127, .T. ) ;
#9596 = LINE ( 'NONE', #10324, #10810 ) ;
#9597 = PRESENTATION_LAYER_ASSIGNMENT (  '', '', ( #7611 ) ) ;
#9598 = VERTEX_POINT ( 'NONE', #8432 ) ;
#9599 = VECTOR ( 'NONE', #486, 1000.000000000000000 ) ;
#9600 = MECHANICAL_DESIGN_GEOMETRIC_PRESENTATION_REPRESENTATION (  '', ( #10764 ), #7237 ) ;
#9601 = EDGE_LOOP ( 'NONE', ( #8458, #1747, #7337, #4210 ) ) ;
#9602 = CARTESIAN_POINT ( 'NONE',  ( -0.3841633590238469620, -2.929165947827201855, 0.9800000000000002043 ) ) ;
#9603 = LINE ( 'NONE', #10508, #1554 ) ;
#9604 = CARTESIAN_POINT ( 'NONE',  ( -2.163650693749332277, -2.936359426011495355, 0.9810000000000000941 ) ) ;
#9605 = ORIENTED_EDGE ( 'NONE', *, *, #8101, .T. ) ;
#9606 =( NAMED_UNIT ( * ) PLANE_ANGLE_UNIT ( ) SI_UNIT ( $, .RADIAN. ) );
#9607 = FILL_AREA_STYLE_COLOUR ( '', #6933 ) ;
#9608 = CARTESIAN_POINT ( 'NONE',  ( -0.8233571028760637844, -3.207925045192944413, 0.9810000000000000941 ) ) ;
#9609 = CARTESIAN_POINT ( 'NONE',  ( -1.309072325584600183, -3.179285218265638147, 0.9799999999999999822 ) ) ;
#9610 = PRESENTATION_STYLE_ASSIGNMENT (( #10762 ) ) ;
#9611 =( GEOMETRIC_REPRESENTATION_CONTEXT ( 3 ) GLOBAL_UNCERTAINTY_ASSIGNED_CONTEXT ( ( #7545 ) ) GLOBAL_UNIT_ASSIGNED_CONTEXT ( ( #62, #6604, #4023 ) ) REPRESENTATION_CONTEXT ( 'NONE', 'WORKASPACE' ) );
#9612 = ORIENTED_EDGE ( 'NONE', *, *, #3434, .F. ) ;
#9613 = CARTESIAN_POINT ( 'NONE',  ( -0.1006213752429521158, -3.330408527734124657, 0.9810000000000000941 ) ) ;
#9614 = SURFACE_STYLE_FILL_AREA ( #3184 ) ;
#9615 = LINE ( 'NONE', #3061, #10196 ) ;
#9616 = FILL_AREA_STYLE ('',( #5859 ) ) ;
#9617 = CARTESIAN_POINT ( 'NONE',  ( -0.8255405945006136781, -3.235582605765955133, 0.9810000000000000941 ) ) ;
#9618 = STYLED_ITEM ( 'NONE', ( #5453 ), #11157 ) ;
#9619 =( NAMED_UNIT ( * ) PLANE_ANGLE_UNIT ( ) SI_UNIT ( $, .RADIAN. ) );
#9620 = VERTEX_POINT ( 'NONE', #9504 ) ;
#9621 = CARTESIAN_POINT ( 'NONE',  ( -0.4745183219514081951, -3.150426432419600076, 0.9810000000000000941 ) ) ;
#9622 = SURFACE_STYLE_USAGE ( .BOTH. , #11523 ) ;
#9623 = FILL_AREA_STYLE_COLOUR ( '', #9229 ) ;
#9624 = CARTESIAN_POINT ( 'NONE',  ( -1.142510795289743974, -3.007771646301291568, 0.9810000000000000941 ) ) ;
#9625 = ORIENTED_EDGE ( 'NONE', *, *, #10266, .F. ) ;
#9626 = CARTESIAN_POINT ( 'NONE',  ( -0.8331828151851505826, -3.333839728858221996, 0.9810000000000000941 ) ) ;
#9627 = VECTOR ( 'NONE', #7279, 1000.000000000000000 ) ;
#9628 = DIRECTION ( 'NONE',  ( 0.0000000000000000000, 0.0000000000000000000, 1.000000000000000000 ) ) ;
#9629 = COLOUR_RGB ( '',0.0000000000000000000, 0.0000000000000000000, 0.0000000000000000000 ) ;
#9630 =( GEOMETRIC_REPRESENTATION_CONTEXT ( 3 ) GLOBAL_UNCERTAINTY_ASSIGNED_CONTEXT ( ( #6335 ) ) GLOBAL_UNIT_ASSIGNED_CONTEXT ( ( #5039, #11368, #2979 ) ) REPRESENTATION_CONTEXT ( 'NONE', 'WORKASPACE' ) );
#9631 = FACE_OUTER_BOUND ( 'NONE', #4851, .T. ) ;
#9632 = ORIENTED_EDGE ( 'NONE', *, *, #10380, .F. ) ;
#9633 = SURFACE_STYLE_USAGE ( .BOTH. , #3203 ) ;
#9634 = CARTESIAN_POINT ( 'NONE',  ( -0.2658908960417202816, -3.226120808728545342, 0.9799999999999999822 ) ) ;
#9635 = CARTESIAN_POINT ( 'NONE',  ( -0.3755333683171583892, -3.330408527734124657, 0.9810000000000000941 ) ) ;
#9636 = FILL_AREA_STYLE ('',( #10486 ) ) ;
#9637 = PLANE ( 'NONE',  #6661 ) ;
#9638 = COLOUR_RGB ( '',0.0000000000000000000, 0.0000000000000000000, 0.0000000000000000000 ) ;
#9639 = B_SPLINE_CURVE_WITH_KNOTS ( 'NONE', 3,
 ( #9885, #11669, #1488, #5239 ),
 .UNSPECIFIED., .F., .F.,
 ( 4, 4 ),
 ( 16.00000000000000000, 17.00000000000000000 ),
 .UNSPECIFIED. ) ;
#9640 = VERTEX_POINT ( 'NONE', #977 ) ;
#9641 = FILL_AREA_STYLE ('',( #1064 ) ) ;
#9642 = EDGE_CURVE ( 'NONE', #7767, #11572, #6799, .T. ) ;
#9643 = SURFACE_STYLE_FILL_AREA ( #10491 ) ;
#9644 = CARTESIAN_POINT ( 'NONE',  ( -0.9175071821987061949, -3.283411469917477010, 0.9810000000000000941 ) ) ;
#9645 = STYLED_ITEM ( 'NONE', ( #2685 ), #8362 ) ;
#9646 = PRESENTATION_LAYER_ASSIGNMENT (  '', '', ( #1997 ) ) ;
#9647 = VECTOR ( 'NONE', #6561, 1000.000000000000000 ) ;
#9648 = SURFACE_STYLE_FILL_AREA ( #6005 ) ;
#9649 = EDGE_CURVE ( 'NONE', #9406, #9359, #3817, .T. ) ;
#9650 = EDGE_CURVE ( 'NONE', #10877, #9406, #11864, .T. ) ;
#9651 = AXIS2_PLACEMENT_3D ( 'NONE', #11020, #3670, #10094 ) ;
#9652 = VERTEX_POINT ( 'NONE', #9441 ) ;
#9653 = VERTEX_POINT ( 'NONE', #10525 ) ;
#9654 = B_SPLINE_CURVE_WITH_KNOTS ( 'NONE', 3,
 ( #6519, #2967, #9572, #6699 ),
 .UNSPECIFIED., .F., .F.,
 ( 4, 4 ),
 ( 3.000000000000000000, 4.000000000000000000 ),
 .UNSPECIFIED. ) ;
#9655 = STYLED_ITEM ( 'NONE', ( #9484 ), #8422 ) ;
#9656 = COLOUR_RGB ( '',0.0000000000000000000, 0.0000000000000000000, 0.0000000000000000000 ) ;
#9657 = CARTESIAN_POINT ( 'NONE',  ( -0.9761495286786930903, -3.271038350713540321, 0.9800000000000002043 ) ) ;
#9658 = CARTESIAN_POINT ( 'NONE',  ( -2.104365214239880544, -3.208204934097564021, 0.9810000000000000941 ) ) ;
#9659 = CARTESIAN_POINT ( 'NONE',  ( -0.5512524561754880148, -2.831324727902375216, 0.9810000000000000941 ) ) ;
#9660 = CARTESIAN_POINT ( 'NONE',  ( -1.615621561618333146, -3.083850031912277689, 0.9800000000000002043 ) ) ;
#9661 =( NAMED_UNIT ( * ) PLANE_ANGLE_UNIT ( ) SI_UNIT ( $, .RADIAN. ) );
#9662 =( GEOMETRIC_REPRESENTATION_CONTEXT ( 3 ) GLOBAL_UNCERTAINTY_ASSIGNED_CONTEXT ( ( #3344 ) ) GLOBAL_UNIT_ASSIGNED_CONTEXT ( ( #11291, #1233, #6764 ) ) REPRESENTATION_CONTEXT ( 'NONE', 'WORKASPACE' ) );
#9663 = ADVANCED_FACE ( 'NONE', ( #2132 ), #5197, .F. ) ;
#9664 = DIRECTION ( 'NONE',  ( -0.0000000000000000000, -0.0000000000000000000, -1.000000000000000000 ) ) ;
#9665 = ORIENTED_EDGE ( 'NONE', *, *, #3124, .T. ) ;
#9666 = ORIENTED_EDGE ( 'NONE', *, *, #3295, .T. ) ;
#9668 = CARTESIAN_POINT ( 'NONE',  ( -0.9634644820995278414, -3.181827121492629473, 0.9810000000000000941 ) ) ;
#9667 = VECTOR ( 'NONE', #10599, 1000.000000000000000 ) ;
#9669 = EDGE_CURVE ( 'NONE', #11617, #1803, #6901, .T. ) ;
#9670 = EDGE_CURVE ( 'NONE', #1739, #10058, #6168, .T. ) ;
#9671 = LINE ( 'NONE', #8683, #2340 ) ;
#9672 = PRESENTATION_LAYER_ASSIGNMENT (  '', '', ( #9070 ) ) ;
#9673 = SURFACE_STYLE_USAGE ( .BOTH. , #6841 ) ;
#9674 =( NAMED_UNIT ( * ) PLANE_ANGLE_UNIT ( ) SI_UNIT ( $, .RADIAN. ) );
#9675 = ORIENTED_EDGE ( 'NONE', *, *, #5959, .T. ) ;
#9676 = FACE_OUTER_BOUND ( 'NONE', #2085, .T. ) ;
#9677 =( NAMED_UNIT ( * ) SI_UNIT ( $, .STERADIAN. ) SOLID_ANGLE_UNIT ( ) );
#9678 = PRESENTATION_STYLE_ASSIGNMENT (( #7966 ) ) ;
#9679 = ORIENTED_EDGE ( 'NONE', *, *, #4344, .T. ) ;
#9680 = VECTOR ( 'NONE', #10305, 1000.000000000000000 ) ;
#9681 = CARTESIAN_POINT ( 'NONE',  ( -0.7663783690616760014, -3.213019858982633092, 0.9799999999999999822 ) ) ;
#9682 = CARTESIAN_POINT ( 'NONE',  ( 7.500000000000000000, -3.799999999999999822, 0.0000000000000000000 ) ) ;
#9683 = LINE ( 'NONE', #3801, #9979 ) ;
#9684 = ORIENTED_EDGE ( 'NONE', *, *, #8914, .F. ) ;
#9685 = CARTESIAN_POINT ( 'NONE',  ( -0.5481851703216898963, -2.929581850994640746, 0.9800000000000002043 ) ) ;
#9686 =( LENGTH_UNIT ( ) NAMED_UNIT ( * ) SI_UNIT ( .MILLI., .METRE. ) );
#9687 = SURFACE_STYLE_USAGE ( .BOTH. , #2447 ) ;
#9688 = CARTESIAN_POINT ( 'NONE',  ( -0.8077087462353104153, -2.984585044767507966, 0.9810000000000000941 ) ) ;
#9689 = CARTESIAN_POINT ( 'NONE',  ( -0.4052184568288403343, -3.150426432419600076, 0.9810000000000000941 ) ) ;
#9690 = ORIENTED_EDGE ( 'NONE', *, *, #1396, .T. ) ;
#9691 = CARTESIAN_POINT ( 'NONE',  ( -0.6281425540868388335, -2.804394997869956718, 0.9810000000000000941 ) ) ;
#9692 = CARTESIAN_POINT ( 'NONE',  ( -7.500000000000000000, 3.799999999999999822, 0.4799999999999999822 ) ) ;
#9693 = DIRECTION ( 'NONE',  ( 0.0000000000000000000, 0.0000000000000000000, 1.000000000000000000 ) ) ;
#9694 = ORIENTED_EDGE ( 'NONE', *, *, #6163, .F. ) ;
#9695 = CARTESIAN_POINT ( 'NONE',  ( -0.7409043001118279514, -3.396745082795791237, 0.9810000000000000941 ) ) ;
#9696 = PLANE ( 'NONE',  #6679 ) ;
#9697 = DIRECTION ( 'NONE',  ( -0.3385350342956581771, -0.9409537876827095415, 0.0000000000000000000 ) ) ;
#9698 = CARTESIAN_POINT ( 'NONE',  ( -1.900481045253495260, -2.806220573765509929, 0.9799999999999999822 ) ) ;
#9699 = ORIENTED_EDGE ( 'NONE', *, *, #4862, .F. ) ;
#9700 = CARTESIAN_POINT ( 'NONE',  ( -1.945306653056974477, -2.845262231506906048, 0.9799999999999999822 ) ) ;
#9701 = SURFACE_STYLE_USAGE ( .BOTH. , #11424 ) ;
#9702 = FILL_AREA_STYLE ('',( #6884 ) ) ;
#9703 = SURFACE_STYLE_FILL_AREA ( #5823 ) ;
#9704 = CARTESIAN_POINT ( 'NONE',  ( -0.8077087462353104153, -2.984585044767507966, 0.9800000000000002043 ) ) ;
#9705 = SURFACE_STYLE_USAGE ( .BOTH. , #2227 ) ;
#9706 = VERTEX_POINT ( 'NONE', #4096 ) ;
#9707 = EDGE_LOOP ( 'NONE', ( #4928, #6957, #7215, #338 ) ) ;
#9708 = FILL_AREA_STYLE ('',( #3158 ) ) ;
#9709 = CARTESIAN_POINT ( 'NONE',  ( -1.940968674996824683, -2.962387115099497148, 0.9810000000000000941 ) ) ;
#9710 = FACE_OUTER_BOUND ( 'NONE', #10113, .T. ) ;
#9711 = CARTESIAN_POINT ( 'NONE',  ( -1.142510795289743974, -3.127031879302791140, 0.9810000000000000941 ) ) ;
#9712 =( NAMED_UNIT ( * ) SI_UNIT ( $, .STERADIAN. ) SOLID_ANGLE_UNIT ( ) );
#9713 = CARTESIAN_POINT ( 'NONE',  ( -0.9605531599343878346, -3.244108620679739818, 0.9810000000000000941 ) ) ;
#9714 = EDGE_CURVE ( 'NONE', #7072, #2488, #1394, .T. ) ;
#9715 = ORIENTED_EDGE ( 'NONE', *, *, #4390, .F. ) ;
#9716 = EDGE_LOOP ( 'NONE', ( #10202, #5387, #3367, #5088 ) ) ;
#9717 = FILL_AREA_STYLE ('',( #4081 ) ) ;
#9718 = VECTOR ( 'NONE', #10272, 1000.000000000000000 ) ;
#9719 = DIRECTION ( 'NONE',  ( -0.0000000000000000000, -1.000000000000000000, -0.0000000000000000000 ) ) ;
#9720 = CARTESIAN_POINT ( 'NONE',  ( -0.3009307378232607411, -3.182347000451578811, 0.9810000000000000941 ) ) ;
#9721 = EDGE_CURVE ( 'NONE', #12121, #1263, #498, .T. ) ;
#9722 = EDGE_CURVE ( 'NONE', #14, #1122, #2377, .T. ) ;
#9723 = DIRECTION ( 'NONE',  ( 0.0000000000000000000, -1.000000000000000000, 0.0000000000000000000 ) ) ;
#9724 = CARTESIAN_POINT ( 'NONE',  ( -1.004586907690135922, -3.314812158990505964, 0.9799999999999999822 ) ) ;
#9725 = PRESENTATION_STYLE_ASSIGNMENT (( #11637 ) ) ;
#9726 =( GEOMETRIC_REPRESENTATION_CONTEXT ( 3 ) GLOBAL_UNCERTAINTY_ASSIGNED_CONTEXT ( ( #2250 ) ) GLOBAL_UNIT_ASSIGNED_CONTEXT ( ( #10466, #7405, #10700 ) ) REPRESENTATION_CONTEXT ( 'NONE', 'WORKASPACE' ) );
#9727 = ORIENTED_EDGE ( 'NONE', *, *, #8914, .T. ) ;
#9728 = SURFACE_STYLE_FILL_AREA ( #5195 ) ;
#9729 = UNCERTAINTY_MEASURE_WITH_UNIT (LENGTH_MEASURE( 1.000000000000000082E-05 ), #10234, 'distance_accuracy_value', 'NONE');
#9730 = ORIENTED_EDGE ( 'NONE', *, *, #9297, .T. ) ;
#9731 = EDGE_CURVE ( 'NONE', #8658, #5964, #8752, .T. ) ;
#9732 = MECHANICAL_DESIGN_GEOMETRIC_PRESENTATION_REPRESENTATION (  '', ( #10726 ), #548 ) ;
#9733 = ADVANCED_FACE ( 'NONE', ( #9792 ), #7800, .F. ) ;
#9734 = MECHANICAL_DESIGN_GEOMETRIC_PRESENTATION_REPRESENTATION (  '', ( #3087 ), #6395 ) ;
#9735 =( NAMED_UNIT ( * ) PLANE_ANGLE_UNIT ( ) SI_UNIT ( $, .RADIAN. ) );
#9736 =( NAMED_UNIT ( * ) PLANE_ANGLE_UNIT ( ) SI_UNIT ( $, .RADIAN. ) );
#9737 = UNCERTAINTY_MEASURE_WITH_UNIT (LENGTH_MEASURE( 1.000000000000000082E-05 ), #347, 'distance_accuracy_value', 'NONE');
#9738 = FILL_AREA_STYLE_COLOUR ( '', #8002 ) ;
#9739 = FILL_AREA_STYLE ('',( #4335 ) ) ;
#9740 = STYLED_ITEM ( 'NONE', ( #8532 ), #7597 ) ;
#9741 = VERTEX_POINT ( 'NONE', #6104 ) ;
#9742 = CARTESIAN_POINT ( 'NONE',  ( -1.570795981394180085, -3.160487368500210170, 0.9810000000000000941 ) ) ;
#9743 = CARTESIAN_POINT ( 'NONE',  ( -0.8007943560920566251, -3.248059700762786939, 0.9810000000000000941 ) ) ;
#9744 = CARTESIAN_POINT ( 'NONE',  ( -1.035259766221189093, -3.007771646301291568, 0.9800000000000002043 ) ) ;
#9745 = CARTESIAN_POINT ( 'NONE',  ( -1.511510529464747954, -3.017334699289550226, 0.9810000000000000941 ) ) ;
#9746 =( NAMED_UNIT ( * ) SI_UNIT ( $, .STERADIAN. ) SOLID_ANGLE_UNIT ( ) );
#9747 = ORIENTED_EDGE ( 'NONE', *, *, #6793, .F. ) ;
#9748 = EDGE_CURVE ( 'NONE', #3561, #9045, #6924, .T. ) ;
#9749 = SURFACE_SIDE_STYLE ('',( #10366 ) ) ;
#9750 = STYLED_ITEM ( 'NONE', ( #1653 ), #146 ) ;
#9751 = VECTOR ( 'NONE', #9217, 1000.000000000000000 ) ;
#9752 = MECHANICAL_DESIGN_GEOMETRIC_PRESENTATION_REPRESENTATION (  '', ( #1516 ), #11114 ) ;
#9753 = MECHANICAL_DESIGN_GEOMETRIC_PRESENTATION_REPRESENTATION (  '', ( #1641 ), #4661 ) ;
#9754 = ORIENTED_EDGE ( 'NONE', *, *, #5898, .F. ) ;
#9755 = CARTESIAN_POINT ( 'NONE',  ( -0.7622713252927442174, -3.273325818128220988, 0.9810000000000000941 ) ) ;
#9756 = CARTESIAN_POINT ( 'NONE',  ( -2.675735931288072411, 3.799999999999999822, 0.1999999999999998723 ) ) ;
#9757 = CARTESIAN_POINT ( 'NONE',  ( -0.9716265817430220775, -3.266671367464448750, 0.9810000000000000941 ) ) ;
#9758 = ORIENTED_EDGE ( 'NONE', *, *, #2201, .T. ) ;
#9759 = FILL_AREA_STYLE ('',( #2518 ) ) ;
#9760 = COLOUR_RGB ( '',0.0000000000000000000, 0.0000000000000000000, 0.0000000000000000000 ) ;
#9761 = PRESENTATION_STYLE_ASSIGNMENT (( #8840 ) ) ;
#9762 = AXIS2_PLACEMENT_3D ( 'NONE', #8749, #364, #3059 ) ;
#9763 = CARTESIAN_POINT ( 'NONE',  ( -0.9449048032936280261, -3.312940594740499733, 0.9810000000000000941 ) ) ;
#9764 = ORIENTED_EDGE ( 'NONE', *, *, #11528, .T. ) ;
#9765 = ORIENTED_EDGE ( 'NONE', *, *, #10539, .F. ) ;
#9766 = FACE_OUTER_BOUND ( 'NONE', #6481, .T. ) ;
#9767 = PLANE ( 'NONE',  #5473 ) ;
#9768 = PLANE ( 'NONE',  #6489 ) ;
#9769 = CARTESIAN_POINT ( 'NONE',  ( -1.725516619677668562, -2.836586302968011619, 0.9810000000000000941 ) ) ;
#9770 = DIRECTION ( 'NONE',  ( -0.0000000000000000000, -1.000000000000000000, -0.0000000000000000000 ) ) ;
#9771 = VECTOR ( 'NONE', #4278, 1000.000000000000000 ) ;
#9772 = VECTOR ( 'NONE', #7188, 1000.000000000000000 ) ;
#9773 = EDGE_LOOP ( 'NONE', ( #6438, #1870, #10893, #6421, #4375, #12052, #8519 ) ) ;
#9774 = ORIENTED_EDGE ( 'NONE', *, *, #11087, .T. ) ;
#9775 = CARTESIAN_POINT ( 'NONE',  ( -0.3157992760262828269, -3.169557978080211225, 0.9800000000000002043 ) ) ;
#9776 = MECHANICAL_DESIGN_GEOMETRIC_PRESENTATION_REPRESENTATION (  '', ( #4300 ), #11741 ) ;
#9777 = FACE_OUTER_BOUND ( 'NONE', #10181, .T. ) ;
#9778 = SURFACE_STYLE_FILL_AREA ( #2308 ) ;
#9779 = ORIENTED_EDGE ( 'NONE', *, *, #6946, .F. ) ;
#9780 = CARTESIAN_POINT ( 'NONE',  ( -0.4698913992235199677, -3.330408527734124657, 0.9810000000000000941 ) ) ;
#9781 = CARTESIAN_POINT ( 'NONE',  ( -1.773234185274330521, -3.267490413606325195, 0.9810000000000000941 ) ) ;
#9782 = CARTESIAN_POINT ( 'NONE',  ( -1.008745939355516041, -3.264383900048381193, 0.9800000000000002043 ) ) ;
#9783 = B_SPLINE_SURFACE_WITH_KNOTS ( 'NONE', 3, 1, ( 
 ( #2819, #6415 ),
 ( #6550, #10036 ),
 ( #5317, #5371 ),
 ( #4454, #10159 ) ),
 .UNSPECIFIED., .F., .F., .F.,
 ( 4, 4 ),
 ( 2, 2 ),
 ( 4.000000000000000000, 5.000000000000000000 ),
 ( 0.0000000000000000000, 1.000000000000000000 ),
 .UNSPECIFIED. ) ;
#9784 = EDGE_CURVE ( 'NONE', #5774, #9130, #1456, .T. ) ;
#9785 = EDGE_LOOP ( 'NONE', ( #855, #649, #4420, #5309 ) ) ;
#9786 = EDGE_CURVE ( 'NONE', #7661, #6086, #10687, .T. ) ;
#9787 = CARTESIAN_POINT ( 'NONE',  ( -0.7663783690616760014, -3.188273620574769485, 0.9810000000000000941 ) ) ;
#9788 = COLOUR_RGB ( '',0.0000000000000000000, 0.0000000000000000000, 0.0000000000000000000 ) ;
#9789 = EDGE_CURVE ( 'NONE', #1187, #629, #4158, .T. ) ;
#9790 = PLANE ( 'NONE',  #11425 ) ;
#9791 =( NAMED_UNIT ( * ) PLANE_ANGLE_UNIT ( ) SI_UNIT ( $, .RADIAN. ) );
#9792 = FACE_OUTER_BOUND ( 'NONE', #4031, .T. ) ;
#9793 = CARTESIAN_POINT ( 'NONE',  ( -0.8135833784627313214, -3.243068862764606486, 0.9810000000000000941 ) ) ;
#9794 = CARTESIAN_POINT ( 'NONE',  ( -0.8032897750911421886, -3.202518304027323737, 0.9810000000000000941 ) ) ;
#9795 = EDGE_CURVE ( 'NONE', #9620, #6970, #2321, .T. ) ;
#9796 = EDGE_LOOP ( 'NONE', ( #9765, #5691, #10703, #9587 ) ) ;
#9797 = STYLED_ITEM ( 'NONE', ( #7516 ), #2304 ) ;
#9798 = UNCERTAINTY_MEASURE_WITH_UNIT (LENGTH_MEASURE( 1.000000000000000082E-05 ), #2568, 'distance_accuracy_value', 'NONE');
#9799 =( NAMED_UNIT ( * ) SI_UNIT ( $, .STERADIAN. ) SOLID_ANGLE_UNIT ( ) );
#9800 =( GEOMETRIC_REPRESENTATION_CONTEXT ( 3 ) GLOBAL_UNCERTAINTY_ASSIGNED_CONTEXT ( ( #10141 ) ) GLOBAL_UNIT_ASSIGNED_CONTEXT ( ( #11944, #3481, #4398 ) ) REPRESENTATION_CONTEXT ( 'NONE', 'WORKASPACE' ) );
#9801 = FILL_AREA_STYLE_COLOUR ( '', #10704 ) ;
#9802 = AXIS2_PLACEMENT_3D ( 'NONE', #1155, #4097, #11462 ) ;
#9803 = DIRECTION ( 'NONE',  ( 0.0000000000000000000, -0.0000000000000000000, -1.000000000000000000 ) ) ;
#9804 =( NAMED_UNIT ( * ) PLANE_ANGLE_UNIT ( ) SI_UNIT ( $, .RADIAN. ) );
#9805 = ORIENTED_EDGE ( 'NONE', *, *, #6269, .F. ) ;
#9806 = CARTESIAN_POINT ( 'NONE',  ( -0.9211463349058286454, -3.293289170122325693, 0.9810000000000000941 ) ) ;
#9807 = MECHANICAL_DESIGN_GEOMETRIC_PRESENTATION_REPRESENTATION (  '', ( #2778 ), #6075 ) ;
#9808 = VECTOR ( 'NONE', #3716, 1000.000000000000000 ) ;
#9809 = FILL_AREA_STYLE_COLOUR ( '', #8859 ) ;
#9810 = DIRECTION ( 'NONE',  ( 0.0000000000000000000, -1.000000000000000000, 0.0000000000000000000 ) ) ;
#9811 =( NAMED_UNIT ( * ) SI_UNIT ( $, .STERADIAN. ) SOLID_ANGLE_UNIT ( ) );
#9812 =( LENGTH_UNIT ( ) NAMED_UNIT ( * ) SI_UNIT ( .MILLI., .METRE. ) );
#9813 = EDGE_CURVE ( 'NONE', #9169, #10670, #466, .T. ) ;
#9815 = EDGE_LOOP ( 'NONE', ( #6172, #1637, #1881, #6205 ) ) ;
#9814 = EDGE_CURVE ( 'NONE', #8081, #3820, #11075, .T. ) ;
#9816 = PRESENTATION_STYLE_ASSIGNMENT (( #11659 ) ) ;
#9817 = SHAPE_DEFINITION_REPRESENTATION ( #10761, #10641 ) ;
#9818 = CARTESIAN_POINT ( 'NONE',  ( -0.3734538524855119945, -3.127031879302791140, 0.9810000000000000941 ) ) ;
#9819 = FILL_AREA_STYLE_COLOUR ( '', #7208 ) ;
#9820 =( GEOMETRIC_REPRESENTATION_CONTEXT ( 3 ) GLOBAL_UNCERTAINTY_ASSIGNED_CONTEXT ( ( #3390 ) ) GLOBAL_UNIT_ASSIGNED_CONTEXT ( ( #3361, #11880, #3489 ) ) REPRESENTATION_CONTEXT ( 'NONE', 'WORKASPACE' ) );
#9821 = B_SPLINE_CURVE_WITH_KNOTS ( 'NONE', 3,
 ( #4752, #8412, #9307, #175 ),
 .UNSPECIFIED., .F., .F.,
 ( 4, 4 ),
 ( 12.00000000000000000, 13.00000000000000000 ),
 .UNSPECIFIED. ) ;
#9822 = MECHANICAL_DESIGN_GEOMETRIC_PRESENTATION_REPRESENTATION (  '', ( #11984 ), #6501 ) ;
#9823 = MECHANICAL_DESIGN_GEOMETRIC_PRESENTATION_REPRESENTATION (  '', ( #633 ), #10215 ) ;
#9824 = LINE ( 'NONE', #8721, #8154 ) ;
#9825 = EDGE_LOOP ( 'NONE', ( #1031, #8379, #920, #957 ) ) ;
#9826 = ORIENTED_EDGE ( 'NONE', *, *, #1938, .F. ) ;
#9827 = SURFACE_STYLE_USAGE ( .BOTH. , #8790 ) ;
#9828 =( NAMED_UNIT ( * ) PLANE_ANGLE_UNIT ( ) SI_UNIT ( $, .RADIAN. ) );
#9829 = COLOUR_RGB ( '',0.0000000000000000000, 0.0000000000000000000, 0.0000000000000000000 ) ;
#9831 = COLOUR_RGB ( '',0.9686274509803921573, 0.8784313725490195957, 0.5999999999999999778 ) ;
#9830 = CARTESIAN_POINT ( 'NONE',  ( -1.579471882353748358, -3.331113871176613284, 0.9810000000000000941 ) ) ;
#9832 = VECTOR ( 'NONE', #11828, 1000.000000000000000 ) ;
#9833 =( LENGTH_UNIT ( ) NAMED_UNIT ( * ) SI_UNIT ( .MILLI., .METRE. ) );
#9834 = SURFACE_SIDE_STYLE ('',( #7073 ) ) ;
#9835 = FACE_OUTER_BOUND ( 'NONE', #665, .T. ) ;
#9836 = PRESENTATION_LAYER_ASSIGNMENT (  '', '', ( #11012 ) ) ;
#9837 = ORIENTED_EDGE ( 'NONE', *, *, #6024, .T. ) ;
#9838 = COLOUR_RGB ( '',0.0000000000000000000, 0.0000000000000000000, 0.0000000000000000000 ) ;
#9839 = ORIENTED_EDGE ( 'NONE', *, *, #7680, .T. ) ;
#9840 = PRESENTATION_STYLE_ASSIGNMENT (( #4207 ) ) ;
#9841 = CARTESIAN_POINT ( 'NONE',  ( -0.7866536484303175980, -3.329992624568071768, 0.9799999999999999822 ) ) ;
#9842 = CARTESIAN_POINT ( 'NONE',  ( -1.142510795289743974, -3.007771646301291568, 0.9810000000000000941 ) ) ;
#9843 = ORIENTED_EDGE ( 'NONE', *, *, #5389, .F. ) ;
#9844 = CARTESIAN_POINT ( 'NONE',  ( -0.1633707654932584075, -3.153025827211590304, 0.9800000000000002043 ) ) ;
#9845 = DIRECTION ( 'NONE',  ( 0.0000000000000000000, 0.0000000000000000000, 1.000000000000000000 ) ) ;
#9846 = CARTESIAN_POINT ( 'NONE',  ( -0.1673218455763031964, -3.167270510664148109, 0.9810000000000000941 ) ) ;
#9847 = MECHANICAL_DESIGN_GEOMETRIC_PRESENTATION_REPRESENTATION (  '', ( #6725 ), #10246 ) ;
#9848 = CARTESIAN_POINT ( 'NONE',  ( -1.621405532364044610, -3.309424063617307787, 0.9800000000000002043 ) ) ;
#9849 = UNCERTAINTY_MEASURE_WITH_UNIT (LENGTH_MEASURE( 1.000000000000000082E-05 ), #10860, 'distance_accuracy_value', 'NONE');
#9850 = VERTEX_POINT ( 'NONE', #11872 ) ;
#9851 = CARTESIAN_POINT ( 'NONE',  ( -1.502834628505179682, -3.242908675834546894, 0.9799999999999999822 ) ) ;
#9852 = STYLED_ITEM ( 'NONE', ( #1085 ), #9219 ) ;
#9853 = UNCERTAINTY_MEASURE_WITH_UNIT (LENGTH_MEASURE( 1.000000000000000082E-05 ), #7554, 'distance_accuracy_value', 'NONE');
#9854 = DIRECTION ( 'NONE',  ( -0.0000000000000000000, -0.0000000000000000000, -1.000000000000000000 ) ) ;
#9855 = CARTESIAN_POINT ( 'NONE',  ( -7.500000000000000000, 3.799999999999999822, 0.4799999999999999822 ) ) ;
#9856 = DIRECTION ( 'NONE',  ( 0.0000000000000000000, 1.000000000000000000, -0.0000000000000000000 ) ) ;
#9857 = DIRECTION ( 'NONE',  ( 0.7071067811865507924, 0.0000000000000000000, -0.7071067811865441310 ) ) ;
#9858 = CARTESIAN_POINT ( 'NONE',  ( -0.7349776799893397161, -2.916168973874188719, 0.9799999999999999822 ) ) ;
#9859 = ORIENTED_EDGE ( 'NONE', *, *, #10838, .F. ) ;
#9860 = EDGE_CURVE ( 'NONE', #6889, #1428, #5494, .T. ) ;
#9861 = SURFACE_STYLE_FILL_AREA ( #5011 ) ;
#9862 = SURFACE_SIDE_STYLE ('',( #1520 ) ) ;
#9863 = LINE ( 'NONE', #11767, #11882 ) ;
#9864 = DIRECTION ( 'NONE',  ( 0.3559357243698749174, -0.9345104387417469960, 0.0000000000000000000 ) ) ;
#9865 = CARTESIAN_POINT ( 'NONE',  ( -0.8575131504269685179, -3.299007838662481706, 0.9810000000000000941 ) ) ;
#9866 = VERTEX_POINT ( 'NONE', #9048 ) ;
#9867 = CARTESIAN_POINT ( 'NONE',  ( -0.4698913992235199677, -3.307221926200337059, 0.9810000000000000941 ) ) ;
#9868 = PRESENTATION_STYLE_ASSIGNMENT (( #7819 ) ) ;
#9869 = CARTESIAN_POINT ( 'NONE',  ( -0.8896416700412819178, -3.007251767343725568, 0.9810000000000000941 ) ) ;
#9870 = PRESENTATION_STYLE_ASSIGNMENT (( #10790 ) ) ;
#9871 = VERTEX_POINT ( 'NONE', #7153 ) ;
#9872 = EDGE_CURVE ( 'NONE', #1982, #6177, #10033, .T. ) ;
#9873 =( LENGTH_UNIT ( ) NAMED_UNIT ( * ) SI_UNIT ( .MILLI., .METRE. ) );
#9874 = CARTESIAN_POINT ( 'NONE',  ( -1.790586014773487333, -2.749827072733562972, 0.9799999999999999822 ) ) ;
#9875 = EDGE_CURVE ( 'NONE', #6881, #10099, #8929, .T. ) ;
#9876 = ADVANCED_FACE ( 'NONE', ( #3828 ), #2146, .F. ) ;
#9877 = LINE ( 'NONE', #1360, #1345 ) ;
#9878 = VERTEX_POINT ( 'NONE', #7342 ) ;
#9879 = VERTEX_POINT ( 'NONE', #10377 ) ;
#9880 = FILL_AREA_STYLE_COLOUR ( '', #11547 ) ;
#9881 = CARTESIAN_POINT ( 'NONE',  ( -0.6759194303426058203, -3.306286144076720834, 0.9799999999999999822 ) ) ;
#9882 = CARTESIAN_POINT ( 'NONE',  ( -0.5530200446325973518, -3.238805855307024029, 0.9810000000000000941 ) ) ;
#9883 = LINE ( 'NONE', #2412, #5626 ) ;
#9884 = ORIENTED_EDGE ( 'NONE', *, *, #11694, .T. ) ;
#9885 = CARTESIAN_POINT ( 'NONE',  ( -1.917832874751957517, -3.135905575568395331, 0.9799999999999999822 ) ) ;
#9886 =( LENGTH_UNIT ( ) NAMED_UNIT ( * ) SI_UNIT ( .MILLI., .METRE. ) );
#9887 =( GEOMETRIC_REPRESENTATION_CONTEXT ( 3 ) GLOBAL_UNCERTAINTY_ASSIGNED_CONTEXT ( ( #2534 ) ) GLOBAL_UNIT_ASSIGNED_CONTEXT ( ( #211, #7824, #5032 ) ) REPRESENTATION_CONTEXT ( 'NONE', 'WORKASPACE' ) );
#9888 = DIRECTION ( 'NONE',  ( 0.0000000000000000000, 0.0000000000000000000, 1.000000000000000000 ) ) ;
#9889 = ORIENTED_EDGE ( 'NONE', *, *, #8596, .T. ) ;
#9890 = ORIENTED_EDGE ( 'NONE', *, *, #7388, .F. ) ;
#9891 = ORIENTED_EDGE ( 'NONE', *, *, #6594, .F. ) ;
#9892 = CARTESIAN_POINT ( 'NONE',  ( -1.570795981394180085, -3.160487368500209726, 0.9800000000000002043 ) ) ;
#9893 = CARTESIAN_POINT ( 'NONE',  ( -0.9051860508905329450, -2.824670277238598537, 0.9810000000000000941 ) ) ;
#9894 = CARTESIAN_POINT ( 'NONE',  ( -0.4196710918658096423, -2.836523517483580559, 0.9800000000000002043 ) ) ;
#9895 = DIRECTION ( 'NONE',  ( 0.0000000000000000000, 1.000000000000000000, -0.0000000000000000000 ) ) ;
#9896 = VERTEX_POINT ( 'NONE', #9112 ) ;
#9897 = CARTESIAN_POINT ( 'NONE',  ( -0.3169949976286874915, -3.135973797384016937, 0.9800000000000002043 ) ) ;
#9898 = PLANE ( 'NONE',  #8795 ) ;
#9899 = CARTESIAN_POINT ( 'NONE',  ( -0.1639946202437250755, -3.153025827211590304, 0.9810000000000000941 ) ) ;
#9900 = ORIENTED_EDGE ( 'NONE', *, *, #5368, .T. ) ;
#9901 = DIRECTION ( 'NONE',  ( -0.0000000000000000000, 1.000000000000000000, -0.0000000000000000000 ) ) ;
#9902 = VERTEX_POINT ( 'NONE', #1074 ) ;
#9903 = CARTESIAN_POINT ( 'NONE',  ( -0.9927336674444569020, -2.952040621986445679, 0.9810000000000000941 ) ) ;
#9904 = CARTESIAN_POINT ( 'NONE',  ( -1.621405532364044610, -2.836586302968011619, 0.9800000000000002043 ) ) ;
#9905 = CARTESIAN_POINT ( 'NONE',  ( -3.410954544295048407, 3.799999999999999822, 0.5678679656440377421 ) ) ;
#9906 = FACE_OUTER_BOUND ( 'NONE', #2546, .T. ) ;
#9907 = ORIENTED_EDGE ( 'NONE', *, *, #8020, .F. ) ;
#9908 = SURFACE_SIDE_STYLE ('',( #3302 ) ) ;
#9909 = UNCERTAINTY_MEASURE_WITH_UNIT (LENGTH_MEASURE( 1.000000000000000082E-05 ), #2877, 'distance_accuracy_value', 'NONE');
#9910 = DIRECTION ( 'NONE',  ( 1.000000000000000000, -0.0000000000000000000, -0.0000000000000000000 ) ) ;
#9911 = DIRECTION ( 'NONE',  ( -1.000000000000000000, 0.0000000000000000000, 0.0000000000000000000 ) ) ;
#9912 = LINE ( 'NONE', #8995, #7925 ) ;
#9913 = DIRECTION ( 'NONE',  ( -0.0000000000000000000, -0.0000000000000000000, -1.000000000000000000 ) ) ;
#9914 = ORIENTED_EDGE ( 'NONE', *, *, #5228, .F. ) ;
#9915 = MECHANICAL_DESIGN_GEOMETRIC_PRESENTATION_REPRESENTATION (  '', ( #6986 ), #7748 ) ;
#9916 = PRESENTATION_LAYER_ASSIGNMENT (  '', '', ( #3475 ) ) ;
#9917 = SURFACE_STYLE_USAGE ( .BOTH. , #4290 ) ;
#9918 = SURFACE_STYLE_FILL_AREA ( #8896 ) ;
#9919 = DIRECTION ( 'NONE',  ( -0.0000000000000000000, -0.0000000000000000000, -1.000000000000000000 ) ) ;
#9920 = VERTEX_POINT ( 'NONE', #724 ) ;
#9921 = DIRECTION ( 'NONE',  ( -0.0000000000000000000, -1.000000000000000000, -0.0000000000000000000 ) ) ;
#9922 = DIRECTION ( 'NONE',  ( 0.0000000000000000000, 0.0000000000000000000, 1.000000000000000000 ) ) ;
#9923 = FACE_OUTER_BOUND ( 'NONE', #8571, .T. ) ;
#9924 = CARTESIAN_POINT ( 'NONE',  ( -0.9945532437980214580, -3.195343974404595500, 0.9810000000000000941 ) ) ;
#9925 = ADVANCED_FACE ( 'NONE', ( #7547 ), #305, .T. ) ;
#9926 = STYLED_ITEM ( 'NONE', ( #3195 ), #117 ) ;
#9927 = COLOUR_RGB ( '',0.0000000000000000000, 0.0000000000000000000, 0.0000000000000000000 ) ;
#9928 = SURFACE_STYLE_FILL_AREA ( #3635 ) ;
#9929 = VECTOR ( 'NONE', #2625, 1000.000000000000000 ) ;
#9930 = EDGE_CURVE ( 'NONE', #4015, #5061, #1329, .T. ) ;
#9931 = EDGE_CURVE ( 'NONE', #1705, #5555, #4394, .T. ) ;
#9932 = VERTEX_POINT ( 'NONE', #4008 ) ;
#9933 = ORIENTED_EDGE ( 'NONE', *, *, #8121, .T. ) ;
#9934 = SURFACE_SIDE_STYLE ('',( #1673 ) ) ;
#9935 = FILL_AREA_STYLE_COLOUR ( '', #10943 ) ;
#9936 =( LENGTH_UNIT ( ) NAMED_UNIT ( * ) SI_UNIT ( .MILLI., .METRE. ) );
#9937 = DIRECTION ( 'NONE',  ( 0.0000000000000000000, 0.0000000000000000000, -1.000000000000000000 ) ) ;
#9938 = MECHANICAL_DESIGN_GEOMETRIC_PRESENTATION_REPRESENTATION (  '', ( #564 ), #367 ) ;
#9939 = VECTOR ( 'NONE', #11058, 1000.000000000000000 ) ;
#9940 =( LENGTH_UNIT ( ) NAMED_UNIT ( * ) SI_UNIT ( .MILLI., .METRE. ) );
#9941 = DIRECTION ( 'NONE',  ( 0.0000000000000000000, 1.000000000000000000, -0.0000000000000000000 ) ) ;
#9942 = MECHANICAL_DESIGN_GEOMETRIC_PRESENTATION_REPRESENTATION (  '', ( #10343 ), #5639 ) ;
#9943 = PRESENTATION_STYLE_ASSIGNMENT (( #6199 ) ) ;
#9944 = LINE ( 'NONE', #5402, #7365 ) ;
#9945 = EDGE_CURVE ( 'NONE', #7246, #5357, #11433, .T. ) ;
#9946 = SURFACE_STYLE_FILL_AREA ( #1615 ) ;
#9947 = ORIENTED_EDGE ( 'NONE', *, *, #6570, .T. ) ;
#9948 = CARTESIAN_POINT ( 'NONE',  ( -2.675735931288071079, 3.799999999999999822, 0.5000000000000000000 ) ) ;
#9949 = VERTEX_POINT ( 'NONE', #7775 ) ;
#9950 = CARTESIAN_POINT ( 'NONE',  ( -0.8462837649310632759, -3.330928406693073995, 0.9800000000000002043 ) ) ;
#9951 = CARTESIAN_POINT ( 'NONE',  ( -0.1601995038493300716, -3.167270510664148553, 0.9810000000000000941 ) ) ;
#9952 = CARTESIAN_POINT ( 'NONE',  ( -1.309072325584600183, -3.179285218265638147, 0.9800000000000002043 ) ) ;
#9953 = EDGE_CURVE ( 'NONE', #2781, #5451, #11552, .T. ) ;
#9954 = VERTEX_POINT ( 'NONE', #8590 ) ;
#9955 =( NAMED_UNIT ( * ) SI_UNIT ( $, .STERADIAN. ) SOLID_ANGLE_UNIT ( ) );
#9956 = SURFACE_SIDE_STYLE ('',( #7145 ) ) ;
#9957 = UNCERTAINTY_MEASURE_WITH_UNIT (LENGTH_MEASURE( 1.000000000000000082E-05 ), #4334, 'distance_accuracy_value', 'NONE');
#9958 = VERTEX_POINT ( 'NONE', #5952 ) ;
#9959 = ORIENTED_EDGE ( 'NONE', *, *, #11381, .F. ) ;
#9960 = COLOUR_RGB ( '',0.0000000000000000000, 0.0000000000000000000, 0.0000000000000000000 ) ;
#9961 = VECTOR ( 'NONE', #3456, 1000.000000000000000 ) ;
#9962 = ORIENTED_EDGE ( 'NONE', *, *, #2000, .F. ) ;
#9963 = CARTESIAN_POINT ( 'NONE',  ( -0.9993881181082362453, -2.908370789500994480, 0.9810000000000000941 ) ) ;
#9964 = DIRECTION ( 'NONE',  ( -0.0000000000000000000, -0.0000000000000000000, -1.000000000000000000 ) ) ;
#9965 = ADVANCED_FACE ( 'NONE', ( #9766 ), #4855, .F. ) ;
#9966 = SURFACE_SIDE_STYLE ('',( #12014 ) ) ;
#9967 = CARTESIAN_POINT ( 'NONE',  ( -0.9175071821987060838, -3.271454253879594098, 0.9810000000000000941 ) ) ;
#9968 = VERTEX_POINT ( 'NONE', #3039 ) ;
#9969 = CARTESIAN_POINT ( 'NONE',  ( -3.071543289325503689, 3.799999999999999822, 0.2284567106744964660 ) ) ;
#9970 = SURFACE_SIDE_STYLE ('',( #2265 ) ) ;
#9971 = CARTESIAN_POINT ( 'NONE',  ( -0.8339626336221952485, -2.804394997869956718, 0.9810000000000000941 ) ) ;
#9972 = ORIENTED_EDGE ( 'NONE', *, *, #5439, .F. ) ;
#9973 = MECHANICAL_DESIGN_GEOMETRIC_PRESENTATION_REPRESENTATION (  '', ( #602 ), #3323 ) ;
#9974 = CARTESIAN_POINT ( 'NONE',  ( -0.4524234662298955989, -2.929165947827202299, 0.9800000000000002043 ) ) ;
#9975 = FACE_OUTER_BOUND ( 'NONE', #4403, .T. ) ;
#9976 = FACE_OUTER_BOUND ( 'NONE', #10238, .T. ) ;
#9977 = SURFACE_STYLE_USAGE ( .BOTH. , #12027 ) ;
#9978 = CARTESIAN_POINT ( 'NONE',  ( -1.494158672385573983, -3.331113871176612840, 0.9810000000000000941 ) ) ;
#9979 = VECTOR ( 'NONE', #9445, 1000.000000000000000 ) ;
#9980 = PRESENTATION_LAYER_ASSIGNMENT (  '', '', ( #2354 ) ) ;
#9981 =( NAMED_UNIT ( * ) SI_UNIT ( $, .STERADIAN. ) SOLID_ANGLE_UNIT ( ) );
#9982 = DIRECTION ( 'NONE',  ( -1.000000000000000000, -0.0000000000000000000, -0.0000000000000000000 ) ) ;
#9983 = ORIENTED_EDGE ( 'NONE', *, *, #11283, .T. ) ;
#9984 = FILL_AREA_STYLE_COLOUR ( '', #7107 ) ;
#9985 =( LENGTH_UNIT ( ) NAMED_UNIT ( * ) SI_UNIT ( .MILLI., .METRE. ) );
#9986 = VERTEX_POINT ( 'NONE', #6774 ) ;
#9987 =( NAMED_UNIT ( * ) SI_UNIT ( $, .STERADIAN. ) SOLID_ANGLE_UNIT ( ) );
#9988 = DIRECTION ( 'NONE',  ( -0.3409177962187287525, -0.9400931103999036198, -0.0000000000000000000 ) ) ;
#9989 = COLOUR_RGB ( '',0.0000000000000000000, 0.0000000000000000000, 0.0000000000000000000 ) ;
#9990 = CARTESIAN_POINT ( 'NONE',  ( -0.3306678142293116851, -3.156768955710224756, 0.9799999999999999822 ) ) ;
#9991 = ORIENTED_EDGE ( 'NONE', *, *, #9129, .F. ) ;
#9992 = ORIENTED_EDGE ( 'NONE', *, *, #7171, .T. ) ;
#9993 = PRESENTATION_STYLE_ASSIGNMENT (( #8186 ) ) ;
#9994 = CARTESIAN_POINT ( 'NONE',  ( -1.919278895018924569, -3.227002839023036085, 0.9799999999999999822 ) ) ;
#9995 = ADVANCED_FACE ( 'NONE', ( #2103 ), #4914, .F. ) ;
#9996 = FACE_OUTER_BOUND ( 'NONE', #1315, .T. ) ;
#9997 = CARTESIAN_POINT ( 'NONE',  ( -0.4314723442150319443, -3.127031879302791140, 0.9800000000000002043 ) ) ;
#9998 =( NAMED_UNIT ( * ) PLANE_ANGLE_UNIT ( ) SI_UNIT ( $, .RADIAN. ) );
#9999 = CARTESIAN_POINT ( 'NONE',  ( -0.6302220699198716192, -3.007771646301292012, 0.9799999999999999822 ) ) ;
#10000 = STYLED_ITEM ( 'NONE', ( #11189 ), #10988 ) ;
#10001 = LINE ( 'NONE', #3329, #11346 ) ;
#10002 = CARTESIAN_POINT ( 'NONE',  ( -0.7311305756984967097, -3.376989682386107194, 0.9799999999999999822 ) ) ;
#10003 = EDGE_CURVE ( 'NONE', #12057, #4605, #475, .T. ) ;
#10004 = CARTESIAN_POINT ( 'NONE',  ( 3.623086578651010026, -3.799999999999999822, 0.7799999999999985834 ) ) ;
#10005 = EDGE_CURVE ( 'NONE', #7457, #5452, #1618, .T. ) ;
#10006 = ORIENTED_EDGE ( 'NONE', *, *, #9422, .T. ) ;
#10007 = LINE ( 'NONE', #9283, #8054 ) ;
#10008 = ORIENTED_EDGE ( 'NONE', *, *, #4836, .F. ) ;
#10009 = AXIS2_PLACEMENT_3D ( 'NONE', #10769, #11582, #6855 ) ;
#10010 = COLOUR_RGB ( '',0.0000000000000000000, 0.0000000000000000000, 0.0000000000000000000 ) ;
#10011 = CARTESIAN_POINT ( 'NONE',  ( -0.5716836992313939492, -2.813336915949796957, 0.9799999999999999822 ) ) ;
#10012 = PRESENTATION_STYLE_ASSIGNMENT (( #5302 ) ) ;
#10013 = DIRECTION ( 'NONE',  ( 0.0000000000000000000, 0.0000000000000000000, 1.000000000000000000 ) ) ;
#10014 = CARTESIAN_POINT ( 'NONE',  ( -0.2965637545741610093, -3.301919160827621269, 0.9799999999999999822 ) ) ;
#10015 = LINE ( 'NONE', #5481, #7384 ) ;
#10016 = MECHANICAL_DESIGN_GEOMETRIC_PRESENTATION_REPRESENTATION (  '', ( #8441 ), #11199 ) ;
#10017 = ORIENTED_EDGE ( 'NONE', *, *, #12075, .F. ) ;
#10018 = EDGE_CURVE ( 'NONE', #10813, #11085, #10921, .T. ) ;
#10019 = CARTESIAN_POINT ( 'NONE',  ( -1.919278895018924569, -3.339789882455566961, 0.9810000000000000941 ) ) ;
#10020 = CARTESIAN_POINT ( 'NONE',  ( -2.053755663270016463, -3.231340734341733967, 0.9799999999999999822 ) ) ;
#10021 = CARTESIAN_POINT ( 'NONE',  ( -0.3502672509517243404, -3.150426432419600076, 0.9810000000000000941 ) ) ;
#10022 = VECTOR ( 'NONE', #7055, 1000.000000000000000 ) ;
#10023 = ORIENTED_EDGE ( 'NONE', *, *, #3224, .T. ) ;
#10024 = PRESENTATION_LAYER_ASSIGNMENT (  '', '', ( #3190 ) ) ;
#10025 =( NAMED_UNIT ( * ) SI_UNIT ( $, .STERADIAN. ) SOLID_ANGLE_UNIT ( ) );
#10026 = ORIENTED_EDGE ( 'NONE', *, *, #3744, .F. ) ;
#10027 = ADVANCED_FACE ( 'NONE', ( #4424 ), #10800, .T. ) ;
#10028 = EDGE_CURVE ( 'NONE', #9866, #10569, #1035, .T. ) ;
#10029 = ORIENTED_EDGE ( 'NONE', *, *, #8733, .F. ) ;
#10030 = CARTESIAN_POINT ( 'NONE',  ( -0.9993881181082362453, -2.932701124742809640, 0.9810000000000000941 ) ) ;
#10031 = MECHANICAL_DESIGN_GEOMETRIC_PRESENTATION_REPRESENTATION (  '', ( #11212 ), #5155 ) ;
#10032 = CARTESIAN_POINT ( 'NONE',  ( -0.5554114878401739119, -2.949337251404330118, 0.9800000000000002043 ) ) ;
#10033 = LINE ( 'NONE', #849, #5895 ) ;
#10034 = PRESENTATION_STYLE_ASSIGNMENT (( #3618 ) ) ;
#10035 = MECHANICAL_DESIGN_GEOMETRIC_PRESENTATION_REPRESENTATION (  '', ( #9655 ), #8661 ) ;
#10036 = CARTESIAN_POINT ( 'NONE',  ( -0.2934964687217503365, -3.201478546110804402, 0.9800000000000002043 ) ) ;
#10037 = ORIENTED_EDGE ( 'NONE', *, *, #8273, .T. ) ;
#10038 = CARTESIAN_POINT ( 'NONE',  ( -0.5481851703216898963, -2.904211757836307584, 0.9800000000000002043 ) ) ;
#10039 = CARTESIAN_POINT ( 'NONE',  ( -0.5699161107728969444, -2.963373983275247703, 0.9800000000000002043 ) ) ;
#10040 = CARTESIAN_POINT ( 'NONE',  ( -1.809383836958896152, -3.185069133852000967, 0.9799999999999999822 ) ) ;
#10041 = CARTESIAN_POINT ( 'NONE',  ( -0.5530200446325973518, -3.215515277981726872, 0.9810000000000000941 ) ) ;
#10042 =( LENGTH_UNIT ( ) NAMED_UNIT ( * ) SI_UNIT ( .MILLI., .METRE. ) );
#10043 = EDGE_LOOP ( 'NONE', ( #3430, #8561, #7879, #7376 ) ) ;
#10044 = MECHANICAL_DESIGN_GEOMETRIC_PRESENTATION_REPRESENTATION (  '', ( #7307 ), #4181 ) ;
#10045 = EDGE_CURVE ( 'NONE', #1098, #5365, #2947, .T. ) ;
#10046 =( GEOMETRIC_REPRESENTATION_CONTEXT ( 3 ) GLOBAL_UNCERTAINTY_ASSIGNED_CONTEXT ( ( #6043 ) ) GLOBAL_UNIT_ASSIGNED_CONTEXT ( ( #7176, #3514, #8952 ) ) REPRESENTATION_CONTEXT ( 'NONE', 'WORKASPACE' ) );
#10047 = SURFACE_STYLE_FILL_AREA ( #11773 ) ;
#10048 = CARTESIAN_POINT ( 'NONE',  ( -0.9641403247457498438, -3.312940594740499733, 0.9800000000000002043 ) ) ;
#10049 = CARTESIAN_POINT ( 'NONE',  ( -0.2761325115182485801, -3.282891590958525896, 0.9810000000000000941 ) ) ;
#10050 =( LENGTH_UNIT ( ) NAMED_UNIT ( * ) SI_UNIT ( .MILLI., .METRE. ) );
#10051 = ORIENTED_EDGE ( 'NONE', *, *, #148, .T. ) ;
#10052 = ORIENTED_EDGE ( 'NONE', *, *, #1252, .F. ) ;
#10053 = DIRECTION ( 'NONE',  ( 0.0000000000000000000, 1.000000000000000000, -0.0000000000000000000 ) ) ;
#10054 = SURFACE_STYLE_FILL_AREA ( #3443 ) ;
#10055 = CARTESIAN_POINT ( 'NONE',  ( -0.1490740941435531042, -3.127031879302791140, 0.9810000000000000941 ) ) ;
#10056 = DIRECTION ( 'NONE',  ( 0.3658589216693574064, -0.9306703226357521119, -0.0000000000000000000 ) ) ;
#10057 = VECTOR ( 'NONE', #4054, 1000.000000000000000 ) ;
#10058 = VERTEX_POINT ( 'NONE', #9882 ) ;
#10059 =( GEOMETRIC_REPRESENTATION_CONTEXT ( 3 ) GLOBAL_UNCERTAINTY_ASSIGNED_CONTEXT ( ( #2762 ) ) GLOBAL_UNIT_ASSIGNED_CONTEXT ( ( #9258, #867, #11964 ) ) REPRESENTATION_CONTEXT ( 'NONE', 'WORKASPACE' ) );
#10060 = VERTEX_POINT ( 'NONE', #3453 ) ;
#10061 = CARTESIAN_POINT ( 'NONE',  ( -0.9626846636624908360, -3.333839728858221996, 0.9799999999999999822 ) ) ;
#10062 = CARTESIAN_POINT ( 'NONE',  ( -1.017167978477792056, -2.850872176729037477, 0.9810000000000000941 ) ) ;
#10063 =( NAMED_UNIT ( * ) PLANE_ANGLE_UNIT ( ) SI_UNIT ( $, .RADIAN. ) );
#10064 = PLANE ( 'NONE',  #6850 ) ;
#10065 =( LENGTH_UNIT ( ) NAMED_UNIT ( * ) SI_UNIT ( .MILLI., .METRE. ) );
#10066 = ORIENTED_EDGE ( 'NONE', *, *, #741, .T. ) ;
#10067 =( LENGTH_UNIT ( ) NAMED_UNIT ( * ) SI_UNIT ( .MILLI., .METRE. ) );
#10068 = CARTESIAN_POINT ( 'NONE',  ( -0.7855619026180425957, -3.293393145913836140, 0.9810000000000000941 ) ) ;
#10069 = SURFACE_STYLE_FILL_AREA ( #6386 ) ;
#10070 = CARTESIAN_POINT ( 'NONE',  ( -1.995916176447512402, -2.953711186560602719, 0.9799999999999999822 ) ) ;
#10071 = ORIENTED_EDGE ( 'NONE', *, *, #6541, .F. ) ;
#10072 = SURFACE_STYLE_USAGE ( .BOTH. , #11056 ) ;
#10073 = ORIENTED_EDGE ( 'NONE', *, *, #8696, .T. ) ;
#10074 = PRESENTATION_STYLE_ASSIGNMENT (( #4504 ) ) ;
#10075 = DIRECTION ( 'NONE',  ( -0.0000000000000000000, -0.0000000000000000000, -1.000000000000000000 ) ) ;
#10076 = CARTESIAN_POINT ( 'NONE',  ( -0.3756893320058169450, -3.307221926200337059, 0.9800000000000002043 ) ) ;
#10077 = VECTOR ( 'NONE', #11610, 1000.000000000000000 ) ;
#10078 = CARTESIAN_POINT ( 'NONE',  ( -1.518740465318081823, -3.017334699289550226, 0.9810000000000000941 ) ) ;
#10079 = CARTESIAN_POINT ( 'NONE',  ( -0.8549657435321196264, -3.240989346931574033, 0.9799999999999999822 ) ) ;
#10080 = EDGE_LOOP ( 'NONE', ( #9140, #410, #8799, #4412 ) ) ;
#10081 = CARTESIAN_POINT ( 'NONE',  ( -1.888913158920726199, -3.227002839023036085, 0.9810000000000000941 ) ) ;
#10082 = LINE ( 'NONE', #11126, #1355 ) ;
#10083 = FILL_AREA_STYLE ('',( #3542 ) ) ;
#10084 = PLANE ( 'NONE',  #8040 ) ;
#10085 = EDGE_CURVE ( 'NONE', #257, #903, #6252, .T. ) ;
#10087 = ORIENTED_EDGE ( 'NONE', *, *, #11674, .F. ) ;
#10086 = B_SPLINE_CURVE_WITH_KNOTS ( 'NONE', 3,
 ( #5763, #1059, #10304, #201 ),
 .UNSPECIFIED., .F., .F.,
 ( 4, 4 ),
 ( 15.00000000000000000, 16.00000000000000000 ),
 .UNSPECIFIED. ) ;
#10088 = SURFACE_STYLE_USAGE ( .BOTH. , #11070 ) ;
#10089 = VERTEX_POINT ( 'NONE', #5529 ) ;
#10090 = EDGE_CURVE ( 'NONE', #2121, #5304, #9529, .T. ) ;
#10091 = ORIENTED_EDGE ( 'NONE', *, *, #734, .F. ) ;
#10092 = ADVANCED_FACE ( 'NONE', ( #4492 ), #1736, .F. ) ;
#10093 = SURFACE_STYLE_FILL_AREA ( #11815 ) ;
#10094 = DIRECTION ( 'NONE',  ( -1.000000000000000000, 0.0000000000000000000, 0.0000000000000000000 ) ) ;
#10095 = CARTESIAN_POINT ( 'NONE',  ( -0.5704879776276085002, -2.846921096647376803, 0.9799999999999999822 ) ) ;
#10096 = SURFACE_SIDE_STYLE ('',( #5497 ) ) ;
#10097 =( LENGTH_UNIT ( ) NAMED_UNIT ( * ) SI_UNIT ( .MILLI., .METRE. ) );
#10098 = B_SPLINE_CURVE_WITH_KNOTS ( 'NONE', 3,
 ( #4868, #11569, #1260, #3105 ),
 .UNSPECIFIED., .F., .F.,
 ( 4, 4 ),
 ( 1.000000000000000000, 2.000000000000000000 ),
 .UNSPECIFIED. ) ;
#10099 = VERTEX_POINT ( 'NONE', #8383 ) ;
#10100 = SURFACE_SIDE_STYLE ('',( #9116 ) ) ;
#10101 = CARTESIAN_POINT ( 'NONE',  ( -1.602607710179327682, -3.329667906070380656, 0.9799999999999999822 ) ) ;
#10102 = FILL_AREA_STYLE ('',( #8296 ) ) ;
#10103 = EDGE_CURVE ( 'NONE', #6802, #9986, #6146, .T. ) ;
#10104 =( NAMED_UNIT ( * ) PLANE_ANGLE_UNIT ( ) SI_UNIT ( $, .RADIAN. ) );
#10105 = UNCERTAINTY_MEASURE_WITH_UNIT (LENGTH_MEASURE( 1.000000000000000082E-05 ), #5280, 'distance_accuracy_value', 'NONE');
#10106 = ORIENTED_EDGE ( 'NONE', *, *, #6163, .T. ) ;
#10107 =( LENGTH_UNIT ( ) NAMED_UNIT ( * ) SI_UNIT ( .MILLI., .METRE. ) );
#10108 =( LENGTH_UNIT ( ) NAMED_UNIT ( * ) SI_UNIT ( .MILLI., .METRE. ) );
#10109 = SURFACE_SIDE_STYLE ('',( #2652 ) ) ;
#10110 =( NAMED_UNIT ( * ) SI_UNIT ( $, .STERADIAN. ) SOLID_ANGLE_UNIT ( ) );
#10111 = LINE ( 'NONE', #1779, #7614 ) ;
#10112 = ORIENTED_EDGE ( 'NONE', *, *, #6178, .T. ) ;
#10113 = EDGE_LOOP ( 'NONE', ( #5053, #10415, #10947, #1567 ) ) ;
#10114 = CARTESIAN_POINT ( 'NONE',  ( -1.981456359901579756, -3.426549002369938535, 0.9800000000000002043 ) ) ;
#10115 = CARTESIAN_POINT ( 'NONE',  ( -0.8311032993528110202, -3.222065752853989107, 0.9799999999999999822 ) ) ;
#10116 = DIRECTION ( 'NONE',  ( -0.2524218971878639528, 0.9676172723861843350, -0.0000000000000000000 ) ) ;
#10117 = EDGE_CURVE ( 'NONE', #10060, #7010, #12099, .T. ) ;
#10118 = MECHANICAL_DESIGN_GEOMETRIC_PRESENTATION_REPRESENTATION (  '', ( #3671 ), #9726 ) ;
#10119 = ORIENTED_EDGE ( 'NONE', *, *, #10018, .T. ) ;
#10120 = CARTESIAN_POINT ( 'NONE',  ( -0.7594119910226668768, -3.304206628243687938, 0.9810000000000000941 ) ) ;
#10121 = MECHANICAL_DESIGN_GEOMETRIC_PRESENTATION_REPRESENTATION (  '', ( #6599 ), #9340 ) ;
#10122 = CARTESIAN_POINT ( 'NONE',  ( -1.570795981394180085, -3.160487368500210170, 0.9800000000000002043 ) ) ;
#10123 = ORIENTED_EDGE ( 'NONE', *, *, #390, .T. ) ;
#10124 = CARTESIAN_POINT ( 'NONE',  ( -3.410954544295048407, 3.799999999999999822, 0.5678679656440377421 ) ) ;
#10125 = FACE_BOUND ( 'NONE', #3574, .T. ) ;
#10126 = CARTESIAN_POINT ( 'NONE',  ( -1.975672389155174180, -3.315208089523751234, 0.9799999999999999822 ) ) ;
#10127 = CARTESIAN_POINT ( 'NONE',  ( -1.000843779191503025, -2.983441311059476853, 0.9810000000000000941 ) ) ;
#10128 = CARTESIAN_POINT ( 'NONE',  ( -1.925062838185309433, -2.823572423948986110, 0.9800000000000002043 ) ) ;
#10129 = DIRECTION ( 'NONE',  ( 0.9209172030172749768, -0.3897582650654624059, 0.0000000000000000000 ) ) ;
#10130 = CARTESIAN_POINT ( 'NONE',  ( -2.140514893504466887, -3.098309903617555872, 0.9799999999999999822 ) ) ;
#10131 = B_SPLINE_SURFACE_WITH_KNOTS ( 'NONE', 3, 1, ( 
 ( #7503, #7447 ),
 ( #6603, #5608 ),
 ( #11258, #1021 ),
 ( #11323, #6414 ) ),
 .UNSPECIFIED., .F., .F., .F.,
 ( 4, 4 ),
 ( 2, 2 ),
 ( 8.000000000000000000, 9.000000000000000000 ),
 ( 0.0000000000000000000, 1.000000000000000000 ),
 .UNSPECIFIED. ) ;
#10132 = SURFACE_STYLE_USAGE ( .BOTH. , #11852 ) ;
#10133 = PRESENTATION_LAYER_ASSIGNMENT (  '', '', ( #3278 ) ) ;
#10134 = VECTOR ( 'NONE', #11745, 1000.000000000000000 ) ;
#10135 = LINE ( 'NONE', #5469, #9751 ) ;
#10136 = VECTOR ( 'NONE', #11008, 1000.000000000000000 ) ;
#10137 = ORIENTED_EDGE ( 'NONE', *, *, #9295, .F. ) ;
#10138 = ORIENTED_EDGE ( 'NONE', *, *, #11440, .F. ) ;
#10139 =( GEOMETRIC_REPRESENTATION_CONTEXT ( 3 ) GLOBAL_UNCERTAINTY_ASSIGNED_CONTEXT ( ( #6359 ) ) GLOBAL_UNIT_ASSIGNED_CONTEXT ( ( #1743, #9024, #4373 ) ) REPRESENTATION_CONTEXT ( 'NONE', 'WORKASPACE' ) );
#10140 = COLOUR_RGB ( '',0.0000000000000000000, 0.0000000000000000000, 0.0000000000000000000 ) ;
#10141 = UNCERTAINTY_MEASURE_WITH_UNIT (LENGTH_MEASURE( 1.000000000000000082E-05 ), #11944, 'distance_accuracy_value', 'NONE');
#10142 = LINE ( 'NONE', #11003, #3098 ) ;
#10143 = LINE ( 'NONE', #12055, #1988 ) ;
#10144 = CARTESIAN_POINT ( 'NONE',  ( -1.621405532364044610, -3.261706553179992696, 0.9799999999999999822 ) ) ;
#10145 = B_SPLINE_CURVE_WITH_KNOTS ( 'NONE', 3,
 ( #11664, #7937, #6318, #5458 ),
 .UNSPECIFIED., .F., .F.,
 ( 4, 4 ),
 ( 2.000000000000000000, 3.000000000000000000 ),
 .UNSPECIFIED. ) ;
#10146 = ORIENTED_EDGE ( 'NONE', *, *, #5076, .T. ) ;
#10147 = FILL_AREA_STYLE_COLOUR ( '', #2314 ) ;
#10148 = CARTESIAN_POINT ( 'NONE',  ( -2.033511848397659083, -3.176393205311723200, 0.9799999999999999822 ) ) ;
#10149 = COLOUR_RGB ( '',0.0000000000000000000, 0.0000000000000000000, 0.0000000000000000000 ) ;
#10150 =( NAMED_UNIT ( * ) PLANE_ANGLE_UNIT ( ) SI_UNIT ( $, .RADIAN. ) );
#10151 = STYLED_ITEM ( 'NONE', ( #9585 ), #4260 ) ;
#10152 = VERTEX_POINT ( 'NONE', #4615 ) ;
#10153 = ORIENTED_EDGE ( 'NONE', *, *, #517, .T. ) ;
#10154 = ORIENTED_EDGE ( 'NONE', *, *, #8826, .F. ) ;
#10155 = CARTESIAN_POINT ( 'NONE',  ( -0.7757881782047097996, -3.322298415987779752, 0.9810000000000000941 ) ) ;
#10156 = SURFACE_SIDE_STYLE ('',( #11942 ) ) ;
#10157 = CARTESIAN_POINT ( 'NONE',  ( -0.2934964687217503365, -3.201478546110804402, 0.9800000000000002043 ) ) ;
#10158 = PRESENTATION_LAYER_ASSIGNMENT (  '', '', ( #7967 ) ) ;
#10159 = CARTESIAN_POINT ( 'NONE',  ( -0.3157992760262828269, -3.169557978080211225, 0.9800000000000002043 ) ) ;
#10160 = SURFACE_SIDE_STYLE ('',( #11875 ) ) ;
#10161 = ORIENTED_EDGE ( 'NONE', *, *, #7742, .T. ) ;
#10162 = SURFACE_SIDE_STYLE ('',( #4460 ) ) ;
#10163 = LINE ( 'NONE', #11765, #4764 ) ;
#10164 = CARTESIAN_POINT ( 'NONE',  ( -0.6331333920850178432, -3.185154346825209704, 0.9810000000000000941 ) ) ;
#10165 = PRESENTATION_STYLE_ASSIGNMENT (( #11768 ) ) ;
#10166 = ADVANCED_FACE ( 'NONE', ( #11048 ), #3644, .F. ) ;
#10167 = ADVANCED_FACE ( 'NONE', ( #11109 ), #10064, .F. ) ;
#10168 = VERTEX_POINT ( 'NONE', #5029 ) ;
#10169 = STYLED_ITEM ( 'NONE', ( #6194 ), #11770 ) ;
#10170 = DIRECTION ( 'NONE',  ( -0.0000000000000000000, 1.000000000000000000, -0.0000000000000000000 ) ) ;
#10171 = DIRECTION ( 'NONE',  ( -0.0000000000000000000, -1.000000000000000000, -0.0000000000000000000 ) ) ;
#10172 = EDGE_CURVE ( 'NONE', #4089, #6392, #11355, .T. ) ;
#10173 = SURFACE_STYLE_FILL_AREA ( #11774 ) ;
#10174 = FACE_OUTER_BOUND ( 'NONE', #4936, .T. ) ;
#10175 = PLANE ( 'NONE',  #5679 ) ;
#10176 = DIRECTION ( 'NONE',  ( -0.2524218971878639528, 0.9676172723861843350, -0.0000000000000000000 ) ) ;
#10177 = ORIENTED_EDGE ( 'NONE', *, *, #8267, .F. ) ;
#10178 = SURFACE_STYLE_USAGE ( .BOTH. , #10296 ) ;
#10179 = CARTESIAN_POINT ( 'NONE',  ( -1.035259766221189093, -3.007771646301291568, 0.9810000000000000941 ) ) ;
#10180 = FILL_AREA_STYLE ('',( #1848 ) ) ;
#10181 = EDGE_LOOP ( 'NONE', ( #3292, #10137, #5470, #10037 ) ) ;
#10182 = STYLED_ITEM ( 'NONE', ( #9816 ), #465 ) ;
#10183 = CARTESIAN_POINT ( 'NONE',  ( -0.9271769308205284332, -2.987808294308576418, 0.9799999999999999822 ) ) ;
#10184 = CARTESIAN_POINT ( 'NONE',  ( -0.7895129826997018263, -3.202518304027323737, 0.9800000000000002043 ) ) ;
#10185 = CARTESIAN_POINT ( 'NONE',  ( -0.3152274091715781545, -3.286010864708079460, 0.9800000000000002043 ) ) ;
#10186 = EDGE_LOOP ( 'NONE', ( #7060, #10017, #3230, #5951, #11420, #1837, #6220, #4481 ) ) ;
#10187 = ADVANCED_FACE ( 'NONE', ( #8776 ), #9637, .F. ) ;
#10188 = CARTESIAN_POINT ( 'NONE',  ( -1.621405532364044610, -3.286288290951770108, 0.9810000000000000941 ) ) ;
#10189 = ADVANCED_FACE ( 'NONE', ( #4969 ), #328, .T. ) ;
#10190 = CARTESIAN_POINT ( 'NONE',  ( -1.975672389155174180, -3.251584631954842042, 0.9810000000000000941 ) ) ;
#10191 = PRESENTATION_STYLE_ASSIGNMENT (( #763 ) ) ;
#10192 = DIRECTION ( 'NONE',  ( -1.000000000000000000, 0.0000000000000000000, -4.051977475832535632E-17 ) ) ;
#10193 = ORIENTED_EDGE ( 'NONE', *, *, #8735, .T. ) ;
#10194 = DIRECTION ( 'NONE',  ( -0.0000000000000000000, -0.0000000000000000000, -1.000000000000000000 ) ) ;
#10195 = CARTESIAN_POINT ( 'NONE',  ( -7.500000000000000000, 3.799999999999999822, 0.0000000000000000000 ) ) ;
#10196 = VECTOR ( 'NONE', #11336, 1000.000000000000000 ) ;
#10197 =( NAMED_UNIT ( * ) PLANE_ANGLE_UNIT ( ) SI_UNIT ( $, .RADIAN. ) );
#10198 = ORIENTED_EDGE ( 'NONE', *, *, #1698, .F. ) ;
#10199 = LINE ( 'NONE', #9092, #8247 ) ;
#10200 = ADVANCED_FACE ( 'NONE', ( #5094 ), #8999, .F. ) ;
#10201 = PRESENTATION_LAYER_ASSIGNMENT (  '', '', ( #8623 ) ) ;
#10202 = ORIENTED_EDGE ( 'NONE', *, *, #9595, .T. ) ;
#10203 = PRESENTATION_LAYER_ASSIGNMENT (  '', '', ( #623 ) ) ;
#10204 = SURFACE_STYLE_FILL_AREA ( #12112 ) ;
#10205 =( NAMED_UNIT ( * ) PLANE_ANGLE_UNIT ( ) SI_UNIT ( $, .RADIAN. ) );
#10206 =( NAMED_UNIT ( * ) SI_UNIT ( $, .STERADIAN. ) SOLID_ANGLE_UNIT ( ) );
#10207 = FILL_AREA_STYLE_COLOUR ( '', #1728 ) ;
#10208 = EDGE_LOOP ( 'NONE', ( #4343, #10138, #10216, #5785 ) ) ;
#10209 = PRESENTATION_STYLE_ASSIGNMENT (( #2626 ) ) ;
#10210 = FILL_AREA_STYLE_COLOUR ( '', #6916 ) ;
#10211 = VECTOR ( 'NONE', #5694, 1000.000000000000000 ) ;
#10212 = EDGE_LOOP ( 'NONE', ( #12107, #3155, #7150, #8687 ) ) ;
#10213 = VECTOR ( 'NONE', #11758, 1000.000000000000000 ) ;
#10214 = DIRECTION ( 'NONE',  ( -1.000000000000000000, 0.0000000000000000000, 0.0000000000000000000 ) ) ;
#10215 =( GEOMETRIC_REPRESENTATION_CONTEXT ( 3 ) GLOBAL_UNCERTAINTY_ASSIGNED_CONTEXT ( ( #10999 ) ) GLOBAL_UNIT_ASSIGNED_CONTEXT ( ( #5720, #12013, #5315 ) ) REPRESENTATION_CONTEXT ( 'NONE', 'WORKASPACE' ) );
#10216 = ORIENTED_EDGE ( 'NONE', *, *, #8628, .F. ) ;
#10217 = ORIENTED_EDGE ( 'NONE', *, *, #4685, .F. ) ;
#10218 =( LENGTH_UNIT ( ) NAMED_UNIT ( * ) SI_UNIT ( .MILLI., .METRE. ) );
#10219 = STYLED_ITEM ( 'NONE', ( #9545 ), #826 ) ;
#10220 = CARTESIAN_POINT ( 'NONE',  ( -0.9794247661155177642, -2.966389281231902153, 0.9799999999999999822 ) ) ;
#10221 = SURFACE_SIDE_STYLE ('',( #4646 ) ) ;
#10222 = CARTESIAN_POINT ( 'NONE',  ( -0.9993881181082362453, -2.908370789500994480, 0.9810000000000000941 ) ) ;
#10223 = EDGE_LOOP ( 'NONE', ( #9889, #8096, #413, #812 ) ) ;
#10224 =( NAMED_UNIT ( * ) PLANE_ANGLE_UNIT ( ) SI_UNIT ( $, .RADIAN. ) );
#10225 = CARTESIAN_POINT ( 'NONE',  ( -0.7061243978111498842, -3.370231255929431402, 0.9810000000000000941 ) ) ;
#10226 = COLOUR_RGB ( '',0.0000000000000000000, 0.0000000000000000000, 0.0000000000000000000 ) ;
#10227 =( GEOMETRIC_REPRESENTATION_CONTEXT ( 3 ) GLOBAL_UNCERTAINTY_ASSIGNED_CONTEXT ( ( #4944 ) ) GLOBAL_UNIT_ASSIGNED_CONTEXT ( ( #2391, #5025, #6061 ) ) REPRESENTATION_CONTEXT ( 'NONE', 'WORKASPACE' ) );
#10228 = VERTEX_POINT ( 'NONE', #4182 ) ;
#10229 = CARTESIAN_POINT ( 'NONE',  ( -1.443549121416401793, -3.326775920696483979, 0.9800000000000002043 ) ) ;
#10230 = B_SPLINE_SURFACE_WITH_KNOTS ( 'NONE', 3, 1, ( 
 ( #11028, #9180 ),
 ( #2643, #6360 ),
 ( #561, #10101 ),
 ( #1706, #5434 ) ),
 .UNSPECIFIED., .F., .F., .F.,
 ( 4, 4 ),
 ( 2, 2 ),
 ( 28.00000000000000000, 29.00000000000000000 ),
 ( 0.0000000000000000000, 1.000000000000000000 ),
 .UNSPECIFIED. ) ;
#10231 = PRESENTATION_LAYER_ASSIGNMENT (  '', '', ( #2209 ) ) ;
#10232 = CARTESIAN_POINT ( 'NONE',  ( -3.623086578651015355, 3.799999999999999822, 0.4800000000000008149 ) ) ;
#10233 = STYLED_ITEM ( 'NONE', ( #10074 ), #1493 ) ;
#10234 =( LENGTH_UNIT ( ) NAMED_UNIT ( * ) SI_UNIT ( .MILLI., .METRE. ) );
#10235 = EDGE_CURVE ( 'NONE', #11176, #7321, #8465, .T. ) ;
#10236 = FILL_AREA_STYLE ('',( #6626 ) ) ;
#10237 = LINE ( 'NONE', #11961, #9204 ) ;
#10238 = EDGE_LOOP ( 'NONE', ( #6480, #1186, #3761, #11769 ) ) ;
#10239 = LINE ( 'NONE', #5575, #7877 ) ;
#10240 = CARTESIAN_POINT ( 'NONE',  ( -0.2256002767859923985, -3.330408527734124657, 0.9810000000000000941 ) ) ;
#10241 = CARTESIAN_POINT ( 'NONE',  ( -1.026941702891116748, -2.909930426376465373, 0.9799999999999999822 ) ) ;
#10242 = B_SPLINE_CURVE_WITH_KNOTS ( 'NONE', 3,
 ( #3188, #10656, #8933, #6973, #2323, #557, #8041 ),
 .UNSPECIFIED., .F., .F.,
 ( 4, 3, 4 ),
 ( 0.0000000000000000000, 1.000000000000000000, 2.000000000000000000 ),
 .UNSPECIFIED. ) ;
#10243 = VECTOR ( 'NONE', #9143, 1000.000000000000114 ) ;
#10244 = CARTESIAN_POINT ( 'NONE',  ( -0.8217974660012865584, -3.238909831098533143, 0.9799999999999999822 ) ) ;
#10245 = CARTESIAN_POINT ( 'NONE',  ( -0.1673218455763035573, -3.167270510664148553, 0.9800000000000002043 ) ) ;
#10246 =( GEOMETRIC_REPRESENTATION_CONTEXT ( 3 ) GLOBAL_UNCERTAINTY_ASSIGNED_CONTEXT ( ( #2801 ) ) GLOBAL_UNIT_ASSIGNED_CONTEXT ( ( #828, #2858, #1001 ) ) REPRESENTATION_CONTEXT ( 'NONE', 'WORKASPACE' ) );
#10247 = SURFACE_SIDE_STYLE ('',( #12036 ) ) ;
#10248 = EDGE_CURVE ( 'NONE', #2364, #8838, #7876, .T. ) ;
#10249 = SURFACE_STYLE_USAGE ( .BOTH. , #1056 ) ;
#10250 = STYLED_ITEM ( 'NONE', ( #9562 ), #3058 ) ;
#10251 = ORIENTED_EDGE ( 'NONE', *, *, #10248, .T. ) ;
#10252 = FACE_OUTER_BOUND ( 'NONE', #3793, .T. ) ;
#10253 = EDGE_CURVE ( 'NONE', #6825, #6357, #6064, .T. ) ;
#10254 = CARTESIAN_POINT ( 'NONE',  ( -0.8077087462353106373, -2.827789550986766987, 0.9799999999999999822 ) ) ;
#10255 = PRESENTATION_LAYER_ASSIGNMENT (  '', '', ( #3402 ) ) ;
#10256 = ADVANCED_FACE ( 'NONE', ( #11777 ), #3208, .F. ) ;
#10257 = PRESENTATION_STYLE_ASSIGNMENT (( #933 ) ) ;
#10258 = ORIENTED_EDGE ( 'NONE', *, *, #8361, .T. ) ;
#10259 = CARTESIAN_POINT ( 'NONE',  ( -0.8077087462353104153, -2.892878396548891562, 0.9810000000000000941 ) ) ;
#10260 = UNCERTAINTY_MEASURE_WITH_UNIT (LENGTH_MEASURE( 1.000000000000000082E-05 ), #6642, 'distance_accuracy_value', 'NONE');
#10261 = CARTESIAN_POINT ( 'NONE',  ( -2.100027291340462732, -3.316653999469954428, 0.9800000000000002043 ) ) ;
#10262 = EDGE_CURVE ( 'NONE', #7269, #4989, #9383, .T. ) ;
#10263 = VERTEX_POINT ( 'NONE', #2713 ) ;
#10264 = STYLED_ITEM ( 'NONE', ( #4757 ), #3348 ) ;
#10265 = FILL_AREA_STYLE_COLOUR ( '', #5923 ) ;
#10266 = EDGE_CURVE ( 'NONE', #5913, #5230, #10111, .T. ) ;
#10267 =( GEOMETRIC_REPRESENTATION_CONTEXT ( 3 ) GLOBAL_UNCERTAINTY_ASSIGNED_CONTEXT ( ( #5475 ) ) GLOBAL_UNIT_ASSIGNED_CONTEXT ( ( #4612, #7419, #12041 ) ) REPRESENTATION_CONTEXT ( 'NONE', 'WORKASPACE' ) );
#10268 =( NAMED_UNIT ( * ) PLANE_ANGLE_UNIT ( ) SI_UNIT ( $, .RADIAN. ) );
#10269 = ORIENTED_EDGE ( 'NONE', *, *, #2759, .T. ) ;
#10270 = UNCERTAINTY_MEASURE_WITH_UNIT (LENGTH_MEASURE( 1.000000000000000082E-05 ), #11201, 'distance_accuracy_value', 'NONE');
#10271 = CARTESIAN_POINT ( 'NONE',  ( -2.163650693749332277, -2.936359426011495355, 0.9799999999999999822 ) ) ;
#10272 = DIRECTION ( 'NONE',  ( -0.0000000000000000000, -0.0000000000000000000, -1.000000000000000000 ) ) ;
#10273 = DIRECTION ( 'NONE',  ( -1.000000000000000000, 0.0000000000000000000, 0.0000000000000000000 ) ) ;
#10274 = ADVANCED_FACE ( 'NONE', ( #20 ), #3431, .F. ) ;
#10275 = FACE_OUTER_BOUND ( 'NONE', #2595, .T. ) ;
#10276 = ORIENTED_EDGE ( 'NONE', *, *, #519, .F. ) ;
#10277 = ORIENTED_EDGE ( 'NONE', *, *, #518, .F. ) ;
#10278 = ORIENTED_EDGE ( 'NONE', *, *, #9378, .T. ) ;
#10279 = CARTESIAN_POINT ( 'NONE',  ( -1.035259766221189093, -2.984585044767507966, 0.9810000000000000941 ) ) ;
#10280 = SURFACE_STYLE_USAGE ( .BOTH. , #2816 ) ;
#10281 = CARTESIAN_POINT ( 'NONE',  ( -0.7845741325972768188, -3.254090296677486727, 0.9800000000000002043 ) ) ;
#10282 = FILL_AREA_STYLE ('',( #2005 ) ) ;
#10283 = FILL_AREA_STYLE_COLOUR ( '', #3992 ) ;
#10284 = PRESENTATION_STYLE_ASSIGNMENT (( #2821 ) ) ;
#10285 = VERTEX_POINT ( 'NONE', #8170 ) ;
#10286 = CARTESIAN_POINT ( 'NONE',  ( -0.8339626336221952485, -3.007771646301291568, 0.9810000000000000941 ) ) ;
#10287 = CARTESIAN_POINT ( 'NONE',  ( -1.309072325584600183, -3.128675667295774510, 0.9799999999999999822 ) ) ;
#10288 =( LENGTH_UNIT ( ) NAMED_UNIT ( * ) SI_UNIT ( .MILLI., .METRE. ) );
#10289 = AXIS2_PLACEMENT_3D ( 'NONE', #10547, #4126, #10671 ) ;
#10290 = VERTEX_POINT ( 'NONE', #4474 ) ;
#10291 = DIRECTION ( 'NONE',  ( -0.0000000000000000000, 1.000000000000000000, -0.0000000000000000000 ) ) ;
#10292 = CARTESIAN_POINT ( 'NONE',  ( -1.443549121416401793, -3.326775920696483979, 0.9810000000000000941 ) ) ;
#10293 = CARTESIAN_POINT ( 'NONE',  ( -0.5699161107728969444, -2.963373983275247703, 0.9810000000000000941 ) ) ;
#10294 = DIRECTION ( 'NONE',  ( -0.7071067811865520136, 0.0000000000000000000, 0.7071067811865431318 ) ) ;
#10295 = ORIENTED_EDGE ( 'NONE', *, *, #1626, .T. ) ;
#10296 = SURFACE_SIDE_STYLE ('',( #11095 ) ) ;
#10297 = CARTESIAN_POINT ( 'NONE',  ( -0.7349776799893397161, -2.916168973874188275, 0.9810000000000000941 ) ) ;
#10298 = DIRECTION ( 'NONE',  ( -1.000000000000000000, 0.0000000000000000000, 0.0000000000000000000 ) ) ;
#10299 = CARTESIAN_POINT ( 'NONE',  ( -7.500000000000000000, -3.799999999999999822, 0.0000000000000000000 ) ) ;
#10300 = B_SPLINE_CURVE_WITH_KNOTS ( 'NONE', 3,
 ( #701, #645, #1551, #5240 ),
 .UNSPECIFIED., .F., .F.,
 ( 4, 4 ),
 ( 1.000000000000000000, 2.000000000000000000 ),
 .UNSPECIFIED. ) ;
#10301 =( NAMED_UNIT ( * ) PLANE_ANGLE_UNIT ( ) SI_UNIT ( $, .RADIAN. ) );
#10302 = FILL_AREA_STYLE ('',( #874 ) ) ;
#10303 = ORIENTED_EDGE ( 'NONE', *, *, #1034, .F. ) ;
#10304 = CARTESIAN_POINT ( 'NONE',  ( -1.874453259634733193, -3.135905575568395331, 0.9800000000000002043 ) ) ;
#10305 = DIRECTION ( 'NONE',  ( -0.0000000000000000000, -0.0000000000000000000, -1.000000000000000000 ) ) ;
#10306 = CARTESIAN_POINT ( 'NONE',  ( -0.8007943560920566251, -3.248059700762786939, 0.9799999999999999822 ) ) ;
#10307 = SURFACE_STYLE_FILL_AREA ( #39 ) ;
#10308 = COLOUR_RGB ( '',0.0000000000000000000, 0.0000000000000000000, 0.0000000000000000000 ) ;
#10309 = LINE ( 'NONE', #8191, #1737 ) ;
#10310 = ORIENTED_EDGE ( 'NONE', *, *, #5097, .F. ) ;
#10311 =( LENGTH_UNIT ( ) NAMED_UNIT ( * ) SI_UNIT ( .MILLI., .METRE. ) );
#10312 = CARTESIAN_POINT ( 'NONE',  ( -1.018259724290067059, -2.964933620149330817, 0.9810000000000000941 ) ) ;
#10313 = CARTESIAN_POINT ( 'NONE',  ( -0.1639946202437250755, -3.153025827211590304, 0.9800000000000002043 ) ) ;
#10314 = EDGE_CURVE ( 'NONE', #6111, #3507, #10237, .T. ) ;
#10315 = ADVANCED_FACE ( 'NONE', ( #4601 ), #10966, .F. ) ;
#10316 =( LENGTH_UNIT ( ) NAMED_UNIT ( * ) SI_UNIT ( .MILLI., .METRE. ) );
#10317 = EDGE_LOOP ( 'NONE', ( #10153, #7023, #2747, #5255 ) ) ;
#10318 = EDGE_CURVE ( 'NONE', #1998, #1288, #4037, .T. ) ;
#10319 = CARTESIAN_POINT ( 'NONE',  ( -0.9829079551346840971, -3.296408443870491478, 0.9800000000000002043 ) ) ;
#10320 = MECHANICAL_DESIGN_GEOMETRIC_PRESENTATION_REPRESENTATION (  '', ( #3475 ), #3857 ) ;
#10321 = PRESENTATION_STYLE_ASSIGNMENT (( #836 ) ) ;
#10322 = LINE ( 'NONE', #3944, #11185 ) ;
#10323 = CARTESIAN_POINT ( 'NONE',  ( -0.6291823120047378426, -2.827789550986767431, 0.9810000000000000941 ) ) ;
#10324 = CARTESIAN_POINT ( 'NONE',  ( -0.8077087462353104153, -2.916168973874188275, 0.9810000000000000941 ) ) ;
#10325 = B_SPLINE_SURFACE_WITH_KNOTS ( 'NONE', 3, 1, ( 
 ( #7930, #8837 ),
 ( #7115, #571 ),
 ( #9757, #5096 ),
 ( #2456, #3257 ) ),
 .UNSPECIFIED., .F., .F., .F.,
 ( 4, 4 ),
 ( 2, 2 ),
 ( 0.0000000000000000000, 1.000000000000000000 ),
 ( 0.0000000000000000000, 1.000000000000000000 ),
 .UNSPECIFIED. ) ;
#10326 = COLOUR_RGB ( '',0.0000000000000000000, 0.0000000000000000000, 0.0000000000000000000 ) ;
#10327 = VECTOR ( 'NONE', #12040, 1000.000000000000000 ) ;
#10328 = VECTOR ( 'NONE', #780, 1000.000000000000000 ) ;
#10329 = SURFACE_STYLE_USAGE ( .BOTH. , #6597 ) ;
#10330 = PRESENTATION_LAYER_ASSIGNMENT (  '', '', ( #6628 ) ) ;
#10331 = ORIENTED_EDGE ( 'NONE', *, *, #1555, .T. ) ;
#10332 = VERTEX_POINT ( 'NONE', #9558 ) ;
#10333 =( NAMED_UNIT ( * ) PLANE_ANGLE_UNIT ( ) SI_UNIT ( $, .RADIAN. ) );
#10334 = EDGE_CURVE ( 'NONE', #4233, #4147, #5690, .T. ) ;
#10335 = ADVANCED_FACE ( 'NONE', ( #3120 ), #8699, .F. ) ;
#10336 =( NAMED_UNIT ( * ) SI_UNIT ( $, .STERADIAN. ) SOLID_ANGLE_UNIT ( ) );
#10337 = CARTESIAN_POINT ( 'NONE',  ( -0.7264516650755532545, -3.376989682386107194, 0.9799999999999999822 ) ) ;
#10338 = PLANE ( 'NONE',  #11042 ) ;
#10339 =( GEOMETRIC_REPRESENTATION_CONTEXT ( 3 ) GLOBAL_UNCERTAINTY_ASSIGNED_CONTEXT ( ( #3624 ) ) GLOBAL_UNIT_ASSIGNED_CONTEXT ( ( #10065, #4616, #7245 ) ) REPRESENTATION_CONTEXT ( 'NONE', 'WORKASPACE' ) );
#10340 = ORIENTED_EDGE ( 'NONE', *, *, #2367, .T. ) ;
#10341 = CARTESIAN_POINT ( 'NONE',  ( -0.7003537413759326480, -3.356506451434439153, 0.9799999999999999822 ) ) ;
#10342 = DIRECTION ( 'NONE',  ( -0.0000000000000000000, -1.000000000000000000, -0.0000000000000000000 ) ) ;
#10343 = STYLED_ITEM ( 'NONE', ( #7444 ), #4114 ) ;
#10344 = CARTESIAN_POINT ( 'NONE',  ( -0.4220105471776302575, -2.844633629231312355, 0.9800000000000002043 ) ) ;
#10345 = UNCERTAINTY_MEASURE_WITH_UNIT (LENGTH_MEASURE( 1.000000000000000082E-05 ), #2894, 'distance_accuracy_value', 'NONE');
#10346 = ORIENTED_EDGE ( 'NONE', *, *, #5963, .F. ) ;
#10347 = CARTESIAN_POINT ( 'NONE',  ( -1.362573861928358276, -3.266044448500084574, 0.9799999999999999822 ) ) ;
#10348 = EDGE_CURVE ( 'NONE', #3820, #9213, #5751, .T. ) ;
#10349 = AXIS2_PLACEMENT_3D ( 'NONE', #7059, #2283, #4974 ) ;
#10350 = FILL_AREA_STYLE_COLOUR ( '', #4318 ) ;
#10351 = CARTESIAN_POINT ( 'NONE',  ( -0.3841633590238469620, -2.929165947827201855, 0.9810000000000000941 ) ) ;
#10352 = CARTESIAN_POINT ( 'NONE',  ( -0.2658908960417202816, -3.257625473593091847, 0.9800000000000002043 ) ) ;
#10353 = PLANE ( 'NONE',  #5105 ) ;
#10354 = DIRECTION ( 'NONE',  ( -0.0000000000000000000, -0.0000000000000000000, -1.000000000000000000 ) ) ;
#10355 = ORIENTED_EDGE ( 'NONE', *, *, #10266, .T. ) ;
#10356 = CARTESIAN_POINT ( 'NONE',  ( -1.398723541192248954, -3.189407167072192628, 0.9800000000000002043 ) ) ;
#10357 = CARTESIAN_POINT ( 'NONE',  ( -0.4052184568288403343, -3.307221926200337059, 0.9810000000000000941 ) ) ;
#10358 = PRESENTATION_STYLE_ASSIGNMENT (( #11226 ) ) ;
#10359 = STYLED_ITEM ( 'NONE', ( #11873 ), #5681 ) ;
#10360 = CARTESIAN_POINT ( 'NONE',  ( -0.9175071821987060838, -3.257521497800196286, 0.9810000000000000941 ) ) ;
#10361 = FACE_OUTER_BOUND ( 'NONE', #11686, .T. ) ;
#10362 = EDGE_LOOP ( 'NONE', ( #3191, #9010, #8481, #626, #3516, #4286, #6518, #11925 ) ) ;
#10363 = DIRECTION ( 'NONE',  ( -1.000000000000000000, -0.0000000000000000000, -0.0000000000000000000 ) ) ;
#10364 = DIRECTION ( 'NONE',  ( 0.3315284183576450161, 0.9434452330799484310, -0.0000000000000000000 ) ) ;
#10365 = VECTOR ( 'NONE', #9697, 999.9999999999998863 ) ;
#10366 = SURFACE_STYLE_FILL_AREA ( #5483 ) ;
#10367 = PRESENTATION_STYLE_ASSIGNMENT (( #7712 ) ) ;
#10368 = ORIENTED_EDGE ( 'NONE', *, *, #6541, .T. ) ;
#10369 = CARTESIAN_POINT ( 'NONE',  ( -0.4318362594867182214, -2.804394997869956718, 0.9810000000000000941 ) ) ;
#10370 = UNCERTAINTY_MEASURE_WITH_UNIT (LENGTH_MEASURE( 1.000000000000000082E-05 ), #9478, 'distance_accuracy_value', 'NONE');
#10371 = FACE_OUTER_BOUND ( 'NONE', #6476, .T. ) ;
#10372 = VECTOR ( 'NONE', #6369, 1000.000000000000000 ) ;
#10373 = ORIENTED_EDGE ( 'NONE', *, *, #3603, .F. ) ;
#10374 = B_SPLINE_CURVE_WITH_KNOTS ( 'NONE', 3,
 ( #2369, #2189, #11455, #423 ),
 .UNSPECIFIED., .F., .F.,
 ( 4, 4 ),
 ( 2.000000000000000000, 3.000000000000000000 ),
 .UNSPECIFIED. ) ;
#10375 = UNCERTAINTY_MEASURE_WITH_UNIT (LENGTH_MEASURE( 1.000000000000000082E-05 ), #389, 'distance_accuracy_value', 'NONE');
#10376 = CARTESIAN_POINT ( 'NONE',  ( -2.231612129378391263, -3.159041430973994036, 0.9810000000000000941 ) ) ;
#10377 = CARTESIAN_POINT ( 'NONE',  ( -1.398723541192248954, -3.130121687562049448, 0.9799999999999999822 ) ) ;
#10378 = CARTESIAN_POINT ( 'NONE',  ( -0.8007943560920566251, -3.181827121492629473, 0.9799999999999999822 ) ) ;
#10379 = CARTESIAN_POINT ( 'NONE',  ( -0.8746691560460576609, -2.836731469066607225, 0.9810000000000000941 ) ) ;
#10380 = EDGE_CURVE ( 'NONE', #10653, #11709, #9683, .T. ) ;
#10381 = VECTOR ( 'NONE', #2547, 1000.000000000000000 ) ;
#10382 =( GEOMETRIC_REPRESENTATION_CONTEXT ( 3 ) GLOBAL_UNCERTAINTY_ASSIGNED_CONTEXT ( ( #2257 ) ) GLOBAL_UNIT_ASSIGNED_CONTEXT ( ( #7980, #2440, #8989 ) ) REPRESENTATION_CONTEXT ( 'NONE', 'WORKASPACE' ) );
#10383 = AXIS2_PLACEMENT_3D ( 'NONE', #11478, #4118, #10788 ) ;
#10384 = EDGE_CURVE ( 'NONE', #4578, #10742, #7746, .T. ) ;
#10385 = CARTESIAN_POINT ( 'NONE',  ( -3.410954544295048407, 3.799999999999999822, 0.5678679656440377421 ) ) ;
#10386 = PLANE ( 'NONE',  #11712 ) ;
#10387 = CARTESIAN_POINT ( 'NONE',  ( -0.3169949976286874915, -3.320946730696714866, 0.9810000000000000941 ) ) ;
#10388 = B_SPLINE_CURVE_WITH_KNOTS ( 'NONE', 3,
 ( #6562, #2834, #6746, #3062 ),
 .UNSPECIFIED., .F., .F.,
 ( 4, 4 ),
 ( 2.000000000000000000, 3.000000000000000000 ),
 .UNSPECIFIED. ) ;
#10389 = COLOUR_RGB ( '',0.6470588235294117974, 0.6196078431372549211, 0.5882352941176470784 ) ;
#10390 = SURFACE_STYLE_USAGE ( .BOTH. , #6664 ) ;
#10391 = ORIENTED_EDGE ( 'NONE', *, *, #9569, .T. ) ;
#10392 = ORIENTED_EDGE ( 'NONE', *, *, #2481, .T. ) ;
#10393 = SURFACE_STYLE_FILL_AREA ( #11198 ) ;
#10394 = PRESENTATION_STYLE_ASSIGNMENT (( #8348 ) ) ;
#10395 = EDGE_CURVE ( 'NONE', #10716, #9653, #4240, .T. ) ;
#10396 = FILL_AREA_STYLE ('',( #10283 ) ) ;
#10397 = CARTESIAN_POINT ( 'NONE',  ( -0.9070576151398446196, -2.987808294308576418, 0.9810000000000000941 ) ) ;
#10398 = VERTEX_POINT ( 'NONE', #3913 ) ;
#10399 = DIRECTION ( 'NONE',  ( -0.0000000000000000000, -0.0000000000000000000, -1.000000000000000000 ) ) ;
#10400 = SURFACE_STYLE_USAGE ( .BOTH. , #3844 ) ;
#10401 = DIRECTION ( 'NONE',  ( 0.0000000000000000000, 0.0000000000000000000, -1.000000000000000000 ) ) ;
#10402 = AXIS2_PLACEMENT_3D ( 'NONE', #2487, #6212, #3605 ) ;
#10403 = CARTESIAN_POINT ( 'NONE',  ( -1.964104475242384407, -2.869844010648710864, 0.9799999999999999822 ) ) ;
#10404 =( NAMED_UNIT ( * ) PLANE_ANGLE_UNIT ( ) SI_UNIT ( $, .RADIAN. ) );
#10405 = VECTOR ( 'NONE', #581, 1000.000000000000000 ) ;
#10406 = ORIENTED_EDGE ( 'NONE', *, *, #7249, .T. ) ;
#10407 = ADVANCED_FACE ( 'NONE', ( #81 ), #1961, .F. ) ;
#10408 = ADVANCED_FACE ( 'NONE', ( #2261 ), #5852, .F. ) ;
#10409 = FACE_OUTER_BOUND ( 'NONE', #6578, .T. ) ;
#10410 = CARTESIAN_POINT ( 'NONE',  ( -0.5530200446325973518, -3.238805855307024029, 0.9800000000000002043 ) ) ;
#10411 =( NAMED_UNIT ( * ) SI_UNIT ( $, .STERADIAN. ) SOLID_ANGLE_UNIT ( ) );
#10412 = CARTESIAN_POINT ( 'NONE',  ( -0.9634124942037739503, -3.263760045299302082, 0.9810000000000000941 ) ) ;
#10413 = VECTOR ( 'NONE', #9389, 1000.000000000000000 ) ;
#10414 = CARTESIAN_POINT ( 'NONE',  ( -2.075445470828630512, -2.953711186560602719, 0.9800000000000002043 ) ) ;
#10415 = ORIENTED_EDGE ( 'NONE', *, *, #8761, .F. ) ;
#10416 = SURFACE_STYLE_USAGE ( .BOTH. , #2077 ) ;
#10417 = DIRECTION ( 'NONE',  ( 0.0000000000000000000, -0.0000000000000000000, -1.000000000000000000 ) ) ;
#10418 = CARTESIAN_POINT ( 'NONE',  ( -0.6049559525544373484, -2.827789550986767431, 0.9810000000000000941 ) ) ;
#10419 = DIRECTION ( 'NONE',  ( -0.0000000000000000000, -0.0000000000000000000, -1.000000000000000000 ) ) ;
#10420 = CARTESIAN_POINT ( 'NONE',  ( -0.4148882054506557449, -2.844633629231312355, 0.9800000000000002043 ) ) ;
#10421 = CARTESIAN_POINT ( 'NONE',  ( -1.309072325584600183, -3.128675667295774510, 0.9810000000000000941 ) ) ;
#10422 = SURFACE_STYLE_FILL_AREA ( #11348 ) ;
#10423 =( GEOMETRIC_REPRESENTATION_CONTEXT ( 3 ) GLOBAL_UNCERTAINTY_ASSIGNED_CONTEXT ( ( #8751 ) ) GLOBAL_UNIT_ASSIGNED_CONTEXT ( ( #5663, #8673, #6663 ) ) REPRESENTATION_CONTEXT ( 'NONE', 'WORKASPACE' ) );
#10424 = AXIS2_PLACEMENT_3D ( 'NONE', #5815, #9570, #6937 ) ;
#10425 =( GEOMETRIC_REPRESENTATION_CONTEXT ( 3 ) GLOBAL_UNCERTAINTY_ASSIGNED_CONTEXT ( ( #7629 ) ) GLOBAL_UNIT_ASSIGNED_CONTEXT ( ( #7846, #2361, #1559 ) ) REPRESENTATION_CONTEXT ( 'NONE', 'WORKASPACE' ) );
#10426 = ORIENTED_EDGE ( 'NONE', *, *, #7172, .F. ) ;
#10427 = SURFACE_STYLE_FILL_AREA ( #7587 ) ;
#10428 = CARTESIAN_POINT ( 'NONE',  ( -0.8892257668745348065, -2.828621357320259211, 0.9800000000000002043 ) ) ;
#10429 = SURFACE_SIDE_STYLE ('',( #4786 ) ) ;
#10430 = MECHANICAL_DESIGN_GEOMETRIC_PRESENTATION_REPRESENTATION (  '', ( #8037 ), #11418 ) ;
#10431 =( NAMED_UNIT ( * ) SI_UNIT ( $, .STERADIAN. ) SOLID_ANGLE_UNIT ( ) );
#10432 = ORIENTED_EDGE ( 'NONE', *, *, #8524, .T. ) ;
#10433 = B_SPLINE_SURFACE_WITH_KNOTS ( 'NONE', 3, 1, ( 
 ( #4917, #280 ),
 ( #9658, #6952 ),
 ( #1189, #4010 ),
 ( #3094, #6830 ) ),
 .UNSPECIFIED., .F., .F., .F.,
 ( 4, 4 ),
 ( 2, 2 ),
 ( 17.00000000000000000, 18.00000000000000000 ),
 ( 0.0000000000000000000, 1.000000000000000000 ),
 .UNSPECIFIED. ) ;
#10434 = LINE ( 'NONE', #4125, #5683 ) ;
#10435 = VECTOR ( 'NONE', #10623, 1000.000000000000000 ) ;
#10436 = CARTESIAN_POINT ( 'NONE',  ( -0.8187821680439378857, -3.266567391672931198, 0.9799999999999999822 ) ) ;
#10437 = CARTESIAN_POINT ( 'NONE',  ( -0.3263008309802120088, -3.007771646301291568, 0.9810000000000000941 ) ) ;
#10438 = PRESENTATION_LAYER_ASSIGNMENT (  '', '', ( #11428 ) ) ;
#10439 = VECTOR ( 'NONE', #5759, 1000.000000000000000 ) ;
#10440 = VERTEX_POINT ( 'NONE', #1458 ) ;
#10441 = DIRECTION ( 'NONE',  ( -1.000000000000000000, -0.0000000000000000000, -0.0000000000000000000 ) ) ;
#10442 = CARTESIAN_POINT ( 'NONE',  ( -0.1622270317866075784, -3.159784253666880094, 0.9810000000000000941 ) ) ;
#10443 = CARTESIAN_POINT ( 'NONE',  ( -0.8007943560920566251, -3.248059700762786939, 0.9810000000000000941 ) ) ;
#10444 = CARTESIAN_POINT ( 'NONE',  ( -2.887867965644038026, 3.799999999999999822, 0.4121320343559627952 ) ) ;
#10445 = PLANE ( 'NONE',  #11093 ) ;
#10446 = VECTOR ( 'NONE', #10891, 1000.000000000000000 ) ;
#10447 = PRESENTATION_STYLE_ASSIGNMENT (( #6723 ) ) ;
#10448 = DIRECTION ( 'NONE',  ( -0.0000000000000000000, 1.000000000000000000, -0.0000000000000000000 ) ) ;
#10449 = ORIENTED_EDGE ( 'NONE', *, *, #4719, .T. ) ;
#10450 = ORIENTED_EDGE ( 'NONE', *, *, #4173, .T. ) ;
#10451 = AXIS2_PLACEMENT_3D ( 'NONE', #1959, #6684, #3910 ) ;
#10452 = CARTESIAN_POINT ( 'NONE',  ( -0.7264516650755532545, -3.376989682386107194, 0.9799999999999999822 ) ) ;
#10453 = VECTOR ( 'NONE', #6504, 1000.000000000000000 ) ;
#10454 =( NAMED_UNIT ( * ) SI_UNIT ( $, .STERADIAN. ) SOLID_ANGLE_UNIT ( ) );
#10455 = DIRECTION ( 'NONE',  ( -0.0000000000000000000, -0.0000000000000000000, -1.000000000000000000 ) ) ;
#10456 = DIRECTION ( 'NONE',  ( -1.000000000000000000, 0.0000000000000000000, 0.0000000000000000000 ) ) ;
#10457 = CARTESIAN_POINT ( 'NONE',  ( -0.2658908960417202816, -3.226120808728545342, 0.9810000000000000941 ) ) ;
#10458 =( NAMED_UNIT ( * ) SI_UNIT ( $, .STERADIAN. ) SOLID_ANGLE_UNIT ( ) );
#10459 = ORIENTED_EDGE ( 'NONE', *, *, #5743, .T. ) ;
#10460 = FACE_OUTER_BOUND ( 'NONE', #7052, .T. ) ;
#10461 = DIRECTION ( 'NONE',  ( -1.000000000000000000, 0.0000000000000000000, 0.0000000000000000000 ) ) ;
#10462 = CARTESIAN_POINT ( 'NONE',  ( -0.2965637545741610093, -3.153961609335209193, 0.9799999999999999822 ) ) ;
#10463 =( NAMED_UNIT ( * ) SI_UNIT ( $, .STERADIAN. ) SOLID_ANGLE_UNIT ( ) );
#10464 = B_SPLINE_SURFACE_WITH_KNOTS ( 'NONE', 3, 1, ( 
 ( #5967, #5303 ),
 ( #7140, #3409 ),
 ( #9098, #709 ),
 ( #7258, #7330 ) ),
 .UNSPECIFIED., .F., .F., .F.,
 ( 4, 4 ),
 ( 2, 2 ),
 ( 3.000000000000000000, 4.000000000000000000 ),
 ( 0.0000000000000000000, 1.000000000000000000 ),
 .UNSPECIFIED. ) ;
#10465 = EDGE_CURVE ( 'NONE', #6742, #12030, #8753, .T. ) ;
#10466 =( LENGTH_UNIT ( ) NAMED_UNIT ( * ) SI_UNIT ( .MILLI., .METRE. ) );
#10467 = UNCERTAINTY_MEASURE_WITH_UNIT (LENGTH_MEASURE( 1.000000000000000082E-05 ), #8969, 'distance_accuracy_value', 'NONE');
#10468 = VERTEX_POINT ( 'NONE', #4161 ) ;
#10469 = EDGE_CURVE ( 'NONE', #6943, #2035, #1302, .T. ) ;
#10470 = CARTESIAN_POINT ( 'NONE',  ( -0.9779691050322590895, -2.810945472742220286, 0.9810000000000000941 ) ) ;
#10471 = EDGE_CURVE ( 'NONE', #5121, #6254, #10242, .T. ) ;
#10472 = CARTESIAN_POINT ( 'NONE',  ( -1.142510795289743974, -3.127031879302791140, 0.9810000000000000941 ) ) ;
#10473 =( NAMED_UNIT ( * ) PLANE_ANGLE_UNIT ( ) SI_UNIT ( $, .RADIAN. ) );
#10474 = ADVANCED_FACE ( 'NONE', ( #7032 ), #11652, .F. ) ;
#10475 = PRESENTATION_STYLE_ASSIGNMENT (( #3015 ) ) ;
#10476 = VERTEX_POINT ( 'NONE', #10954 ) ;
#10477 =( NAMED_UNIT ( * ) SI_UNIT ( $, .STERADIAN. ) SOLID_ANGLE_UNIT ( ) );
#10478 = CARTESIAN_POINT ( 'NONE',  ( -0.6743597934671352601, -3.299631693411562150, 0.9810000000000000941 ) ) ;
#10479 = FILL_AREA_STYLE ('',( #2142 ) ) ;
#10480 = VERTEX_POINT ( 'NONE', #3619 ) ;
#10481 =( NAMED_UNIT ( * ) SI_UNIT ( $, .STERADIAN. ) SOLID_ANGLE_UNIT ( ) );
#10482 = ORIENTED_EDGE ( 'NONE', *, *, #7742, .F. ) ;
#10483 = CARTESIAN_POINT ( 'NONE',  ( -3.227279220613582744, 3.799999999999999822, 0.7515432893255039604 ) ) ;
#10484 = CARTESIAN_POINT ( 'NONE',  ( -0.9879507810293111092, -3.329992624568071768, 0.9810000000000000941 ) ) ;
#10485 = PLANE ( 'NONE',  #10383 ) ;
#10486 = FILL_AREA_STYLE_COLOUR ( '', #3207 ) ;
#10487 = SURFACE_STYLE_FILL_AREA ( #6452 ) ;
#10488 = ADVANCED_FACE ( 'NONE', ( #5558 ), #9783, .T. ) ;
#10489 = EDGE_LOOP ( 'NONE', ( #2360, #8743, #8068, #4133 ) ) ;
#10490 = CARTESIAN_POINT ( 'NONE',  ( -1.026941702891116748, -2.909930426376465373, 0.9799999999999999822 ) ) ;
#10491 = FILL_AREA_STYLE ('',( #2279 ) ) ;
#10492 =( LENGTH_UNIT ( ) NAMED_UNIT ( * ) SI_UNIT ( .MILLI., .METRE. ) );
#10493 = CARTESIAN_POINT ( 'NONE',  ( -0.8181063253984089956, -3.333839728858221996, 0.9810000000000000941 ) ) ;
#10494 = B_SPLINE_CURVE_WITH_KNOTS ( 'NONE', 3,
 ( #7847, #4143, #1201, #11790 ),
 .UNSPECIFIED., .F., .F.,
 ( 4, 4 ),
 ( 2.000000000000000000, 3.000000000000000000 ),
 .UNSPECIFIED. ) ;
#10495 = CARTESIAN_POINT ( 'NONE',  ( -0.7855619026180425957, -3.293393145913836140, 0.9799999999999999822 ) ) ;
#10496 = ORIENTED_EDGE ( 'NONE', *, *, #1562, .T. ) ;
#10497 = ORIENTED_EDGE ( 'NONE', *, *, #8733, .T. ) ;
#10498 = PLANE ( 'NONE',  #939 ) ;
#10499 = SURFACE_STYLE_FILL_AREA ( #8531 ) ;
#10500 = SURFACE_STYLE_USAGE ( .BOTH. , #5956 ) ;
#10501 = MECHANICAL_DESIGN_GEOMETRIC_PRESENTATION_REPRESENTATION (  '', ( #3668 ), #719 ) ;
#10502 = CYLINDRICAL_SURFACE ( 'NONE', #8239, 0.7800000000000000266 ) ;
#10503 = ORIENTED_EDGE ( 'NONE', *, *, #10831, .F. ) ;
#10504 = COLOUR_RGB ( '',0.0000000000000000000, 0.0000000000000000000, 0.0000000000000000000 ) ;
#10505 = AXIS2_PLACEMENT_3D ( 'NONE', #2200, #2324, #6927 ) ;
#10506 = EDGE_LOOP ( 'NONE', ( #8939, #8185, #2115, #8369 ) ) ;
#10507 = DIRECTION ( 'NONE',  ( 0.3667976789509255764, 0.9303007377811831624, -0.0000000000000000000 ) ) ;
#10508 = CARTESIAN_POINT ( 'NONE',  ( -2.675735931288071079, 3.799999999999999822, 0.7800000000000008038 ) ) ;
#10509 = CARTESIAN_POINT ( 'NONE',  ( -0.8339626336221952485, -3.007771646301291568, 0.9810000000000000941 ) ) ;
#10510 = DIRECTION ( 'NONE',  ( -0.0000000000000000000, -0.0000000000000000000, -1.000000000000000000 ) ) ;
#10511 = DIRECTION ( 'NONE',  ( -0.0000000000000000000, -0.0000000000000000000, -1.000000000000000000 ) ) ;
#10512 = EDGE_LOOP ( 'NONE', ( #11723, #2634, #3734, #9341 ) ) ;
#10513 = SURFACE_STYLE_FILL_AREA ( #3843 ) ;
#10514 = LINE ( 'NONE', #4811, #3369 ) ;
#10515 = LINE ( 'NONE', #2124, #2104 ) ;
#10516 = LINE ( 'NONE', #6917, #4432 ) ;
#10517 = VECTOR ( 'NONE', #3727, 1000.000000000000000 ) ;
#10518 = STYLED_ITEM ( 'NONE', ( #3370 ), #3596 ) ;
#10519 = EDGE_LOOP ( 'NONE', ( #8692, #11320, #8010, #3327 ) ) ;
#10520 = DIRECTION ( 'NONE',  ( 1.000000000000000000, -0.0000000000000000000, -0.0000000000000000000 ) ) ;
#10521 = B_SPLINE_SURFACE_WITH_KNOTS ( 'NONE', 3, 1, ( 
 ( #9345, #7602 ),
 ( #10376, #110 ),
 ( #8589, #1073 ),
 ( #2978, #4737 ) ),
 .UNSPECIFIED., .F., .F., .F.,
 ( 4, 4 ),
 ( 2, 2 ),
 ( 7.000000000000000000, 8.000000000000000000 ),
 ( 0.0000000000000000000, 1.000000000000000000 ),
 .UNSPECIFIED. ) ;
#10522 = CARTESIAN_POINT ( 'NONE',  ( -0.5857984129452561417, -2.811114433403949064, 0.9810000000000000941 ) ) ;
#10523 = CARTESIAN_POINT ( 'NONE',  ( -1.601161745072399167, -3.241462710728314267, 0.9810000000000000941 ) ) ;
#10524 = STYLED_ITEM ( 'NONE', ( #8071 ), #1638 ) ;
#10525 = CARTESIAN_POINT ( 'NONE',  ( -0.1633707654932584075, -3.153025827211590304, 0.9810000000000000941 ) ) ;
#10526 = CARTESIAN_POINT ( 'NONE',  ( -0.1601995038493300716, -3.167270510664148553, 0.9800000000000002043 ) ) ;
#10527 = VECTOR ( 'NONE', #11641, 1000.000000000000000 ) ;
#10528 = FACE_OUTER_BOUND ( 'NONE', #6297, .T. ) ;
#10529 = ORIENTED_EDGE ( 'NONE', *, *, #9670, .F. ) ;
#10530 = CARTESIAN_POINT ( 'NONE',  ( -1.502834628505179682, -3.242908675834546894, 0.9799999999999999822 ) ) ;
#10531 = ADVANCED_FACE ( 'NONE', ( #9114 ), #4524, .F. ) ;
#10532 = CARTESIAN_POINT ( 'NONE',  ( -1.570796036554218844, -3.242908675834546894, 0.9799999999999999822 ) ) ;
#10533 = CARTESIAN_POINT ( 'NONE',  ( -0.6291823120047380646, -2.827789550986767431, 0.9810000000000000941 ) ) ;
#10534 = CARTESIAN_POINT ( 'NONE',  ( -0.7021733177294906536, -3.398824598628831239, 0.9800000000000002043 ) ) ;
#10535 = EDGE_CURVE ( 'NONE', #1768, #9932, #12068, .T. ) ;
#10536 = CARTESIAN_POINT ( 'NONE',  ( -0.6849133363181991729, -3.383332205675342763, 0.9810000000000000941 ) ) ;
#10537 = ORIENTED_EDGE ( 'NONE', *, *, #4331, .T. ) ;
#10538 = CARTESIAN_POINT ( 'NONE',  ( -0.8873542026252231318, -2.803771143119492049, 0.9800000000000002043 ) ) ;
#10539 = EDGE_CURVE ( 'NONE', #9523, #1409, #7504, .T. ) ;
#10540 = CARTESIAN_POINT ( 'NONE',  ( -1.773234185274330743, -3.267490413606325195, 0.9810000000000000941 ) ) ;
#10541 = EDGE_LOOP ( 'NONE', ( #672, #5323, #7160, #7230 ) ) ;
#10542 = CARTESIAN_POINT ( 'NONE',  ( 7.500000000000000000, 3.799999999999999822, 0.0000000000000000000 ) ) ;
#10543 = FACE_OUTER_BOUND ( 'NONE', #9815, .T. ) ;
#10544 = LINE ( 'NONE', #206, #5863 ) ;
#10545 = EDGE_LOOP ( 'NONE', ( #10743, #5904, #11549, #7169 ) ) ;
#10546 = CARTESIAN_POINT ( 'NONE',  ( -1.900481045253495260, -2.806220573765509929, 0.9810000000000000941 ) ) ;
#10547 = CARTESIAN_POINT ( 'NONE',  ( -0.2256002767859923985, -3.330408527734124657, 0.9810000000000000941 ) ) ;
#10548 =( NAMED_UNIT ( * ) PLANE_ANGLE_UNIT ( ) SI_UNIT ( $, .RADIAN. ) );
#10549 = B_SPLINE_CURVE_WITH_KNOTS ( 'NONE', 3,
 ( #8211, #11806, #4384, #4264 ),
 .UNSPECIFIED., .F., .F.,
 ( 4, 4 ),
 ( 1.000000000000000000, 2.000000000000000000 ),
 .UNSPECIFIED. ) ;
#10550 =( LENGTH_UNIT ( ) NAMED_UNIT ( * ) SI_UNIT ( .MILLI., .METRE. ) );
#10551 = B_SPLINE_CURVE_WITH_KNOTS ( 'NONE', 3,
 ( #3047, #7617, #1140, #4867 ),
 .UNSPECIFIED., .F., .F.,
 ( 4, 4 ),
 ( 0.0000000000000000000, 1.000000000000000000 ),
 .UNSPECIFIED. ) ;
#10552 = EDGE_CURVE ( 'NONE', #747, #11176, #8004, .T. ) ;
#10553 = ADVANCED_FACE ( 'NONE', ( #11447 ), #2062, .F. ) ;
#10554 = VECTOR ( 'NONE', #2996, 1000.000000000000000 ) ;
#10555 = AXIS2_PLACEMENT_3D ( 'NONE', #7130, #10859, #2470 ) ;
#10556 = CARTESIAN_POINT ( 'NONE',  ( -1.579471882353748136, -3.331113871176612840, 0.9810000000000000941 ) ) ;
#10557 = ORIENTED_EDGE ( 'NONE', *, *, #3009, .F. ) ;
#10558 = VERTEX_POINT ( 'NONE', #5734 ) ;
#10559 = CARTESIAN_POINT ( 'NONE',  ( -2.140514893504466887, -3.157595383127700384, 0.9810000000000000941 ) ) ;
#10560 =( NAMED_UNIT ( * ) PLANE_ANGLE_UNIT ( ) SI_UNIT ( $, .RADIAN. ) );
#10561 = CARTESIAN_POINT ( 'NONE',  ( -1.919278895018924569, -3.227002839023036085, 0.9800000000000002043 ) ) ;
#10562 = CARTESIAN_POINT ( 'NONE',  ( -0.9926816795480085664, -3.248579579720348498, 0.9810000000000000941 ) ) ;
#10563 = CARTESIAN_POINT ( 'NONE',  ( -2.675735931288072411, -3.799999999999999822, 0.1999999999999998723 ) ) ;
#10564 = STYLED_ITEM ( 'NONE', ( #6127 ), #10200 ) ;
#10565 = PRESENTATION_LAYER_ASSIGNMENT (  '', '', ( #791 ) ) ;
#10566 = EDGE_CURVE ( 'NONE', #4960, #8077, #8622, .T. ) ;
#10567 = FACE_OUTER_BOUND ( 'NONE', #5736, .T. ) ;
#10568 = CARTESIAN_POINT ( 'NONE',  ( -0.2546095226514470955, -3.330408527734125101, 0.9799999999999999822 ) ) ;
#10569 = VERTEX_POINT ( 'NONE', #3959 ) ;
#10570 = AXIS2_PLACEMENT_3D ( 'NONE', #11540, #1912, #5646 ) ;
#10571 = MECHANICAL_DESIGN_GEOMETRIC_PRESENTATION_REPRESENTATION (  '', ( #1972 ), #4890 ) ;
#10572 = EDGE_LOOP ( 'NONE', ( #2542, #10650, #1376, #1200 ) ) ;
#10573 = COLOUR_RGB ( '',0.6470588235294117974, 0.6196078431372549211, 0.5882352941176470784 ) ;
#10574 = CARTESIAN_POINT ( 'NONE',  ( -2.118825085945855058, -2.891533818206630357, 0.9800000000000002043 ) ) ;
#10575 = SURFACE_STYLE_USAGE ( .BOTH. , #4991 ) ;
#10576 = DIRECTION ( 'NONE',  ( -0.9903286039881273872, -0.1387416884823255425, -0.0000000000000000000 ) ) ;
#10577 = CARTESIAN_POINT ( 'NONE',  ( -0.8746691560460573278, -2.974187465603711278, 0.9810000000000000941 ) ) ;
#10578 =( LENGTH_UNIT ( ) NAMED_UNIT ( * ) SI_UNIT ( .MILLI., .METRE. ) );
#10579 = LINE ( 'NONE', #9604, #5629 ) ;
#10580 = ORIENTED_EDGE ( 'NONE', *, *, #4203, .F. ) ;
#10581 = CARTESIAN_POINT ( 'NONE',  ( -0.7409043001118279514, -3.396745082795791237, 0.9810000000000000941 ) ) ;
#10582 = LINE ( 'NONE', #6846, #8223 ) ;
#10583 = DIRECTION ( 'NONE',  ( 0.9306703226357522230, 0.3658589216693574619, -0.0000000000000000000 ) ) ;
#10584 = VECTOR ( 'NONE', #6640, 1000.000000000000000 ) ;
#10585 = CARTESIAN_POINT ( 'NONE',  ( -0.1294746574211336765, -3.251802829261419170, 0.9810000000000000941 ) ) ;
#10586 = MECHANICAL_DESIGN_GEOMETRIC_PRESENTATION_REPRESENTATION (  '', ( #11577 ), #4896 ) ;
#10587 = VECTOR ( 'NONE', #11683, 1000.000000000000000 ) ;
#10588 = UNCERTAINTY_MEASURE_WITH_UNIT (LENGTH_MEASURE( 1.000000000000000082E-05 ), #2203, 'distance_accuracy_value', 'NONE');
#10589 = ORIENTED_EDGE ( 'NONE', *, *, #4098, .F. ) ;
#10590 = SURFACE_SIDE_STYLE ('',( #1453 ) ) ;
#10591 = CARTESIAN_POINT ( 'NONE',  ( -0.3263008309802120088, -3.007771646301291568, 0.9800000000000002043 ) ) ;
#10592 = LINE ( 'NONE', #2258, #3336 ) ;
#10593 = CARTESIAN_POINT ( 'NONE',  ( -1.398723541192248954, -3.189407167072192628, 0.9799999999999999822 ) ) ;
#10594 = CARTESIAN_POINT ( 'NONE',  ( -0.7594119910226668768, -3.290897726914749022, 0.9810000000000000941 ) ) ;
#10595 = MECHANICAL_DESIGN_GEOMETRIC_PRESENTATION_REPRESENTATION (  '', ( #9618 ), #11584 ) ;
#10596 =( NAMED_UNIT ( * ) PLANE_ANGLE_UNIT ( ) SI_UNIT ( $, .RADIAN. ) );
#10597 =( NAMED_UNIT ( * ) SI_UNIT ( $, .STERADIAN. ) SOLID_ANGLE_UNIT ( ) );
#10598 = EDGE_LOOP ( 'NONE', ( #2828, #6672, #1273, #3993 ) ) ;
#10599 = DIRECTION ( 'NONE',  ( -0.0000000000000000000, -0.0000000000000000000, -1.000000000000000000 ) ) ;
#10600 = SURFACE_SIDE_STYLE ('',( #2957 ) ) ;
#10601 = CARTESIAN_POINT ( 'NONE',  ( -0.6849133363181991729, -3.383332205675342763, 0.9800000000000002043 ) ) ;
#10602 = SURFACE_SIDE_STYLE ('',( #2266 ) ) ;
#10603 = PRESENTATION_STYLE_ASSIGNMENT (( #7810 ) ) ;
#10604 = ORIENTED_EDGE ( 'NONE', *, *, #3656, .T. ) ;
#10605 =( GEOMETRIC_REPRESENTATION_CONTEXT ( 3 ) GLOBAL_UNCERTAINTY_ASSIGNED_CONTEXT ( ( #5111 ) ) GLOBAL_UNIT_ASSIGNED_CONTEXT ( ( #8505, #8634, #253 ) ) REPRESENTATION_CONTEXT ( 'NONE', 'WORKASPACE' ) );
#10606 = PLANE ( 'NONE',  #7936 ) ;
#10607 = MECHANICAL_DESIGN_GEOMETRIC_PRESENTATION_REPRESENTATION (  '', ( #2582 ), #11600 ) ;
#10608 = SURFACE_STYLE_USAGE ( .BOTH. , #3201 ) ;
#10609 = EDGE_LOOP ( 'NONE', ( #4724, #4475, #2263, #7738 ) ) ;
#10610 = PRESENTATION_STYLE_ASSIGNMENT (( #6874 ) ) ;
#10611 = DIRECTION ( 'NONE',  ( -0.0000000000000000000, -0.0000000000000000000, -1.000000000000000000 ) ) ;
#10612 = CARTESIAN_POINT ( 'NONE',  ( -0.9449048032936280261, -3.312940594740499733, 0.9800000000000002043 ) ) ;
#10613 = PRESENTATION_STYLE_ASSIGNMENT (( #7765 ) ) ;
#10614 = SURFACE_SIDE_STYLE ('',( #5942 ) ) ;
#10615 = ORIENTED_EDGE ( 'NONE', *, *, #3683, .T. ) ;
#10616 =( LENGTH_UNIT ( ) NAMED_UNIT ( * ) SI_UNIT ( .MILLI., .METRE. ) );
#10617 = PLANE ( 'NONE',  #10289 ) ;
#10618 = CARTESIAN_POINT ( 'NONE',  ( -0.7148063764122076780, -3.376989682386107194, 0.9800000000000002043 ) ) ;
#10619 = EDGE_CURVE ( 'NONE', #9230, #3555, #5844, .T. ) ;
#10620 = VECTOR ( 'NONE', #8508, 1000.000000000000000 ) ;
#10621 = MECHANICAL_DESIGN_GEOMETRIC_PRESENTATION_REPRESENTATION (  '', ( #3006 ), #5717 ) ;
#10622 = PRESENTATION_LAYER_ASSIGNMENT (  '', '', ( #7472 ) ) ;
#10623 = DIRECTION ( 'NONE',  ( -0.0000000000000000000, -0.0000000000000000000, -1.000000000000000000 ) ) ;
#10624 = EDGE_CURVE ( 'NONE', #2347, #551, #8487, .T. ) ;
#10625 = ADVANCED_FACE ( 'NONE', ( #2940 ), #1167, .T. ) ;
#10626 = LINE ( 'NONE', #6997, #8788 ) ;
#10627 = STYLED_ITEM ( 'NONE', ( #722 ), #2540 ) ;
#10628 = ORIENTED_EDGE ( 'NONE', *, *, #3266, .T. ) ;
#10629 = ORIENTED_EDGE ( 'NONE', *, *, #11527, .F. ) ;
#10630 = PRESENTATION_LAYER_ASSIGNMENT (  '', '', ( #4359 ) ) ;
#10631 =( GEOMETRIC_REPRESENTATION_CONTEXT ( 3 ) GLOBAL_UNCERTAINTY_ASSIGNED_CONTEXT ( ( #9390 ) ) GLOBAL_UNIT_ASSIGNED_CONTEXT ( ( #2389, #5445, #1467 ) ) REPRESENTATION_CONTEXT ( 'NONE', 'WORKASPACE' ) );
#10632 = DIRECTION ( 'NONE',  ( -0.0000000000000000000, -0.0000000000000000000, -1.000000000000000000 ) ) ;
#10633 = CARTESIAN_POINT ( 'NONE',  ( -0.9175071821987060838, -3.271454253879594098, 0.9810000000000000941 ) ) ;
#10634 = CARTESIAN_POINT ( 'NONE',  ( -0.9356509578385598935, -3.308989514658840836, 0.9810000000000000941 ) ) ;
#10635 = CARTESIAN_POINT ( 'NONE',  ( -0.5556194394245878021, -2.859710119017364160, 0.9810000000000000941 ) ) ;
#10636 = EDGE_CURVE ( 'NONE', #3724, #6327, #5128, .T. ) ;
#10637 = EDGE_CURVE ( 'NONE', #3074, #7398, #2180, .T. ) ;
#10638 = DIRECTION ( 'NONE',  ( 0.0000000000000000000, 0.0000000000000000000, 1.000000000000000000 ) ) ;
#10639 = MECHANICAL_DESIGN_GEOMETRIC_PRESENTATION_REPRESENTATION (  '', ( #861 ), #8875 ) ;
#10640 = VERTEX_POINT ( 'NONE', #11570 ) ;
#10641 = ADVANCED_BREP_SHAPE_REPRESENTATION ( 'R5930', ( #5565, #1872 ), #9887 ) ;
#10642 = ORIENTED_EDGE ( 'NONE', *, *, #9814, .F. ) ;
#10643 = SURFACE_SIDE_STYLE ('',( #3170 ) ) ;
#10644 =( NAMED_UNIT ( * ) SI_UNIT ( $, .STERADIAN. ) SOLID_ANGLE_UNIT ( ) );
#10645 = LINE ( 'NONE', #7785, #10554 ) ;
#10646 = LINE ( 'NONE', #1447, #9419 ) ;
#10647 = CARTESIAN_POINT ( 'NONE',  ( -0.5843687458098730803, -2.977514690936292840, 0.9800000000000002043 ) ) ;
#10648 = EDGE_CURVE ( 'NONE', #928, #7195, #10816, .T. ) ;
#10649 =( LENGTH_UNIT ( ) NAMED_UNIT ( * ) SI_UNIT ( .MILLI., .METRE. ) );
#10650 = ORIENTED_EDGE ( 'NONE', *, *, #11398, .F. ) ;
#10651 = CARTESIAN_POINT ( 'NONE',  ( -0.9445408880226360271, -3.181827121492629473, 0.9800000000000002043 ) ) ;
#10652 = FILL_AREA_STYLE ('',( #7021 ) ) ;
#10653 = VERTEX_POINT ( 'NONE', #11636 ) ;
#10654 = CARTESIAN_POINT ( 'NONE',  ( -0.6726441929057808133, -3.352347419768366255, 0.9810000000000000941 ) ) ;
#10655 = DIRECTION ( 'NONE',  ( 0.3658589216693574064, -0.9306703226357521119, -0.0000000000000000000 ) ) ;
#10656 = CARTESIAN_POINT ( 'NONE',  ( -1.887467193814489574, -3.339789882455566961, 0.9800000000000002043 ) ) ;
#10657 = LINE ( 'NONE', #8882, #5997 ) ;
#10658 = ORIENTED_EDGE ( 'NONE', *, *, #9129, .T. ) ;
#10659 = LINE ( 'NONE', #5211, #11183 ) ;
#10660 = UNCERTAINTY_MEASURE_WITH_UNIT (LENGTH_MEASURE( 1.000000000000000082E-05 ), #1350, 'distance_accuracy_value', 'NONE');
#10661 = CARTESIAN_POINT ( 'NONE',  ( -1.567904051181016722, -3.242908675834546894, 0.9810000000000000941 ) ) ;
#10662 = DIRECTION ( 'NONE',  ( -0.7071067811865507924, 0.0000000000000000000, 0.7071067811865441310 ) ) ;
#10663 = ORIENTED_EDGE ( 'NONE', *, *, #1955, .T. ) ;
#10664 = PRESENTATION_STYLE_ASSIGNMENT (( #5871 ) ) ;
#10665 = CARTESIAN_POINT ( 'NONE',  ( -0.7264516650755532545, -3.376989682386107194, 0.9810000000000000941 ) ) ;
#10666 = DIRECTION ( 'NONE',  ( -1.000000000000000000, 0.0000000000000000000, 0.0000000000000000000 ) ) ;
#10667 = VERTEX_POINT ( 'NONE', #2426 ) ;
#10668 = CARTESIAN_POINT ( 'NONE',  ( -0.9175071821987060838, -3.307949756742321057, 0.9810000000000000941 ) ) ;
#10669 = CYLINDRICAL_SURFACE ( 'NONE', #7250, 0.7799999999999999156 ) ;
#10670 = VERTEX_POINT ( 'NONE', #7901 ) ;
#10671 = DIRECTION ( 'NONE',  ( 0.0000000000000000000, 0.0000000000000000000, 1.000000000000000000 ) ) ;
#10672 = CARTESIAN_POINT ( 'NONE',  ( -0.1673218455763031964, -3.167270510664148553, 0.9800000000000002043 ) ) ;
#10673 = SURFACE_STYLE_USAGE ( .BOTH. , #334 ) ;
#10674 = B_SPLINE_CURVE_WITH_KNOTS ( 'NONE', 3,
 ( #11090, #9190, #3500, #7227 ),
 .UNSPECIFIED., .F., .F.,
 ( 4, 4 ),
 ( 11.00000000000000000, 12.00000000000000000 ),
 .UNSPECIFIED. ) ;
#10675 = LINE ( 'NONE', #2281, #7673 ) ;
#10676 = ORIENTED_EDGE ( 'NONE', *, *, #9953, .F. ) ;
#10677 = VERTEX_POINT ( 'NONE', #8739 ) ;
#10678 = SURFACE_SIDE_STYLE ('',( #7000 ) ) ;
#10679 = ADVANCED_FACE ( 'NONE', ( #4209 ), #3172, .F. ) ;
#10680 = CARTESIAN_POINT ( 'NONE',  ( -0.9806204877193099856, -3.275405333961253440, 0.9800000000000002043 ) ) ;
#10681 = SURFACE_SIDE_STYLE ('',( #1075 ) ) ;
#10682 = CARTESIAN_POINT ( 'NONE',  ( -1.008745939355516041, -3.291521581663829910, 0.9810000000000000941 ) ) ;
#10683 = EDGE_CURVE ( 'NONE', #1998, #4233, #6154, .T. ) ;
#10684 =( NAMED_UNIT ( * ) SI_UNIT ( $, .STERADIAN. ) SOLID_ANGLE_UNIT ( ) );
#10685 = EDGE_CURVE ( 'NONE', #711, #10060, #10646, .T. ) ;
#10686 = FILL_AREA_STYLE ('',( #1492 ) ) ;
#10687 = B_SPLINE_CURVE_WITH_KNOTS ( 'NONE', 3,
 ( #7978, #11760, #7864, #3353 ),
 .UNSPECIFIED., .F., .F.,
 ( 4, 4 ),
 ( 4.000000000000000000, 5.000000000000000000 ),
 .UNSPECIFIED. ) ;
#10688 = LINE ( 'NONE', #2296, #7956 ) ;
#10689 = VERTEX_POINT ( 'NONE', #10695 ) ;
#10690 = ADVANCED_FACE ( 'NONE', ( #5058 ), #10464, .T. ) ;
#10691 = VERTEX_POINT ( 'NONE', #11124 ) ;
#10692 = STYLED_ITEM ( 'NONE', ( #6659 ), #6945 ) ;
#10693 =( NAMED_UNIT ( * ) PLANE_ANGLE_UNIT ( ) SI_UNIT ( $, .RADIAN. ) );
#10694 = CARTESIAN_POINT ( 'NONE',  ( -0.5092982242513865998, -3.007771646301291124, 0.9799999999999999822 ) ) ;
#10695 = CARTESIAN_POINT ( 'NONE',  ( -0.3755333683171586112, -3.330408527734124657, 0.9799999999999999822 ) ) ;
#10696 = CARTESIAN_POINT ( 'NONE',  ( -0.7308706362197150419, -3.398824598628831239, 0.9800000000000002043 ) ) ;
#10697 = VERTEX_POINT ( 'NONE', #3537 ) ;
#10698 = CARTESIAN_POINT ( 'NONE',  ( -0.1490740941435531042, -3.127031879302791140, 0.9810000000000000941 ) ) ;
#10699 = DIRECTION ( 'NONE',  ( 1.000000000000000000, -0.0000000000000000000, -0.0000000000000000000 ) ) ;
#10700 =( NAMED_UNIT ( * ) SI_UNIT ( $, .STERADIAN. ) SOLID_ANGLE_UNIT ( ) );
#10701 = B_SPLINE_SURFACE_WITH_KNOTS ( 'NONE', 3, 1, ( 
 ( #6332, #1179 ),
 ( #1068, #213 ),
 ( #7541, #11299 ),
 ( #155, #6770 ) ),
 .UNSPECIFIED., .F., .F., .F.,
 ( 4, 4 ),
 ( 2, 2 ),
 ( 4.000000000000000000, 5.000000000000000000 ),
 ( 0.0000000000000000000, 1.000000000000000000 ),
 .UNSPECIFIED. ) ;
#10702 = UNCERTAINTY_MEASURE_WITH_UNIT (LENGTH_MEASURE( 1.000000000000000082E-05 ), #3909, 'distance_accuracy_value', 'NONE');
#10703 = ORIENTED_EDGE ( 'NONE', *, *, #2459, .T. ) ;
#10704 = COLOUR_RGB ( '',0.9686274509803921573, 0.8784313725490195957, 0.5999999999999999778 ) ;
#10705 = COLOUR_RGB ( '',0.0000000000000000000, 0.0000000000000000000, 0.0000000000000000000 ) ;
#10706 = CARTESIAN_POINT ( 'NONE',  ( -0.8348464278514439174, -3.260120892592178077, 0.9810000000000000941 ) ) ;
#10707 = EDGE_CURVE ( 'NONE', #8513, #11057, #11972, .T. ) ;
#10708 = EDGE_CURVE ( 'NONE', #8150, #6856, #5546, .T. ) ;
#10709 = UNCERTAINTY_MEASURE_WITH_UNIT (LENGTH_MEASURE( 1.000000000000000082E-05 ), #2404, 'distance_accuracy_value', 'NONE');
#10710 = CARTESIAN_POINT ( 'NONE',  ( -0.9175071821987060838, -3.257521497800196286, 0.9810000000000000941 ) ) ;
#10711 = DIRECTION ( 'NONE',  ( 1.000000000000000000, -0.0000000000000000000, -0.0000000000000000000 ) ) ;
#10712 = CARTESIAN_POINT ( 'NONE',  ( -3.623086578651014023, 3.799999999999999822, 0.7800000000000008038 ) ) ;
#10713 = CARTESIAN_POINT ( 'NONE',  ( -1.725516619677668562, -2.836586302968011619, 0.9810000000000000941 ) ) ;
#10714 = AXIS2_PLACEMENT_3D ( 'NONE', #6540, #7439, #165 ) ;
#10715 = VECTOR ( 'NONE', #3107, 1000.000000000000000 ) ;
#10716 = VERTEX_POINT ( 'NONE', #9951 ) ;
#10717 =( LENGTH_UNIT ( ) NAMED_UNIT ( * ) SI_UNIT ( .MILLI., .METRE. ) );
#10718 = FILL_AREA_STYLE_COLOUR ( '', #4581 ) ;
#10719 = FILL_AREA_STYLE_COLOUR ( '', #239 ) ;
#10720 = FACE_OUTER_BOUND ( 'NONE', #8061, .T. ) ;
#10721 = VECTOR ( 'NONE', #4345, 1000.000000000000000 ) ;
#10722 = ORIENTED_EDGE ( 'NONE', *, *, #10767, .F. ) ;
#10723 = LINE ( 'NONE', #12078, #10727 ) ;
#10724 = COLOUR_RGB ( '',0.0000000000000000000, 0.0000000000000000000, 0.0000000000000000000 ) ;
#10725 = MECHANICAL_DESIGN_GEOMETRIC_PRESENTATION_REPRESENTATION (  '', ( #11901 ), #754 ) ;
#10726 = STYLED_ITEM ( 'NONE', ( #4825 ), #7116 ) ;
#10727 = VECTOR ( 'NONE', #6234, 1000.000000000000000 ) ;
#10728 = FACE_OUTER_BOUND ( 'NONE', #10598, .T. ) ;
#10729 = PRESENTATION_STYLE_ASSIGNMENT (( #5219 ) ) ;
#10730 = DIRECTION ( 'NONE',  ( -1.000000000000000000, 0.0000000000000000000, 0.0000000000000000000 ) ) ;
#10731 = CARTESIAN_POINT ( 'NONE',  ( -0.7663783690616760014, -3.188273620574769485, 0.9800000000000002043 ) ) ;
#10732 = LINE ( 'NONE', #454, #7627 ) ;
#10733 = ORIENTED_EDGE ( 'NONE', *, *, #891, .F. ) ;
#10734 = SURFACE_SIDE_STYLE ('',( #10906 ) ) ;
#10735 =( GEOMETRIC_REPRESENTATION_CONTEXT ( 3 ) GLOBAL_UNCERTAINTY_ASSIGNED_CONTEXT ( ( #9287 ) ) GLOBAL_UNIT_ASSIGNED_CONTEXT ( ( #6824, #10548, #8719 ) ) REPRESENTATION_CONTEXT ( 'NONE', 'WORKASPACE' ) );
#10736 = STYLED_ITEM ( 'NONE', ( #10257 ), #1931 ) ;
#10737 = FILL_AREA_STYLE_COLOUR ( '', #28 ) ;
#10738 = CARTESIAN_POINT ( 'NONE',  ( -1.725516619677668562, -2.836586302968011619, 0.9810000000000000941 ) ) ;
#10739 = AXIS2_PLACEMENT_3D ( 'NONE', #2629, #8979, #4516 ) ;
#10740 = CARTESIAN_POINT ( 'NONE',  ( -0.9449048032936280261, -3.312940594740499733, 0.9800000000000002043 ) ) ;
#10741 = LINE ( 'NONE', #10556, #6828 ) ;
#10742 = VERTEX_POINT ( 'NONE', #4572 ) ;
#10743 = ORIENTED_EDGE ( 'NONE', *, *, #1045, .T. ) ;
#10744 = MECHANICAL_DESIGN_GEOMETRIC_PRESENTATION_REPRESENTATION (  '', ( #5052 ), #10931 ) ;
#10745 =( LENGTH_UNIT ( ) NAMED_UNIT ( * ) SI_UNIT ( .MILLI., .METRE. ) );
#10746 = SURFACE_SIDE_STYLE ('',( #4198 ) ) ;
#10747 = CARTESIAN_POINT ( 'NONE',  ( -0.5704879776276085002, -2.846921096647376803, 0.9800000000000002043 ) ) ;
#10748 =( LENGTH_UNIT ( ) NAMED_UNIT ( * ) SI_UNIT ( .MILLI., .METRE. ) );
#10749 = LINE ( 'NONE', #7953, #7001 ) ;
#10750 = STYLED_ITEM ( 'NONE', ( #9943 ), #11974 ) ;
#10751 = CARTESIAN_POINT ( 'NONE',  ( -0.2934964687217503365, -3.226848639269142005, 0.9810000000000000941 ) ) ;
#10752 = VERTEX_POINT ( 'NONE', #8083 ) ;
#10753 = EDGE_CURVE ( 'NONE', #1845, #8831, #2620, .T. ) ;
#10754 = ORIENTED_EDGE ( 'NONE', *, *, #8188, .T. ) ;
#10755 = FILL_AREA_STYLE_COLOUR ( '', #8447 ) ;
#10756 = CARTESIAN_POINT ( 'NONE',  ( -0.8746691560460576609, -2.836731469066607225, 0.9810000000000000941 ) ) ;
#10757 = CARTESIAN_POINT ( 'NONE',  ( -0.4220105471776305905, -2.844633629231312355, 0.9800000000000002043 ) ) ;
#10758 = ORIENTED_EDGE ( 'NONE', *, *, #971, .T. ) ;
#10759 = DIRECTION ( 'NONE',  ( 0.8840949502478813171, 0.4673073067545553960, 0.0000000000000000000 ) ) ;
#10760 = SURFACE_SIDE_STYLE ('',( #5258 ) ) ;
#10761 = PRODUCT_DEFINITION_SHAPE ( 'NONE', 'NONE',  #10894 ) ;
#10762 = SURFACE_STYLE_USAGE ( .BOTH. , #306 ) ;
#10763 = EDGE_LOOP ( 'NONE', ( #10331, #3936, #4662, #5131 ) ) ;
#10764 = STYLED_ITEM ( 'NONE', ( #9193 ), #10315 ) ;
#10765 = LINE ( 'NONE', #11458, #2920 ) ;
#10766 =( GEOMETRIC_REPRESENTATION_CONTEXT ( 3 ) GLOBAL_UNCERTAINTY_ASSIGNED_CONTEXT ( ( #5709 ) ) GLOBAL_UNIT_ASSIGNED_CONTEXT ( ( #8433, #10473, #4713 ) ) REPRESENTATION_CONTEXT ( 'NONE', 'WORKASPACE' ) );
#10767 = EDGE_CURVE ( 'NONE', #10691, #9303, #7091, .T. ) ;
#10768 = DIRECTION ( 'NONE',  ( -0.8863488427958615690, -0.4630180653866943219, 0.0000000000000000000 ) ) ;
#10769 = CARTESIAN_POINT ( 'NONE',  ( -0.6861610458177462846, -3.007771646301291568, 0.9810000000000000941 ) ) ;
#10770 = CARTESIAN_POINT ( 'NONE',  ( -0.4524234662298953769, -2.929165947827201855, 0.9810000000000000941 ) ) ;
#10771 = FILL_AREA_STYLE_COLOUR ( '', #1181 ) ;
#10772 =( NAMED_UNIT ( * ) SI_UNIT ( $, .STERADIAN. ) SOLID_ANGLE_UNIT ( ) );
#10773 = ORIENTED_EDGE ( 'NONE', *, *, #1046, .F. ) ;
#10774 = CARTESIAN_POINT ( 'NONE',  ( -0.6728001565930520345, -3.294536879621864145, 0.9810000000000000941 ) ) ;
#10775 = UNCERTAINTY_MEASURE_WITH_UNIT (LENGTH_MEASURE( 1.000000000000000082E-05 ), #5897, 'distance_accuracy_value', 'NONE');
#10776 = CARTESIAN_POINT ( 'NONE',  ( -1.570796036554218844, -3.242908675834546894, 0.9810000000000000941 ) ) ;
#10777 = DIRECTION ( 'NONE',  ( 1.000000000000000000, -0.0000000000000000000, -0.0000000000000000000 ) ) ;
#10778 = VECTOR ( 'NONE', #9723, 1000.000000000000000 ) ;
#10779 = EDGE_CURVE ( 'NONE', #9218, #4464, #810, .T. ) ;
#10780 = DIRECTION ( 'NONE',  ( -0.0000000000000000000, -0.0000000000000000000, -1.000000000000000000 ) ) ;
#10781 = EDGE_CURVE ( 'NONE', #501, #1139, #4629, .T. ) ;
#10782 = CARTESIAN_POINT ( 'NONE',  ( -0.8445161764732593834, -3.308365659908373946, 0.9799999999999999822 ) ) ;
#10783 = ORIENTED_EDGE ( 'NONE', *, *, #11472, .T. ) ;
#10784 = CARTESIAN_POINT ( 'NONE',  ( -0.3152274091715781545, -3.286010864708079460, 0.9800000000000002043 ) ) ;
#10785 = STYLED_ITEM ( 'NONE', ( #5500 ), #760 ) ;
#10786 =( NAMED_UNIT ( * ) SI_UNIT ( $, .STERADIAN. ) SOLID_ANGLE_UNIT ( ) );
#10787 = CARTESIAN_POINT ( 'NONE',  ( -0.7679380059364522282, -3.266879319047467867, 0.9799999999999999822 ) ) ;
#10788 = DIRECTION ( 'NONE',  ( 0.0000000000000000000, 0.0000000000000000000, 1.000000000000000000 ) ) ;
#10789 =( NAMED_UNIT ( * ) SI_UNIT ( $, .STERADIAN. ) SOLID_ANGLE_UNIT ( ) );
#10790 = SURFACE_STYLE_USAGE ( .BOTH. , #10614 ) ;
#10791 = VERTEX_POINT ( 'NONE', #2742 ) ;
#10792 = CARTESIAN_POINT ( 'NONE',  ( -0.9211463349058286454, -3.293289170122325693, 0.9810000000000000941 ) ) ;
#10793 = FILL_AREA_STYLE ('',( #7303 ) ) ;
#10794 = CARTESIAN_POINT ( 'NONE',  ( -0.3553100768456650127, -3.007771646301291568, 0.9810000000000000941 ) ) ;
#10795 = MECHANICAL_DESIGN_GEOMETRIC_PRESENTATION_REPRESENTATION (  '', ( #6696 ), #6088 ) ;
#10796 = ORIENTED_EDGE ( 'NONE', *, *, #154, .T. ) ;
#10797 = ORIENTED_EDGE ( 'NONE', *, *, #10090, .F. ) ;
#10798 = SURFACE_STYLE_USAGE ( .BOTH. , #8072 ) ;
#10799 = COLOUR_RGB ( '',0.9686274509803921573, 0.8784313725490195957, 0.5999999999999999778 ) ;
#10800 = PLANE ( 'NONE',  #1358 ) ;
#10801 = DIRECTION ( 'NONE',  ( 0.0000000000000000000, -1.000000000000000000, 0.0000000000000000000 ) ) ;
#10802 = ORIENTED_EDGE ( 'NONE', *, *, #8893, .F. ) ;
#10803 = SURFACE_STYLE_USAGE ( .BOTH. , #3328 ) ;
#10804 = MECHANICAL_DESIGN_GEOMETRIC_PRESENTATION_REPRESENTATION (  '', ( #4545 ), #4153 ) ;
#10805 = CARTESIAN_POINT ( 'NONE',  ( -0.7877453942418992661, -3.283203518334449011, 0.9810000000000000941 ) ) ;
#10806 = FACE_OUTER_BOUND ( 'NONE', #2868, .T. ) ;
#10807 = MECHANICAL_DESIGN_GEOMETRIC_PRESENTATION_REPRESENTATION (  '', ( #4547 ), #3956 ) ;
#10808 =( LENGTH_UNIT ( ) NAMED_UNIT ( * ) SI_UNIT ( .MILLI., .METRE. ) );
#10809 = VERTEX_POINT ( 'NONE', #8139 ) ;
#10810 = VECTOR ( 'NONE', #7498, 1000.000000000000000 ) ;
#10811 = ORIENTED_EDGE ( 'NONE', *, *, #4386, .T. ) ;
#10812 = VECTOR ( 'NONE', #10441, 1000.000000000000000 ) ;
#10813 = VERTEX_POINT ( 'NONE', #1690 ) ;
#10814 = FILL_AREA_STYLE_COLOUR ( '', #4310 ) ;
#10815 =( NAMED_UNIT ( * ) SI_UNIT ( $, .STERADIAN. ) SOLID_ANGLE_UNIT ( ) );
#10816 = B_SPLINE_CURVE_WITH_KNOTS ( 'NONE', 3,
 ( #5909, #11803, #2363, #7078 ),
 .UNSPECIFIED., .F., .F.,
 ( 4, 4 ),
 ( 2.000000000000000000, 3.000000000000000000 ),
 .UNSPECIFIED. ) ;
#10817 =( NAMED_UNIT ( * ) PLANE_ANGLE_UNIT ( ) SI_UNIT ( $, .RADIAN. ) );
#10819 = MECHANICAL_DESIGN_GEOMETRIC_PRESENTATION_REPRESENTATION (  '', ( #10627 ), #8454 ) ;
#10818 = FACE_OUTER_BOUND ( 'NONE', #3901, .T. ) ;
#10820 = ORIENTED_EDGE ( 'NONE', *, *, #2997, .F. ) ;
#10821 = CARTESIAN_POINT ( 'NONE',  ( -0.8077087462353104153, -2.892878396548892006, 0.9799999999999999822 ) ) ;
#10822 = CARTESIAN_POINT ( 'NONE',  ( -0.7679380059364522282, -3.266879319047467867, 0.9810000000000000941 ) ) ;
#10823 = CARTESIAN_POINT ( 'NONE',  ( -1.985794282800996902, -2.866952039066210212, 0.9810000000000000941 ) ) ;
#10824 = VECTOR ( 'NONE', #4484, 1000.000000000000000 ) ;
#10825 = AXIS2_PLACEMENT_3D ( 'NONE', #4217, #8983, #3550 ) ;
#10826 = UNCERTAINTY_MEASURE_WITH_UNIT (LENGTH_MEASURE( 1.000000000000000082E-05 ), #5786, 'distance_accuracy_value', 'NONE');
#10827 = ORIENTED_EDGE ( 'NONE', *, *, #7766, .F. ) ;
#10828 = PRESENTATION_LAYER_ASSIGNMENT (  '', '', ( #2622 ) ) ;
#10829 = ORIENTED_EDGE ( 'NONE', *, *, #4994, .T. ) ;
#10830 = AXIS2_PLACEMENT_3D ( 'NONE', #11387, #2998, #6736 ) ;
#10831 = EDGE_CURVE ( 'NONE', #2482, #830, #10875, .T. ) ;
#10832 = FILL_AREA_STYLE_COLOUR ( '', #7807 ) ;
#10833 = ORIENTED_EDGE ( 'NONE', *, *, #3009, .T. ) ;
#10834 = DIRECTION ( 'NONE',  ( -0.0000000000000000000, -0.0000000000000000000, -1.000000000000000000 ) ) ;
#10835 = PRESENTATION_STYLE_ASSIGNMENT (( #2329 ) ) ;
#10836 = LINE ( 'NONE', #4285, #8325 ) ;
#10837 = CARTESIAN_POINT ( 'NONE',  ( -0.4802889783873196539, -3.215515277981726872, 0.9800000000000002043 ) ) ;
#10838 = EDGE_CURVE ( 'NONE', #1509, #6111, #9163, .T. ) ;
#10839 = MECHANICAL_DESIGN_GEOMETRIC_PRESENTATION_REPRESENTATION (  '', ( #7501 ), #2234 ) ;
#10840 = EDGE_CURVE ( 'NONE', #2781, #3387, #4313, .T. ) ;
#10841 = ORIENTED_EDGE ( 'NONE', *, *, #8048, .F. ) ;
#10842 = CARTESIAN_POINT ( 'NONE',  ( -1.849871494282939066, -2.770070892776653082, 0.9810000000000000941 ) ) ;
#10843 = SURFACE_STYLE_USAGE ( .BOTH. , #681 ) ;
#10844 = EDGE_CURVE ( 'NONE', #8838, #6680, #4011, .T. ) ;
#10845 =( NAMED_UNIT ( * ) SI_UNIT ( $, .STERADIAN. ) SOLID_ANGLE_UNIT ( ) );
#10846 = CARTESIAN_POINT ( 'NONE',  ( -0.4186833218450503602, -2.830388945777369880, 0.9810000000000000941 ) ) ;
#10847 = SURFACE_STYLE_USAGE ( .BOTH. , #684 ) ;
#10848 = CARTESIAN_POINT ( 'NONE',  ( -1.773234185274330743, -3.277612334832853858, 0.9800000000000002043 ) ) ;
#10849 = CARTESIAN_POINT ( 'NONE',  ( -0.9626846636624908360, -3.333839728858221996, 0.9810000000000000941 ) ) ;
#10850 = ORIENTED_EDGE ( 'NONE', *, *, #3811, .F. ) ;
#10851 = PLANE ( 'NONE',  #1630 ) ;
#10852 = CARTESIAN_POINT ( 'NONE',  ( -0.9634644820995278414, -3.181827121492629473, 0.9799999999999999822 ) ) ;
#10853 = UNCERTAINTY_MEASURE_WITH_UNIT (LENGTH_MEASURE( 1.000000000000000082E-05 ), #10108, 'distance_accuracy_value', 'NONE');
#10854 = CARTESIAN_POINT ( 'NONE',  ( -0.8032897750911421886, -3.202518304027323737, 0.9799999999999999822 ) ) ;
#10855 = SURFACE_SIDE_STYLE ('',( #7125 ) ) ;
#10856 = ORIENTED_EDGE ( 'NONE', *, *, #2835, .T. ) ;
#10857 = ORIENTED_EDGE ( 'NONE', *, *, #3867, .F. ) ;
#10858 = EDGE_CURVE ( 'NONE', #8489, #1558, #5410, .T. ) ;
#10859 = DIRECTION ( 'NONE',  ( -1.000000000000000000, 0.0000000000000000000, 0.0000000000000000000 ) ) ;
#10860 =( LENGTH_UNIT ( ) NAMED_UNIT ( * ) SI_UNIT ( .MILLI., .METRE. ) );
#10861 =( NAMED_UNIT ( * ) PLANE_ANGLE_UNIT ( ) SI_UNIT ( $, .RADIAN. ) );
#10862 = CARTESIAN_POINT ( 'NONE',  ( -1.116256907902850815, -3.307221926200337059, 0.9810000000000000941 ) ) ;
#10863 = ORIENTED_EDGE ( 'NONE', *, *, #1104, .T. ) ;
#10864 = FILL_AREA_STYLE_COLOUR ( '', #6462 ) ;
#10865 = SURFACE_SIDE_STYLE ('',( #7135 ) ) ;
#10866 =( NAMED_UNIT ( * ) SI_UNIT ( $, .STERADIAN. ) SOLID_ANGLE_UNIT ( ) );
#10867 = PRESENTATION_LAYER_ASSIGNMENT (  '', '', ( #7717 ) ) ;
#10868 = FACE_OUTER_BOUND ( 'NONE', #4729, .T. ) ;
#10869 = ORIENTED_EDGE ( 'NONE', *, *, #3124, .F. ) ;
#10870 = LINE ( 'NONE', #648, #8466 ) ;
#10871 = ORIENTED_EDGE ( 'NONE', *, *, #4262, .T. ) ;
#10872 = SURFACE_SIDE_STYLE ('',( #6210 ) ) ;
#10873 = FACE_OUTER_BOUND ( 'NONE', #7315, .T. ) ;
#10874 = CARTESIAN_POINT ( 'NONE',  ( -0.8007943560920566251, -3.333839728858221996, 0.9810000000000000941 ) ) ;
#10875 = LINE ( 'NONE', #894, #2972 ) ;
#10876 =( LENGTH_UNIT ( ) NAMED_UNIT ( * ) SI_UNIT ( .MILLI., .METRE. ) );
#10877 = VERTEX_POINT ( 'NONE', #10014 ) ;
#10878 = CARTESIAN_POINT ( 'NONE',  ( -0.8920331132488581449, -3.330408527734124657, 0.9810000000000000941 ) ) ;
#10879 = EDGE_LOOP ( 'NONE', ( #9933, #11843, #8921, #4101 ) ) ;
#10880 = CARTESIAN_POINT ( 'NONE',  ( -0.5699161107728969444, -2.963373983275247703, 0.9810000000000000941 ) ) ;
#10881 = EDGE_LOOP ( 'NONE', ( #11867, #10642, #4904, #2479 ) ) ;
#10882 = EDGE_LOOP ( 'NONE', ( #1109, #3548, #7586, #10827, #7963, #2906, #3614, #3885, #679, #4996, #6092, #1071 ) ) ;
#10883 = PRESENTATION_STYLE_ASSIGNMENT (( #1510 ) ) ;
#10884 = CARTESIAN_POINT ( 'NONE',  ( -0.9175071821987060838, -3.330408527734124657, 0.9810000000000000941 ) ) ;
#10885 = CARTESIAN_POINT ( 'NONE',  ( -1.530308351650157661, -2.825018409740929659, 0.9810000000000000941 ) ) ;
#10886 =( LENGTH_UNIT ( ) NAMED_UNIT ( * ) SI_UNIT ( .MILLI., .METRE. ) );
#10887 = DIRECTION ( 'NONE',  ( 0.7071067811865442421, -0.0000000000000000000, 0.7071067811865509034 ) ) ;
#10888 = LINE ( 'NONE', #2640, #8536 ) ;
#10889 = VERTEX_POINT ( 'NONE', #6397 ) ;
#10890 =( NAMED_UNIT ( * ) SI_UNIT ( $, .STERADIAN. ) SOLID_ANGLE_UNIT ( ) );
#10891 = DIRECTION ( 'NONE',  ( -0.0000000000000000000, -0.0000000000000000000, -1.000000000000000000 ) ) ;
#10892 = DIRECTION ( 'NONE',  ( 0.0000000000000000000, 0.0000000000000000000, 1.000000000000000000 ) ) ;
#10893 = ORIENTED_EDGE ( 'NONE', *, *, #10637, .T. ) ;
#10894 = PRODUCT_DEFINITION ( '未知', '', #6164, #474 ) ;
#10895 = CARTESIAN_POINT ( 'NONE',  ( -0.9993881181082362453, -2.882792744759634651, 0.9800000000000002043 ) ) ;
#10896 = CARTESIAN_POINT ( 'NONE',  ( -2.231612129378391263, -3.039024506848854834, 0.9799999999999999822 ) ) ;
#10897 = MECHANICAL_DESIGN_GEOMETRIC_PRESENTATION_REPRESENTATION (  '', ( #1515 ), #8341 ) ;
#10898 = PRESENTATION_STYLE_ASSIGNMENT (( #1715 ) ) ;
#10899 = VECTOR ( 'NONE', #10194, 1000.000000000000000 ) ;
#10900 = EDGE_CURVE ( 'NONE', #6949, #8956, #10143, .T. ) ;
#10901 = CARTESIAN_POINT ( 'NONE',  ( -0.6302220699198716192, -3.007771646301292012, 0.9810000000000000941 ) ) ;
#10902 = EDGE_CURVE ( 'NONE', #10290, #4617, #4893, .T. ) ;
#10903 =( NAMED_UNIT ( * ) PLANE_ANGLE_UNIT ( ) SI_UNIT ( $, .RADIAN. ) );
#10904 = CARTESIAN_POINT ( 'NONE',  ( -0.7292070235534214850, -2.827789550986767431, 0.9810000000000000941 ) ) ;
#10905 = ORIENTED_EDGE ( 'NONE', *, *, #5872, .F. ) ;
#10906 = SURFACE_STYLE_FILL_AREA ( #6944 ) ;
#10907 = LINE ( 'NONE', #2657, #479 ) ;
#10908 = SURFACE_STYLE_USAGE ( .BOTH. , #7301 ) ;
#10909 =( NAMED_UNIT ( * ) SI_UNIT ( $, .STERADIAN. ) SOLID_ANGLE_UNIT ( ) );
#10910 = MECHANICAL_DESIGN_GEOMETRIC_PRESENTATION_REPRESENTATION (  '', ( #2722 ), #2501 ) ;
#10911 = AXIS2_PLACEMENT_3D ( 'NONE', #6139, #10801, #7065 ) ;
#10912 =( GEOMETRIC_REPRESENTATION_CONTEXT ( 3 ) GLOBAL_UNCERTAINTY_ASSIGNED_CONTEXT ( ( #11982 ) ) GLOBAL_UNIT_ASSIGNED_CONTEXT ( ( #10578, #2246, #3285 ) ) REPRESENTATION_CONTEXT ( 'NONE', 'WORKASPACE' ) );
#10913 = VECTOR ( 'NONE', #9122, 1000.000000000000000 ) ;
#10914 = FILL_AREA_STYLE ('',( #11841 ) ) ;
#10915 = VERTEX_POINT ( 'NONE', #3658 ) ;
#10916 = ORIENTED_EDGE ( 'NONE', *, *, #11906, .F. ) ;
#10917 = CARTESIAN_POINT ( 'NONE',  ( -1.116256907902850815, -3.215515277981726872, 0.9800000000000002043 ) ) ;
#10918 = SURFACE_STYLE_USAGE ( .BOTH. , #4244 ) ;
#10919 = EDGE_CURVE ( 'NONE', #7269, #1187, #4920, .T. ) ;
#10920 = PRESENTATION_STYLE_ASSIGNMENT (( #8122 ) ) ;
#10921 = LINE ( 'NONE', #4196, #7268 ) ;
#10922 =( GEOMETRIC_REPRESENTATION_CONTEXT ( 3 ) GLOBAL_UNCERTAINTY_ASSIGNED_CONTEXT ( ( #9248 ) ) GLOBAL_UNIT_ASSIGNED_CONTEXT ( ( #8960, #1435, #4247 ) ) REPRESENTATION_CONTEXT ( 'NONE', 'WORKASPACE' ) );
#10923 = CARTESIAN_POINT ( 'NONE',  ( -1.398723541192248954, -3.130121687562049448, 0.9810000000000000941 ) ) ;
#10924 = CARTESIAN_POINT ( 'NONE',  ( -2.055201697326993315, -3.328221885802723268, 0.9810000000000000941 ) ) ;
#10925 = DIRECTION ( 'NONE',  ( 0.0000000000000000000, 0.0000000000000000000, 1.000000000000000000 ) ) ;
#10926 = CARTESIAN_POINT ( 'NONE',  ( -0.6797145467369921645, -3.294328928038837923, 0.9810000000000000941 ) ) ;
#10927 = EDGE_CURVE ( 'NONE', #10152, #7959, #10322, .T. ) ;
#10928 = EDGE_LOOP ( 'NONE', ( #8214, #532, #5551, #6667 ) ) ;
#10929 = CARTESIAN_POINT ( 'NONE',  ( -1.615621561618332702, -3.083850031912276357, 0.9810000000000000941 ) ) ;
#10930 = EDGE_CURVE ( 'NONE', #9954, #1825, #954, .T. ) ;
#10931 =( GEOMETRIC_REPRESENTATION_CONTEXT ( 3 ) GLOBAL_UNCERTAINTY_ASSIGNED_CONTEXT ( ( #11228 ) ) GLOBAL_UNIT_ASSIGNED_CONTEXT ( ( #1079, #11494, #409 ) ) REPRESENTATION_CONTEXT ( 'NONE', 'WORKASPACE' ) );
#10932 = ORIENTED_EDGE ( 'NONE', *, *, #4620, .F. ) ;
#10933 = CARTESIAN_POINT ( 'NONE',  ( -0.4180594670959714154, -2.830388945777370324, 0.9810000000000000941 ) ) ;
#10934 = CARTESIAN_POINT ( 'NONE',  ( -0.4802889783873196539, -3.215515277981726872, 0.9810000000000000941 ) ) ;
#10935 = CARTESIAN_POINT ( 'NONE',  ( -0.7663783690616761124, -3.188273620574769485, 0.9799999999999999822 ) ) ;
#10936 = CARTESIAN_POINT ( 'NONE',  ( -0.8501308692212133922, -3.247331870220810046, 0.9799999999999999822 ) ) ;
#10937 = EDGE_CURVE ( 'NONE', #5680, #10089, #9479, .T. ) ;
#10938 = ORIENTED_EDGE ( 'NONE', *, *, #7619, .F. ) ;
#10939 =( GEOMETRIC_REPRESENTATION_CONTEXT ( 3 ) GLOBAL_UNCERTAINTY_ASSIGNED_CONTEXT ( ( #5986 ) ) GLOBAL_UNIT_ASSIGNED_CONTEXT ( ( #6169, #1647, #10953 ) ) REPRESENTATION_CONTEXT ( 'NONE', 'WORKASPACE' ) );
#10940 = CARTESIAN_POINT ( 'NONE',  ( -1.919278895018924569, -3.227002839023036085, 0.9810000000000000941 ) ) ;
#10941 = CARTESIAN_POINT ( 'NONE',  ( -1.443549121416401793, -3.238570725354417590, 0.9810000000000000941 ) ) ;
#10942 = CARTESIAN_POINT ( 'NONE',  ( -0.3157992760262828269, -3.169557978080211225, 0.9810000000000000941 ) ) ;
#10943 = COLOUR_RGB ( '',0.0000000000000000000, 0.0000000000000000000, 0.0000000000000000000 ) ;
#10944 = UNCERTAINTY_MEASURE_WITH_UNIT (LENGTH_MEASURE( 1.000000000000000082E-05 ), #6837, 'distance_accuracy_value', 'NONE');
#10945 = ORIENTED_EDGE ( 'NONE', *, *, #5428, .T. ) ;
#10946 = CARTESIAN_POINT ( 'NONE',  ( -2.675735931288071079, -3.799999999999999822, 0.5000000000000000000 ) ) ;
#10947 = ORIENTED_EDGE ( 'NONE', *, *, #9269, .F. ) ;
#10948 = VECTOR ( 'NONE', #5190, 1000.000000000000000 ) ;
#10949 = VECTOR ( 'NONE', #9102, 1000.000000000000000 ) ;
#10950 = ORIENTED_EDGE ( 'NONE', *, *, #11832, .T. ) ;
#10951 = CARTESIAN_POINT ( 'NONE',  ( -2.207030346789430553, -2.979739027338710766, 0.9800000000000002043 ) ) ;
#10952 = FILL_AREA_STYLE ('',( #1645 ) ) ;
#10953 =( NAMED_UNIT ( * ) SI_UNIT ( $, .STERADIAN. ) SOLID_ANGLE_UNIT ( ) );
#10954 = CARTESIAN_POINT ( 'NONE',  ( -0.4186833218450503602, -2.830388945777369880, 0.9810000000000000941 ) ) ;
#10955 = ORIENTED_EDGE ( 'NONE', *, *, #10996, .T. ) ;
#10956 = CARTESIAN_POINT ( 'NONE',  ( -0.8501308692212133922, -3.247331870220810046, 0.9799999999999999822 ) ) ;
#10957 = SURFACE_STYLE_FILL_AREA ( #7035 ) ;
#10958 = CARTESIAN_POINT ( 'NONE',  ( -0.1213645456747888818, -3.274781479212180990, 0.9810000000000000941 ) ) ;
#10959 = MECHANICAL_DESIGN_GEOMETRIC_PRESENTATION_REPRESENTATION (  '', ( #3908 ), #5668 ) ;
#10960 = ORIENTED_EDGE ( 'NONE', *, *, #7903, .T. ) ;
#10961 = B_SPLINE_CURVE_WITH_KNOTS ( 'NONE', 3,
 ( #11858, #9950, #5251, #2424 ),
 .UNSPECIFIED., .F., .F.,
 ( 4, 4 ),
 ( 19.00000000000000000, 20.00000000000000000 ),
 .UNSPECIFIED. ) ;
#10962 = CARTESIAN_POINT ( 'NONE',  ( -0.7176657106822849075, -3.185154346825209704, 0.9800000000000002043 ) ) ;
#10963 = CARTESIAN_POINT ( 'NONE',  ( -0.8339626336221952485, -3.007771646301291568, 0.9810000000000000941 ) ) ;
#10964 = PRESENTATION_LAYER_ASSIGNMENT (  '', '', ( #3923 ) ) ;
#10965 = COLOUR_RGB ( '',0.0000000000000000000, 0.0000000000000000000, 0.0000000000000000000 ) ;
#10966 = PLANE ( 'NONE',  #2353 ) ;
#10967 = ORIENTED_EDGE ( 'NONE', *, *, #1100, .T. ) ;
#10968 = ORIENTED_EDGE ( 'NONE', *, *, #1309, .F. ) ;
#10969 = CARTESIAN_POINT ( 'NONE',  ( -1.917832902331976896, -3.426549002369938535, 0.9799999999999999822 ) ) ;
#10970 =( LENGTH_UNIT ( ) NAMED_UNIT ( * ) SI_UNIT ( .MILLI., .METRE. ) );
#10971 = SURFACE_STYLE_FILL_AREA ( #5116 ) ;
#10972 = B_SPLINE_CURVE_WITH_KNOTS ( 'NONE', 3,
 ( #10846, #7046, #8057, #3204 ),
 .UNSPECIFIED., .F., .F.,
 ( 4, 4 ),
 ( 3.000000000000000000, 4.000000000000000000 ),
 .UNSPECIFIED. ) ;
#10973 = CARTESIAN_POINT ( 'NONE',  ( -1.494158672385574205, -3.331113871176613284, 0.9799999999999999822 ) ) ;
#10974 = CARTESIAN_POINT ( 'NONE',  ( -0.3841633590238469620, -2.929165947827201855, 0.9810000000000000941 ) ) ;
#10975 =( GEOMETRIC_REPRESENTATION_CONTEXT ( 3 ) GLOBAL_UNCERTAINTY_ASSIGNED_CONTEXT ( ( #1265 ) ) GLOBAL_UNIT_ASSIGNED_CONTEXT ( ( #10616, #8579, #1236 ) ) REPRESENTATION_CONTEXT ( 'NONE', 'WORKASPACE' ) );
#10976 = STYLED_ITEM ( 'NONE', ( #2020 ), #2316 ) ;
#10977 = MECHANICAL_DESIGN_GEOMETRIC_PRESENTATION_REPRESENTATION (  '', ( #2559 ), #10382 ) ;
#10978 =( NAMED_UNIT ( * ) PLANE_ANGLE_UNIT ( ) SI_UNIT ( $, .RADIAN. ) );
#10979 = ORIENTED_EDGE ( 'NONE', *, *, #11743, .T. ) ;
#10980 = ORIENTED_EDGE ( 'NONE', *, *, #7042, .F. ) ;
#10981 = CARTESIAN_POINT ( 'NONE',  ( -0.5512524561754880148, -2.979282279394789512, 0.9799999999999999822 ) ) ;
#10982 = FACE_OUTER_BOUND ( 'NONE', #7061, .T. ) ;
#10983 =( LENGTH_UNIT ( ) NAMED_UNIT ( * ) SI_UNIT ( .MILLI., .METRE. ) );
#10984 = CARTESIAN_POINT ( 'NONE',  ( -0.8311032993528110202, -3.222065752853989107, 0.9810000000000000941 ) ) ;
#10985 = CARTESIAN_POINT ( 'NONE',  ( -0.7003537413759325370, -3.356506451434439153, 0.9810000000000000941 ) ) ;
#10986 = ORIENTED_EDGE ( 'NONE', *, *, #11753, .F. ) ;
#10987 = AXIS2_PLACEMENT_3D ( 'NONE', #4604, #8372, #12087 ) ;
#10988 = ADVANCED_FACE ( 'NONE', ( #4683 ), #3890, .F. ) ;
#10989 = DIRECTION ( 'NONE',  ( 0.0000000000000000000, -0.0000000000000000000, -1.000000000000000000 ) ) ;
#10990 = CARTESIAN_POINT ( 'NONE',  ( -1.726962584784596855, -2.749827072733562972, 0.9799999999999999822 ) ) ;
#10991 = PRESENTATION_STYLE_ASSIGNMENT (( #7251 ) ) ;
#10992 = COLOUR_RGB ( '',0.0000000000000000000, 0.0000000000000000000, 0.0000000000000000000 ) ;
#10993 = ORIENTED_EDGE ( 'NONE', *, *, #6570, .F. ) ;
#10994 = FILL_AREA_STYLE_COLOUR ( '', #2221 ) ;
#10995 = EDGE_CURVE ( 'NONE', #9494, #10889, #3831, .T. ) ;
#10996 = EDGE_CURVE ( 'NONE', #261, #9078, #2117, .T. ) ;
#10997 = VERTEX_POINT ( 'NONE', #9414 ) ;
#10998 = COLOUR_RGB ( '',0.0000000000000000000, 0.0000000000000000000, 0.0000000000000000000 ) ;
#10999 = UNCERTAINTY_MEASURE_WITH_UNIT (LENGTH_MEASURE( 1.000000000000000082E-05 ), #5720, 'distance_accuracy_value', 'NONE');
#11000 = CARTESIAN_POINT ( 'NONE',  ( -1.585255853100152601, -2.777300828629293949, 0.9799999999999999822 ) ) ;
#11001 = EDGE_CURVE ( 'NONE', #10809, #4293, #9292, .T. ) ;
#11002 = AXIS2_PLACEMENT_3D ( 'NONE', #7899, #534, #5055 ) ;
#11003 = CARTESIAN_POINT ( 'NONE',  ( -0.7003537413759325370, -3.356506451434439153, 0.9810000000000000941 ) ) ;
#11004 = DIRECTION ( 'NONE',  ( -0.0000000000000000000, -0.0000000000000000000, -1.000000000000000000 ) ) ;
#11005 = CARTESIAN_POINT ( 'NONE',  ( -0.9469323312302121431, -3.202518304027323737, 0.9799999999999999822 ) ) ;
#11006 = CARTESIAN_POINT ( 'NONE',  ( -0.8549657435321196264, -3.240989346931574033, 0.9810000000000000941 ) ) ;
#11007 = ORIENTED_EDGE ( 'NONE', *, *, #5808, .T. ) ;
#11008 = DIRECTION ( 'NONE',  ( 1.000000000000000000, -0.0000000000000000000, -0.0000000000000000000 ) ) ;
#11009 = DIRECTION ( 'NONE',  ( 0.0000000000000000000, 1.000000000000000000, 0.0000000000000000000 ) ) ;
#11010 = PRESENTATION_STYLE_ASSIGNMENT (( #1754 ) ) ;
#11011 = B_SPLINE_SURFACE_WITH_KNOTS ( 'NONE', 3, 1, ( 
 ( #10546, #7715 ),
 ( #11359, #6767 ),
 ( #8520, #9700 ),
 ( #5770, #6705 ) ),
 .UNSPECIFIED., .F., .F., .F.,
 ( 4, 4 ),
 ( 2, 2 ),
 ( 3.000000000000000000, 4.000000000000000000 ),
 ( 0.0000000000000000000, 1.000000000000000000 ),
 .UNSPECIFIED. ) ;
#11012 = STYLED_ITEM ( 'NONE', ( #8145 ), #8374 ) ;
#11013 = MECHANICAL_DESIGN_GEOMETRIC_PRESENTATION_REPRESENTATION (  '', ( #2403 ), #5326 ) ;
#11014 = VERTEX_POINT ( 'NONE', #8472 ) ;
#11015 = MECHANICAL_DESIGN_GEOMETRIC_PRESENTATION_REPRESENTATION (  '', ( #3382 ), #2012 ) ;
#11016 = ORIENTED_EDGE ( 'NONE', *, *, #4016, .F. ) ;
#11017 = VERTEX_POINT ( 'NONE', #8593 ) ;
#11018 = PRESENTATION_LAYER_ASSIGNMENT (  '', '', ( #10627 ) ) ;
#11019 = EDGE_CURVE ( 'NONE', #12121, #1098, #113, .T. ) ;
#11020 = CARTESIAN_POINT ( 'NONE',  ( 0.0000000000000000000, 0.0000000000000000000, 0.9810000000000000941 ) ) ;
#11021 = SURFACE_STYLE_USAGE ( .BOTH. , #10156 ) ;
#11023 = CARTESIAN_POINT ( 'NONE',  ( -0.8339626336221954706, -3.007771646301291124, 0.9799999999999999822 ) ) ;
#11022 = COLOUR_RGB ( '',0.0000000000000000000, 0.0000000000000000000, 0.0000000000000000000 ) ;
#11024 = VECTOR ( 'NONE', #11923, 1000.000000000000227 ) ;
#11025 = PRESENTATION_STYLE_ASSIGNMENT (( #8095 ) ) ;
#11026 = EDGE_LOOP ( 'NONE', ( #3625, #720, #4080, #7795 ) ) ;
#11027 = CARTESIAN_POINT ( 'NONE',  ( -0.8032897750911421886, -3.202518304027323737, 0.9810000000000000941 ) ) ;
#11028 = CARTESIAN_POINT ( 'NONE',  ( -1.621405532364044610, -3.286288290951770108, 0.9810000000000000941 ) ) ;
#11029 = PLANE ( 'NONE',  #2911 ) ;
#11030 = ORIENTED_EDGE ( 'NONE', *, *, #11098, .F. ) ;
#11031 = CARTESIAN_POINT ( 'NONE',  ( -1.726962584784596855, -2.749827072733562972, 0.9810000000000000941 ) ) ;
#11032 = STYLED_ITEM ( 'NONE', ( #2873 ), #9268 ) ;
#11033 = CARTESIAN_POINT ( 'NONE',  ( -0.7409043001118278404, -3.396745082795791237, 0.9810000000000000941 ) ) ;
#11034 = CARTESIAN_POINT ( 'NONE',  ( -0.2658908960417202816, -3.226120808728545342, 0.9810000000000000941 ) ) ;
#11035 = FILL_AREA_STYLE_COLOUR ( '', #2958 ) ;
#11036 = STYLED_ITEM ( 'NONE', ( #6554 ), #3277 ) ;
#11037 = EDGE_LOOP ( 'NONE', ( #10217, #8156, #2240, #7909 ) ) ;
#11038 = VERTEX_POINT ( 'NONE', #2926 ) ;
#11039 = CARTESIAN_POINT ( 'NONE',  ( -0.6861610458177465066, -2.804394997869956274, 0.9799999999999999822 ) ) ;
#11040 = CARTESIAN_POINT ( 'NONE',  ( -0.5792739320201751863, -3.127031879302791140, 0.9810000000000000941 ) ) ;
#11041 = CARTESIAN_POINT ( 'NONE',  ( -0.6797145467369921645, -3.294328928038837923, 0.9800000000000002043 ) ) ;
#11042 = AXIS2_PLACEMENT_3D ( 'NONE', #2820, #5610, #9366 ) ;
#11043 = CARTESIAN_POINT ( 'NONE',  ( -0.3296800442085461302, -3.300151572370511932, 0.9800000000000002043 ) ) ;
#11044 = ORIENTED_EDGE ( 'NONE', *, *, #7469, .T. ) ;
#11045 = LINE ( 'NONE', #7358, #10327 ) ;
#11046 = CARTESIAN_POINT ( 'NONE',  ( -1.026941702891116748, -2.909930426376465373, 0.9810000000000000941 ) ) ;
#11047 = DIRECTION ( 'NONE',  ( -0.0000000000000000000, -0.0000000000000000000, -1.000000000000000000 ) ) ;
#11048 = FACE_OUTER_BOUND ( 'NONE', #5991, .T. ) ;
#11049 = SURFACE_SIDE_STYLE ('',( #3585 ) ) ;
#11050 = ORIENTED_EDGE ( 'NONE', *, *, #7090, .F. ) ;
#11051 = DIRECTION ( 'NONE',  ( -0.0000000000000000000, -1.000000000000000000, -0.0000000000000000000 ) ) ;
#11052 = LINE ( 'NONE', #11177, #6363 ) ;
#11053 = CARTESIAN_POINT ( 'NONE',  ( -3.071543289325503689, 3.799999999999999822, 0.2284567106744964660 ) ) ;
#11054 = FILL_AREA_STYLE_COLOUR ( '', #4455 ) ;
#11055 = ORIENTED_EDGE ( 'NONE', *, *, #1473, .F. ) ;
#11056 = SURFACE_SIDE_STYLE ('',( #2612 ) ) ;
#11057 = VERTEX_POINT ( 'NONE', #10444 ) ;
#11058 = DIRECTION ( 'NONE',  ( -0.0000000000000000000, -1.000000000000000000, -0.0000000000000000000 ) ) ;
#11059 = PLANE ( 'NONE',  #408 ) ;
#11060 = EDGE_CURVE ( 'NONE', #11146, #3468, #6351, .T. ) ;
#11061 = ADVANCED_FACE ( 'NONE', ( #5780 ), #4213, .F. ) ;
#11062 = DIRECTION ( 'NONE',  ( -0.0000000000000000000, -0.0000000000000000000, -1.000000000000000000 ) ) ;
#11063 = CARTESIAN_POINT ( 'NONE',  ( -1.452225022375277952, -2.939251397593995563, 0.9810000000000000941 ) ) ;
#11064 = VERTEX_POINT ( 'NONE', #6896 ) ;
#11065 = DIRECTION ( 'NONE',  ( -0.9910683662997867849, -0.1333547648937655483, 0.0000000000000000000 ) ) ;
#11066 = DIRECTION ( 'NONE',  ( -0.0000000000000000000, -0.0000000000000000000, -1.000000000000000000 ) ) ;
#11067 = CARTESIAN_POINT ( 'NONE',  ( -0.8156109063993235431, -3.313044570532008848, 0.9810000000000000941 ) ) ;
#11068 = ORIENTED_EDGE ( 'NONE', *, *, #5366, .T. ) ;
#11069 = EDGE_CURVE ( 'NONE', #11788, #1352, #11921, .T. ) ;
#11070 = SURFACE_SIDE_STYLE ('',( #2688 ) ) ;
#11071 = ORIENTED_EDGE ( 'NONE', *, *, #5368, .F. ) ;
#11072 = VERTEX_POINT ( 'NONE', #11670 ) ;
#11073 = SURFACE_SIDE_STYLE ('',( #7341 ) ) ;
#11074 = CARTESIAN_POINT ( 'NONE',  ( -0.1294746574211336765, -3.251802829261419170, 0.9800000000000002043 ) ) ;
#11075 = LINE ( 'NONE', #6354, #3363 ) ;
#11076 = FILL_AREA_STYLE_COLOUR ( '', #8162 ) ;
#11077 = PRESENTATION_STYLE_ASSIGNMENT (( #8290 ) ) ;
#11078 = DIRECTION ( 'NONE',  ( -0.0000000000000000000, 1.000000000000000000, -0.0000000000000000000 ) ) ;
#11079 = VERTEX_POINT ( 'NONE', #4415 ) ;
#11080 = CARTESIAN_POINT ( 'NONE',  ( -0.9626846636624908360, -3.333839728858221996, 0.9799999999999999822 ) ) ;
#11081 = SURFACE_STYLE_FILL_AREA ( #10102 ) ;
#11082 =( LENGTH_UNIT ( ) NAMED_UNIT ( * ) SI_UNIT ( .MILLI., .METRE. ) );
#11083 = FACE_OUTER_BOUND ( 'NONE', #3669, .T. ) ;
#11084 = UNCERTAINTY_MEASURE_WITH_UNIT (LENGTH_MEASURE( 1.000000000000000082E-05 ), #8314, 'distance_accuracy_value', 'NONE');
#11085 = VERTEX_POINT ( 'NONE', #11490 ) ;
#11086 = EDGE_CURVE ( 'NONE', #5373, #1712, #3095, .T. ) ;
#11087 = EDGE_CURVE ( 'NONE', #4821, #9531, #11334, .T. ) ;
#11088 = CARTESIAN_POINT ( 'NONE',  ( -1.900481045253495260, -2.806220573765509929, 0.9810000000000000941 ) ) ;
#11089 = CARTESIAN_POINT ( 'NONE',  ( -0.6291823120047380646, -2.827789550986767431, 0.9799999999999999822 ) ) ;
#11090 = CARTESIAN_POINT ( 'NONE',  ( -0.9469323312302121431, -3.202518304027323737, 0.9799999999999999822 ) ) ;
#11091 = PLANE ( 'NONE',  #10451 ) ;
#11092 = CARTESIAN_POINT ( 'NONE',  ( -0.1213645456747888818, -3.274781479212180990, 0.9810000000000000941 ) ) ;
#11093 = AXIS2_PLACEMENT_3D ( 'NONE', #6897, #528, #11671 ) ;
#11094 = ORIENTED_EDGE ( 'NONE', *, *, #9297, .F. ) ;
#11095 = SURFACE_STYLE_FILL_AREA ( #6372 ) ;
#11096 = DIRECTION ( 'NONE',  ( 0.0000000000000000000, -1.000000000000000000, 0.0000000000000000000 ) ) ;
#11097 =( GEOMETRIC_REPRESENTATION_CONTEXT ( 3 ) GLOBAL_UNCERTAINTY_ASSIGNED_CONTEXT ( ( #8359 ) ) GLOBAL_UNIT_ASSIGNED_CONTEXT ( ( #1772, #10104, #1710 ) ) REPRESENTATION_CONTEXT ( 'NONE', 'WORKASPACE' ) );
#11098 = EDGE_CURVE ( 'NONE', #11666, #9866, #8792, .T. ) ;
#11099 = SURFACE_STYLE_FILL_AREA ( #6441 ) ;
#11100 = DIRECTION ( 'NONE',  ( -0.0000000000000000000, -1.000000000000000000, -0.0000000000000000000 ) ) ;
#11101 = CARTESIAN_POINT ( 'NONE',  ( -0.8746691560460576609, -2.809281860076623172, 0.9810000000000000941 ) ) ;
#11102 = PRESENTATION_LAYER_ASSIGNMENT (  '', '', ( #10726 ) ) ;
#11103 = VECTOR ( 'NONE', #8631, 1000.000000000000000 ) ;
#11104 = CARTESIAN_POINT ( 'NONE',  ( -0.3498513477856780574, -3.307221926200337059, 0.9800000000000002043 ) ) ;
#11105 = ORIENTED_EDGE ( 'NONE', *, *, #5888, .F. ) ;
#11106 =( NAMED_UNIT ( * ) PLANE_ANGLE_UNIT ( ) SI_UNIT ( $, .RADIAN. ) );
#11107 = CARTESIAN_POINT ( 'NONE',  ( -1.949644631116431270, -3.227002839023036085, 0.9810000000000000941 ) ) ;
#11108 = FILL_AREA_STYLE_COLOUR ( '', #5548 ) ;
#11109 = FACE_OUTER_BOUND ( 'NONE', #3621, .T. ) ;
#11110 =( NAMED_UNIT ( * ) SI_UNIT ( $, .STERADIAN. ) SOLID_ANGLE_UNIT ( ) );
#11111 = ORIENTED_EDGE ( 'NONE', *, *, #5528, .F. ) ;
#11112 = B_SPLINE_SURFACE_WITH_KNOTS ( 'NONE', 3, 1, ( 
 ( #4282, #7983 ),
 ( #2506, #11763 ),
 ( #3358, #9685 ),
 ( #5009, #10038 ) ),
 .UNSPECIFIED., .F., .F., .F.,
 ( 4, 4 ),
 ( 2, 2 ),
 ( 3.000000000000000000, 4.000000000000000000 ),
 ( 0.0000000000000000000, 1.000000000000000000 ),
 .UNSPECIFIED. ) ;
#11113 = UNCERTAINTY_MEASURE_WITH_UNIT (LENGTH_MEASURE( 1.000000000000000082E-05 ), #6787, 'distance_accuracy_value', 'NONE');
#11114 =( GEOMETRIC_REPRESENTATION_CONTEXT ( 3 ) GLOBAL_UNCERTAINTY_ASSIGNED_CONTEXT ( ( #503 ) ) GLOBAL_UNIT_ASSIGNED_CONTEXT ( ( #10649, #9674, #7852 ) ) REPRESENTATION_CONTEXT ( 'NONE', 'WORKASPACE' ) );
#11115 = CARTESIAN_POINT ( 'NONE',  ( -1.498496622865703287, -3.331113871176612840, 0.9810000000000000941 ) ) ;
#11116 = ORIENTED_EDGE ( 'NONE', *, *, #7260, .F. ) ;
#11117 = CARTESIAN_POINT ( 'NONE',  ( -1.900481045253495260, -2.806220573765509929, 0.9810000000000000941 ) ) ;
#11118 = EDGE_LOOP ( 'NONE', ( #9764, #6409, #385, #469 ) ) ;
#11119 = B_SPLINE_CURVE_WITH_KNOTS ( 'NONE', 3,
 ( #5127, #8865, #1142, #2061 ),
 .UNSPECIFIED., .F., .F.,
 ( 4, 4 ),
 ( 17.00000000000000000, 18.00000000000000000 ),
 .UNSPECIFIED. ) ;
#11120 = COLOUR_RGB ( '',0.0000000000000000000, 0.0000000000000000000, 0.0000000000000000000 ) ;
#11121 = UNCERTAINTY_MEASURE_WITH_UNIT (LENGTH_MEASURE( 1.000000000000000082E-05 ), #6109, 'distance_accuracy_value', 'NONE');
#11122 = SURFACE_STYLE_USAGE ( .BOTH. , #706 ) ;
#11123 = CARTESIAN_POINT ( 'NONE',  ( -0.9829079551346840971, -3.296408443870491478, 0.9800000000000002043 ) ) ;
#11124 = CARTESIAN_POINT ( 'NONE',  ( -0.3152274091715781545, -3.286010864708079460, 0.9810000000000000941 ) ) ;
#11125 = ORIENTED_EDGE ( 'NONE', *, *, #8660, .T. ) ;
#11126 = CARTESIAN_POINT ( 'NONE',  ( -0.9309720472149166648, -3.011202847425386686, 0.9810000000000000941 ) ) ;
#11127 = CARTESIAN_POINT ( 'NONE',  ( -1.116256907902850815, -3.150426432419600076, 0.9810000000000000941 ) ) ;
#11128 = DIRECTION ( 'NONE',  ( 0.0000000000000000000, -0.0000000000000000000, -1.000000000000000000 ) ) ;
#11129 = COLOUR_RGB ( '',0.9686274509803921573, 0.8784313725490195957, 0.5999999999999999778 ) ;
#11130 = ORIENTED_EDGE ( 'NONE', *, *, #11019, .T. ) ;
#11131 = ADVANCED_FACE ( 'NONE', ( #6016 ), #9768, .F. ) ;
#11132 =( NAMED_UNIT ( * ) SI_UNIT ( $, .STERADIAN. ) SOLID_ANGLE_UNIT ( ) );
#11133 = ORIENTED_EDGE ( 'NONE', *, *, #9789, .T. ) ;
#11134 = ORIENTED_EDGE ( 'NONE', *, *, #4321, .T. ) ;
#11135 = DIRECTION ( 'NONE',  ( 0.0000000000000000000, 0.0000000000000000000, 1.000000000000000000 ) ) ;
#11136 = CARTESIAN_POINT ( 'NONE',  ( -0.8156109063993235431, -3.313044570532008848, 0.9810000000000000941 ) ) ;
#11137 = CARTESIAN_POINT ( 'NONE',  ( -1.495604637492501165, -2.856830131629684910, 0.9810000000000000941 ) ) ;
#11138 = MECHANICAL_DESIGN_GEOMETRIC_PRESENTATION_REPRESENTATION (  '', ( #7967 ), #6443 ) ;
#11139 = DIRECTION ( 'NONE',  ( -0.0000000000000000000, -0.0000000000000000000, -1.000000000000000000 ) ) ;
#11140 = SURFACE_SIDE_STYLE ('',( #2064 ) ) ;
#11141 = VERTEX_POINT ( 'NONE', #2893 ) ;
#11142 = CARTESIAN_POINT ( 'NONE',  ( 3.227279220613570310, 3.799999999999999822, 0.7515432893255098445 ) ) ;
#11143 = CARTESIAN_POINT ( 'NONE',  ( -0.9175071821987060838, -3.330408527734124657, 0.9800000000000002043 ) ) ;
#11144 = SURFACE_STYLE_USAGE ( .BOTH. , #1707 ) ;
#11145 = FILL_AREA_STYLE ('',( #6424 ) ) ;
#11146 = VERTEX_POINT ( 'NONE', #6373 ) ;
#11147 = VECTOR ( 'NONE', #5787, 1000.000000000000000 ) ;
#11148 = ADVANCED_FACE ( 'NONE', ( #9325 ), #11453, .F. ) ;
#11149 = VECTOR ( 'NONE', #11862, 1000.000000000000000 ) ;
#11150 = CARTESIAN_POINT ( 'NONE',  ( -0.9175071821987061949, -3.214371544273697090, 0.9810000000000000941 ) ) ;
#11151 = EDGE_CURVE ( 'NONE', #4771, #4578, #11161, .T. ) ;
#11152 = LINE ( 'NONE', #2831, #1401 ) ;
#11153 = FILL_AREA_STYLE_COLOUR ( '', #8695 ) ;
#11154 = LINE ( 'NONE', #5750, #33 ) ;
#11155 = DIRECTION ( 'NONE',  ( 0.0000000000000000000, 0.0000000000000000000, 1.000000000000000000 ) ) ;
#11156 = EDGE_CURVE ( 'NONE', #9652, #7886, #7299, .T. ) ;
#11157 = ADVANCED_FACE ( 'NONE', ( #7467 ), #869, .F. ) ;
#11158 = ORIENTED_EDGE ( 'NONE', *, *, #6886, .T. ) ;
#11159 = DIRECTION ( 'NONE',  ( -1.000000000000000000, 0.0000000000000000000, 0.0000000000000000000 ) ) ;
#11160 = CARTESIAN_POINT ( 'NONE',  ( -0.3426250302671859926, -3.127031879302791140, 0.9810000000000000941 ) ) ;
#11161 = LINE ( 'NONE', #2717, #3343 ) ;
#11162 = PRESENTATION_LAYER_ASSIGNMENT (  '', '', ( #4300 ) ) ;
#11163 = STYLED_ITEM ( 'NONE', ( #3268 ), #6263 ) ;
#11164 = PRESENTATION_LAYER_ASSIGNMENT (  '', '', ( #8600 ) ) ;
#11165 = LINE ( 'NONE', #10421, #643 ) ;
#11166 = VECTOR ( 'NONE', #7997, 1000.000000000000000 ) ;
#11167 = DIRECTION ( 'NONE',  ( -0.0000000000000000000, -0.0000000000000000000, -1.000000000000000000 ) ) ;
#11168 = ORIENTED_EDGE ( 'NONE', *, *, #10636, .T. ) ;
#11169 = LINE ( 'NONE', #3580, #7946 ) ;
#11170 = CARTESIAN_POINT ( 'NONE',  ( -1.026941702891116748, -2.909930426376465373, 0.9799999999999999822 ) ) ;
#11171 = CARTESIAN_POINT ( 'NONE',  ( -0.7866536484303175980, -3.329992624568071768, 0.9810000000000000941 ) ) ;
#11172 = DIRECTION ( 'NONE',  ( -0.0000000000000000000, -1.000000000000000000, -0.0000000000000000000 ) ) ;
#11173 = SURFACE_SIDE_STYLE ('',( #10307 ) ) ;
#11174 = EDGE_CURVE ( 'NONE', #8077, #1211, #3692, .T. ) ;
#11175 =( NAMED_UNIT ( * ) PLANE_ANGLE_UNIT ( ) SI_UNIT ( $, .RADIAN. ) );
#11176 = VERTEX_POINT ( 'NONE', #3988 ) ;
#11177 = CARTESIAN_POINT ( 'NONE',  ( -0.7264516650755532545, -3.376989682386107194, 0.9810000000000000941 ) ) ;
#11178 = LINE ( 'NONE', #6526, #8535 ) ;
#11179 = VECTOR ( 'NONE', #5074, 1000.000000000000000 ) ;
#11180 = CARTESIAN_POINT ( 'NONE',  ( 7.500000000000000000, 3.799999999999999822, 0.4799999999999981504 ) ) ;
#11181 =( GEOMETRIC_REPRESENTATION_CONTEXT ( 3 ) GLOBAL_UNCERTAINTY_ASSIGNED_CONTEXT ( ( #3771 ) ) GLOBAL_UNIT_ASSIGNED_CONTEXT ( ( #7, #1648, #6288 ) ) REPRESENTATION_CONTEXT ( 'NONE', 'WORKASPACE' ) );
#11182 = ORIENTED_EDGE ( 'NONE', *, *, #9032, .F. ) ;
#11183 = VECTOR ( 'NONE', #435, 1000.000000000000000 ) ;
#11184 = ORIENTED_EDGE ( 'NONE', *, *, #2782, .T. ) ;
#11185 = VECTOR ( 'NONE', #1076, 1000.000000000000000 ) ;
#11186 = CARTESIAN_POINT ( 'NONE',  ( -1.726962584784596855, -2.749827072733562972, 0.9810000000000000941 ) ) ;
#11187 =( NAMED_UNIT ( * ) PLANE_ANGLE_UNIT ( ) SI_UNIT ( $, .RADIAN. ) );
#11188 = DIRECTION ( 'NONE',  ( 0.3385350342956581216, 0.9409537876827095415, 0.0000000000000000000 ) ) ;
#11189 = PRESENTATION_STYLE_ASSIGNMENT (( #1929 ) ) ;
#11190 = SURFACE_STYLE_USAGE ( .BOTH. , #2864 ) ;
#11191 = CARTESIAN_POINT ( 'NONE',  ( -0.8285039045615154585, -3.211460222108549090, 0.9810000000000000941 ) ) ;
#11192 = SURFACE_SIDE_STYLE ('',( #7038 ) ) ;
#11193 = VECTOR ( 'NONE', #3558, 1000.000000000000000 ) ;
#11194 = ORIENTED_EDGE ( 'NONE', *, *, #3759, .T. ) ;
#11195 =( GEOMETRIC_REPRESENTATION_CONTEXT ( 3 ) GLOBAL_UNCERTAINTY_ASSIGNED_CONTEXT ( ( #1392 ) ) GLOBAL_UNIT_ASSIGNED_CONTEXT ( ( #6971, #7030, #555 ) ) REPRESENTATION_CONTEXT ( 'NONE', 'WORKASPACE' ) );
#11196 = ORIENTED_EDGE ( 'NONE', *, *, #8426, .T. ) ;
#11197 = VERTEX_POINT ( 'NONE', #5012 ) ;
#11198 = FILL_AREA_STYLE ('',( #959 ) ) ;
#11199 =( GEOMETRIC_REPRESENTATION_CONTEXT ( 3 ) GLOBAL_UNCERTAINTY_ASSIGNED_CONTEXT ( ( #6678 ) ) GLOBAL_UNIT_ASSIGNED_CONTEXT ( ( #4696, #9606, #6673 ) ) REPRESENTATION_CONTEXT ( 'NONE', 'WORKASPACE' ) );
#11200 = CARTESIAN_POINT ( 'NONE',  ( -0.7292070235534214850, -2.804394997869956718, 0.9810000000000000941 ) ) ;
#11201 =( LENGTH_UNIT ( ) NAMED_UNIT ( * ) SI_UNIT ( .MILLI., .METRE. ) );
#11202 = LINE ( 'NONE', #5611, #4830 ) ;
#11203 = ORIENTED_EDGE ( 'NONE', *, *, #11510, .T. ) ;
#11204 = LINE ( 'NONE', #4810, #2999 ) ;
#11205 = DIRECTION ( 'NONE',  ( -0.0000000000000000000, -0.0000000000000000000, -1.000000000000000000 ) ) ;
#11206 = DIRECTION ( 'NONE',  ( -1.000000000000000000, -0.0000000000000000000, -0.0000000000000000000 ) ) ;
#11207 = MECHANICAL_DESIGN_GEOMETRIC_PRESENTATION_REPRESENTATION (  '', ( #9645 ), #461 ) ;
#11208 = COLOUR_RGB ( '',0.9686274509803921573, 0.8784313725490195957, 0.5999999999999999778 ) ;
#11209 = VECTOR ( 'NONE', #2951, 1000.000000000000000 ) ;
#11210 = ORIENTED_EDGE ( 'NONE', *, *, #9269, .T. ) ;
#11211 = LINE ( 'NONE', #4816, #11318 ) ;
#11212 = STYLED_ITEM ( 'NONE', ( #8287 ), #2609 ) ;
#11213 = B_SPLINE_SURFACE_WITH_KNOTS ( 'NONE', 3, 1, ( 
 ( #11943, #10095 ),
 ( #5427, #6483 ),
 ( #2817, #1941 ),
 ( #5557, #12067 ) ),
 .UNSPECIFIED., .F., .F., .F.,
 ( 4, 4 ),
 ( 2, 2 ),
 ( 5.000000000000000000, 6.000000000000000000 ),
 ( 0.0000000000000000000, 1.000000000000000000 ),
 .UNSPECIFIED. ) ;
#11214 = EDGE_CURVE ( 'NONE', #1352, #3220, #1532, .T. ) ;
#11215 = PRESENTATION_LAYER_ASSIGNMENT (  '', '', ( #5533 ) ) ;
#11216 = PRESENTATION_STYLE_ASSIGNMENT (( #8495 ) ) ;
#11217 = FILL_AREA_STYLE_COLOUR ( '', #8196 ) ;
#11218 = CARTESIAN_POINT ( 'NONE',  ( -0.9282166887363552110, -3.325209738152917982, 0.9800000000000002043 ) ) ;
#11219 = PLANE ( 'NONE',  #8894 ) ;
#11220 = VERTEX_POINT ( 'NONE', #2026 ) ;
#11221 = SURFACE_SIDE_STYLE ('',( #5388 ) ) ;
#11222 = EDGE_CURVE ( 'NONE', #3411, #7959, #2138, .T. ) ;
#11223 =( NAMED_UNIT ( * ) PLANE_ANGLE_UNIT ( ) SI_UNIT ( $, .RADIAN. ) );
#11224 = EDGE_CURVE ( 'NONE', #6503, #6600, #7579, .T. ) ;
#11225 = VECTOR ( 'NONE', #4968, 1000.000000000000000 ) ;
#11226 = SURFACE_STYLE_USAGE ( .BOTH. , #3808 ) ;
#11227 = CARTESIAN_POINT ( 'NONE',  ( -1.310518290691525589, -3.041916492221364621, 0.9800000000000002043 ) ) ;
#11228 = UNCERTAINTY_MEASURE_WITH_UNIT (LENGTH_MEASURE( 1.000000000000000082E-05 ), #1079, 'distance_accuracy_value', 'NONE');
#11229 = DIRECTION ( 'NONE',  ( 0.0000000000000000000, 0.0000000000000000000, -1.000000000000000000 ) ) ;
#11230 = EDGE_CURVE ( 'NONE', #7398, #4866, #3069, .T. ) ;
#11231 = FACE_OUTER_BOUND ( 'NONE', #8964, .T. ) ;
#11232 = ORIENTED_EDGE ( 'NONE', *, *, #3216, .T. ) ;
#11233 = CARTESIAN_POINT ( 'NONE',  ( -0.1977347646271890025, -3.251802829261419170, 0.9800000000000002043 ) ) ;
#11234 = CARTESIAN_POINT ( 'NONE',  ( -0.2934964687217503365, -3.226848639269142005, 0.9810000000000000941 ) ) ;
#11235 = CARTESIAN_POINT ( 'NONE',  ( -0.7757881782047097996, -3.322298415987779752, 0.9810000000000000941 ) ) ;
#11236 = AXIS2_PLACEMENT_3D ( 'NONE', #986, #8569, #11229 ) ;
#11237 = FILL_AREA_STYLE_COLOUR ( '', #6121 ) ;
#11238 = CARTESIAN_POINT ( 'NONE',  ( -1.900481045253495260, -2.806220573765509929, 0.9799999999999999822 ) ) ;
#11239 = ORIENTED_EDGE ( 'NONE', *, *, #2172, .T. ) ;
#11240 = SURFACE_SIDE_STYLE ('',( #6385 ) ) ;
#11241 = UNCERTAINTY_MEASURE_WITH_UNIT (LENGTH_MEASURE( 1.000000000000000082E-05 ), #5907, 'distance_accuracy_value', 'NONE');
#11242 = SURFACE_STYLE_USAGE ( .BOTH. , #3767 ) ;
#11243 = COLOUR_RGB ( '',0.0000000000000000000, 0.0000000000000000000, 0.0000000000000000000 ) ;
#11244 = ADVANCED_FACE ( 'NONE', ( #138 ), #1050, .F. ) ;
#11245 = CARTESIAN_POINT ( 'NONE',  ( -0.2761325115182485801, -3.171949421287787452, 0.9810000000000000941 ) ) ;
#11246 = EDGE_LOOP ( 'NONE', ( #9435, #11396, #6129, #10496 ) ) ;
#11247 = UNCERTAINTY_MEASURE_WITH_UNIT (LENGTH_MEASURE( 1.000000000000000082E-05 ), #9008, 'distance_accuracy_value', 'NONE');
#11248 = CARTESIAN_POINT ( 'NONE',  ( -1.726962584784596855, -2.749827072733562972, 0.9799999999999999822 ) ) ;
#11249 = FACE_OUTER_BOUND ( 'NONE', #6319, .T. ) ;
#11250 = FACE_OUTER_BOUND ( 'NONE', #3675, .T. ) ;
#11251 = CARTESIAN_POINT ( 'NONE',  ( -1.862885400882674958, -3.251584631954842042, 0.9810000000000000941 ) ) ;
#11252 = LINE ( 'NONE', #1815, #9718 ) ;
#11253 = B_SPLINE_CURVE_WITH_KNOTS ( 'NONE', 3,
 ( #7653, #1983, #11422, #6821 ),
 .UNSPECIFIED., .F., .F.,
 ( 4, 4 ),
 ( 9.000000000000000000, 10.00000000000000000 ),
 .UNSPECIFIED. ) ;
#11254 = ORIENTED_EDGE ( 'NONE', *, *, #4639, .T. ) ;
#11255 = ORIENTED_EDGE ( 'NONE', *, *, #10465, .F. ) ;
#11256 = DIRECTION ( 'NONE',  ( -1.000000000000000000, 0.0000000000000000000, 0.0000000000000000000 ) ) ;
#11257 = CARTESIAN_POINT ( 'NONE',  ( -0.7594119910226668768, -3.290897726914749022, 0.9799999999999999822 ) ) ;
#11258 = CARTESIAN_POINT ( 'NONE',  ( -2.100027291340462732, -3.316653999469954428, 0.9810000000000000941 ) ) ;
#11259 = SURFACE_STYLE_USAGE ( .BOTH. , #7505 ) ;
#11260 = FILL_AREA_STYLE ('',( #8541 ) ) ;
#11261 = ORIENTED_EDGE ( 'NONE', *, *, #11813, .T. ) ;
#11262 = LINE ( 'NONE', #966, #3368 ) ;
#11263 = FACE_OUTER_BOUND ( 'NONE', #3915, .T. ) ;
#11264 = SURFACE_STYLE_FILL_AREA ( #7626 ) ;
#11265 = CARTESIAN_POINT ( 'NONE',  ( -0.8187821680439378857, -3.266567391672931198, 0.9810000000000000941 ) ) ;
#11266 = B_SPLINE_CURVE_WITH_KNOTS ( 'NONE', 3,
 ( #4711, #9668, #5627, #5686 ),
 .UNSPECIFIED., .F., .F.,
 ( 4, 4 ),
 ( 0.0000000000000000000, 1.000000000000000000 ),
 .UNSPECIFIED. ) ;
#11267 = DIRECTION ( 'NONE',  ( 0.0000000000000000000, -1.000000000000000000, 0.0000000000000000000 ) ) ;
#11268 = PRESENTATION_LAYER_ASSIGNMENT (  '', '', ( #11655 ) ) ;
#11269 = VERTEX_POINT ( 'NONE', #9450 ) ;
#11270 = CARTESIAN_POINT ( 'NONE',  ( -0.5704879776276085002, -2.846921096647376803, 0.9800000000000002043 ) ) ;
#11271 = DIRECTION ( 'NONE',  ( -0.0000000000000000000, -0.0000000000000000000, -1.000000000000000000 ) ) ;
#11272 = CARTESIAN_POINT ( 'NONE',  ( -0.9486999196880161467, -2.987808294308576418, 0.9799999999999999822 ) ) ;
#11273 = CARTESIAN_POINT ( 'NONE',  ( -0.2658908960417202816, -3.226120808728545342, 0.9799999999999999822 ) ) ;
#11274 = PLANE ( 'NONE',  #9802 ) ;
#11275 = FILL_AREA_STYLE ('',( #249 ) ) ;
#11276 = VERTEX_POINT ( 'NONE', #9509 ) ;
#11277 = CARTESIAN_POINT ( 'NONE',  ( -0.8167026522115985454, -3.181827121492629473, 0.9810000000000000941 ) ) ;
#11278 = SURFACE_STYLE_FILL_AREA ( #1900 ) ;
#11279 = CARTESIAN_POINT ( 'NONE',  ( -1.018259724290067059, -2.964933620149330817, 0.9799999999999999822 ) ) ;
#11280 = LINE ( 'NONE', #10299, #5623 ) ;
#11281 = CARTESIAN_POINT ( 'NONE',  ( -0.8746691560460576609, -2.974187465603711278, 0.9799999999999999822 ) ) ;
#11282 = PLANE ( 'NONE',  #9483 ) ;
#11283 = EDGE_CURVE ( 'NONE', #5667, #10285, #6803, .T. ) ;
#11284 = ADVANCED_FACE ( 'NONE', ( #6931 ), #9563, .T. ) ;
#11285 = CARTESIAN_POINT ( 'NONE',  ( -0.9922657763819543453, -2.862413489600865724, 0.9810000000000000941 ) ) ;
#11286 = ORIENTED_EDGE ( 'NONE', *, *, #5671, .F. ) ;
#11287 = COLOUR_RGB ( '',0.0000000000000000000, 0.0000000000000000000, 0.0000000000000000000 ) ;
#11288 = LINE ( 'NONE', #929, #7286 ) ;
#11289 = LINE ( 'NONE', #10542, #5355 ) ;
#11290 = CARTESIAN_POINT ( 'NONE',  ( -1.576579952140586105, -3.241462710728314267, 0.9810000000000000941 ) ) ;
#11291 =( LENGTH_UNIT ( ) NAMED_UNIT ( * ) SI_UNIT ( .MILLI., .METRE. ) );
#11292 =( NAMED_UNIT ( * ) PLANE_ANGLE_UNIT ( ) SI_UNIT ( $, .RADIAN. ) );
#11293 =( GEOMETRIC_REPRESENTATION_CONTEXT ( 3 ) GLOBAL_UNCERTAINTY_ASSIGNED_CONTEXT ( ( #307 ) ) GLOBAL_UNIT_ASSIGNED_CONTEXT ( ( #3792, #10404, #68 ) ) REPRESENTATION_CONTEXT ( 'NONE', 'WORKASPACE' ) );
#11294 = FACE_OUTER_BOUND ( 'NONE', #10043, .T. ) ;
#11295 = EDGE_LOOP ( 'NONE', ( #8948, #10426, #1671, #5706 ) ) ;
#11296 = CARTESIAN_POINT ( 'NONE',  ( -1.452225022375277952, -2.939251397593995563, 0.9810000000000000941 ) ) ;
#11297 = CARTESIAN_POINT ( 'NONE',  ( -1.026941702891116748, -2.940395333324490768, 0.9810000000000000941 ) ) ;
#11298 = PRESENTATION_LAYER_ASSIGNMENT (  '', '', ( #2888 ) ) ;
#11299 = CARTESIAN_POINT ( 'NONE',  ( -0.8348464278514439174, -3.260120892592178077, 0.9799999999999999822 ) ) ;
#11300 = B_SPLINE_CURVE_WITH_KNOTS ( 'NONE', 3,
 ( #6782, #6836, #10574, #1430 ),
 .UNSPECIFIED., .F., .F.,
 ( 4, 4 ),
 ( 5.000000000000000000, 6.000000000000000000 ),
 .UNSPECIFIED. ) ;
#11301 = AXIS2_PLACEMENT_3D ( 'NONE', #7156, #6356, #8225 ) ;
#11302 = EDGE_CURVE ( 'NONE', #12030, #41, #2446, .T. ) ;
#11303 =( LENGTH_UNIT ( ) NAMED_UNIT ( * ) SI_UNIT ( .MILLI., .METRE. ) );
#11304 = ORIENTED_EDGE ( 'NONE', *, *, #8267, .T. ) ;
#11305 = PRESENTATION_STYLE_ASSIGNMENT (( #8470 ) ) ;
#11306 =( GEOMETRIC_REPRESENTATION_CONTEXT ( 3 ) GLOBAL_UNCERTAINTY_ASSIGNED_CONTEXT ( ( #4650 ) ) GLOBAL_UNIT_ASSIGNED_CONTEXT ( ( #6275, #2684, #657 ) ) REPRESENTATION_CONTEXT ( 'NONE', 'WORKASPACE' ) );
#11307 = FACE_OUTER_BOUND ( 'NONE', #9825, .T. ) ;
#11308 = COLOUR_RGB ( '',0.0000000000000000000, 0.0000000000000000000, 0.0000000000000000000 ) ;
#11309 = CARTESIAN_POINT ( 'NONE',  ( -0.8746691560460573278, -2.974187465603711278, 0.9810000000000000941 ) ) ;
#11310 = ADVANCED_FACE ( 'NONE', ( #7985 ), #5320, .F. ) ;
#11311 = ADVANCED_FACE ( 'NONE', ( #1585, #438 ), #8994, .T. ) ;
#11312 = PLANE ( 'NONE',  #5624 ) ;
#11313 = B_SPLINE_SURFACE_WITH_KNOTS ( 'NONE', 3, 1, ( 
 ( #7555, #4140 ),
 ( #1254, #4924 ),
 ( #2175, #8858 ),
 ( #10751, #5961 ) ),
 .UNSPECIFIED., .F., .F., .F.,
 ( 4, 4 ),
 ( 2, 2 ),
 ( 3.000000000000000000, 4.000000000000000000 ),
 ( 0.0000000000000000000, 1.000000000000000000 ),
 .UNSPECIFIED. ) ;
#11314 = PRESENTATION_LAYER_ASSIGNMENT (  '', '', ( #11710 ) ) ;
#11315 = STYLED_ITEM ( 'NONE', ( #9289 ), #1777 ) ;
#11316 = MECHANICAL_DESIGN_GEOMETRIC_PRESENTATION_REPRESENTATION (  '', ( #6996 ), #8548 ) ;
#11317 = FILL_AREA_STYLE ('',( #844 ) ) ;
#11318 = VECTOR ( 'NONE', #9318, 1000.000000000000000 ) ;
#11319 = ORIENTED_EDGE ( 'NONE', *, *, #4836, .T. ) ;
#11320 = ORIENTED_EDGE ( 'NONE', *, *, #7475, .F. ) ;
#11321 = FILL_AREA_STYLE ('',( #8411 ) ) ;
#11322 = B_SPLINE_CURVE_WITH_KNOTS ( 'NONE', 3,
 ( #964, #419, #235, #5968 ),
 .UNSPECIFIED., .F., .F.,
 ( 4, 4 ),
 ( 15.00000000000000000, 16.00000000000000000 ),
 .UNSPECIFIED. ) ;
#11323 = CARTESIAN_POINT ( 'NONE',  ( -2.055201697326993315, -3.328221885802723268, 0.9810000000000000941 ) ) ;
#11324 =( NAMED_UNIT ( * ) SI_UNIT ( $, .STERADIAN. ) SOLID_ANGLE_UNIT ( ) );
#11325 =( NAMED_UNIT ( * ) PLANE_ANGLE_UNIT ( ) SI_UNIT ( $, .RADIAN. ) );
#11326 = ORIENTED_EDGE ( 'NONE', *, *, #69, .T. ) ;
#11327 =( LENGTH_UNIT ( ) NAMED_UNIT ( * ) SI_UNIT ( .MILLI., .METRE. ) );
#11328 = CARTESIAN_POINT ( 'NONE',  ( -0.4607415295606541727, -2.952144597777958790, 0.9810000000000000941 ) ) ;
#11329 =( NAMED_UNIT ( * ) SI_UNIT ( $, .STERADIAN. ) SOLID_ANGLE_UNIT ( ) );
#11330 = PRESENTATION_LAYER_ASSIGNMENT (  '', '', ( #10343 ) ) ;
#11331 = DIRECTION ( 'NONE',  ( -0.0000000000000000000, -0.0000000000000000000, -1.000000000000000000 ) ) ;
#11332 = UNCERTAINTY_MEASURE_WITH_UNIT (LENGTH_MEASURE( 1.000000000000000082E-05 ), #3789, 'distance_accuracy_value', 'NONE');
#11333 = VERTEX_POINT ( 'NONE', #8046 ) ;
#11334 = B_SPLINE_CURVE_WITH_KNOTS ( 'NONE', 3,
 ( #3510, #2292, #5045, #6243 ),
 .UNSPECIFIED., .F., .F.,
 ( 4, 4 ),
 ( 12.00000000000000000, 13.00000000000000000 ),
 .UNSPECIFIED. ) ;
#11335 = PLANE ( 'NONE',  #8215 ) ;
#11336 = DIRECTION ( 'NONE',  ( -0.0000000000000000000, -0.0000000000000000000, -1.000000000000000000 ) ) ;
#11337 = CARTESIAN_POINT ( 'NONE',  ( -0.9794247661155177642, -2.966389281231902153, 0.9810000000000000941 ) ) ;
#11338 = PRESENTATION_STYLE_ASSIGNMENT (( #2022 ) ) ;
#11339 = SURFACE_STYLE_USAGE ( .BOTH. , #7576 ) ;
#11340 = CARTESIAN_POINT ( 'NONE',  ( -0.9761495286786930903, -3.271038350713540321, 0.9810000000000000941 ) ) ;
#11341 = ORIENTED_EDGE ( 'NONE', *, *, #9569, .F. ) ;
#11342 = PLANE ( 'NONE',  #8059 ) ;
#11343 = CARTESIAN_POINT ( 'NONE',  ( -0.5704879776276085002, -2.846921096647376803, 0.9810000000000000941 ) ) ;
#11344 = VECTOR ( 'NONE', #4932, 1000.000000000000000 ) ;
#11345 = DIRECTION ( 'NONE',  ( 1.000000000000000000, 0.0000000000000000000, 0.0000000000000000000 ) ) ;
#11346 = VECTOR ( 'NONE', #4199, 1000.000000000000000 ) ;
#11347 = UNCERTAINTY_MEASURE_WITH_UNIT (LENGTH_MEASURE( 1.000000000000000082E-05 ), #1575, 'distance_accuracy_value', 'NONE');
#11348 = FILL_AREA_STYLE ('',( #7583 ) ) ;
#11349 = EDGE_LOOP ( 'NONE', ( #5499, #10829, #6938, #6037, #3258, #10856, #8051, #8006 ) ) ;
#11350 = CARTESIAN_POINT ( 'NONE',  ( -1.773234185274330743, -3.281950285312990712, 0.9810000000000000941 ) ) ;
#11351 = LINE ( 'NONE', #263, #11822 ) ;
#11352 = CARTESIAN_POINT ( 'NONE',  ( -0.8255405945006136781, -3.235582605765955133, 0.9799999999999999822 ) ) ;
#11353 = COLOUR_RGB ( '',0.0000000000000000000, 0.0000000000000000000, 0.0000000000000000000 ) ;
#11354 = SURFACE_SIDE_STYLE ('',( #264 ) ) ;
#11355 = LINE ( 'NONE', #4787, #10365 ) ;
#11356 = CARTESIAN_POINT ( 'NONE',  ( -0.9445408880226360271, -3.181827121492629473, 0.9810000000000000941 ) ) ;
#11357 = COLOUR_RGB ( '',0.0000000000000000000, 0.0000000000000000000, 0.0000000000000000000 ) ;
#11358 = ORIENTED_EDGE ( 'NONE', *, *, #8815, .F. ) ;
#11359 = CARTESIAN_POINT ( 'NONE',  ( -1.925062838185309433, -2.823572423948986110, 0.9810000000000000941 ) ) ;
#11360 = DIRECTION ( 'NONE',  ( -5.732948384547406140E-16, 0.0000000000000000000, -1.000000000000000000 ) ) ;
#11361 = CARTESIAN_POINT ( 'NONE',  ( -1.518740465318081823, -3.017334699289550226, 0.9800000000000002043 ) ) ;
#11362 = VECTOR ( 'NONE', #7996, 1000.000000000000114 ) ;
#11363 = STYLED_ITEM ( 'NONE', ( #7801 ), #5538 ) ;
#11364 = VERTEX_POINT ( 'NONE', #3250 ) ;
#11365 = EDGE_CURVE ( 'NONE', #7676, #9920, #674, .T. ) ;
#11366 = UNCERTAINTY_MEASURE_WITH_UNIT (LENGTH_MEASURE( 1.000000000000000082E-05 ), #7588, 'distance_accuracy_value', 'NONE');
#11367 = CARTESIAN_POINT ( 'NONE',  ( -0.8077087462353104153, -2.984585044767507966, 0.9810000000000000941 ) ) ;
#11368 =( NAMED_UNIT ( * ) PLANE_ANGLE_UNIT ( ) SI_UNIT ( $, .RADIAN. ) );
#11369 = PRESENTATION_LAYER_ASSIGNMENT (  '', '', ( #9797 ) ) ;
#11370 = PRESENTATION_LAYER_ASSIGNMENT (  '', '', ( #1985 ) ) ;
#11371 = VECTOR ( 'NONE', #6800, 1000.000000000000000 ) ;
#11372 =( NAMED_UNIT ( * ) SI_UNIT ( $, .STERADIAN. ) SOLID_ANGLE_UNIT ( ) );
#11373 = CARTESIAN_POINT ( 'NONE',  ( -0.8077087462353104153, -2.916168973874188275, 0.9800000000000002043 ) ) ;
#11374 = ADVANCED_FACE ( 'NONE', ( #5151 ), #6059, .F. ) ;
#11375 = EDGE_CURVE ( 'NONE', #5964, #236, #12, .T. ) ;
#11376 = FILL_AREA_STYLE ('',( #5782 ) ) ;
#11377 = MECHANICAL_DESIGN_GEOMETRIC_PRESENTATION_REPRESENTATION (  '', ( #8623 ), #2368 ) ;
#11378 = AXIS2_PLACEMENT_3D ( 'NONE', #12114, #2804, #5723 ) ;
#11379 = CARTESIAN_POINT ( 'NONE',  ( -1.621405532364044610, -3.261706553179992696, 0.9800000000000002043 ) ) ;
#11380 = ORIENTED_EDGE ( 'NONE', *, *, #3145, .T. ) ;
#11381 = EDGE_CURVE ( 'NONE', #10697, #902, #1651, .T. ) ;
#11382 = ORIENTED_EDGE ( 'NONE', *, *, #11697, .T. ) ;
#11383 = CARTESIAN_POINT ( 'NONE',  ( -0.7884212368881212685, -3.181827121492629473, 0.9799999999999999822 ) ) ;
#11384 = SURFACE_STYLE_FILL_AREA ( #11321 ) ;
#11385 = CARTESIAN_POINT ( 'NONE',  ( 3.071543289325506798, -3.799999999999999822, 0.2284567106744903320 ) ) ;
#11386 = DIRECTION ( 'NONE',  ( -1.000000000000000000, -0.0000000000000000000, -0.0000000000000000000 ) ) ;
#11387 = CARTESIAN_POINT ( 'NONE',  ( -0.1294746574211336765, -3.251802829261419170, 0.9810000000000000941 ) ) ;
#11388 = ORIENTED_EDGE ( 'NONE', *, *, #9722, .F. ) ;
#11389 = CARTESIAN_POINT ( 'NONE',  ( -0.3007227862388469064, -3.271974132837164095, 0.9800000000000002043 ) ) ;
#11390 = SURFACE_STYLE_USAGE ( .BOTH. , #12072 ) ;
#11391 = VECTOR ( 'NONE', #1403, 1000.000000000000000 ) ;
#11392 = SURFACE_STYLE_USAGE ( .BOTH. , #8690 ) ;
#11393 = FACE_OUTER_BOUND ( 'NONE', #4354, .T. ) ;
#11394 = VECTOR ( 'NONE', #10171, 1000.000000000000000 ) ;
#11395 = VECTOR ( 'NONE', #5981, 1000.000000000000114 ) ;
#11396 = ORIENTED_EDGE ( 'NONE', *, *, #2225, .F. ) ;
#11397 =( NAMED_UNIT ( * ) SI_UNIT ( $, .STERADIAN. ) SOLID_ANGLE_UNIT ( ) );
#11398 = EDGE_CURVE ( 'NONE', #8903, #11197, #5501, .T. ) ;
#11399 = STYLED_ITEM ( 'NONE', ( #6034 ), #11597 ) ;
#11400 = SURFACE_STYLE_USAGE ( .BOTH. , #3980 ) ;
#11401 = CARTESIAN_POINT ( 'NONE',  ( -0.9284246403200677733, -3.301087354494127712, 0.9810000000000000941 ) ) ;
#11402 = PRESENTATION_LAYER_ASSIGNMENT (  '', '', ( #11989 ) ) ;
#11403 = VECTOR ( 'NONE', #624, 1000.000000000000000 ) ;
#11404 = ORIENTED_EDGE ( 'NONE', *, *, #11001, .T. ) ;
#11405 = FILL_AREA_STYLE_COLOUR ( '', #1656 ) ;
#11406 =( LENGTH_UNIT ( ) NAMED_UNIT ( * ) SI_UNIT ( .MILLI., .METRE. ) );
#11407 = LINE ( 'NONE', #6753, #9155 ) ;
#11408 = DIRECTION ( 'NONE',  ( -0.0000000000000000000, -0.0000000000000000000, -1.000000000000000000 ) ) ;
#11409 = VERTEX_POINT ( 'NONE', #9313 ) ;
#11410 = STYLED_ITEM ( 'NONE', ( #4873 ), #3349 ) ;
#11411 = FILL_AREA_STYLE_COLOUR ( '', #8476 ) ;
#11412 = COLOUR_RGB ( '',0.0000000000000000000, 0.0000000000000000000, 0.0000000000000000000 ) ;
#11413 = LINE ( 'NONE', #990, #8240 ) ;
#11414 = ORIENTED_EDGE ( 'NONE', *, *, #4238, .T. ) ;
#11415 = DIRECTION ( 'NONE',  ( -1.000000000000000000, -0.0000000000000000000, -0.0000000000000000000 ) ) ;
#11416 = DIRECTION ( 'NONE',  ( -1.000000000000000000, 0.0000000000000000000, -4.051977475832535632E-17 ) ) ;
#11417 = CARTESIAN_POINT ( 'NONE',  ( -1.773234185274330743, -3.361479579694797604, 0.9810000000000000941 ) ) ;
#11418 =( GEOMETRIC_REPRESENTATION_CONTEXT ( 3 ) GLOBAL_UNCERTAINTY_ASSIGNED_CONTEXT ( ( #5199 ) ) GLOBAL_UNIT_ASSIGNED_CONTEXT ( ( #5343, #1735, #6381 ) ) REPRESENTATION_CONTEXT ( 'NONE', 'WORKASPACE' ) );
#11419 = PLANE ( 'NONE',  #10570 ) ;
#11420 = ORIENTED_EDGE ( 'NONE', *, *, #1995, .F. ) ;
#11421 = B_SPLINE_SURFACE_WITH_KNOTS ( 'NONE', 3, 1, ( 
 ( #3787, #4587 ),
 ( #6551, #2754 ),
 ( #124, #2941 ),
 ( #10222, #6671 ) ),
 .UNSPECIFIED., .F., .F., .F.,
 ( 4, 4 ),
 ( 2, 2 ),
 ( 10.00000000000000000, 11.00000000000000000 ),
 ( 0.0000000000000000000, 1.000000000000000000 ),
 .UNSPECIFIED. ) ;
#11422 = CARTESIAN_POINT ( 'NONE',  ( -1.008745939355516041, -3.264383900048381193, 0.9810000000000000941 ) ) ;
#11423 = VECTOR ( 'NONE', #5651, 1000.000000000000000 ) ;
#11425 = AXIS2_PLACEMENT_3D ( 'NONE', #7632, #7271, #7027 ) ;
#11424 = SURFACE_SIDE_STYLE ('',( #9643 ) ) ;
#11426 = CARTESIAN_POINT ( 'NONE',  ( -2.139068955978249864, -3.293518226805795646, 0.9800000000000002043 ) ) ;
#11427 = CARTESIAN_POINT ( 'NONE',  ( -1.017167978477792056, -2.850872176729037477, 0.9810000000000000941 ) ) ;
#11428 = STYLED_ITEM ( 'NONE', ( #2215 ), #2849 ) ;
#11429 = COLOUR_RGB ( '',0.0000000000000000000, 0.0000000000000000000, 0.0000000000000000000 ) ;
#11430 =( LENGTH_UNIT ( ) NAMED_UNIT ( * ) SI_UNIT ( .MILLI., .METRE. ) );
#11431 = ORIENTED_EDGE ( 'NONE', *, *, #2155, .F. ) ;
#11432 = ORIENTED_EDGE ( 'NONE', *, *, #2297, .F. ) ;
#11433 = LINE ( 'NONE', #340, #5124 ) ;
#11434 = CARTESIAN_POINT ( 'NONE',  ( -1.602607710179327682, -3.329667906070380656, 0.9810000000000000941 ) ) ;
#11435 =( NAMED_UNIT ( * ) PLANE_ANGLE_UNIT ( ) SI_UNIT ( $, .RADIAN. ) );
#11436 =( GEOMETRIC_REPRESENTATION_CONTEXT ( 3 ) GLOBAL_UNCERTAINTY_ASSIGNED_CONTEXT ( ( #11810 ) ) GLOBAL_UNIT_ASSIGNED_CONTEXT ( ( #11589, #1275, #7918 ) ) REPRESENTATION_CONTEXT ( 'NONE', 'WORKASPACE' ) );
#11437 = CARTESIAN_POINT ( 'NONE',  ( -0.3755333683171586112, -3.330408527734124657, 0.9810000000000000941 ) ) ;
#11438 = CARTESIAN_POINT ( 'NONE',  ( -1.917832902331976896, -3.426549002369938535, 0.9810000000000000941 ) ) ;
#11439 = ORIENTED_EDGE ( 'NONE', *, *, #10380, .T. ) ;
#11440 = EDGE_CURVE ( 'NONE', #4576, #5932, #9243, .T. ) ;
#11441 = ORIENTED_EDGE ( 'NONE', *, *, #2443, .F. ) ;
#11442 = STYLED_ITEM ( 'NONE', ( #8167 ), #9519 ) ;
#11443 = EDGE_CURVE ( 'NONE', #3813, #3037, #6555, .T. ) ;
#11444 = CARTESIAN_POINT ( 'NONE',  ( -0.9271769308205284332, -2.987808294308576418, 0.9810000000000000941 ) ) ;
#11445 = CARTESIAN_POINT ( 'NONE',  ( -0.7648707200833483322, -3.314708183197609515, 0.9799999999999999822 ) ) ;
#11446 = PLANE ( 'NONE',  #399 ) ;
#11447 = FACE_OUTER_BOUND ( 'NONE', #7157, .T. ) ;
#11448 = CARTESIAN_POINT ( 'NONE',  ( -0.5530200446325973518, -3.150426432419600076, 0.9800000000000002043 ) ) ;
#11449 = ORIENTED_EDGE ( 'NONE', *, *, #9872, .F. ) ;
#11450 = SURFACE_STYLE_USAGE ( .BOTH. , #490 ) ;
#11451 = CARTESIAN_POINT ( 'NONE',  ( -0.8339626336221952485, -2.804394997869956718, 0.9800000000000002043 ) ) ;
#11452 = SURFACE_STYLE_FILL_AREA ( #4699 ) ;
#11453 = B_SPLINE_SURFACE_WITH_KNOTS ( 'NONE', 3, 1, ( 
 ( #982, #10241 ),
 ( #4718, #11966 ),
 ( #2658, #11279 ),
 ( #6631, #4479 ) ),
 .UNSPECIFIED., .F., .F., .F.,
 ( 4, 4 ),
 ( 2, 2 ),
 ( 2.000000000000000000, 3.000000000000000000 ),
 ( 0.0000000000000000000, 1.000000000000000000 ),
 .UNSPECIFIED. ) ;
#11454 = EDGE_CURVE ( 'NONE', #10813, #7998, #5761, .T. ) ;
#11455 = CARTESIAN_POINT ( 'NONE',  ( -1.849871494282939066, -2.770070892776653082, 0.9800000000000002043 ) ) ;
#11456 = UNCERTAINTY_MEASURE_WITH_UNIT (LENGTH_MEASURE( 1.000000000000000082E-05 ), #4030, 'distance_accuracy_value', 'NONE');
#11457 = ORIENTED_EDGE ( 'NONE', *, *, #11808, .T. ) ;
#11458 = CARTESIAN_POINT ( 'NONE',  ( -0.1213645456747888818, -3.274781479212180990, 0.9810000000000000941 ) ) ;
#11459 =( NAMED_UNIT ( * ) SI_UNIT ( $, .STERADIAN. ) SOLID_ANGLE_UNIT ( ) );
#11460 =( NAMED_UNIT ( * ) SI_UNIT ( $, .STERADIAN. ) SOLID_ANGLE_UNIT ( ) );
#11461 = CARTESIAN_POINT ( 'NONE',  ( -7.500000000000000000, 3.799999999999999822, 0.0000000000000000000 ) ) ;
#11462 = DIRECTION ( 'NONE',  ( 0.0000000000000000000, 0.0000000000000000000, 1.000000000000000000 ) ) ;
#11463 = DIRECTION ( 'NONE',  ( 0.0000000000000000000, 0.0000000000000000000, -1.000000000000000000 ) ) ;
#11464 = SURFACE_STYLE_FILL_AREA ( #2262 ) ;
#11465 = ORIENTED_EDGE ( 'NONE', *, *, #3636, .T. ) ;
#11466 = CARTESIAN_POINT ( 'NONE',  ( -1.043525841656193887, -3.215515277981726872, 0.9810000000000000941 ) ) ;
#11467 = COLOUR_RGB ( '',0.0000000000000000000, 0.0000000000000000000, 0.0000000000000000000 ) ;
#11468 = CARTESIAN_POINT ( 'NONE',  ( -1.573688021927421188, -3.241462710728314267, 0.9810000000000000941 ) ) ;
#11469 = CARTESIAN_POINT ( 'NONE',  ( -0.6728001565930521455, -3.294536879621864589, 0.9810000000000000941 ) ) ;
#11470 = ADVANCED_FACE ( 'NONE', ( #6361 ), #9588, .F. ) ;
#11471 = DIRECTION ( 'NONE',  ( -0.9345104387417469960, -0.3559357243698749174, 0.0000000000000000000 ) ) ;
#11472 = EDGE_CURVE ( 'NONE', #11017, #11646, #3111, .T. ) ;
#11473 = EDGE_LOOP ( 'NONE', ( #10658, #6788, #7662, #9093 ) ) ;
#11474 = PRESENTATION_STYLE_ASSIGNMENT (( #4050 ) ) ;
#11475 = VERTEX_POINT ( 'NONE', #5916 ) ;
#11476 = SURFACE_STYLE_USAGE ( .BOTH. , #9517 ) ;
#11477 = CARTESIAN_POINT ( 'NONE',  ( -0.2060528279593351886, -3.274781479212180990, 0.9810000000000000941 ) ) ;
#11478 = CARTESIAN_POINT ( 'NONE',  ( -0.4802889783873196539, -3.238805855307024029, 0.9810000000000000941 ) ) ;
#11479 = DIRECTION ( 'NONE',  ( -0.0000000000000000000, 1.000000000000000000, -0.0000000000000000000 ) ) ;
#11480 = ADVANCED_FACE ( 'NONE', ( #3966 ), #2185, .T. ) ;
#11481 =( NAMED_UNIT ( * ) PLANE_ANGLE_UNIT ( ) SI_UNIT ( $, .RADIAN. ) );
#11482 = EDGE_LOOP ( 'NONE', ( #4763, #3263, #9515, #434, #3345, #1242, #6615, #12108, #9091, #10758, #4567, #10258 ) ) ;
#11483 = CARTESIAN_POINT ( 'NONE',  ( -0.9211463349058286454, -3.293289170122325693, 0.9800000000000002043 ) ) ;
#11484 = FILL_AREA_STYLE ('',( #9819 ) ) ;
#11485 =( NAMED_UNIT ( * ) PLANE_ANGLE_UNIT ( ) SI_UNIT ( $, .RADIAN. ) );
#11486 = LINE ( 'NONE', #5036, #3113 ) ;
#11487 = VERTEX_POINT ( 'NONE', #1207 ) ;
#11488 = ORIENTED_EDGE ( 'NONE', *, *, #3721, .T. ) ;
#11489 = PRESENTATION_STYLE_ASSIGNMENT (( #1990 ) ) ;
#11490 = CARTESIAN_POINT ( 'NONE',  ( -0.9755256739289275281, -3.306390119868237942, 0.9800000000000002043 ) ) ;
#11491 = VECTOR ( 'NONE', #5660, 1000.000000000000000 ) ;
#11492 = LINE ( 'NONE', #3096, #4268 ) ;
#11493 =( NAMED_UNIT ( * ) SI_UNIT ( $, .STERADIAN. ) SOLID_ANGLE_UNIT ( ) );
#11494 =( NAMED_UNIT ( * ) PLANE_ANGLE_UNIT ( ) SI_UNIT ( $, .RADIAN. ) );
#11495 = ORIENTED_EDGE ( 'NONE', *, *, #10003, .T. ) ;
#11496 =( GEOMETRIC_REPRESENTATION_CONTEXT ( 3 ) GLOBAL_UNCERTAINTY_ASSIGNED_CONTEXT ( ( #4495 ) ) GLOBAL_UNIT_ASSIGNED_CONTEXT ( ( #7986, #5013, #4167 ) ) REPRESENTATION_CONTEXT ( 'NONE', 'WORKASPACE' ) );
#11497 = MECHANICAL_DESIGN_GEOMETRIC_PRESENTATION_REPRESENTATION (  '', ( #5242 ), #6006 ) ;
#11498 = VERTEX_POINT ( 'NONE', #1148 ) ;
#11499 = SURFACE_STYLE_FILL_AREA ( #4245 ) ;
#11500 = FILL_AREA_STYLE ('',( #293 ) ) ;
#11501 = LINE ( 'NONE', #1380, #2141 ) ;
#11502 = CARTESIAN_POINT ( 'NONE',  ( -0.6861610458177462846, -2.804394997869956718, 0.9800000000000002043 ) ) ;
#11503 = CARTESIAN_POINT ( 'NONE',  ( 2.887867965644029589, 3.799999999999999822, 0.4121320343559657373 ) ) ;
#11504 = EDGE_LOOP ( 'NONE', ( #4205, #11432, #2505, #10368 ) ) ;
#11505 = CARTESIAN_POINT ( 'NONE',  ( -0.5512524561754880148, -2.831324727902375216, 0.9810000000000000941 ) ) ;
#11506 = DIRECTION ( 'NONE',  ( -0.3658589216693574064, 0.9306703226357521119, 0.0000000000000000000 ) ) ;
#11507 = MECHANICAL_DESIGN_GEOMETRIC_PRESENTATION_REPRESENTATION (  '', ( #9926 ), #9354 ) ;
#11508 = VECTOR ( 'NONE', #9477, 1000.000000000000114 ) ;
#11509 = PRESENTATION_LAYER_ASSIGNMENT (  '', '', ( #9151 ) ) ;
#11510 = EDGE_CURVE ( 'NONE', #3549, #4945, #5328, .T. ) ;
#11511 = ORIENTED_EDGE ( 'NONE', *, *, #7171, .F. ) ;
#11512 = CARTESIAN_POINT ( 'NONE',  ( -0.6302220699198715081, -3.007771646301291568, 0.9800000000000002043 ) ) ;
#11513 = CARTESIAN_POINT ( 'NONE',  ( -0.9228619354678770925, -2.800963796745862489, 0.9799999999999999822 ) ) ;
#11514 = COLOUR_RGB ( '',0.0000000000000000000, 0.0000000000000000000, 0.0000000000000000000 ) ;
#11515 = PRESENTATION_STYLE_ASSIGNMENT (( #8880 ) ) ;
#11516 = CARTESIAN_POINT ( 'NONE',  ( -1.309072325584600183, -3.128675667295774510, 0.9800000000000002043 ) ) ;
#11517 = EDGE_CURVE ( 'NONE', #10742, #1921, #4874, .T. ) ;
#11518 = VECTOR ( 'NONE', #10448, 1000.000000000000000 ) ;
#11519 = SURFACE_STYLE_FILL_AREA ( #11275 ) ;
#11520 = PLANE ( 'NONE',  #8756 ) ;
#11521 = ORIENTED_EDGE ( 'NONE', *, *, #5659, .T. ) ;
#11522 = DIRECTION ( 'NONE',  ( -0.0000000000000000000, -0.0000000000000000000, -1.000000000000000000 ) ) ;
#11523 = SURFACE_SIDE_STYLE ('',( #9861 ) ) ;
#11524 = FILL_AREA_STYLE ('',( #3916 ) ) ;
#11525 = FACE_OUTER_BOUND ( 'NONE', #1552, .T. ) ;
#11526 = DIRECTION ( 'NONE',  ( 0.0000000000000000000, -1.000000000000000000, 0.0000000000000000000 ) ) ;
#11527 = EDGE_CURVE ( 'NONE', #3253, #1825, #238, .T. ) ;
#11528 = EDGE_CURVE ( 'NONE', #4795, #6558, #6791, .T. ) ;
#11529 = EDGE_LOOP ( 'NONE', ( #4426, #1962, #2588, #9727 ) ) ;
#11530 = COLOUR_RGB ( '',0.0000000000000000000, 0.0000000000000000000, 0.0000000000000000000 ) ;
#11531 =( NAMED_UNIT ( * ) SI_UNIT ( $, .STERADIAN. ) SOLID_ANGLE_UNIT ( ) );
#11532 = CARTESIAN_POINT ( 'NONE',  ( -1.579471882353748358, -3.331113871176613284, 0.9810000000000000941 ) ) ;
#11533 = ORIENTED_EDGE ( 'NONE', *, *, #5886, .F. ) ;
#11534 = EDGE_CURVE ( 'NONE', #3813, #6906, #3003, .T. ) ;
#11535 = CARTESIAN_POINT ( 'NONE',  ( -0.8410329874534082650, -3.193368434364459052, 0.9799999999999999822 ) ) ;
#11536 = EDGE_CURVE ( 'NONE', #6748, #11565, #10582, .T. ) ;
#11537 = LINE ( 'NONE', #2214, #989 ) ;
#11538 = CARTESIAN_POINT ( 'NONE',  ( -0.9560822008937726046, -3.312940594740499733, 0.9800000000000002043 ) ) ;
#11539 =( NAMED_UNIT ( * ) PLANE_ANGLE_UNIT ( ) SI_UNIT ( $, .RADIAN. ) );
#11540 = CARTESIAN_POINT ( 'NONE',  ( -0.4220105471776302575, -2.844633629231312355, 0.9810000000000000941 ) ) ;
#11541 = ORIENTED_EDGE ( 'NONE', *, *, #10018, .F. ) ;
#11542 = SURFACE_STYLE_FILL_AREA ( #8717 ) ;
#11543 =( NAMED_UNIT ( * ) PLANE_ANGLE_UNIT ( ) SI_UNIT ( $, .RADIAN. ) );
#11544 = PLANE ( 'NONE',  #6634 ) ;
#11545 = CARTESIAN_POINT ( 'NONE',  ( -1.900481045253495260, -2.806220573765509929, 0.9799999999999999822 ) ) ;
#11546 = MECHANICAL_DESIGN_GEOMETRIC_PRESENTATION_REPRESENTATION (  '', ( #9396 ), #5858 ) ;
#11547 = COLOUR_RGB ( '',0.0000000000000000000, 0.0000000000000000000, 0.0000000000000000000 ) ;
#11548 = CARTESIAN_POINT ( 'NONE',  ( -1.919278867438905190, -2.975400994119907772, 0.9799999999999999822 ) ) ;
#11549 = ORIENTED_EDGE ( 'NONE', *, *, #6660, .F. ) ;
#11550 = ORIENTED_EDGE ( 'NONE', *, *, #11365, .T. ) ;
#11551 = EDGE_CURVE ( 'NONE', #10791, #6330, #10514, .T. ) ;
#11552 = LINE ( 'NONE', #3940, #1210 ) ;
#11553 = CARTESIAN_POINT ( 'NONE',  ( 7.500000000000000000, 3.799999999999999822, 0.4799999999999981504 ) ) ;
#11554 = LINE ( 'NONE', #8791, #1359 ) ;
#11555 = CARTESIAN_POINT ( 'NONE',  ( -0.5481851703216898963, -2.878841664677973977, 0.9810000000000000941 ) ) ;
#11556 = CARTESIAN_POINT ( 'NONE',  ( -1.043525841656193887, -3.238805855307024029, 0.9800000000000002043 ) ) ;
#11557 = MECHANICAL_DESIGN_GEOMETRIC_PRESENTATION_REPRESENTATION (  '', ( #791 ), #4879 ) ;
#11558 = CARTESIAN_POINT ( 'NONE',  ( -3.623086578651014023, 3.799999999999999822, 0.7800000000000001377 ) ) ;
#11559 = AXIS2_PLACEMENT_3D ( 'NONE', #7053, #7822, #4185 ) ;
#11560 = B_SPLINE_CURVE_WITH_KNOTS ( 'NONE', 3,
 ( #2733, #6687, #9559, #769 ),
 .UNSPECIFIED., .F., .F.,
 ( 4, 4 ),
 ( 10.00000000000000000, 11.00000000000000000 ),
 .UNSPECIFIED. ) ;
#11561 = DIRECTION ( 'NONE',  ( 0.0000000000000000000, 1.000000000000000000, 0.0000000000000000000 ) ) ;
#11562 = ORIENTED_EDGE ( 'NONE', *, *, #1307, .T. ) ;
#11563 = AXIS2_PLACEMENT_3D ( 'NONE', #1379, #1496, #3465 ) ;
#11564 =( GEOMETRIC_REPRESENTATION_CONTEXT ( 3 ) GLOBAL_UNCERTAINTY_ASSIGNED_CONTEXT ( ( #11121 ) ) GLOBAL_UNIT_ASSIGNED_CONTEXT ( ( #6109, #7155, #5208 ) ) REPRESENTATION_CONTEXT ( 'NONE', 'WORKASPACE' ) );
#11565 = VERTEX_POINT ( 'NONE', #181 ) ;
#11566 = MECHANICAL_DESIGN_GEOMETRIC_PRESENTATION_REPRESENTATION (  '', ( #3150 ), #7437 ) ;
#11567 = LINE ( 'NONE', #10351, #9647 ) ;
#11568 = CYLINDRICAL_SURFACE ( 'NONE', #1224, 0.3000000000000000444 ) ;
#11569 = CARTESIAN_POINT ( 'NONE',  ( -0.9806204877193099856, -3.275405333961253440, 0.9810000000000000941 ) ) ;
#11570 = CARTESIAN_POINT ( 'NONE',  ( -1.621405532364044610, -3.286288290951770108, 0.9799999999999999822 ) ) ;
#11571 = CARTESIAN_POINT ( 'NONE',  ( -1.008745939355516041, -3.291521581663829910, 0.9799999999999999822 ) ) ;
#11572 = VERTEX_POINT ( 'NONE', #3904 ) ;
#11573 =( NAMED_UNIT ( * ) SI_UNIT ( $, .STERADIAN. ) SOLID_ANGLE_UNIT ( ) );
#11574 = CARTESIAN_POINT ( 'NONE',  ( -0.8032897750911421886, -3.202518304027323737, 0.9799999999999999822 ) ) ;
#11575 = PRESENTATION_LAYER_ASSIGNMENT (  '', '', ( #4708 ) ) ;
#11576 = LINE ( 'NONE', #8617, #2696 ) ;
#11577 = STYLED_ITEM ( 'NONE', ( #11759 ), #2332 ) ;
#11578 = UNCERTAINTY_MEASURE_WITH_UNIT (LENGTH_MEASURE( 1.000000000000000082E-05 ), #4627, 'distance_accuracy_value', 'NONE');
#11579 = ORIENTED_EDGE ( 'NONE', *, *, #7090, .T. ) ;
#11580 = UNCERTAINTY_MEASURE_WITH_UNIT (LENGTH_MEASURE( 1.000000000000000082E-05 ), #10050, 'distance_accuracy_value', 'NONE');
#11581 = CARTESIAN_POINT ( 'NONE',  ( -2.170880670972001436, -3.258814512647445039, 0.9810000000000000941 ) ) ;
#11582 = DIRECTION ( 'NONE',  ( 1.000000000000000000, 0.0000000000000000000, 0.0000000000000000000 ) ) ;
#11583 =( NAMED_UNIT ( * ) SI_UNIT ( $, .STERADIAN. ) SOLID_ANGLE_UNIT ( ) );
#11584 =( GEOMETRIC_REPRESENTATION_CONTEXT ( 3 ) GLOBAL_UNCERTAINTY_ASSIGNED_CONTEXT ( ( #11698 ) ) GLOBAL_UNIT_ASSIGNED_CONTEXT ( ( #815, #923, #3633 ) ) REPRESENTATION_CONTEXT ( 'NONE', 'WORKASPACE' ) );
#11585 = CARTESIAN_POINT ( 'NONE',  ( -0.8187821680439378857, -3.266567391672931198, 0.9799999999999999822 ) ) ;
#11586 = B_SPLINE_CURVE_WITH_KNOTS ( 'NONE', 3,
 ( #5934, #7872, #5019, #6984 ),
 .UNSPECIFIED., .F., .F.,
 ( 4, 4 ),
 ( 23.00000000000000000, 24.00000000000000000 ),
 .UNSPECIFIED. ) ;
#11587 = ORIENTED_EDGE ( 'NONE', *, *, #11224, .F. ) ;
#11588 =( NAMED_UNIT ( * ) PLANE_ANGLE_UNIT ( ) SI_UNIT ( $, .RADIAN. ) );
#11589 =( LENGTH_UNIT ( ) NAMED_UNIT ( * ) SI_UNIT ( .MILLI., .METRE. ) );
#11590 =( NAMED_UNIT ( * ) PLANE_ANGLE_UNIT ( ) SI_UNIT ( $, .RADIAN. ) );
#11591 =( LENGTH_UNIT ( ) NAMED_UNIT ( * ) SI_UNIT ( .MILLI., .METRE. ) );
#11592 = SURFACE_STYLE_USAGE ( .BOTH. , #3071 ) ;
#11593 = LINE ( 'NONE', #256, #447 ) ;
#11594 = EDGE_LOOP ( 'NONE', ( #12116, #4677, #2014, #455 ) ) ;
#11595 = CARTESIAN_POINT ( 'NONE',  ( -0.8331828151851505826, -3.333839728858221996, 0.9799999999999999822 ) ) ;
#11596 =( GEOMETRIC_REPRESENTATION_CONTEXT ( 3 ) GLOBAL_UNCERTAINTY_ASSIGNED_CONTEXT ( ( #2376 ) ) GLOBAL_UNIT_ASSIGNED_CONTEXT ( ( #9686, #11590, #8759 ) ) REPRESENTATION_CONTEXT ( 'NONE', 'WORKASPACE' ) );
#11597 = ADVANCED_FACE ( 'NONE', ( #5850 ), #7705, .F. ) ;
#11598 = SURFACE_STYLE_FILL_AREA ( #2335 ) ;
#11599 = B_SPLINE_CURVE_WITH_KNOTS ( 'NONE', 3,
 ( #1144, #4870, #8610, #234 ),
 .UNSPECIFIED., .F., .F.,
 ( 4, 4 ),
 ( 4.000000000000000000, 5.000000000000000000 ),
 .UNSPECIFIED. ) ;
#11600 =( GEOMETRIC_REPRESENTATION_CONTEXT ( 3 ) GLOBAL_UNCERTAINTY_ASSIGNED_CONTEXT ( ( #8878 ) ) GLOBAL_UNIT_ASSIGNED_CONTEXT ( ( #10745, #1606, #5176 ) ) REPRESENTATION_CONTEXT ( 'NONE', 'WORKASPACE' ) );
#11601 = PRESENTATION_LAYER_ASSIGNMENT (  '', '', ( #4546 ) ) ;
#11602 = PLANE ( 'NONE',  #462 ) ;
#11603 = ORIENTED_EDGE ( 'NONE', *, *, #7618, .T. ) ;
#11604 = FILL_AREA_STYLE ('',( #7817 ) ) ;
#11605 = CARTESIAN_POINT ( 'NONE',  ( -0.7594119910226668768, -3.290897726914749022, 0.9799999999999999822 ) ) ;
#11606 = EDGE_CURVE ( 'NONE', #1760, #14, #592, .T. ) ;
#11607 = ADVANCED_FACE ( 'NONE', ( #3175 ), #9898, .F. ) ;
#11608 =( LENGTH_UNIT ( ) NAMED_UNIT ( * ) SI_UNIT ( .MILLI., .METRE. ) );
#11609 = ORIENTED_EDGE ( 'NONE', *, *, #11831, .T. ) ;
#11610 = DIRECTION ( 'NONE',  ( 1.000000000000000000, -0.0000000000000000000, -0.0000000000000000000 ) ) ;
#11611 = FACE_OUTER_BOUND ( 'NONE', #4447, .T. ) ;
#11612 = PRESENTATION_LAYER_ASSIGNMENT (  '', '', ( #9443 ) ) ;
#11613 = EDGE_CURVE ( 'NONE', #1544, #11646, #1976, .T. ) ;
#11614 = SURFACE_SIDE_STYLE ('',( #9648 ) ) ;
#11615 = DIRECTION ( 'NONE',  ( -0.0000000000000000000, -0.0000000000000000000, -1.000000000000000000 ) ) ;
#11616 = PRESENTATION_LAYER_ASSIGNMENT (  '', '', ( #11212 ) ) ;
#11617 = VERTEX_POINT ( 'NONE', #10822 ) ;
#11618 = VERTEX_POINT ( 'NONE', #2311 ) ;
#11619 = CARTESIAN_POINT ( 'NONE',  ( -1.008745939355516041, -3.291521581663829910, 0.9810000000000000941 ) ) ;
#11620 = PRESENTATION_LAYER_ASSIGNMENT (  '', '', ( #3200 ) ) ;
#11621 = STYLED_ITEM ( 'NONE', ( #4034 ), #4784 ) ;
#11622 = CARTESIAN_POINT ( 'NONE',  ( -0.9829079551346840971, -3.281539905667470780, 0.9800000000000002043 ) ) ;
#11623 = CARTESIAN_POINT ( 'NONE',  ( -1.511510529464747954, -3.017334699289550226, 0.9810000000000000941 ) ) ;
#11624 = CARTESIAN_POINT ( 'NONE',  ( -0.7855619026180425957, -3.287778453165188797, 0.9800000000000002043 ) ) ;
#11625 = CARTESIAN_POINT ( 'NONE',  ( -0.9605531599343881677, -3.244108620679740262, 0.9799999999999999822 ) ) ;
#11626 = CARTESIAN_POINT ( 'NONE',  ( -0.5556194394245878021, -2.859710119017364160, 0.9800000000000002043 ) ) ;
#11627 = DIRECTION ( 'NONE',  ( 1.000000000000000000, -0.0000000000000000000, -0.0000000000000000000 ) ) ;
#11628 = PRESENTATION_LAYER_ASSIGNMENT (  '', '', ( #8251 ) ) ;
#11629 = EDGE_CURVE ( 'NONE', #11364, #4510, #4168, .T. ) ;
#11630 = EDGE_CURVE ( 'NONE', #2239, #711, #2430, .T. ) ;
#11631 = ORIENTED_EDGE ( 'NONE', *, *, #3693, .F. ) ;
#11632 = ORIENTED_EDGE ( 'NONE', *, *, #10619, .F. ) ;
#11633 = AXIS2_PLACEMENT_3D ( 'NONE', #9780, #3236, #6914 ) ;
#11634 = CARTESIAN_POINT ( 'NONE',  ( -1.919278867438905190, -2.975400994119907772, 0.9810000000000000941 ) ) ;
#11635 =( GEOMETRIC_REPRESENTATION_CONTEXT ( 3 ) GLOBAL_UNCERTAINTY_ASSIGNED_CONTEXT ( ( #1925 ) ) GLOBAL_UNIT_ASSIGNED_CONTEXT ( ( #1055, #9327, #3696 ) ) REPRESENTATION_CONTEXT ( 'NONE', 'WORKASPACE' ) );
#11636 = CARTESIAN_POINT ( 'NONE',  ( -0.8920331132488581449, -3.236934291058397140, 0.9810000000000000941 ) ) ;
#11637 = SURFACE_STYLE_USAGE ( .BOTH. , #8804 ) ;
#11638 = ORIENTED_EDGE ( 'NONE', *, *, #7808, .T. ) ;
#11639 = CARTESIAN_POINT ( 'NONE',  ( -0.9226019959884024235, -2.824670277238598537, 0.9810000000000000941 ) ) ;
#11640 = ORIENTED_EDGE ( 'NONE', *, *, #5592, .F. ) ;
#11641 = DIRECTION ( 'NONE',  ( -0.0000000000000000000, -0.0000000000000000000, -1.000000000000000000 ) ) ;
#11642 = PRESENTATION_LAYER_ASSIGNMENT (  '', '', ( #3615 ) ) ;
#11643 = CARTESIAN_POINT ( 'NONE',  ( -1.362573861928358276, -3.266044448500084574, 0.9799999999999999822 ) ) ;
#11644 = CARTESIAN_POINT ( 'NONE',  ( -0.4745183219514081951, -3.150426432419600076, 0.9810000000000000941 ) ) ;
#11645 = CARTESIAN_POINT ( 'NONE',  ( -0.8053692909234896335, -3.271558229671111651, 0.9800000000000002043 ) ) ;
#11646 = VERTEX_POINT ( 'NONE', #2366 ) ;
#11647 = CARTESIAN_POINT ( 'NONE',  ( -0.9309720472149166648, -3.011202847425386686, 0.9810000000000000941 ) ) ;
#11648 = UNCERTAINTY_MEASURE_WITH_UNIT (LENGTH_MEASURE( 1.000000000000000082E-05 ), #10876, 'distance_accuracy_value', 'NONE');
#11649 = CARTESIAN_POINT ( 'NONE',  ( -2.055201697326993315, -3.328221885802723268, 0.9810000000000000941 ) ) ;
#11650 = ORIENTED_EDGE ( 'NONE', *, *, #10685, .F. ) ;
#11651 = SURFACE_SIDE_STYLE ('',( #1166 ) ) ;
#11652 = B_SPLINE_SURFACE_WITH_KNOTS ( 'NONE', 3, 1, ( 
 ( #9794, #12016 ),
 ( #3673, #9178 ),
 ( #6484, #7275 ),
 ( #795, #11874 ) ),
 .UNSPECIFIED., .F., .F., .F.,
 ( 4, 4 ),
 ( 2, 2 ),
 ( 10.00000000000000000, 11.00000000000000000 ),
 ( 0.0000000000000000000, 1.000000000000000000 ),
 .UNSPECIFIED. ) ;
#11653 =( NAMED_UNIT ( * ) PLANE_ANGLE_UNIT ( ) SI_UNIT ( $, .RADIAN. ) );
#11654 = ORIENTED_EDGE ( 'NONE', *, *, #10395, .T. ) ;
#11656 = FACE_OUTER_BOUND ( 'NONE', #4789, .T. ) ;
#11655 = STYLED_ITEM ( 'NONE', ( #5945 ), #10641 ) ;
#11657 = CARTESIAN_POINT ( 'NONE',  ( -0.7663783690616760014, -3.188273620574769485, 0.9810000000000000941 ) ) ;
#11658 = ORIENTED_EDGE ( 'NONE', *, *, #7456, .T. ) ;
#11659 = SURFACE_STYLE_USAGE ( .BOTH. , #10734 ) ;
#11660 = CARTESIAN_POINT ( 'NONE',  ( -0.2965637545741610093, -3.153961609335209193, 0.9799999999999999822 ) ) ;
#11661 =( NAMED_UNIT ( * ) PLANE_ANGLE_UNIT ( ) SI_UNIT ( $, .RADIAN. ) );
#11662 = CARTESIAN_POINT ( 'NONE',  ( -0.8077087462353104153, -2.892878396548891562, 0.9810000000000000941 ) ) ;
#11663 = ADVANCED_FACE ( 'NONE', ( #6158 ), #4006, .F. ) ;
#11664 = CARTESIAN_POINT ( 'NONE',  ( -0.5512524561754880148, -2.831324727902375216, 0.9810000000000000941 ) ) ;
#11665 = ORIENTED_EDGE ( 'NONE', *, *, #9786, .F. ) ;
#11666 = VERTEX_POINT ( 'NONE', #784 ) ;
#11667 = CARTESIAN_POINT ( 'NONE',  ( -1.008745939355516041, -3.304518555618224163, 0.9810000000000000941 ) ) ;
#11668 = CARTESIAN_POINT ( 'NONE',  ( -0.6302220699198716192, -3.007771646301292012, 0.9810000000000000941 ) ) ;
#11669 = CARTESIAN_POINT ( 'NONE',  ( -1.980010339634612038, -3.135905575568395331, 0.9800000000000002043 ) ) ;
#11670 = CARTESIAN_POINT ( 'NONE',  ( -0.8920331132488581449, -3.330408527734125101, 0.9799999999999999822 ) ) ;
#11671 = DIRECTION ( 'NONE',  ( -1.000000000000000000, 0.0000000000000000000, 0.0000000000000000000 ) ) ;
#11672 = SURFACE_SIDE_STYLE ('',( #7894 ) ) ;
#11673 = PLANE ( 'NONE',  #8460 ) ;
#11674 = EDGE_CURVE ( 'NONE', #9447, #6802, #10082, .T. ) ;
#11675 = DIRECTION ( 'NONE',  ( -0.0000000000000000000, -0.0000000000000000000, -1.000000000000000000 ) ) ;
#11676 = ORIENTED_EDGE ( 'NONE', *, *, #8020, .T. ) ;
#11677 = ORIENTED_EDGE ( 'NONE', *, *, #3597, .T. ) ;
#11678 = DIRECTION ( 'NONE',  ( -1.000000000000000000, 0.0000000000000000000, 0.0000000000000000000 ) ) ;
#11679 = EDGE_CURVE ( 'NONE', #9067, #7034, #1287, .T. ) ;
#11680 =( NAMED_UNIT ( * ) PLANE_ANGLE_UNIT ( ) SI_UNIT ( $, .RADIAN. ) );
#11681 = EDGE_CURVE ( 'NONE', #3459, #5139, #897, .T. ) ;
#11682 = CARTESIAN_POINT ( 'NONE',  ( -0.8892257668745348065, -2.828621357320259211, 0.9810000000000000941 ) ) ;
#11683 = DIRECTION ( 'NONE',  ( -0.0000000000000000000, 1.000000000000000000, -0.0000000000000000000 ) ) ;
#11684 =( NAMED_UNIT ( * ) SI_UNIT ( $, .STERADIAN. ) SOLID_ANGLE_UNIT ( ) );
#11685 = STYLED_ITEM ( 'NONE', ( #8358 ), #214 ) ;
#11686 = EDGE_LOOP ( 'NONE', ( #2755, #393, #5816, #9947 ) ) ;
#11687 = PLANE ( 'NONE',  #7199 ) ;
#11688 = CARTESIAN_POINT ( 'NONE',  ( -0.8311032993528110202, -3.216243108523703320, 0.9800000000000002043 ) ) ;
#11689 = CARTESIAN_POINT ( 'NONE',  ( -0.9605531599343881677, -3.244108620679740262, 0.9799999999999999822 ) ) ;
#11690 = DIRECTION ( 'NONE',  ( 0.0000000000000000000, -0.0000000000000000000, 1.000000000000000000 ) ) ;
#11691 = UNCERTAINTY_MEASURE_WITH_UNIT (LENGTH_MEASURE( 1.000000000000000082E-05 ), #2883, 'distance_accuracy_value', 'NONE');
#11692 = ORIENTED_EDGE ( 'NONE', *, *, #6660, .T. ) ;
#11693 = AXIS2_PLACEMENT_3D ( 'NONE', #11821, #7868, #3304 ) ;
#11694 = EDGE_CURVE ( 'NONE', #7270, #3253, #8279, .T. ) ;
#11695 = COLOUR_RGB ( '',0.0000000000000000000, 0.0000000000000000000, 0.0000000000000000000 ) ;
#11696 = LINE ( 'NONE', #6919, #8558 ) ;
#11697 = EDGE_CURVE ( 'NONE', #3612, #7269, #3609, .T. ) ;
#11698 = UNCERTAINTY_MEASURE_WITH_UNIT (LENGTH_MEASURE( 1.000000000000000082E-05 ), #815, 'distance_accuracy_value', 'NONE');
#11699 =( NAMED_UNIT ( * ) SI_UNIT ( $, .STERADIAN. ) SOLID_ANGLE_UNIT ( ) );
#11700 = SURFACE_STYLE_FILL_AREA ( #9739 ) ;
#11701 = SURFACE_STYLE_USAGE ( .BOTH. , #1397 ) ;
#11702 = STYLED_ITEM ( 'NONE', ( #358 ), #7488 ) ;
#11703 = DIRECTION ( 'NONE',  ( -1.000000000000000000, -0.0000000000000000000, -0.0000000000000000000 ) ) ;
#11704 = ORIENTED_EDGE ( 'NONE', *, *, #6053, .T. ) ;
#11705 = CARTESIAN_POINT ( 'NONE',  ( -0.6303780336071427293, -2.984585044767507966, 0.9800000000000002043 ) ) ;
#11706 = CARTESIAN_POINT ( 'NONE',  ( -0.6281425540868388335, -2.804394997869956718, 0.9810000000000000941 ) ) ;
#11707 =( GEOMETRIC_REPRESENTATION_CONTEXT ( 3 ) GLOBAL_UNCERTAINTY_ASSIGNED_CONTEXT ( ( #11839 ) ) GLOBAL_UNIT_ASSIGNED_CONTEXT ( ( #6936, #7754, #11531 ) ) REPRESENTATION_CONTEXT ( 'NONE', 'WORKASPACE' ) );
#11708 = SURFACE_SIDE_STYLE ('',( #4635 ) ) ;
#11709 = VERTEX_POINT ( 'NONE', #656 ) ;
#11710 = STYLED_ITEM ( 'NONE', ( #7425 ), #7952 ) ;
#11711 = MECHANICAL_DESIGN_GEOMETRIC_PRESENTATION_REPRESENTATION (  '', ( #11315 ), #6623 ) ;
#11712 = AXIS2_PLACEMENT_3D ( 'NONE', #10323, #164, #7438 ) ;
#11713 = PRESENTATION_LAYER_ASSIGNMENT (  '', '', ( #11918 ) ) ;
#11714 = CARTESIAN_POINT ( 'NONE',  ( -2.053755663270016463, -3.231340734341733967, 0.9810000000000000941 ) ) ;
#11715 = PRESENTATION_STYLE_ASSIGNMENT (( #6238 ) ) ;
#11716 = ORIENTED_EDGE ( 'NONE', *, *, #11087, .F. ) ;
#11717 = CARTESIAN_POINT ( 'NONE',  ( -1.004586907690135922, -3.314812158990505964, 0.9800000000000002043 ) ) ;
#11718 = B_SPLINE_CURVE_WITH_KNOTS ( 'NONE', 3,
 ( #6124, #7992, #2515, #11714 ),
 .UNSPECIFIED., .F., .F.,
 ( 4, 4 ),
 ( 16.00000000000000000, 17.00000000000000000 ),
 .UNSPECIFIED. ) ;
#11719 = CARTESIAN_POINT ( 'NONE',  ( -0.3426250302671859926, -3.127031879302791140, 0.9810000000000000941 ) ) ;
#11720 = SURFACE_STYLE_USAGE ( .BOTH. , #3316 ) ;
#11721 = PRESENTATION_LAYER_ASSIGNMENT (  '', '', ( #2523 ) ) ;
#11722 = ORIENTED_EDGE ( 'NONE', *, *, #8984, .T. ) ;
#11723 = ORIENTED_EDGE ( 'NONE', *, *, #4098, .T. ) ;
#11724 = CARTESIAN_POINT ( 'NONE',  ( -0.7663783690616761124, -3.188273620574769485, 0.9799999999999999822 ) ) ;
#11725 = SURFACE_STYLE_FILL_AREA ( #8123 ) ;
#11726 = EDGE_LOOP ( 'NONE', ( #5269, #8416, #7229, #143, #1083, #6156, #7802 ) ) ;
#11727 = FILL_AREA_STYLE ('',( #8910 ) ) ;
#11728 = CARTESIAN_POINT ( 'NONE',  ( -0.9661158647865787374, -2.980633964685847737, 0.9800000000000002043 ) ) ;
#11729 = CARTESIAN_POINT ( 'NONE',  ( -0.7409043001118279514, -3.374078360219573636, 0.9799999999999999822 ) ) ;
#11730 = B_SPLINE_CURVE_WITH_KNOTS ( 'NONE', 3,
 ( #8371, #7523, #2078, #1847 ),
 .UNSPECIFIED., .F., .F.,
 ( 4, 4 ),
 ( 5.000000000000000000, 6.000000000000000000 ),
 .UNSPECIFIED. ) ;
#11731 = DIRECTION ( 'NONE',  ( -0.0000000000000000000, -0.0000000000000000000, -1.000000000000000000 ) ) ;
#11732 = DIRECTION ( 'NONE',  ( 0.0000000000000000000, -1.000000000000000000, 0.0000000000000000000 ) ) ;
#11733 =( GEOMETRIC_REPRESENTATION_CONTEXT ( 3 ) GLOBAL_UNCERTAINTY_ASSIGNED_CONTEXT ( ( #5149 ) ) GLOBAL_UNIT_ASSIGNED_CONTEXT ( ( #3171, #11739, #4208 ) ) REPRESENTATION_CONTEXT ( 'NONE', 'WORKASPACE' ) );
#11734 = PRESENTATION_LAYER_ASSIGNMENT (  '', '', ( #7787 ) ) ;
#11735 = EDGE_CURVE ( 'NONE', #8917, #2177, #6101, .T. ) ;
#11736 = ORIENTED_EDGE ( 'NONE', *, *, #3651, .T. ) ;
#11737 = ORIENTED_EDGE ( 'NONE', *, *, #1923, .T. ) ;
#11738 = FILL_AREA_STYLE_COLOUR ( '', #1773 ) ;
#11739 =( NAMED_UNIT ( * ) PLANE_ANGLE_UNIT ( ) SI_UNIT ( $, .RADIAN. ) );
#11740 = EDGE_CURVE ( 'NONE', #8586, #8081, #713, .T. ) ;
#11741 =( GEOMETRIC_REPRESENTATION_CONTEXT ( 3 ) GLOBAL_UNCERTAINTY_ASSIGNED_CONTEXT ( ( #1810 ) ) GLOBAL_UNIT_ASSIGNED_CONTEXT ( ( #4556, #11292, #9398 ) ) REPRESENTATION_CONTEXT ( 'NONE', 'WORKASPACE' ) );
#11742 = PRESENTATION_LAYER_ASSIGNMENT (  '', '', ( #7040 ) ) ;
#11743 = EDGE_CURVE ( 'NONE', #3664, #5913, #5414, .T. ) ;
#11744 = SURFACE_STYLE_FILL_AREA ( #6091 ) ;
#11745 = DIRECTION ( 'NONE',  ( -0.0000000000000000000, -0.0000000000000000000, -1.000000000000000000 ) ) ;
#11746 = ORIENTED_EDGE ( 'NONE', *, *, #10253, .T. ) ;
#11747 = MECHANICAL_DESIGN_GEOMETRIC_PRESENTATION_REPRESENTATION (  '', ( #10182 ), #1176 ) ;
#11748 = CARTESIAN_POINT ( 'NONE',  ( -0.1639946202437250755, -3.153025827211590304, 0.9800000000000002043 ) ) ;
#11749 = CARTESIAN_POINT ( 'NONE',  ( -0.9945532437980212359, -3.195343974404594611, 0.9799999999999999822 ) ) ;
#11750 = CARTESIAN_POINT ( 'NONE',  ( -0.9926816795480085664, -3.248579579720348498, 0.9800000000000002043 ) ) ;
#11751 = PRODUCT ( 'R5930', 'R5930', '', ( #11836 ) ) ;
#11752 = ORIENTED_EDGE ( 'NONE', *, *, #7129, .F. ) ;
#11753 = EDGE_CURVE ( 'NONE', #811, #7147, #3920, .T. ) ;
#11754 = PRESENTATION_LAYER_ASSIGNMENT (  '', '', ( #7436 ) ) ;
#11755 = PLANE ( 'NONE',  #10739 ) ;
#11756 = AXIS2_PLACEMENT_3D ( 'NONE', #5277, #5449, #9192 ) ;
#11757 = ORIENTED_EDGE ( 'NONE', *, *, #3016, .F. ) ;
#11758 = DIRECTION ( 'NONE',  ( -0.0000000000000000000, -1.000000000000000000, -0.0000000000000000000 ) ) ;
#11759 = PRESENTATION_STYLE_ASSIGNMENT (( #7977 ) ) ;
#11760 = CARTESIAN_POINT ( 'NONE',  ( -0.9530669029364294831, -2.800963796745862489, 0.9810000000000000941 ) ) ;
#11761 = FILL_AREA_STYLE ('',( #3484 ) ) ;
#11762 = ORIENTED_EDGE ( 'NONE', *, *, #11681, .F. ) ;
#11763 = CARTESIAN_POINT ( 'NONE',  ( -0.5554114878401739119, -2.949337251404330118, 0.9800000000000002043 ) ) ;
#11764 = UNCERTAINTY_MEASURE_WITH_UNIT (LENGTH_MEASURE( 1.000000000000000082E-05 ), #1398, 'distance_accuracy_value', 'NONE');
#11765 = CARTESIAN_POINT ( 'NONE',  ( -0.5792739320201751863, -3.330408527734124657, 0.9810000000000000941 ) ) ;
#11766 = FILL_AREA_STYLE ('',( #10719 ) ) ;
#11767 = CARTESIAN_POINT ( 'NONE',  ( -0.8032897750911421886, -3.202518304027323737, 0.9810000000000000941 ) ) ;
#11768 = SURFACE_STYLE_USAGE ( .BOTH. , #677 ) ;
#11769 = ORIENTED_EDGE ( 'NONE', *, *, #10262, .T. ) ;
#11770 = ADVANCED_FACE ( 'NONE', ( #6400 ), #6010, .F. ) ;
#11771 = VECTOR ( 'NONE', #980, 1000.000000000000000 ) ;
#11772 = COLOUR_RGB ( '',0.0000000000000000000, 0.0000000000000000000, 0.0000000000000000000 ) ;
#11773 = FILL_AREA_STYLE ('',( #6303 ) ) ;
#11774 = FILL_AREA_STYLE ('',( #6304 ) ) ;
#11775 =( LENGTH_UNIT ( ) NAMED_UNIT ( * ) SI_UNIT ( .MILLI., .METRE. ) );
#11776 = CARTESIAN_POINT ( 'NONE',  ( -1.362573861928358276, -3.266044448500084574, 0.9810000000000000941 ) ) ;
#11777 = FACE_OUTER_BOUND ( 'NONE', #5906, .T. ) ;
#11778 = LINE ( 'NONE', #10849, #31 ) ;
#11779 = ORIENTED_EDGE ( 'NONE', *, *, #2759, .F. ) ;
#11780 = SURFACE_STYLE_FILL_AREA ( #9759 ) ;
#11781 = ADVANCED_FACE ( 'NONE', ( #5109 ), #1546, .F. ) ;
#11782 = CARTESIAN_POINT ( 'NONE',  ( -0.9228619354678770925, -2.800963796745862489, 0.9799999999999999822 ) ) ;
#11783 = STYLED_ITEM ( 'NONE', ( #3780 ), #4909 ) ;
#11784 = COLOUR_RGB ( '',0.0000000000000000000, 0.0000000000000000000, 0.0000000000000000000 ) ;
#11785 = PRESENTATION_STYLE_ASSIGNMENT (( #4302 ) ) ;
#11786 = ORIENTED_EDGE ( 'NONE', *, *, #12120, .T. ) ;
#11787 = VECTOR ( 'NONE', #11415, 1000.000000000000000 ) ;
#11788 = VERTEX_POINT ( 'NONE', #7833 ) ;
#11789 = FACE_BOUND ( 'NONE', #1679, .T. ) ;
#11790 = CARTESIAN_POINT ( 'NONE',  ( -0.5699161107728969444, -2.963373983275247703, 0.9810000000000000941 ) ) ;
#11791 = CARTESIAN_POINT ( 'NONE',  ( -0.8187821680439378857, -3.266567391672931198, 0.9810000000000000941 ) ) ;
#11792 = MECHANICAL_DESIGN_GEOMETRIC_PRESENTATION_REPRESENTATION (  '', ( #11989 ), #3769 ) ;
#11794 = PRESENTATION_LAYER_ASSIGNMENT (  '', '', ( #8231 ) ) ;
#11793 = FILL_AREA_STYLE_COLOUR ( '', #9186 ) ;
#11795 = FACE_OUTER_BOUND ( 'NONE', #2663, .T. ) ;
#11796 = STYLED_ITEM ( 'NONE', ( #7762 ), #1168 ) ;
#11797 = CARTESIAN_POINT ( 'NONE',  ( -2.231612129378391263, -3.101201944150103973, 0.9799999999999999822 ) ) ;
#11798 = ORIENTED_EDGE ( 'NONE', *, *, #1092, .T. ) ;
#11799 = AXIS2_PLACEMENT_3D ( 'NONE', #3104, #2535, #1259 ) ;
#11800 = PRESENTATION_LAYER_ASSIGNMENT (  '', '', ( #1821 ) ) ;
#11801 = EDGE_LOOP ( 'NONE', ( #9826, #3660, #776, #1086, #3102, #4654, #8338, #6334, #5031, #3478, #11860, #317, #641, #90, #8284, #5487, #6378, #2083, #871, #3937, #7075 ) ) ;
#11802 = CARTESIAN_POINT ( 'NONE',  ( -0.5092982242513865998, -3.007771646301291568, 0.9800000000000002043 ) ) ;
#11803 = CARTESIAN_POINT ( 'NONE',  ( -1.026941702891116748, -2.940395333324490768, 0.9800000000000002043 ) ) ;
#11804 = CARTESIAN_POINT ( 'NONE',  ( -1.601161745072399167, -3.241462710728314267, 0.9799999999999999822 ) ) ;
#11805 = EDGE_LOOP ( 'NONE', ( #10589, #1449, #1016, #2399, #4550, #2628, #11762, #4688, #11587, #11922, #2042, #4638 ) ) ;
#11806 = CARTESIAN_POINT ( 'NONE',  ( -0.8920331132488582560, -3.200126860819747510, 0.9800000000000002043 ) ) ;
#11807 = FACE_BOUND ( 'NONE', #8889, .T. ) ;
#11808 = EDGE_CURVE ( 'NONE', #11064, #7041, #1276, .T. ) ;
#11809 = MECHANICAL_DESIGN_GEOMETRIC_PRESENTATION_REPRESENTATION (  '', ( #7109 ), #2830 ) ;
#11810 = UNCERTAINTY_MEASURE_WITH_UNIT (LENGTH_MEASURE( 1.000000000000000082E-05 ), #11589, 'distance_accuracy_value', 'NONE');
#11811 = EDGE_LOOP ( 'NONE', ( #276, #7904, #9625, #9399 ) ) ;
#11812 = ADVANCED_FACE ( 'NONE', ( #11845 ), #9148, .F. ) ;
#11813 = EDGE_CURVE ( 'NONE', #2049, #4450, #4930, .T. ) ;
#11814 = ORIENTED_EDGE ( 'NONE', *, *, #2373, .T. ) ;
#11815 = FILL_AREA_STYLE ('',( #1644 ) ) ;
#11816 = DIRECTION ( 'NONE',  ( -0.0000000000000000000, -0.0000000000000000000, -1.000000000000000000 ) ) ;
#11817 = CARTESIAN_POINT ( 'NONE',  ( -0.9282166887363552110, -3.325209738152917982, 0.9799999999999999822 ) ) ;
#11818 = CARTESIAN_POINT ( 'NONE',  ( -1.621405532364044610, -2.836586302968011619, 0.9810000000000000941 ) ) ;
#11819 = ORIENTED_EDGE ( 'NONE', *, *, #666, .F. ) ;
#11820 = CARTESIAN_POINT ( 'NONE',  ( -2.036403861351574029, -3.386061372626611998, 0.9810000000000000941 ) ) ;
#11821 = CARTESIAN_POINT ( 'NONE',  ( -0.7292070235534214850, -2.827789550986767431, 0.9810000000000000941 ) ) ;
#11822 = VECTOR ( 'NONE', #4725, 1000.000000000000000 ) ;
#11823 = ORIENTED_EDGE ( 'NONE', *, *, #588, .T. ) ;
#11824 = STYLED_ITEM ( 'NONE', ( #8178 ), #1 ) ;
#11825 = EDGE_CURVE ( 'NONE', #3122, #11269, #9023, .T. ) ;
#11826 = DIRECTION ( 'NONE',  ( -0.0000000000000000000, -1.000000000000000000, -0.0000000000000000000 ) ) ;
#11827 = CARTESIAN_POINT ( 'NONE',  ( -2.163650693749332277, -2.936359426011495355, 0.9810000000000000941 ) ) ;
#11828 = DIRECTION ( 'NONE',  ( -1.000000000000000000, -0.0000000000000000000, -0.0000000000000000000 ) ) ;
#11829 = FILL_AREA_STYLE_COLOUR ( '', #6941 ) ;
#11830 = CARTESIAN_POINT ( 'NONE',  ( -0.2658908960417202816, -3.257625473593091847, 0.9810000000000000941 ) ) ;
#11831 = EDGE_CURVE ( 'NONE', #2202, #4510, #700, .T. ) ;
#11833 = ORIENTED_EDGE ( 'NONE', *, *, #10900, .T. ) ;
#11832 = EDGE_CURVE ( 'NONE', #4617, #9741, #644, .T. ) ;
#11834 = LINE ( 'NONE', #3440, #9405 ) ;
#11835 = FACE_OUTER_BOUND ( 'NONE', #7220, .T. ) ;
#11836 = PRODUCT_CONTEXT ( 'NONE', #5020, 'mechanical' ) ;
#11837 = ORIENTED_EDGE ( 'NONE', *, *, #3429, .F. ) ;
#11838 = PRESENTATION_STYLE_ASSIGNMENT (( #11720 ) ) ;
#11839 = UNCERTAINTY_MEASURE_WITH_UNIT (LENGTH_MEASURE( 1.000000000000000082E-05 ), #6936, 'distance_accuracy_value', 'NONE');
#11840 = LINE ( 'NONE', #1600, #4948 ) ;
#11841 = FILL_AREA_STYLE_COLOUR ( '', #2334 ) ;
#11842 = ORIENTED_EDGE ( 'NONE', *, *, #5978, .T. ) ;
#11843 = ORIENTED_EDGE ( 'NONE', *, *, #4986, .F. ) ;
#11844 = PLANE ( 'NONE',  #8769 ) ;
#11845 = FACE_OUTER_BOUND ( 'NONE', #3422, .T. ) ;
#11846 = B_SPLINE_SURFACE_WITH_KNOTS ( 'NONE', 3, 1, ( 
 ( #9400, #43 ),
 ( #4731, #8261 ),
 ( #12047, #7538 ),
 ( #11296, #3648 ) ),
 .UNSPECIFIED., .F., .F., .F.,
 ( 4, 4 ),
 ( 2, 2 ),
 ( 35.00000000000000000, 36.00000000000000000 ),
 ( 0.0000000000000000000, 1.000000000000000000 ),
 .UNSPECIFIED. ) ;
#11847 = SURFACE_SIDE_STYLE ('',( #7184 ) ) ;
#11848 = SURFACE_SIDE_STYLE ('',( #7836 ) ) ;
#11849 = ORIENTED_EDGE ( 'NONE', *, *, #6505, .T. ) ;
#11850 = SURFACE_STYLE_FILL_AREA ( #4427 ) ;
#11851 = CARTESIAN_POINT ( 'NONE',  ( -0.8233571028760637844, -3.207925045192944413, 0.9810000000000000941 ) ) ;
#11852 = SURFACE_SIDE_STYLE ('',( #10069 ) ) ;
#11853 = CARTESIAN_POINT ( 'NONE',  ( -0.4698913992235199677, -3.307221926200337059, 0.9800000000000002043 ) ) ;
#11854 = ORIENTED_EDGE ( 'NONE', *, *, #3955, .F. ) ;
#11855 = ORIENTED_EDGE ( 'NONE', *, *, #11443, .F. ) ;
#11856 = B_SPLINE_CURVE_WITH_KNOTS ( 'NONE', 3,
 ( #11634, #3231, #4992, #8738 ),
 .UNSPECIFIED., .F., .F.,
 ( 4, 4 ),
 ( 20.00000000000000000, 21.00000000000000000 ),
 .UNSPECIFIED. ) ;
#11857 = CARTESIAN_POINT ( 'NONE',  ( -0.4158759754714215218, -2.841826282857685015, 0.9810000000000000941 ) ) ;
#11858 = CARTESIAN_POINT ( 'NONE',  ( -0.8575131504269685179, -3.325313713944428429, 0.9799999999999999822 ) ) ;
#11859 = DIRECTION ( 'NONE',  ( 0.3493954794691490617, -0.9369753459544831742, -0.0000000000000000000 ) ) ;
#11860 = ORIENTED_EDGE ( 'NONE', *, *, #8970, .F. ) ;
#11861 = FILL_AREA_STYLE_COLOUR ( '', #6015 ) ;
#11862 = DIRECTION ( 'NONE',  ( -0.0000000000000000000, 1.000000000000000000, -0.0000000000000000000 ) ) ;
#11863 = DIRECTION ( 'NONE',  ( -0.0000000000000000000, 0.0000000000000000000, -1.000000000000000000 ) ) ;
#11864 = B_SPLINE_CURVE_WITH_KNOTS ( 'NONE', 3,
 ( #8626, #8555, #10352, #7573 ),
 .UNSPECIFIED., .F., .F.,
 ( 4, 4 ),
 ( 4.000000000000000000, 5.000000000000000000 ),
 .UNSPECIFIED. ) ;
#11865 = ORIENTED_EDGE ( 'NONE', *, *, #6877, .T. ) ;
#11866 =( NAMED_UNIT ( * ) PLANE_ANGLE_UNIT ( ) SI_UNIT ( $, .RADIAN. ) );
#11867 = ORIENTED_EDGE ( 'NONE', *, *, #10348, .F. ) ;
#11868 = ORIENTED_EDGE ( 'NONE', *, *, #1719, .T. ) ;
#11869 = SURFACE_SIDE_STYLE ('',( #4451 ) ) ;
#11870 = FACE_BOUND ( 'NONE', #2024, .T. ) ;
#11871 = MECHANICAL_DESIGN_GEOMETRIC_PRESENTATION_REPRESENTATION (  '', ( #11685 ), #5992 ) ;
#11872 = CARTESIAN_POINT ( 'NONE',  ( -0.6861610458177462846, -2.804394997869956718, 0.9810000000000000941 ) ) ;
#11873 = PRESENTATION_STYLE_ASSIGNMENT (( #670 ) ) ;
#11874 = CARTESIAN_POINT ( 'NONE',  ( -0.7663783690616761124, -3.213019858982632648, 0.9799999999999999822 ) ) ;
#11875 = SURFACE_STYLE_FILL_AREA ( #5498 ) ;
#11876 = ORIENTED_EDGE ( 'NONE', *, *, #2997, .T. ) ;
#11877 = FILL_AREA_STYLE ('',( #8354 ) ) ;
#11878 = UNCERTAINTY_MEASURE_WITH_UNIT (LENGTH_MEASURE( 1.000000000000000082E-05 ), #1264, 'distance_accuracy_value', 'NONE');
#11879 = CARTESIAN_POINT ( 'NONE',  ( -1.043525841656193887, -3.238805855307024029, 0.9810000000000000941 ) ) ;
#11880 =( NAMED_UNIT ( * ) PLANE_ANGLE_UNIT ( ) SI_UNIT ( $, .RADIAN. ) );
#11881 = DIRECTION ( 'NONE',  ( -0.3416038306902453026, 0.9398440417738201935, 0.0000000000000000000 ) ) ;
#11882 = VECTOR ( 'NONE', #3362, 1000.000000000000000 ) ;
#11883 = DIRECTION ( 'NONE',  ( 0.0000000000000000000, 1.000000000000000000, -0.0000000000000000000 ) ) ;
#11884 = B_SPLINE_CURVE_WITH_KNOTS ( 'NONE', 3,
 ( #4667, #1855, #8448, #3812 ),
 .UNSPECIFIED., .F., .F.,
 ( 4, 4 ),
 ( 19.00000000000000000, 20.00000000000000000 ),
 .UNSPECIFIED. ) ;
#11885 = ORIENTED_EDGE ( 'NONE', *, *, #9748, .F. ) ;
#11886 = DIRECTION ( 'NONE',  ( -0.0000000000000000000, -0.0000000000000000000, -1.000000000000000000 ) ) ;
#11887 = EDGE_CURVE ( 'NONE', #4976, #2529, #8424, .T. ) ;
#11888 = MECHANICAL_DESIGN_GEOMETRIC_PRESENTATION_REPRESENTATION (  '', ( #2709 ), #11306 ) ;
#11889 = DIRECTION ( 'NONE',  ( 0.0000000000000000000, 0.0000000000000000000, 1.000000000000000000 ) ) ;
#11890 = CARTESIAN_POINT ( 'NONE',  ( -0.9706388117222577439, -3.310757103115949729, 0.9810000000000000941 ) ) ;
#11891 = VECTOR ( 'NONE', #1097, 1000.000000000000000 ) ;
#11892 = LINE ( 'NONE', #10963, #5294 ) ;
#11893 = EDGE_LOOP ( 'NONE', ( #3963, #4802, #6704, #9992 ) ) ;
#11894 = ORIENTED_EDGE ( 'NONE', *, *, #3519, .F. ) ;
#11895 = FILL_AREA_STYLE_COLOUR ( '', #793 ) ;
#11896 = EDGE_CURVE ( 'NONE', #9706, #11038, #1436, .T. ) ;
#11897 = PRESENTATION_STYLE_ASSIGNMENT (( #1723 ) ) ;
#11898 = EDGE_CURVE ( 'NONE', #2992, #3122, #572, .T. ) ;
#11899 = ORIENTED_EDGE ( 'NONE', *, *, #689, .F. ) ;
#11900 =( GEOMETRIC_REPRESENTATION_CONTEXT ( 3 ) GLOBAL_UNCERTAINTY_ASSIGNED_CONTEXT ( ( #70 ) ) GLOBAL_UNIT_ASSIGNED_CONTEXT ( ( #10042, #6176, #9183 ) ) REPRESENTATION_CONTEXT ( 'NONE', 'WORKASPACE' ) );
#11901 = STYLED_ITEM ( 'NONE', ( #9993 ), #1560 ) ;
#11902 = CARTESIAN_POINT ( 'NONE',  ( -0.9228619354678770925, -2.800963796745862489, 0.9810000000000000941 ) ) ;
#11903 =( GEOMETRIC_REPRESENTATION_CONTEXT ( 3 ) GLOBAL_UNCERTAINTY_ASSIGNED_CONTEXT ( ( #7102 ) ) GLOBAL_UNIT_ASSIGNED_CONTEXT ( ( #9428, #11325, #10458 ) ) REPRESENTATION_CONTEXT ( 'NONE', 'WORKASPACE' ) );
#11904 = VECTOR ( 'NONE', #10170, 1000.000000000000000 ) ;
#11905 = EDGE_CURVE ( 'NONE', #5318, #7009, #10001, .T. ) ;
#11906 = EDGE_CURVE ( 'NONE', #7767, #5318, #7068, .T. ) ;
#11907 = CARTESIAN_POINT ( 'NONE',  ( -0.8301155293320466866, -3.185674225782779700, 0.9800000000000002043 ) ) ;
#11908 = ORIENTED_EDGE ( 'NONE', *, *, #1626, .F. ) ;
#11909 = ORIENTED_EDGE ( 'NONE', *, *, #6666, .T. ) ;
#11910 = DIRECTION ( 'NONE',  ( 0.7071067811865489050, 0.0000000000000000000, -0.7071067811865462405 ) ) ;
#11911 = CARTESIAN_POINT ( 'NONE',  ( -0.9975685417553713519, -2.830908824736320550, 0.9799999999999999822 ) ) ;
#11912 = B_SPLINE_CURVE_WITH_KNOTS ( 'NONE', 3,
 ( #8564, #10534, #10601, #6457 ),
 .UNSPECIFIED., .F., .F.,
 ( 4, 4 ),
 ( 1.000000000000000000, 2.000000000000000000 ),
 .UNSPECIFIED. ) ;
#11913 = CARTESIAN_POINT ( 'NONE',  ( -1.919278895018924569, -3.339789882455566961, 0.9799999999999999822 ) ) ;
#11914 =( NAMED_UNIT ( * ) PLANE_ANGLE_UNIT ( ) SI_UNIT ( $, .RADIAN. ) );
#11915 =( NAMED_UNIT ( * ) SI_UNIT ( $, .STERADIAN. ) SOLID_ANGLE_UNIT ( ) );
#11916 = LINE ( 'NONE', #3522, #766 ) ;
#11917 =( LENGTH_UNIT ( ) NAMED_UNIT ( * ) SI_UNIT ( .MILLI., .METRE. ) );
#11918 = STYLED_ITEM ( 'NONE', ( #7566 ), #3804 ) ;
#11919 = LINE ( 'NONE', #9216, #8938 ) ;
#11920 = LINE ( 'NONE', #3649, #5430 ) ;
#11921 = B_SPLINE_CURVE_WITH_KNOTS ( 'NONE', 3,
 ( #2587, #11555, #10635, #5955 ),
 .UNSPECIFIED., .F., .F.,
 ( 4, 4 ),
 ( 4.000000000000000000, 5.000000000000000000 ),
 .UNSPECIFIED. ) ;
#11922 = ORIENTED_EDGE ( 'NONE', *, *, #1875, .F. ) ;
#11923 = DIRECTION ( 'NONE',  ( -0.3416038306815482595, 0.9398440417769813315, 0.0000000000000000000 ) ) ;
#11924 = EDGE_CURVE ( 'NONE', #5452, #10398, #4353, .T. ) ;
#11925 = ORIENTED_EDGE ( 'NONE', *, *, #8750, .T. ) ;
#11926 = CARTESIAN_POINT ( 'NONE',  ( -0.5716836992313939492, -2.813336915949796957, 0.9810000000000000941 ) ) ;
#11927 = CARTESIAN_POINT ( 'NONE',  ( -0.3152274091715781545, -3.286010864708079460, 0.9810000000000000941 ) ) ;
#11928 = SURFACE_SIDE_STYLE ('',( #537 ) ) ;
#11929 = CARTESIAN_POINT ( 'NONE',  ( -0.8007943560920566251, -3.181827121492629473, 0.9799999999999999822 ) ) ;
#11930 = CARTESIAN_POINT ( 'NONE',  ( -1.309072325584600183, -3.128675667295774510, 0.9810000000000000941 ) ) ;
#11931 = ORIENTED_EDGE ( 'NONE', *, *, #3065, .T. ) ;
#11932 = CARTESIAN_POINT ( 'NONE',  ( -1.919278895018924569, -3.227002839023036085, 0.9799999999999999822 ) ) ;
#11933 = CARTESIAN_POINT ( 'NONE',  ( -0.7955955665101568375, -3.313044570532008848, 0.9800000000000002043 ) ) ;
#11934 = VECTOR ( 'NONE', #9038, 1000.000000000000000 ) ;
#11935 = FILL_AREA_STYLE ('',( #2807 ) ) ;
#11936 = UNCERTAINTY_MEASURE_WITH_UNIT (LENGTH_MEASURE( 1.000000000000000082E-05 ), #11327, 'distance_accuracy_value', 'NONE');
#11937 = ORIENTED_EDGE ( 'NONE', *, *, #5592, .T. ) ;
#11938 = CARTESIAN_POINT ( 'NONE',  ( -0.9779691050322590895, -2.810945472742220286, 0.9800000000000002043 ) ) ;
#11939 = ORIENTED_EDGE ( 'NONE', *, *, #4390, .T. ) ;
#11940 =( GEOMETRIC_REPRESENTATION_CONTEXT ( 3 ) GLOBAL_UNCERTAINTY_ASSIGNED_CONTEXT ( ( #5204 ) ) GLOBAL_UNIT_ASSIGNED_CONTEXT ( ( #9812, #7050, #10789 ) ) REPRESENTATION_CONTEXT ( 'NONE', 'WORKASPACE' ) );
#11941 = ORIENTED_EDGE ( 'NONE', *, *, #887, .T. ) ;
#11942 = SURFACE_STYLE_FILL_AREA ( #8153 ) ;
#11943 = CARTESIAN_POINT ( 'NONE',  ( -0.5704879776276085002, -2.846921096647376803, 0.9810000000000000941 ) ) ;
#11944 =( LENGTH_UNIT ( ) NAMED_UNIT ( * ) SI_UNIT ( .MILLI., .METRE. ) );
#11945 = SURFACE_STYLE_USAGE ( .BOTH. , #10160 ) ;
#11946 = EDGE_LOOP ( 'NONE', ( #2706, #1692, #4317, #11931 ) ) ;
#11947 = DIRECTION ( 'NONE',  ( 0.0000000000000000000, 0.0000000000000000000, 1.000000000000000000 ) ) ;
#11948 = DIRECTION ( 'NONE',  ( -0.0000000000000000000, -0.0000000000000000000, -1.000000000000000000 ) ) ;
#11949 = CARTESIAN_POINT ( 'NONE',  ( -1.809383836958895930, -3.185069133852000967, 0.9810000000000000941 ) ) ;
#11950 =( NAMED_UNIT ( * ) SI_UNIT ( $, .STERADIAN. ) SOLID_ANGLE_UNIT ( ) );
#11951 = CARTESIAN_POINT ( 'NONE',  ( -0.5205795976444335116, -2.903483927294328915, 0.9810000000000000941 ) ) ;
#11952 = VECTOR ( 'NONE', #12113, 1000.000000000000000 ) ;
#11953 = EDGE_LOOP ( 'NONE', ( #880, #4476, #2407, #5969 ) ) ;
#11954 = CARTESIAN_POINT ( 'NONE',  ( -1.530308351650157661, -2.825018409740929659, 0.9810000000000000941 ) ) ;
#11955 = PLANE ( 'NONE',  #9469 ) ;
#11956 = CARTESIAN_POINT ( 'NONE',  ( -1.142510795289743974, -2.804394997869956718, 0.9810000000000000941 ) ) ;
#11957 = CARTESIAN_POINT ( 'NONE',  ( -0.6726441929057808133, -3.352347419768366255, 0.9810000000000000941 ) ) ;
#11958 = STYLED_ITEM ( 'NONE', ( #6065 ), #2082 ) ;
#11959 = VECTOR ( 'NONE', #11139, 1000.000000000000000 ) ;
#11960 =( GEOMETRIC_REPRESENTATION_CONTEXT ( 3 ) GLOBAL_UNCERTAINTY_ASSIGNED_CONTEXT ( ( #6708 ) ) GLOBAL_UNIT_ASSIGNED_CONTEXT ( ( #4350, #2836, #6563 ) ) REPRESENTATION_CONTEXT ( 'NONE', 'WORKASPACE' ) );
#11961 = CARTESIAN_POINT ( 'NONE',  ( -0.9175071821987060838, -3.307949756742321057, 0.9810000000000000941 ) ) ;
#11962 = VERTEX_POINT ( 'NONE', #5347 ) ;
#11963 = ORIENTED_EDGE ( 'NONE', *, *, #5310, .T. ) ;
#11964 =( NAMED_UNIT ( * ) SI_UNIT ( $, .STERADIAN. ) SOLID_ANGLE_UNIT ( ) );
#11965 = LINE ( 'NONE', #10179, #5732 ) ;
#11966 = CARTESIAN_POINT ( 'NONE',  ( -1.026941702891116748, -2.940395333324490768, 0.9799999999999999822 ) ) ;
#11967 = FILL_AREA_STYLE_COLOUR ( '', #9080 ) ;
#11968 = FILL_AREA_STYLE ('',( #9012 ) ) ;
#11969 = EDGE_CURVE ( 'NONE', #573, #4532, #9639, .T. ) ;
#11970 = AXIS2_PLACEMENT_3D ( 'NONE', #11466, #1048, #3067 ) ;
#11971 = CARTESIAN_POINT ( 'NONE',  ( -0.6728001565930520345, -3.294536879621864145, 0.9800000000000002043 ) ) ;
#11972 = CIRCLE ( 'NONE', #10402, 0.2999999999999999334 ) ;
#11973 = EDGE_CURVE ( 'NONE', #11617, #10569, #6141, .T. ) ;
#11974 = ADVANCED_FACE ( 'NONE', ( #585 ), #7043, .F. ) ;
#11975 = LINE ( 'NONE', #10122, #8662 ) ;
#11976 = ORIENTED_EDGE ( 'NONE', *, *, #3266, .F. ) ;
#11977 = ORIENTED_EDGE ( 'NONE', *, *, #1193, .T. ) ;
#11978 =( NAMED_UNIT ( * ) PLANE_ANGLE_UNIT ( ) SI_UNIT ( $, .RADIAN. ) );
#11979 = DIRECTION ( 'NONE',  ( 0.0000000000000000000, 1.000000000000000000, -0.0000000000000000000 ) ) ;
#11980 = VECTOR ( 'NONE', #1026, 1000.000000000000000 ) ;
#11981 = CARTESIAN_POINT ( 'NONE',  ( -0.8920331132488582560, -3.200126860819747510, 0.9810000000000000941 ) ) ;
#11982 = UNCERTAINTY_MEASURE_WITH_UNIT (LENGTH_MEASURE( 1.000000000000000082E-05 ), #10578, 'distance_accuracy_value', 'NONE');
#11983 = EDGE_CURVE ( 'NONE', #8031, #4960, #11052, .T. ) ;
#11984 = STYLED_ITEM ( 'NONE', ( #5264 ), #4848 ) ;
#11985 = CARTESIAN_POINT ( 'NONE',  ( -0.9802045845525627632, -3.208444924150506417, 0.9810000000000000941 ) ) ;
#11986 = VERTEX_POINT ( 'NONE', #5587 ) ;
#11987 = FILL_AREA_STYLE ('',( #10994 ) ) ;
#11988 = ORIENTED_EDGE ( 'NONE', *, *, #9060, .T. ) ;
#11989 = STYLED_ITEM ( 'NONE', ( #442 ), #8349 ) ;
#11990 = AXIS2_PLACEMENT_3D ( 'NONE', #4520, #8483, #121 ) ;
#11991 = UNCERTAINTY_MEASURE_WITH_UNIT (LENGTH_MEASURE( 1.000000000000000082E-05 ), #2417, 'distance_accuracy_value', 'NONE');
#11992 = FILL_AREA_STYLE ('',( #8136 ) ) ;
#11993 = COLOUR_RGB ( '',0.0000000000000000000, 0.0000000000000000000, 0.0000000000000000000 ) ;
#11994 = CARTESIAN_POINT ( 'NONE',  ( -0.8892257668745348065, -2.828621357320259211, 0.9799999999999999822 ) ) ;
#11995 = CARTESIAN_POINT ( 'NONE',  ( -0.9643482763287762882, -3.202518304027323737, 0.9800000000000002043 ) ) ;
#11996 = LINE ( 'NONE', #4324, #5043 ) ;
#11997 = EDGE_CURVE ( 'NONE', #1428, #11364, #7701, .T. ) ;
#11998 = VERTEX_POINT ( 'NONE', #10259 ) ;
#11999 = ADVANCED_FACE ( 'NONE', ( #12102 ), #11846, .F. ) ;
#12000 = SURFACE_SIDE_STYLE ('',( #6473 ) ) ;
#12001 = LINE ( 'NONE', #11127, #4071 ) ;
#12002 = PRESENTATION_LAYER_ASSIGNMENT (  '', '', ( #10264 ) ) ;
#12003 = B_SPLINE_SURFACE_WITH_KNOTS ( 'NONE', 3, 1, ( 
 ( #10661, #4955 ),
 ( #10776, #10532 ),
 ( #11468, #4041 ),
 ( #3068, #2264 ) ),
 .UNSPECIFIED., .F., .F., .F.,
 ( 4, 4 ),
 ( 2, 2 ),
 ( 26.00000000000000000, 27.00000000000000000 ),
 ( 0.0000000000000000000, 1.000000000000000000 ),
 .UNSPECIFIED. ) ;
#12004 =( GEOMETRIC_REPRESENTATION_CONTEXT ( 3 ) GLOBAL_UNCERTAINTY_ASSIGNED_CONTEXT ( ( #3351 ) ) GLOBAL_UNIT_ASSIGNED_CONTEXT ( ( #224, #3043, #11493 ) ) REPRESENTATION_CONTEXT ( 'NONE', 'WORKASPACE' ) );
#12005 = AXIS2_PLACEMENT_3D ( 'NONE', #12093, #7473, #1975 ) ;
#12006 = ORIENTED_EDGE ( 'NONE', *, *, #10005, .F. ) ;
#12007 = PRESENTATION_LAYER_ASSIGNMENT (  '', '', ( #10233 ) ) ;
#12008 = DIRECTION ( 'NONE',  ( -0.3559357243698748618, 0.9345104387417469960, -0.0000000000000000000 ) ) ;
#12009 = ORIENTED_EDGE ( 'NONE', *, *, #7319, .T. ) ;
#12010 = VERTEX_POINT ( 'NONE', #7364 ) ;
#12011 = FILL_AREA_STYLE ('',( #8285 ) ) ;
#12012 = CARTESIAN_POINT ( 'NONE',  ( -1.949644631116431270, -3.227002839023036085, 0.9800000000000002043 ) ) ;
#12013 =( NAMED_UNIT ( * ) PLANE_ANGLE_UNIT ( ) SI_UNIT ( $, .RADIAN. ) );
#12014 = SURFACE_STYLE_FILL_AREA ( #3480 ) ;
#12015 = VECTOR ( 'NONE', #10056, 1000.000000000000114 ) ;
#12016 = CARTESIAN_POINT ( 'NONE',  ( -0.8032897750911421886, -3.202518304027323737, 0.9799999999999999822 ) ) ;
#12017 = LINE ( 'NONE', #9967, #4252 ) ;
#12018 = ORIENTED_EDGE ( 'NONE', *, *, #10471, .T. ) ;
#12019 = CARTESIAN_POINT ( 'NONE',  ( -1.981456359901579756, -3.426549002369938535, 0.9810000000000000941 ) ) ;
#12020 = CARTESIAN_POINT ( 'NONE',  ( -0.2658908960417202816, -3.226120808728545342, 0.9810000000000000941 ) ) ;
#12021 = FACE_OUTER_BOUND ( 'NONE', #11118, .T. ) ;
#12022 = DIRECTION ( 'NONE',  ( -0.0000000000000000000, 1.000000000000000000, -0.0000000000000000000 ) ) ;
#12023 = ORIENTED_EDGE ( 'NONE', *, *, #5168, .T. ) ;
#12024 = VECTOR ( 'NONE', #5634, 1000.000000000000000 ) ;
#12025 = PRESENTATION_LAYER_ASSIGNMENT (  '', '', ( #8684 ) ) ;
#12026 =( NAMED_UNIT ( * ) PLANE_ANGLE_UNIT ( ) SI_UNIT ( $, .RADIAN. ) );
#12027 = SURFACE_SIDE_STYLE ('',( #7349 ) ) ;
#12028 = CARTESIAN_POINT ( 'NONE',  ( -0.7003537413759326480, -3.356506451434439153, 0.9810000000000000941 ) ) ;
#12029 =( NAMED_UNIT ( * ) PLANE_ANGLE_UNIT ( ) SI_UNIT ( $, .RADIAN. ) );
#12030 = VERTEX_POINT ( 'NONE', #8461 ) ;
#12031 =( LENGTH_UNIT ( ) NAMED_UNIT ( * ) SI_UNIT ( .MILLI., .METRE. ) );
#12032 = SURFACE_STYLE_FILL_AREA ( #10180 ) ;
#12033 = VECTOR ( 'NONE', #4349, 1000.000000000000000 ) ;
#12034 = ORIENTED_EDGE ( 'NONE', *, *, #8511, .T. ) ;
#12035 = CARTESIAN_POINT ( 'NONE',  ( -0.9070576151398446196, -2.987808294308576418, 0.9800000000000002043 ) ) ;
#12036 = SURFACE_STYLE_FILL_AREA ( #4544 ) ;
#12037 = MECHANICAL_DESIGN_GEOMETRIC_PRESENTATION_REPRESENTATION (  '', ( #11442 ), #7302 ) ;
#12038 = ORIENTED_EDGE ( 'NONE', *, *, #8188, .F. ) ;
#12039 =( GEOMETRIC_REPRESENTATION_CONTEXT ( 3 ) GLOBAL_UNCERTAINTY_ASSIGNED_CONTEXT ( ( #5566 ) ) GLOBAL_UNIT_ASSIGNED_CONTEXT ( ( #1781, #1899, #3632 ) ) REPRESENTATION_CONTEXT ( 'NONE', 'WORKASPACE' ) );
#12040 = DIRECTION ( 'NONE',  ( -0.0000000000000000000, -0.0000000000000000000, -1.000000000000000000 ) ) ;
#12041 =( NAMED_UNIT ( * ) SI_UNIT ( $, .STERADIAN. ) SOLID_ANGLE_UNIT ( ) );
#12042 = CYLINDRICAL_SURFACE ( 'NONE', #2592, 0.2999999999999999334 ) ;
#12043 = CARTESIAN_POINT ( 'NONE',  ( -0.9309720472149166648, -3.011202847425386686, 0.9810000000000000941 ) ) ;
#12044 = CARTESIAN_POINT ( 'NONE',  ( 3.227279220613570310, 3.799999999999999822, 0.7515432893255098445 ) ) ;
#12045 = ORIENTED_EDGE ( 'NONE', *, *, #7260, .T. ) ;
#12046 = CARTESIAN_POINT ( 'NONE',  ( -1.116256907902850815, -3.238805855307024029, 0.9810000000000000941 ) ) ;
#12047 = CARTESIAN_POINT ( 'NONE',  ( -1.369803797780998034, -2.965279155633430808, 0.9810000000000000941 ) ) ;
#12048 = LINE ( 'NONE', #7639, #7739 ) ;
#12049 = EDGE_CURVE ( 'NONE', #11475, #3531, #5534, .T. ) ;
#12050 = LINE ( 'NONE', #11853, #7945 ) ;
#12051 = ORIENTED_EDGE ( 'NONE', *, *, #8895, .T. ) ;
#12052 = ORIENTED_EDGE ( 'NONE', *, *, #882, .T. ) ;
#12053 = FACE_OUTER_BOUND ( 'NONE', #7652, .T. ) ;
#12054 = CARTESIAN_POINT ( 'NONE',  ( -2.140514893504466887, -3.098309903617555872, 0.9799999999999999822 ) ) ;
#12055 = CARTESIAN_POINT ( 'NONE',  ( -1.116256907902850815, -3.150426432419600076, 0.9800000000000002043 ) ) ;
#12056 = CARTESIAN_POINT ( 'NONE',  ( -1.621405532364044610, -3.286288290951770108, 0.9810000000000000941 ) ) ;
#12057 = VERTEX_POINT ( 'NONE', #9277 ) ;
#12058 = EDGE_CURVE ( 'NONE', #3896, #3634, #101, .T. ) ;
#12059 = CARTESIAN_POINT ( 'NONE',  ( -1.980010339634612038, -3.135905575568395331, 0.9810000000000000941 ) ) ;
#12060 = ORIENTED_EDGE ( 'NONE', *, *, #2835, .F. ) ;
#12061 =( LENGTH_UNIT ( ) NAMED_UNIT ( * ) SI_UNIT ( .MILLI., .METRE. ) );
#12062 = ORIENTED_EDGE ( 'NONE', *, *, #6754, .F. ) ;
#12063 = EDGE_CURVE ( 'NONE', #7482, #6943, #4067, .T. ) ;
#12064 = EDGE_CURVE ( 'NONE', #6558, #5665, #332, .T. ) ;
#12065 = ORIENTED_EDGE ( 'NONE', *, *, #1429, .F. ) ;
#12066 =( NAMED_UNIT ( * ) PLANE_ANGLE_UNIT ( ) SI_UNIT ( $, .RADIAN. ) );
#12067 = CARTESIAN_POINT ( 'NONE',  ( -0.6291823120047380646, -2.827789550986767431, 0.9799999999999999822 ) ) ;
#12068 = LINE ( 'NONE', #7394, #11959 ) ;
#12069 =( LENGTH_UNIT ( ) NAMED_UNIT ( * ) SI_UNIT ( .MILLI., .METRE. ) );
#12070 = ORIENTED_EDGE ( 'NONE', *, *, #2305, .F. ) ;
#12071 = CARTESIAN_POINT ( 'NONE',  ( -0.2965637545741610093, -3.301919160827621269, 0.9799999999999999822 ) ) ;
#12072 = SURFACE_SIDE_STYLE ('',( #9371 ) ) ;
#12073 = FILL_AREA_STYLE ('',( #4652 ) ) ;
#12074 = PLANE ( 'NONE',  #723 ) ;
#12075 = EDGE_CURVE ( 'NONE', #2488, #4781, #6707, .T. ) ;
#12076 = UNCERTAINTY_MEASURE_WITH_UNIT (LENGTH_MEASURE( 1.000000000000000082E-05 ), #9940, 'distance_accuracy_value', 'NONE');
#12077 = VERTEX_POINT ( 'NONE', #7655 ) ;
#12078 = CARTESIAN_POINT ( 'NONE',  ( -0.8007943560920566251, -3.181827121492629473, 0.9810000000000000941 ) ) ;
#12079 = FILL_AREA_STYLE_COLOUR ( '', #2410 ) ;
#12080 = DIRECTION ( 'NONE',  ( -0.0000000000000000000, -0.0000000000000000000, -1.000000000000000000 ) ) ;
#12081 =( LENGTH_UNIT ( ) NAMED_UNIT ( * ) SI_UNIT ( .MILLI., .METRE. ) );
#12082 = CARTESIAN_POINT ( 'NONE',  ( -0.4037627957462677220, -2.804394997869956718, 0.9800000000000002043 ) ) ;
#12083 = SURFACE_STYLE_USAGE ( .BOTH. , #8306 ) ;
#12084 = STYLED_ITEM ( 'NONE', ( #7550 ), #7008 ) ;
#12085 = ORIENTED_EDGE ( 'NONE', *, *, #10535, .T. ) ;
#12086 = DIRECTION ( 'NONE',  ( 0.0000000000000000000, -0.0000000000000000000, -1.000000000000000000 ) ) ;
#12087 = DIRECTION ( 'NONE',  ( 0.0000000000000000000, 0.0000000000000000000, 1.000000000000000000 ) ) ;
#12088 = VECTOR ( 'NONE', #11331, 1000.000000000000000 ) ;
#12089 = CARTESIAN_POINT ( 'NONE',  ( -0.9626846636624908360, -3.333839728858221996, 0.9799999999999999822 ) ) ;
#12090 = UNCERTAINTY_MEASURE_WITH_UNIT (LENGTH_MEASURE( 1.000000000000000082E-05 ), #6697, 'distance_accuracy_value', 'NONE');
#12091 = ADVANCED_FACE ( 'NONE', ( #9580 ), #10617, .F. ) ;
#12092 =( GEOMETRIC_REPRESENTATION_CONTEXT ( 3 ) GLOBAL_UNCERTAINTY_ASSIGNED_CONTEXT ( ( #5010 ) ) GLOBAL_UNIT_ASSIGNED_CONTEXT ( ( #10067, #1157, #1680 ) ) REPRESENTATION_CONTEXT ( 'NONE', 'WORKASPACE' ) );
#12093 = CARTESIAN_POINT ( 'NONE',  ( -0.3553100768456650127, -3.007771646301291568, 0.9810000000000000941 ) ) ;
#12094 = ORIENTED_EDGE ( 'NONE', *, *, #1562, .F. ) ;
#12095 = CARTESIAN_POINT ( 'NONE',  ( -0.5205795976444335116, -2.903483927294328915, 0.9799999999999999822 ) ) ;
#12096 = FACE_BOUND ( 'NONE', #10882, .T. ) ;
#12097 = CARTESIAN_POINT ( 'NONE',  ( -1.975672389155174180, -3.251584631954842042, 0.9799999999999999822 ) ) ;
#12098 =( LENGTH_UNIT ( ) NAMED_UNIT ( * ) SI_UNIT ( .MILLI., .METRE. ) );
#12099 = LINE ( 'NONE', #8455, #5472 ) ;
#12100 = ORIENTED_EDGE ( 'NONE', *, *, #9650, .T. ) ;
#12101 = B_SPLINE_SURFACE_WITH_KNOTS ( 'NONE', 3, 1, ( 
 ( #8691, #1321 ),
 ( #5066, #4214 ),
 ( #8807, #7856 ),
 ( #11639, #3239 ) ),
 .UNSPECIFIED., .F., .F., .F.,
 ( 4, 4 ),
 ( 2, 2 ),
 ( 8.000000000000000000, 9.000000000000000000 ),
 ( 0.0000000000000000000, 1.000000000000000000 ),
 .UNSPECIFIED. ) ;
#12102 = FACE_OUTER_BOUND ( 'NONE', #788, .T. ) ;
#12103 = UNCERTAINTY_MEASURE_WITH_UNIT (LENGTH_MEASURE( 1.000000000000000082E-05 ), #8471, 'distance_accuracy_value', 'NONE');
#12104 = CARTESIAN_POINT ( 'NONE',  ( -0.6753995513850354904, -3.303582773493221492, 0.9799999999999999822 ) ) ;
#12105 = COLOUR_RGB ( '',0.0000000000000000000, 0.0000000000000000000, 0.0000000000000000000 ) ;
#12106 = COLOUR_RGB ( '',0.0000000000000000000, 0.0000000000000000000, 0.0000000000000000000 ) ;
#12107 = ORIENTED_EDGE ( 'NONE', *, *, #9042, .T. ) ;
#12108 = ORIENTED_EDGE ( 'NONE', *, *, #914, .T. ) ;
#12109 = MECHANICAL_DESIGN_GEOMETRIC_PRESENTATION_REPRESENTATION (  '', ( #10524 ), #2912 ) ;
#12110 = VECTOR ( 'NONE', #5489, 1000.000000000000000 ) ;
#12111 = UNCERTAINTY_MEASURE_WITH_UNIT (LENGTH_MEASURE( 1.000000000000000082E-05 ), #4323, 'distance_accuracy_value', 'NONE');
#12112 = FILL_AREA_STYLE ('',( #2740 ) ) ;
#12113 = DIRECTION ( 'NONE',  ( 1.000000000000000000, -0.0000000000000000000, -0.0000000000000000000 ) ) ;
#12114 = CARTESIAN_POINT ( 'NONE',  ( -2.675735931288069303, 3.799999999999999822, 0.9799999999999999822 ) ) ;
#12115 =( NAMED_UNIT ( * ) PLANE_ANGLE_UNIT ( ) SI_UNIT ( $, .RADIAN. ) );
#12116 = ORIENTED_EDGE ( 'NONE', *, *, #4700, .F. ) ;
#12117 = FILL_AREA_STYLE ('',( #2109 ) ) ;
#12118 = B_SPLINE_CURVE_WITH_KNOTS ( 'NONE', 3,
 ( #11538, #10612, #2904, #1113 ),
 .UNSPECIFIED., .F., .F.,
 ( 4, 4 ),
 ( 4.000000000000000000, 5.000000000000000000 ),
 .UNSPECIFIED. ) ;
#12119 = PLANE ( 'NONE',  #2614 ) ;
#12120 = EDGE_CURVE ( 'NONE', #7676, #9620, #9525, .T. ) ;
#12121 = VERTEX_POINT ( 'NONE', #1290 ) ;
#12122 = SURFACE_STYLE_FILL_AREA ( #9302 ) ;
#12123 = ORIENTED_EDGE ( 'NONE', *, *, #741, .F. ) ;
ENDSEC;
END-ISO-10303-21;
