#VRML V2.0 utf8
# 3D model generated by easyeda2kicad.py (https://github.com/uPesy/easyeda2kicad.py)

Shape{
    appearance Appearance {
        material  Material 	{
            diffuseColor 1.0 1.0 1.0
            specularColor 0.8784313725490196 0.8784313725490196 0.8784313725490196
            ambientIntensity 1.0
            transparency 0.0
            shininess 0.5
        }
    }
    geometry IndexedFaceSet {
        ccw TRUE
        solid FALSE
        coord DEF co Coordinate {
            point [
                1.2333 -0.1194 0.6553, 1.2314 -0.1436 0.6553, 1.1989 -0.1398 0.6519, 1.2309 0.1479 0.3404, 1.2155 0.244 0.3404, 1.1834 0.2376 0.3438, 1.2329 0.1236 0.3404, 1.1984 0.144 0.3438, 1.2388 0.0021 0.3404, 1.2387 0.0508 0.3404, 1.206 0.0495 0.3438, 1.2333 -0.1194 0.3404, 1.2389 -0.0466 0.3404, 1.2062 -0.0453 0.3438, 1.2164 -0.2398 0.3404, 1.2314 -0.1436 0.3404, 1.1989 -0.1398 0.3438, 1.1842 -0.2335 0.3438, 1.1678 -0.1362 0.354, 1.1535 -0.2275 0.354, 1.1395 -0.1329 0.3705, 1.1255 -0.2219 0.3705, 1.1152 -0.1301 0.3925, 1.1015 -0.2172 0.3925, 1.096 -0.1278 0.4191, 1.0825 -0.2135 0.4191, 1.0827 -0.1263 0.4492, 1.0694 -0.2109 0.4492, 1.0759 -0.1255 0.4814, 1.0627 -0.2096 0.4814, 1.0759 -0.1255 0.5143, 1.0627 -0.2096 0.5143, 1.0827 -0.1263 0.5465, 1.0694 -0.2109 0.5465, 1.096 -0.1278 0.5766, 1.0825 -0.2135 0.5766, 1.1152 -0.1301 0.6032, 1.1015 -0.2172 0.6032, 1.1395 -0.1329 0.6253, 1.1255 -0.2219 0.6253, 1.1678 -0.1362 0.6417, 1.1535 -0.2275 0.6417, 1.1842 -0.2335 0.6519, 1.2164 -0.2398 0.6553, 1.1749 -0.0441 0.354, 1.1464 -0.0431 0.3705, 1.1219 -0.0422 0.3925, 1.1026 -0.0414 0.4191, 1.0892 -0.0409 0.4492, 1.0824 -0.0407 0.4814, 1.0824 -0.0407 0.5143, 1.0892 -0.0409 0.5465, 1.1026 -0.0414 0.5766, 1.1219 -0.0422 0.6032, 1.1464 -0.0431 0.6253, 1.1749 -0.0441 0.6417, 1.2062 -0.0453 0.6519, 1.2389 -0.0466 0.6553, 1.206 0.0495 0.6519, 1.2387 0.0508 0.6553, 1.2388 0.0021 0.6553, 1.1747 0.0482 0.354, 1.1462 0.047 0.3705, 1.1218 0.046 0.3925, 1.1025 0.0452 0.4191, 1.0891 0.0447 0.4492, 1.0822 0.0444 0.4814, 1.0822 0.0444 0.5143, 1.0891 0.0447 0.5465, 1.1025 0.0452 0.5766, 1.1218 0.046 0.6032, 1.1462 0.047 0.6253, 1.1747 0.0482 0.6417, 1.1984 0.144 0.6519, 1.2309 0.1479 0.6553, 1.2329 0.1236 0.6553, 1.1673 0.1402 0.354, 1.139 0.1368 0.3705, 1.1147 0.1339 0.3925, 1.0955 0.1316 0.4191, 1.0822 0.13 0.4492, 1.0754 0.1292 0.4814, 1.0754 0.1292 0.5143, 1.0822 0.13 0.5465, 1.0955 0.1316 0.5766, 1.1147 0.1339 0.6032, 1.139 0.1368 0.6253, 1.1673 0.1402 0.6417, 1.1527 0.2314 0.354, 1.1248 0.2258 0.3705, 1.1008 0.221 0.3925, 1.0818 0.2172 0.4191, 1.0687 0.2146 0.4492, 1.062 0.2132 0.4814, 1.062 0.2132 0.5143, 1.0687 0.2146 0.5465, 1.0818 0.2172 0.5766, 1.1008 0.221 0.6032, 1.1248 0.2258 0.6253, 1.1527 0.2314 0.6417, 1.1834 0.2376 0.6519, 1.2155 0.244 0.6553, 1.2155 0.244 0.1575, 1.2309 0.1479 0.1575, 1.2329 0.1236 0.1575, 1.2387 0.0508 0.1575, 1.2388 0.0021 0.1575, 1.2389 -0.0466 0.1575, 1.2333 -0.1194 0.1575, 1.2314 -0.1436 0.1575, 1.2164 -0.2398 0.1575, 1.2357 0.0507 0.1268, 1.2359 -0.0464 0.1268, 1.075 -0.1254 0.0, 1.0815 -0.0406 0.0, 1.1055 -0.129 0.003, 1.1122 -0.0418 0.003, 1.1349 -0.1324 0.012, 1.1417 -0.0429 0.012, 1.1619 -0.1355 0.0265, 1.169 -0.0439 0.0265, 1.1856 -0.1383 0.0461, 1.1928 -0.0448 0.0461, 1.2051 -0.1406 0.07, 1.2124 -0.0456 0.07, 1.2195 -0.1423 0.0972, 1.2269 -0.0461 0.0972, 1.2284 -0.1433 0.1268, 1.0618 -0.2094 0.0, 1.092 -0.2153 0.003, 1.121 -0.221 0.012, 1.1477 -0.2263 0.0265, 1.1711 -0.2309 0.0461, 1.1903 -0.2347 0.07, 1.2046 -0.2375 0.0972, 1.2134 -0.2393 0.1268, 1.2267 0.0503 0.0972, 1.2122 0.0497 0.07, 1.1926 0.0489 0.0461, 1.1688 0.048 0.0265, 1.1416 0.0468 0.012, 1.1121 0.0456 0.003, 1.0814 0.0444 0.0, 1.2279 0.1475 0.1268, 1.219 0.1465 0.0972, 1.2046 0.1447 0.07, 1.1851 0.1424 0.0461, 1.1614 0.1395 0.0265, 1.1344 0.1363 0.012, 1.1051 0.1328 0.003, 1.0746 0.1291 0.0, 1.0611 0.213 0.0, 1.0912 0.2191 0.003, 1.1202 0.2249 0.012, 1.1469 0.2303 0.0265, 1.1703 0.235 0.0461, 1.1895 0.2388 0.07, 1.2038 0.2417 0.0972, 1.2126 0.2434 0.1268, 0.9453 0.1898 0.0, 0.9594 0.0962 0.0, 0.9642 0.0017 0.0, 0.946 -0.1865 0.0, 0.9597 -0.0929 0.0, 0.9453 0.1898 3.1496, 0.9594 0.0962 3.1496, 0.9642 0.0017 3.1496, 0.9597 -0.0929 3.1496, 0.946 -0.1865 3.1496
            ]
        }
        coordIndex [
            0,1,2,-1,3,4,5,-1,6,3,7,-1,8,9,10,-1,11,12,13,-1,14,15,16,-1,16,15,11,-1,8,10,12,-1,6,7,9,-1,14,16,17,-1,17,16,18,-1,17,18,19,-1,19,18,20,-1,19,20,21,-1,21,20,22,-1,21,22,23,-1,23,22,24,-1,23,24,25,-1,25,24,26,-1,25,26,27,-1,27,26,28,-1,27,28,29,-1,29,28,30,-1,29,30,31,-1,31,30,32,-1,31,32,33,-1,33,32,34,-1,33,34,35,-1,35,34,36,-1,35,36,37,-1,37,36,38,-1,37,38,39,-1,39,38,40,-1,39,40,41,-1,41,40,2,-1,41,2,42,-1,42,2,1,-1,42,1,43,-1,11,13,16,-1,16,13,44,-1,16,44,18,-1,18,44,45,-1,18,45,20,-1,20,45,46,-1,20,46,22,-1,22,46,47,-1,22,47,24,-1,24,47,48,-1,24,48,26,-1,26,48,49,-1,26,49,28,-1,28,49,50,-1,28,50,30,-1,30,50,51,-1,30,51,32,-1,32,51,52,-1,32,52,34,-1,34,52,53,-1,34,53,36,-1,36,53,54,-1,36,54,38,-1,38,54,55,-1,38,55,40,-1,40,55,56,-1,40,56,2,-1,2,56,57,-1,2,57,0,-1,58,59,60,-1,12,10,13,-1,13,10,61,-1,13,61,44,-1,44,61,62,-1,44,62,45,-1,45,62,63,-1,45,63,46,-1,46,63,64,-1,46,64,47,-1,47,64,65,-1,47,65,48,-1,48,65,66,-1,48,66,49,-1,49,66,67,-1,49,67,50,-1,50,67,68,-1,50,68,51,-1,51,68,69,-1,51,69,52,-1,52,69,70,-1,52,70,53,-1,53,70,71,-1,53,71,54,-1,54,71,72,-1,54,72,55,-1,55,72,58,-1,55,58,56,-1,56,58,60,-1,56,60,57,-1,73,74,75,-1,9,7,10,-1,10,7,76,-1,10,76,61,-1,61,76,77,-1,61,77,62,-1,62,77,78,-1,62,78,63,-1,63,78,79,-1,63,79,64,-1,64,79,80,-1,64,80,65,-1,65,80,81,-1,65,81,66,-1,66,81,82,-1,66,82,67,-1,67,82,83,-1,67,83,68,-1,68,83,84,-1,68,84,69,-1,69,84,85,-1,69,85,70,-1,70,85,86,-1,70,86,71,-1,71,86,87,-1,71,87,72,-1,72,87,73,-1,72,73,58,-1,58,73,75,-1,58,75,59,-1,3,5,7,-1,7,5,88,-1,7,88,76,-1,76,88,89,-1,76,89,77,-1,77,89,90,-1,77,90,78,-1,78,90,91,-1,78,91,79,-1,79,91,92,-1,79,92,80,-1,80,92,93,-1,80,93,81,-1,81,93,94,-1,81,94,82,-1,82,94,95,-1,82,95,83,-1,83,95,96,-1,83,96,84,-1,84,96,97,-1,84,97,85,-1,85,97,98,-1,85,98,86,-1,86,98,99,-1,86,99,87,-1,87,99,100,-1,87,100,73,-1,73,100,101,-1,73,101,74,-1,102,4,103,-1,103,4,3,-1,103,3,104,-1,104,3,6,-1,104,6,105,-1,105,6,9,-1,105,9,106,-1,106,9,8,-1,106,8,107,-1,107,8,12,-1,107,12,108,-1,108,12,11,-1,108,11,109,-1,109,11,15,-1,109,15,110,-1,110,15,14,-1,104,105,111,-1,106,107,112,-1,113,114,115,-1,115,114,116,-1,115,116,117,-1,117,116,118,-1,117,118,119,-1,119,118,120,-1,119,120,121,-1,121,120,122,-1,121,122,123,-1,123,122,124,-1,123,124,125,-1,125,124,126,-1,125,126,127,-1,127,126,112,-1,128,113,129,-1,129,113,115,-1,129,115,130,-1,130,115,117,-1,130,117,131,-1,131,117,119,-1,131,119,132,-1,132,119,121,-1,132,121,133,-1,133,121,123,-1,133,123,134,-1,134,123,125,-1,134,125,135,-1,135,125,127,-1,135,127,110,-1,110,127,109,-1,112,107,127,-1,127,107,108,-1,127,108,109,-1,105,106,111,-1,111,106,112,-1,111,112,136,-1,136,112,126,-1,136,126,137,-1,137,126,124,-1,137,124,138,-1,138,124,122,-1,138,122,139,-1,139,122,120,-1,139,120,140,-1,140,120,118,-1,140,118,141,-1,141,118,116,-1,141,116,142,-1,142,116,114,-1,103,104,143,-1,143,104,111,-1,143,111,144,-1,144,111,136,-1,144,136,145,-1,145,136,137,-1,145,137,146,-1,146,137,138,-1,146,138,147,-1,147,138,139,-1,147,139,148,-1,148,139,140,-1,148,140,149,-1,149,140,141,-1,149,141,150,-1,150,141,142,-1,150,151,149,-1,149,151,152,-1,149,152,148,-1,148,152,153,-1,148,153,147,-1,147,153,154,-1,147,154,146,-1,146,154,155,-1,146,155,145,-1,145,155,156,-1,145,156,144,-1,144,156,157,-1,144,157,143,-1,143,157,158,-1,143,158,103,-1,103,158,102,-1,159,151,160,-1,160,151,150,-1,160,150,161,-1,128,162,113,-1,113,162,163,-1,113,163,114,-1,114,163,161,-1,114,161,142,-1,142,161,150,-1,164,159,165,-1,165,159,160,-1,165,160,166,-1,166,160,161,-1,166,161,167,-1,167,161,163,-1,167,163,168,-1,168,163,162,-1,
        ]
    }
}
Shape{
    appearance Appearance {
        material  Material 	{
            diffuseColor 0.7764705882352941 0.7568627450980392 0.7372549019607844
            specularColor 0.38823529411764707 0.3764705882352941 0.3686274509803922
            ambientIntensity 0.7605
            transparency 0.0
            shininess 0.5
        }
    }
    geometry IndexedFaceSet {
        ccw TRUE
        solid FALSE
        coord DEF co Coordinate {
            point [
                0.9597 -0.0929 3.1496, 0.946 -0.1865 3.1496, 1.0618 -0.2094 3.1496, 1.0611 0.213 3.1496, 0.9453 0.1898 3.1496, 1.0746 0.1291 3.1496, 0.9594 0.0962 3.1496, 1.0814 0.0444 3.1496, 0.9642 0.0017 3.1496, 1.0815 -0.0406 3.1496, 1.075 -0.1254 3.1496
            ]
        }
        coordIndex [
            0,1,2,-1,3,4,5,-1,5,4,6,-1,5,6,7,-1,7,6,8,-1,7,8,9,-1,9,8,0,-1,9,0,10,-1,10,0,2,-1,
        ]
    }
}
Shape{
    appearance Appearance {
        material  Material 	{
            diffuseColor 1.0 1.0 1.0
            specularColor 0.8784313725490196 0.8784313725490196 0.8784313725490196
            ambientIntensity 1.0
            transparency 0.0
            shininess 0.5
        }
    }
    geometry IndexedFaceSet {
        ccw TRUE
        solid FALSE
        coord DEF co Coordinate {
            point [
                1.2329 0.1236 2.9921, 1.2309 0.1479 2.9921, 1.2279 0.1475 3.0229, 1.2389 -0.0466 2.9921, 1.2388 0.0021 2.9921, 1.2357 0.0507 3.0229, 1.2387 0.0508 2.9921, 1.2164 -0.2398 2.9921, 1.2314 -0.1436 2.9921, 1.2134 -0.2393 3.0229, 1.2284 -0.1433 3.0229, 1.2046 -0.2375 3.0524, 1.2195 -0.1423 3.0524, 1.1903 -0.2347 3.0796, 1.2051 -0.1406 3.0796, 1.1711 -0.2309 3.1035, 1.1856 -0.1383 3.1035, 1.1477 -0.2263 3.1231, 1.1619 -0.1355 3.1231, 1.121 -0.221 3.1376, 1.1349 -0.1324 3.1376, 1.092 -0.2153 3.1466, 1.1055 -0.129 3.1466, 1.0618 -0.2094 3.1496, 1.075 -0.1254 3.1496, 1.2333 -0.1194 2.9921, 1.2359 -0.0464 3.0229, 1.2269 -0.0461 3.0524, 1.2124 -0.0456 3.0796, 1.1928 -0.0448 3.1035, 1.169 -0.0439 3.1231, 1.1417 -0.0429 3.1376, 1.1122 -0.0418 3.1466, 1.0815 -0.0406 3.1496, 1.2267 0.0503 3.0524, 1.2122 0.0497 3.0796, 1.1926 0.0489 3.1035, 1.1688 0.048 3.1231, 1.1416 0.0468 3.1376, 1.1121 0.0456 3.1466, 1.0814 0.0444 3.1496, 1.219 0.1465 3.0524, 1.2046 0.1447 3.0796, 1.1851 0.1424 3.1035, 1.1614 0.1395 3.1231, 1.1344 0.1363 3.1376, 1.1051 0.1328 3.1466, 1.0746 0.1291 3.1496, 1.2155 0.244 2.9921, 1.2126 0.2434 3.0229, 1.2038 0.2417 3.0524, 1.1895 0.2388 3.0796, 1.1703 0.235 3.1035, 1.1469 0.2303 3.1231, 1.1202 0.2249 3.1376, 1.0912 0.2191 3.1466, 1.0611 0.213 3.1496, 1.2155 0.244 0.6553, 1.2309 0.1479 0.6553, 1.2329 0.1236 0.6553, 1.2387 0.0508 0.6553, 1.2388 0.0021 0.6553, 1.2389 -0.0466 0.6553, 1.2333 -0.1194 0.6553, 1.2314 -0.1436 0.6553, 1.2164 -0.2398 0.6553, 1.1834 0.2376 0.6519, 1.1008 0.221 0.6032, 1.0818 0.2172 0.5766, 0.9453 0.1898 3.1496, 1.1248 0.2258 0.6253, 1.1527 0.2314 0.6417, 1.0687 0.2146 0.4492, 1.0818 0.2172 0.4191, 0.9453 0.1898 0.0, 1.0611 0.213 0.0, 1.1527 0.2314 0.354, 1.0687 0.2146 0.5465, 1.062 0.2132 0.5143, 1.062 0.2132 0.4814, 1.1008 0.221 0.3925, 1.1248 0.2258 0.3705, 1.0912 0.2191 0.003, 1.1834 0.2376 0.3438, 1.1202 0.2249 0.012, 1.2155 0.244 0.3404, 1.2155 0.244 0.1575, 1.1469 0.2303 0.0265, 1.2126 0.2434 0.1268, 1.2038 0.2417 0.0972, 1.1895 0.2388 0.07, 1.1703 0.235 0.0461, 0.946 -0.1865 3.1496, 1.1842 -0.2335 0.6519, 1.0825 -0.2135 0.5766, 1.1015 -0.2172 0.6032, 1.1255 -0.2219 0.6253, 1.1535 -0.2275 0.6417, 1.2164 -0.2398 0.1575, 1.2164 -0.2398 0.3404, 1.1842 -0.2335 0.3438, 0.946 -0.1865 0.0, 1.1535 -0.2275 0.354, 1.1255 -0.2219 0.3705, 1.1015 -0.2172 0.3925, 1.0825 -0.2135 0.4191, 1.0694 -0.2109 0.4492, 1.1711 -0.2309 0.0461, 1.1903 -0.2347 0.07, 1.2046 -0.2375 0.0972, 1.2134 -0.2393 0.1268, 1.121 -0.221 0.012, 1.092 -0.2153 0.003, 1.0618 -0.2094 0.0, 1.0627 -0.2096 0.4814, 1.0627 -0.2096 0.5143, 1.0694 -0.2109 0.5465, 1.1477 -0.2263 0.0265
            ]
        }
        coordIndex [
            0,1,2,-1,3,4,5,-1,0,2,6,-1,7,8,9,-1,9,8,10,-1,9,10,11,-1,11,10,12,-1,11,12,13,-1,13,12,14,-1,13,14,15,-1,15,14,16,-1,15,16,17,-1,17,16,18,-1,17,18,19,-1,19,18,20,-1,19,20,21,-1,21,20,22,-1,21,22,23,-1,23,22,24,-1,8,25,10,-1,10,25,26,-1,10,26,12,-1,12,26,27,-1,12,27,14,-1,14,27,28,-1,14,28,16,-1,16,28,29,-1,16,29,18,-1,18,29,30,-1,18,30,20,-1,20,30,31,-1,20,31,22,-1,22,31,32,-1,22,32,24,-1,24,32,33,-1,25,3,26,-1,26,3,5,-1,26,5,27,-1,27,5,34,-1,27,34,28,-1,28,34,35,-1,28,35,29,-1,29,35,36,-1,29,36,30,-1,30,36,37,-1,30,37,31,-1,31,37,38,-1,31,38,32,-1,32,38,39,-1,32,39,33,-1,33,39,40,-1,4,6,5,-1,5,6,2,-1,5,2,34,-1,34,2,41,-1,34,41,35,-1,35,41,42,-1,35,42,36,-1,36,42,43,-1,36,43,37,-1,37,43,44,-1,37,44,38,-1,38,44,45,-1,38,45,39,-1,39,45,46,-1,39,46,40,-1,40,46,47,-1,1,48,2,-1,2,48,49,-1,2,49,41,-1,41,49,50,-1,41,50,42,-1,42,50,51,-1,42,51,43,-1,43,51,52,-1,43,52,44,-1,44,52,53,-1,44,53,45,-1,45,53,54,-1,45,54,46,-1,46,54,55,-1,46,55,47,-1,47,55,56,-1,57,48,58,-1,58,48,1,-1,58,1,59,-1,59,1,0,-1,59,0,60,-1,60,0,6,-1,60,6,61,-1,61,6,4,-1,61,4,62,-1,62,4,3,-1,62,3,63,-1,63,3,25,-1,63,25,64,-1,64,25,8,-1,64,8,65,-1,65,8,7,-1,48,57,66,-1,67,68,69,-1,67,69,70,-1,69,56,48,-1,48,56,55,-1,48,55,54,-1,48,66,69,-1,69,66,71,-1,69,71,70,-1,48,51,49,-1,49,51,50,-1,72,73,74,-1,75,74,76,-1,54,53,48,-1,48,53,52,-1,48,52,51,-1,68,77,69,-1,69,77,78,-1,69,78,74,-1,74,78,79,-1,74,79,72,-1,73,80,74,-1,74,80,81,-1,74,81,76,-1,75,76,82,-1,82,76,83,-1,82,83,84,-1,83,85,84,-1,84,85,86,-1,84,86,87,-1,87,86,88,-1,88,89,87,-1,87,89,90,-1,87,90,91,-1,23,92,93,-1,94,95,92,-1,95,96,92,-1,92,96,97,-1,92,97,93,-1,17,19,7,-1,98,99,100,-1,101,102,103,-1,9,11,13,-1,93,65,23,-1,23,65,7,-1,23,7,21,-1,21,7,19,-1,103,104,101,-1,101,104,105,-1,101,105,106,-1,9,13,7,-1,7,13,15,-1,7,15,17,-1,107,108,109,-1,110,98,111,-1,111,98,100,-1,111,100,112,-1,112,100,102,-1,112,102,113,-1,113,102,101,-1,106,114,101,-1,101,114,115,-1,101,115,92,-1,92,115,116,-1,92,116,94,-1,110,111,109,-1,109,111,117,-1,109,117,107,-1,
        ]
    }
}
Shape{
    appearance Appearance {
        material  Material 	{
            diffuseColor 0.7764705882352941 0.7568627450980392 0.7372549019607844
            specularColor 0.38823529411764707 0.3764705882352941 0.3686274509803922
            ambientIntensity 0.7605
            transparency 0.0
            shininess 0.5
        }
    }
    geometry IndexedFaceSet {
        ccw TRUE
        solid FALSE
        coord DEF co Coordinate {
            point [
                -0.3744 0.0 0.0, -0.3778 0.0283 -1.378, -0.3778 0.0283 0.0, -0.3879 0.0549 -1.378, -0.3879 0.0549 0.0, -0.4041 0.0783 -1.378, -0.4041 0.0783 0.0, -0.4254 0.0972 -1.378, -0.4254 0.0972 0.0, -0.4506 0.1104 -1.378, -0.4506 0.1104 0.0, -0.4783 0.1172 -1.378, -0.4783 0.1172 0.0, -0.5068 0.1172 -1.378, -0.5068 0.1172 0.0, -0.5344 0.1104 -1.378, -0.5344 0.1104 0.0, -0.5596 0.0972 -1.378, -0.5596 0.0972 0.0, -0.5809 0.0783 -1.378, -0.5809 0.0783 0.0, -0.5971 0.0549 -1.378, -0.5971 0.0549 0.0, -0.6072 0.0283 -1.378, -0.6072 0.0283 0.0, -0.6106 0.0 -1.378, -0.6106 0.0 0.0, -0.6072 -0.0283 -1.378, -0.6072 -0.0283 0.0, -0.5971 -0.0549 -1.378, -0.5971 -0.0549 0.0, -0.5809 -0.0783 -1.378, -0.5809 -0.0783 0.0, -0.5596 -0.0972 -1.378, -0.5596 -0.0972 0.0, -0.5344 -0.1104 -1.378, -0.5344 -0.1104 0.0, -0.5068 -0.1172 -1.378, -0.5068 -0.1172 0.0, -0.4783 -0.1172 -1.378, -0.4783 -0.1172 0.0, -0.4506 -0.1104 -1.378, -0.4506 -0.1104 0.0, -0.4254 -0.0972 -1.378, -0.4254 -0.0972 0.0, -0.4041 -0.0783 -1.378, -0.4041 -0.0783 0.0, -0.3879 -0.0549 -1.378, -0.3879 -0.0549 0.0, -0.3778 -0.0283 -1.378, -0.3778 -0.0283 0.0, -0.3744 0.0 -1.378, -0.4925 0.0 -1.378, -0.4925 0.0 0.0
            ]
        }
        coordIndex [
            0,1,2,-1,2,1,3,-1,2,3,4,-1,4,3,5,-1,4,5,6,-1,6,5,7,-1,6,7,8,-1,8,7,9,-1,8,9,10,-1,10,9,11,-1,10,11,12,-1,12,11,13,-1,12,13,14,-1,14,13,15,-1,14,15,16,-1,16,15,17,-1,16,17,18,-1,18,17,19,-1,18,19,20,-1,20,19,21,-1,20,21,22,-1,22,21,23,-1,22,23,24,-1,24,23,25,-1,24,25,26,-1,26,25,27,-1,26,27,28,-1,28,27,29,-1,28,29,30,-1,30,29,31,-1,30,31,32,-1,32,31,33,-1,32,33,34,-1,34,33,35,-1,34,35,36,-1,36,35,37,-1,36,37,38,-1,38,37,39,-1,38,39,40,-1,40,39,41,-1,40,41,42,-1,42,41,43,-1,42,43,44,-1,44,43,45,-1,44,45,46,-1,46,45,47,-1,46,47,48,-1,48,47,49,-1,48,49,50,-1,50,49,51,-1,50,51,0,-1,0,51,1,-1,51,49,52,-1,51,52,1,-1,7,5,52,-1,52,5,3,-1,52,3,1,-1,13,11,52,-1,52,11,9,-1,52,9,7,-1,19,17,52,-1,52,17,15,-1,52,15,13,-1,25,23,52,-1,52,23,21,-1,52,21,19,-1,31,29,52,-1,52,29,27,-1,52,27,25,-1,37,35,52,-1,52,35,33,-1,52,33,31,-1,43,41,52,-1,52,41,39,-1,52,39,37,-1,49,47,52,-1,52,47,45,-1,52,45,43,-1,0,2,53,-1,0,53,50,-1,44,46,53,-1,53,46,48,-1,53,48,50,-1,38,40,53,-1,53,40,42,-1,53,42,44,-1,32,34,53,-1,53,34,36,-1,53,36,38,-1,26,28,53,-1,53,28,30,-1,53,30,32,-1,20,22,53,-1,53,22,24,-1,53,24,26,-1,14,16,53,-1,53,16,18,-1,53,18,20,-1,8,10,53,-1,53,10,12,-1,53,12,14,-1,2,4,53,-1,53,4,6,-1,53,6,8,-1,
        ]
    }
}
Shape{
    appearance Appearance {
        material  Material 	{
            diffuseColor 0.10980392156862745 0.10980392156862745 0.10980392156862745
            specularColor 0.0784313725490196 0.0784313725490196 0.0784313725490196
            ambientIntensity 0.1098
            transparency 0.0
            shininess 0.5
        }
    }
    geometry IndexedFaceSet {
        ccw TRUE
        solid FALSE
        coord DEF co Coordinate {
            point [
                -0.0402 0.1051 0.0394, 0.0045 0.1051 0.0394, 0.0045 0.0663 0.0394, -0.6594 0.7043 0.0394, -0.6207 0.735 0.0394, -0.6207 0.1188 0.0394, 0.0567 0.1047 0.0394, 0.071 0.1066 0.0394, 0.0769 0.1049 0.0394, 0.057 0.1186 0.0394, 0.0434 0.1149 0.0394, 0.0319 0.1188 0.0394, 0.0434 0.099 0.0394, 0.0319 -0.0007 0.0394, 0.0434 0.0191 0.0394, 0.0434 0.0061 0.0394, 0.0592 0.0002 0.0394, 0.0687 -0.0007 0.0394, 0.058 0.0133 0.0394, 0.0737 0.0115 0.0394, 0.1034 0.0925 0.0394, 0.1076 0.0877 0.0394, 0.0869 0.0146 0.0394, 0.1108 0.0814 0.0394, 0.1133 0.0723 0.0394, 0.1154 0.0578 0.0394, 0.1126 0.0435 0.0394, 0.0952 0.0177 0.0394, 0.0963 0.0975 0.0394, 0.1085 0.031 0.0394, 0.1045 0.0247 0.0394, 0.1008 0.0211 0.0394, 0.1363 0.9516 0.0394, 0.0712 0.1196 0.0394, 0.0636 0.9624 0.0394, 0.0605 0.1188 0.0394, 0.0319 0.962 0.0394, 0.0853 0.001 0.0394, 0.1076 0.0091 0.0394, 0.1363 -0.0007 0.0394, 0.1216 0.0906 0.0394, 0.1156 0.1006 0.0394, 0.1363 0.1188 0.0394, 0.1096 0.1066 0.0394, 0.1161 0.015 0.0394, 0.1212 0.0207 0.0394, 0.1252 0.0283 0.0394, 0.1017 0.1113 0.0394, 0.0899 0.1155 0.0394, 0.0745 0.1188 0.0394, 0.1284 0.0393 0.0394, 0.1312 0.0568 0.0394, 0.1298 0.0636 0.0394, 0.6058 0.0306 0.0394, 0.9548 0.1188 0.0394, 0.6098 0.0 0.0394, 0.9621 0.0625 0.0394, 0.6097 -0.0007 0.0394, 0.594 0.0591 0.0394, 0.5753 0.0835 0.0394, 0.5508 0.1023 0.0394, 0.4327 0.1023 0.0394, 0.4082 0.0835 0.0394, 0.2877 0.1188 0.0394, 0.5223 0.1141 0.0394, 0.4917 0.1181 0.0394, 0.4612 0.1141 0.0394, 0.3894 0.0591 0.0394, 0.3776 0.0306 0.0394, 0.2877 -0.0007 0.0394, 0.3894 -0.0591 0.0394, 0.4082 -0.0835 0.0394, 0.2877 -0.9172 0.0394, 0.5508 -0.1023 0.0394, 0.5753 -0.0835 0.0394, 0.9029 -0.3383 0.0394, 0.3736 0.0 0.0394, 0.3737 -0.0007 0.0394, 0.3776 -0.0306 0.0394, 0.946 -0.1865 0.0394, 0.594 -0.0591 0.0394, 0.6058 -0.0306 0.0394, 0.9621 -0.0625 0.0394, 0.9621 -0.0007 0.0394, 0.4327 -0.1023 0.0394, 0.4612 -0.1141 0.0394, 0.3698 -0.8907 0.0394, 0.4917 -0.1181 0.0394, 0.8357 -0.481 0.0394, 0.7461 -0.6108 0.0394, 0.5223 -0.1141 0.0394, 0.6366 -0.7243 0.0394, 0.51 -0.8185 0.0394, 0.2877 0.9172 0.0394, 0.3698 0.8907 0.0394, 0.7461 0.6108 0.0394, 0.8357 0.481 0.0394, 0.9029 0.3383 0.0394, 0.946 0.1865 0.0394, 0.51 0.8185 0.0394, 0.6366 0.7243 0.0394, 0.2196 0.9391 0.0394, -0.0941 0.96 0.0394, -0.0546 0.9606 0.0394, -0.0546 0.1188 0.0394, -0.5358 0.8023 0.0394, -0.3979 0.8789 0.0394, -0.1655 0.1188 0.0394, -0.2493 0.9319 0.0394, -0.1655 0.9471 0.0394, -0.9521 0.1572 0.0394, -0.9137 0.3102 0.0394, -0.8509 0.4549 0.0394, -0.7654 0.5875 0.0394, -0.9521 -0.1572 0.0394, -0.9649 -0.0007 0.0394, -0.6207 -0.0007 0.0394, -0.965 -0.0 0.0394, -0.9552 0.1188 0.0394, -0.6594 -0.7043 0.0394, -0.7654 -0.5875 0.0394, -0.8509 -0.4549 0.0394, -0.9137 -0.3102 0.0394, -0.2493 -0.9319 0.0394, -0.3979 -0.8789 0.0394, -0.1655 -0.0007 0.0394, -0.5358 -0.8023 0.0394, -0.6207 -0.735 0.0394, 0.0786 -0.0007 0.0394, 0.1363 -0.9516 0.0394, 0.0759 -0.0014 0.0394, 0.0636 -0.9624 0.0394, 0.0319 -0.962 0.0394, -0.0546 -0.9606 0.0394, -0.0546 -0.0007 0.0394, -0.0941 -0.96 0.0394, -0.1655 -0.9471 0.0394, 0.2196 -0.9391 0.0394, 0.1413 0.013 0.0394, 0.1413 0.0 0.0394, 0.2018 0.0 0.0394, 0.186 0.013 0.0394, 0.186 0.1181 0.0394, 0.2018 0.1181 0.0394, 0.0045 0.0533 0.0394, 0.0045 0.013 0.0394, -0.0373 0.0533 0.0394, -0.043 0.013 0.0394, -0.0373 0.0663 0.0394, -0.043 0.0 0.0394, 0.0203 0.0 0.0394, -0.0402 0.1181 0.0394, 0.0203 0.1181 0.0394, -0.1075 0.1165 0.0394, -0.1329 0.109 0.0394, -0.0994 0.1181 0.0394, -0.1425 0.1034 0.0394, -0.1483 0.0976 0.0394, -0.1529 0.09 0.0394, -0.1501 0.0269 0.0394, -0.1437 0.0172 0.0394, -0.1374 0.0115 0.0394, -0.1293 0.0071 0.0394, -0.1571 0.0786 0.0394, -0.1611 0.0605 0.0394, -0.1593 0.0535 0.0394, -0.1173 0.0033 0.0394, -0.0982 -0.0 0.0394, -0.0661 0.0 0.0394, -0.0661 0.1181 0.0394, -0.2591 0.0 0.0394, -0.2764 0.0 0.0394, -0.2303 0.1181 0.0394, -0.2471 0.0331 0.0394, -0.1983 0.0331 0.0394, -0.1871 0.0 0.0394, -0.1698 0.0 0.0394, -0.2144 0.1181 0.0394
            ]
        }
        coordIndex [
            0,1,2,-1,3,4,5,-1,6,7,8,-1,9,10,11,-1,11,10,12,-1,11,12,13,-1,13,12,14,-1,14,15,13,-1,13,15,16,-1,13,16,17,-1,12,6,14,-1,14,6,8,-1,14,8,18,-1,18,8,19,-1,20,21,22,-1,22,21,23,-1,22,23,24,-1,24,25,22,-1,22,25,26,-1,22,26,27,-1,19,8,22,-1,22,8,28,-1,22,28,20,-1,29,30,26,-1,26,30,31,-1,26,31,27,-1,32,33,34,-1,34,33,35,-1,34,35,36,-1,37,38,39,-1,40,41,42,-1,42,41,43,-1,38,44,39,-1,39,44,45,-1,39,45,46,-1,43,47,42,-1,42,47,48,-1,42,48,49,-1,46,50,39,-1,39,50,51,-1,39,51,42,-1,42,51,52,-1,42,52,40,-1,53,54,55,-1,55,54,56,-1,55,56,57,-1,53,58,54,-1,54,58,59,-1,54,59,60,-1,61,62,63,-1,60,64,54,-1,54,64,65,-1,54,65,63,-1,63,65,66,-1,63,66,61,-1,62,67,63,-1,63,67,68,-1,63,68,69,-1,70,71,72,-1,73,74,75,-1,68,76,69,-1,69,76,77,-1,69,77,78,-1,75,74,79,-1,74,80,79,-1,79,80,81,-1,79,81,82,-1,82,81,57,-1,82,57,83,-1,83,57,56,-1,71,84,72,-1,72,84,85,-1,72,85,86,-1,86,85,87,-1,75,88,73,-1,73,88,89,-1,73,89,90,-1,90,89,91,-1,90,91,87,-1,87,91,92,-1,87,92,86,-1,63,93,94,-1,63,95,96,-1,96,97,63,-1,63,97,98,-1,63,98,54,-1,94,99,63,-1,63,99,100,-1,63,100,95,-1,93,63,101,-1,101,63,42,-1,101,42,32,-1,32,42,49,-1,32,49,33,-1,102,103,104,-1,104,103,36,-1,104,36,11,-1,11,36,35,-1,11,35,9,-1,105,106,107,-1,106,108,107,-1,107,108,109,-1,107,109,102,-1,110,111,5,-1,111,112,5,-1,5,112,113,-1,5,113,3,-1,114,115,116,-1,116,115,117,-1,116,117,5,-1,5,117,118,-1,5,118,110,-1,116,119,120,-1,120,121,116,-1,116,121,122,-1,116,122,114,-1,123,124,125,-1,125,124,126,-1,125,126,116,-1,116,126,127,-1,116,127,119,-1,37,39,128,-1,128,39,129,-1,128,129,130,-1,130,129,131,-1,130,131,17,-1,17,131,132,-1,17,132,13,-1,13,132,133,-1,13,133,134,-1,134,133,135,-1,134,135,125,-1,125,135,136,-1,125,136,123,-1,137,69,72,-1,72,69,78,-1,72,78,70,-1,42,138,39,-1,39,138,139,-1,39,139,140,-1,141,138,142,-1,142,138,42,-1,142,42,143,-1,143,42,63,-1,143,63,140,-1,140,63,69,-1,140,69,39,-1,39,69,137,-1,39,137,129,-1,144,145,146,-1,146,145,147,-1,148,146,104,-1,104,146,147,-1,104,147,134,-1,134,147,149,-1,134,149,13,-1,13,149,150,-1,13,150,11,-1,2,148,0,-1,0,148,104,-1,0,104,151,-1,151,104,11,-1,151,11,152,-1,152,11,150,-1,153,154,107,-1,102,104,107,-1,107,104,155,-1,107,155,153,-1,154,156,107,-1,107,156,157,-1,107,157,158,-1,159,160,125,-1,125,160,161,-1,125,161,162,-1,158,163,107,-1,107,163,164,-1,107,164,125,-1,125,164,165,-1,125,165,159,-1,162,166,125,-1,125,166,167,-1,125,167,134,-1,134,167,168,-1,134,168,104,-1,104,168,169,-1,104,169,155,-1,170,125,171,-1,171,125,116,-1,171,116,172,-1,172,116,5,-1,172,5,107,-1,107,5,4,-1,107,4,105,-1,173,174,170,-1,170,174,175,-1,170,175,125,-1,125,175,176,-1,125,176,107,-1,107,176,177,-1,107,177,172,-1,
        ]
    }
}
Shape{
    appearance Appearance {
        material  Material 	{
            diffuseColor 0.06666666666666667 0.0 0.0
            specularColor 0.058823529411764705 0.0 0.0
            ambientIntensity 0.0199
            transparency 0.0
            shininess 0.5
        }
    }
    geometry IndexedFaceSet {
        ccw TRUE
        solid FALSE
        coord DEF co Coordinate {
            point [
                1.0974 -0.5745 0.6553, 1.0851 -0.5998 0.6553, 1.0494 -0.5801 0.65, 0.8891 -0.8619 0.6553, 0.8502 -0.9025 0.6553, 0.8222 -0.8729 0.65, 0.2775 -1.2079 0.6553, 0.1669 -1.2288 0.6553, 0.1614 -1.1884 0.65, -0.5867 -1.0923 0.6553, -0.6888 -1.0315 0.6553, -0.6662 -0.9976 0.65, -0.7364 -0.9961 0.6553, -0.7916 -0.955 0.6553, -0.7656 -0.9236 0.65, -1.1612 -0.4361 0.6553, -1.1993 -0.317 0.6553, -1.1599 -0.3066 0.65, -1.2103 -0.265 0.6553, -1.2257 -0.1916 0.6553, -1.1854 -0.1853 0.65, -0.8721 0.8809 0.6553, -0.7916 0.955 0.6553, -0.7656 0.9236 0.65, -0.0764 1.2372 0.6553, 0.0392 1.2395 0.6553, 0.0379 1.1988 0.65, 0.1015 1.2343 0.6553, 0.1669 1.2288 0.6553, 0.1614 1.1884 0.65, 0.7572 0.9815 0.6553, 0.8502 0.9025 0.6553, 0.8222 0.8729 0.65, 0.8891 0.8619 0.6553, 0.9388 0.8099 0.6553, 0.9079 0.7833 0.65, -0.3299 -1.1533 0.3458, -0.2091 -1.1811 0.3458, -0.2024 -1.1437 0.3615, 1.1851 -0.3642 0.3404, 1.2164 -0.2398 0.3404, 1.1764 -0.232 0.3458, 1.168 -0.4111 0.3404, 1.1461 -0.3522 0.3458, 1.0974 -0.5745 0.3404, 1.1412 -0.4846 0.3404, 1.1037 -0.4686 0.3458, 1.0039 -0.7259 0.3404, 1.0174 -0.7087 0.3404, 0.9839 -0.6854 0.3458, 0.6083 -1.0788 0.3404, 0.6467 -1.0579 0.3404, 0.6254 -1.0232 0.3458, -0.4239 -1.1641 0.3404, -0.3411 -1.1925 0.3404, -0.5786 -1.0971 0.3404, -0.4623 -1.1509 0.3404, -0.4471 -1.1131 0.3458, -0.7364 -0.9961 0.3404, -0.6888 -1.0315 0.3404, -0.6662 -0.9976 0.3458, -0.9708 -0.7722 0.3404, -0.8859 -0.8682 0.3404, -0.8568 -0.8397 0.3458, -1.1602 -0.4391 0.3404, -1.1087 -0.5565 0.3404, -1.0723 -0.5382 0.3458, -1.2103 -0.265 0.3404, -1.1993 -0.317 0.3404, -1.1599 -0.3066 0.3458, -1.2389 0.0641 0.3404, -1.2389 -0.0641 0.3404, -1.1982 -0.062 0.3458, -1.2103 0.265 0.3404, -1.2257 0.1916 0.3404, -1.1854 0.1853 0.3458, -1.1612 0.4361 0.3404, -1.1993 0.317 0.3404, -1.1599 0.3066 0.3458, -1.1087 0.5565 0.3404, -1.1602 0.4391 0.3404, -1.1221 0.4247 0.3458, -0.8859 0.8682 0.3404, -0.9708 0.7722 0.3404, -0.9389 0.7468 0.3458, -0.7364 0.9961 0.3404, -0.7916 0.955 0.3404, -0.7656 0.9236 0.3458, -0.5867 1.0923 0.3404, -0.6888 1.0315 0.3404, -0.6662 0.9976 0.3458, -0.4623 1.1509 0.3404, -0.5786 1.0971 0.3404, -0.5596 1.061 0.3458, -0.0889 1.237 0.3404, -0.2161 1.2212 0.3404, -0.2091 1.1811 0.3458, 0.1015 1.2343 0.3404, 0.0392 1.2395 0.3404, 0.0379 1.1988 0.3458, 0.4157 1.1683 0.3404, 0.2929 1.205 0.3404, 0.2832 1.1654 0.3458, 0.7525 0.9855 0.3404, 0.6467 1.0579 0.3404, 0.6254 1.0232 0.3458, 0.8891 0.8619 0.3404, 0.8502 0.9025 0.3404, 0.8222 0.8729 0.3458, 1.0851 0.5998 0.3404, 1.0174 0.7087 0.3404, 0.9839 0.6854 0.3458, 1.1851 0.3642 0.3404, 1.1461 0.3522 0.3458, 1.2164 0.2398 0.3404, 1.1764 0.232 0.3458, 1.1412 0.4846 0.3404, 1.0974 0.5745 0.3404, 1.0494 0.5801 0.3458, 0.9388 0.8099 0.3404, 0.5341 1.1191 0.3404, 0.4474 1.1551 0.3404, 0.402 1.1299 0.3458, 0.1669 1.2288 0.3404, -0.3411 1.1925 0.3404, -0.4239 1.1641 0.3404, -0.4471 1.1131 0.3458, -1.0453 0.6679 0.3404, -1.0855 0.5972 0.3404, -1.0723 0.5382 0.3458, -1.2257 -0.1916 0.3404, -1.0453 -0.6679 0.3404, -0.989 -0.7467 0.3404, -0.9389 -0.7468 0.3458, -0.7916 -0.955 0.3404, -0.2527 -1.2128 0.3404, -0.2161 -1.2212 0.3404, -0.086 -1.1963 0.3458, -0.0889 -1.237 0.3404, -0.0764 -1.2372 0.3404, 0.0379 -1.1988 0.3458, 0.0392 -1.2395 0.3404, 0.1015 -1.2343 0.3404, 0.1614 -1.1884 0.3458, 0.1669 -1.2288 0.3404, 0.2775 -1.2079 0.3404, 0.402 -1.1299 0.3458, 0.4157 -1.1683 0.3404, 0.4474 -1.1551 0.3404, 0.7277 -0.9531 0.3458, 0.7525 -0.9855 0.3404, 0.7572 -0.9815 0.3404, 0.8222 -0.8729 0.3458, 0.8502 -0.9025 0.3404, 0.8891 -0.8619 0.3404, 0.9388 -0.8099 0.3404, 0.9079 -0.7833 0.3458, 1.0851 -0.5998 0.3404, 1.0494 -0.5801 0.3458, 1.1098 0.341 0.3615, 1.1391 0.2246 0.3615, -0.081 -1.1259 0.3865, -0.0833 -1.1585 0.3615, 1.0786 0.3315 0.3865, 1.1071 0.2183 0.3865, 0.0349 -1.1032 0.4191, 0.0357 -1.1282 0.3865, 0.0367 -1.1608 0.3615, 1.0547 0.3241 0.4191, 1.0825 0.2135 0.4191, 0.1464 -1.0781 0.4571, 0.1485 -1.0937 0.4191, 0.1519 -1.1185 0.3865, 0.1563 -1.1508 0.3615, 0.2556 -1.052 0.4979, 0.2569 -1.0572 0.4571, 0.2606 -1.0725 0.4191, 0.2666 -1.0968 0.3865, 0.2743 -1.1285 0.3615, 0.2832 -1.1654 0.3458, 0.2929 -1.205 0.3404, 0.3647 -1.025 0.5386, 0.3629 -1.0199 0.4979, 0.3647 -1.025 0.4571, 0.3699 -1.0398 0.4191, 0.3783 -1.0634 0.3865, 0.3893 -1.0941 0.3615, 1.0687 0.4538 0.3615, 1.0387 0.4411 0.3865, 0.9876 0.546 0.3865, 0.9657 0.5339 0.4191, 0.9054 0.6307 0.4191, 0.8925 0.6217 0.4571, 0.8236 0.7106 0.4571, 0.8195 0.7071 0.4979, 0.7422 0.7879 0.4979, 0.7458 0.7918 0.5386, 0.6601 0.8646 0.5386, 0.6697 0.8771 0.5766, 0.7572 0.9815 0.3404, 0.7277 0.9531 0.3458, 0.6056 0.9908 0.3615, 0.5001 1.048 0.3615, 0.4861 1.0186 0.3865, 0.3783 1.0634 0.3865, 0.3699 1.0398 0.4191, 0.2606 1.0725 0.4191, 0.2569 1.0572 0.4571, 0.1464 1.0781 0.4571, 0.1457 1.0728 0.4979, 0.0342 1.0821 0.4979, 0.0344 1.0875 0.5386, -0.0781 1.0853 0.5386, -0.0792 1.101 0.5766, -0.0764 1.2372 0.3404, -0.086 1.1963 0.3458, -0.2024 1.1437 0.3615, -0.3194 1.1167 0.3615, -0.3105 1.0854 0.3865, -0.4208 1.0476 0.3865, -0.4115 1.0244 0.4191, -0.5151 0.9764 0.4191, -0.5077 0.9625 0.4571, -0.6044 0.905 0.4571, -0.6014 0.9006 0.4979, -0.6911 0.8337 0.4979, -0.6945 0.8378 0.5386, -0.7773 0.7617 0.5386, -0.7886 0.7727 0.5766, -1.1232 0.2969 0.3615, -1.1479 0.1794 0.3615, -1.1156 0.1744 0.3865, -1.1277 0.0583 0.3865, -1.1027 0.057 0.4191, -1.1027 -0.057 0.4191, -1.087 -0.0562 0.4571, -1.0754 -0.1681 0.4571, -1.0701 -0.1673 0.4979, -1.0471 -0.2768 0.4979, -1.0523 -0.2781 0.5386, -1.018 -0.3852 0.5386, -1.0327 -0.3908 0.5766, -1.1612 -0.4361 0.3404, -1.1221 -0.4247 0.3458, -1.0383 -0.5211 0.3615, -0.979 -0.6255 0.3615, -0.9515 -0.6079 0.3865, -0.8837 -0.7028 0.3865, -0.8641 -0.6873 0.4191, -0.7886 -0.7727 0.4191, -0.7773 -0.7617 0.4571, -0.6945 -0.8378 0.4571, -0.6911 -0.8337 0.4979, -0.6014 -0.9006 0.4979, -0.6044 -0.905 0.5386, -0.5077 -0.9625 0.5386, -0.5151 -0.9764 0.5766, -0.5867 -1.0923 0.3404, -0.5596 -1.061 0.3458, -0.433 -1.0778 0.3615, -0.3194 -1.1167 0.3615, -0.3105 -1.0854 0.3865, -0.1968 -1.1116 0.3865, -0.1924 -1.0869 0.4191, -0.0792 -1.101 0.4191, -0.0781 -1.0853 0.4571, 0.0344 -1.0875 0.4571, 0.0342 -1.0821 0.4979, 0.1457 -1.0728 0.4979, 0.1464 -1.0781 0.5386, 0.2569 -1.0572 0.5386, 0.2606 -1.0725 0.5766, 0.4753 -0.996 0.5766, 0.4685 -0.9818 0.5386, 0.4662 -0.977 0.4979, 0.4685 -0.9818 0.4571, 0.4753 -0.996 0.4191, 0.4861 -1.0186 0.3865, 0.5001 -1.048 0.3615, 0.5165 -1.0823 0.3458, 0.5341 -1.1191 0.3404, 1.0156 0.4313 0.4191, 0.9519 0.5262 0.4571, 0.8881 0.6187 0.4979, 0.8236 0.7106 0.5386, 0.7566 0.8033 0.5766, 0.6849 0.897 0.6092, 0.7047 0.9229 0.3615, 0.5886 0.9629 0.3865, 0.4753 0.996 0.4191, 0.3647 1.025 0.4571, 0.2556 1.052 0.4979, 0.1464 1.0781 0.5386, 0.0349 1.1032 0.5766, -0.081 1.1259 0.6092, -0.0833 1.1585 0.3615, -0.1968 1.1116 0.3865, -0.3036 1.0613 0.4191, -0.4057 1.0098 0.4571, -0.5052 0.9578 0.4979, -0.6044 0.905 0.5386, -0.7046 0.85 0.5766, -0.8064 0.7903 0.6092, -1.0866 0.4112 0.3615, -1.0917 0.2886 0.3865, -1.0909 0.1705 0.4191, -1.087 0.0562 0.4571, -1.0816 -0.056 0.4979, -1.0754 -0.1681 0.5386, -1.0675 -0.2822 0.5766, -1.0561 -0.3997 0.6092, -1.0866 -0.4112 0.3615, -1.0092 -0.5065 0.3865, -0.9304 -0.5944 0.4191, -0.8518 -0.6775 0.4571, -0.7735 -0.758 0.4979, -0.6945 -0.8378 0.5386, -0.6131 -0.9181 0.5766, -0.5267 -0.9986 0.6092, -0.5419 -1.0274 0.3615, -0.4208 -1.0476 0.3865, -0.3036 -1.0613 0.4191, -0.1897 -1.0715 0.4571, -0.0777 -1.0799 0.4979, 0.0344 -1.0875 0.5386, 0.1485 -1.0937 0.5766, 0.2666 -1.0968 0.6092, 0.5886 -0.9629 0.6092, 0.5756 -0.9416 0.5766, 0.5673 -0.9282 0.5386, 0.5645 -0.9236 0.4979, 0.5673 -0.9282 0.4571, 0.5756 -0.9416 0.4191, 0.5886 -0.9629 0.3865, 0.6056 -0.9908 0.3615, 1.0012 0.4251 0.4571, 0.9472 0.5236 0.4979, 0.8925 0.6217 0.5386, 0.8355 0.7208 0.5766, 0.7738 0.8215 0.6092, 0.7047 0.9229 0.6342, 1.0039 0.7259 0.3404, 0.9079 0.7833 0.3458, 0.7962 0.8452 0.3615, 0.6849 0.897 0.3865, 0.5756 0.9416 0.4191, 0.4685 0.9818 0.4571, 0.3629 1.0199 0.4979, 0.2569 1.0572 0.5386, 0.1485 1.0937 0.5766, 0.0357 1.1282 0.6092, -0.0833 1.1585 0.6342, 0.2775 1.2079 0.3404, 0.1614 1.1884 0.3458, 0.0367 1.1608 0.3615, -0.081 1.1259 0.3865, -0.1924 1.0869 0.4191, -0.2993 1.0462 0.4571, -0.4037 1.0048 0.4979, -0.5077 0.9625 0.5386, -0.6131 0.9181 0.5766, -0.7205 0.8692 0.6092, -0.8297 0.8131 0.6342, -0.989 0.7467 0.3404, -1.011 0.6459 0.3458, -1.0383 0.5211 0.3615, -1.0561 0.3997 0.3865, -1.0675 0.2822 0.4191, -1.0754 0.1681 0.4571, -1.0816 0.056 0.4979, -1.087 -0.0562 0.5386, -1.0909 -0.1705 0.5766, -1.0917 -0.2886 0.6092, -1.0866 -0.4112 0.6342, -1.2363 -0.089 0.3404, -1.1854 -0.1853 0.3458, -1.1232 -0.2969 0.3615, -1.0561 -0.3997 0.3865, -0.9868 -0.4953 0.4191, -0.9172 -0.586 0.4571, -0.8476 -0.6741 0.4979, -0.7773 -0.7617 0.5386, -0.7046 -0.85 0.5766, -0.627 -0.9389 0.6092, -0.5419 -1.0274 0.6342, -0.8721 -0.8809 0.3404, -0.7656 -0.9236 0.3458, -0.6451 -0.9661 0.3615, -0.5267 -0.9986 0.3865, -0.4115 -1.0244 0.4191, -0.2993 -1.0462 0.4571, -0.1888 -1.0662 0.4979, -0.0781 -1.0853 0.5386, 0.0349 -1.1032 0.5766, 0.1519 -1.1185 0.6092, 0.2743 -1.1285 0.6342, 0.7047 -0.9229 0.6342, 0.6849 -0.897 0.6092, 0.6697 -0.8771 0.5766, 0.6601 -0.8646 0.5386, 0.6569 -0.8604 0.4979, 0.6601 -0.8646 0.4571, 0.6697 -0.8771 0.4191, 0.6849 -0.897 0.3865, 0.7047 -0.9229 0.3615, 1.0687 0.4538 0.6342, 1.1098 0.341 0.6342, 1.0786 0.3315 0.6092, 1.0397 0.3195 0.4571, 0.9962 0.423 0.4979, 0.9519 0.5262 0.5386, 0.9054 0.6307 0.5766, 0.8544 0.7372 0.6092, 0.7962 0.8452 0.6342, 0.7277 0.9531 0.65, 0.5001 1.048 0.6342, 0.6056 0.9908 0.6342, 0.5886 0.9629 0.6092, 0.8791 0.7585 0.3615, 0.7738 0.8215 0.3865, 0.6697 0.8771 0.4191, 0.5673 0.9282 0.4571, 0.4662 0.977 0.4979, 0.3647 1.025 0.5386, 0.2606 1.0725 0.5766, 0.1519 1.1185 0.6092, 0.0367 1.1608 0.6342, -0.086 1.1963 0.65, -0.3194 1.1167 0.6342, -0.2024 1.1437 0.6342, -0.1968 1.1116 0.6092, 0.1563 1.1508 0.3615, 0.0357 1.1282 0.3865, -0.0792 1.101 0.4191, -0.1897 1.0715 0.4571, -0.2978 1.041 0.4979, -0.4057 1.0098 0.5386, -0.5151 0.9764 0.5766, -0.627 0.9389 0.6092, -0.7414 0.8943 0.6342, -0.8568 0.8397 0.65, -0.979 0.6255 0.6342, -0.9092 0.7231 0.6342, -0.8837 0.7028 0.6092, -0.979 0.6255 0.3615, -1.0092 0.5065 0.3865, -1.0327 0.3908 0.4191, -1.0523 0.2781 0.4571, -1.0701 0.1673 0.4979, -1.087 0.0562 0.5386, -1.1027 -0.057 0.5766, -1.1156 -0.1744 0.6092, -1.1232 -0.2969 0.6342, -1.1221 -0.4247 0.65, -0.979 -0.6255 0.6342, -1.0383 -0.5211 0.6342, -1.0092 -0.5065 0.6092, -1.1479 -0.1794 0.3615, -1.0917 -0.2886 0.3865, -1.0327 -0.3908 0.4191, -0.9728 -0.4882 0.4571, -0.9126 -0.5831 0.4979, -0.8518 -0.6775 0.5386, -0.7886 -0.7727 0.5766, -0.7205 -0.8692 0.6092, -0.6451 -0.9661 0.6342, -0.5596 -1.061 0.65, -0.3194 -1.1167 0.6342, -0.433 -1.0778 0.6342, -0.4208 -1.0476 0.6092, -0.7414 -0.8943 0.3615, -0.627 -0.9389 0.3865, -0.5151 -0.9764 0.4191, -0.4057 -1.0098 0.4571, -0.2978 -1.041 0.4979, -0.1897 -1.0715 0.5386, -0.0792 -1.101 0.5766, 0.0357 -1.1282 0.6092, 0.1563 -1.1508 0.6342, 0.2832 -1.1654 0.65, 0.5001 -1.048 0.6342, 0.3893 -1.0941 0.6342, 0.3783 -1.0634 0.6092, 0.7962 -0.8452 0.6342, 0.7738 -0.8215 0.6092, 0.7566 -0.8033 0.5766, 0.7458 -0.7918 0.5386, 0.7422 -0.7879 0.4979, 0.7458 -0.7918 0.4571, 0.7566 -0.8033 0.4191, 0.7738 -0.8215 0.3865, 0.7962 -0.8452 0.3615, 1.1461 0.3522 0.65, 1.1037 0.4686 0.65, 1.0494 0.5801 0.65, 1.0039 0.7259 0.6553, 1.0174 0.7087 0.6553, 0.9839 0.6854 0.65, 1.0161 0.5617 0.6342, 1.0387 0.4411 0.6092, 1.0547 0.3241 0.5766, 0.6254 1.0232 0.65, 0.5165 1.0823 0.65, 0.402 1.1299 0.65, 0.2775 1.2079 0.6553, 0.2929 1.205 0.6553, 0.2832 1.1654 0.65, 0.3893 1.0941 0.6342, 0.4861 1.0186 0.6092, 0.5756 0.9416 0.5766, -0.2091 1.1811 0.65, -0.3299 1.1533 0.65, -0.4471 1.1131 0.65, -0.5867 1.0923 0.6553, -0.5786 1.0971 0.6553, -0.5596 1.061 0.65, -0.433 1.0778 0.6342, -0.3105 1.0854 0.6092, -0.1924 1.0869 0.5766, 0.6083 1.0788 0.3404, 0.5165 1.0823 0.3458, 0.3893 1.0941 0.3615, 0.2743 1.1285 0.3615, 0.2666 1.0968 0.3865, 0.1519 1.1185 0.3865, 0.1485 1.0937 0.4191, 0.0349 1.1032 0.4191, 0.0344 1.0875 0.4571, -0.0781 1.0853 0.4571, -0.0777 1.0799 0.4979, -0.1888 1.0662 0.4979, -0.1897 1.0715 0.5386, -0.2993 1.0462 0.5386, -0.3036 1.0613 0.5766, -0.4115 1.0244 0.5766, -0.4208 1.0476 0.6092, -0.5267 0.9986 0.6092, -0.5419 1.0274 0.6342, -0.6451 0.9661 0.6342, -0.6662 0.9976 0.65, -0.9389 0.7468 0.65, -1.011 0.6459 0.65, -1.0723 0.5382 0.65, -1.1612 0.4361 0.6553, -1.1602 0.4391 0.6553, -1.1221 0.4247 0.65, -1.0383 0.5211 0.6342, -0.9515 0.6079 0.6092, -0.8641 0.6873 0.5766, -0.2527 1.2128 0.3404, -0.3299 1.1533 0.3458, -0.433 1.0778 0.3615, -0.5419 1.0274 0.3615, -0.5267 0.9986 0.3865, -0.627 0.9389 0.3865, -0.6131 0.9181 0.4191, -0.7046 0.85 0.4191, -0.6945 0.8378 0.4571, -0.7773 0.7617 0.4571, -0.7735 0.758 0.4979, -0.8476 0.6741 0.4979, -0.8518 0.6775 0.5386, -0.9172 0.586 0.5386, -0.9304 0.5944 0.5766, -0.9868 0.4953 0.5766, -1.0092 0.5065 0.6092, -1.0561 0.3997 0.6092, -1.0866 0.4112 0.6342, -1.1232 0.2969 0.6342, -1.1599 0.3066 0.65, -1.1854 0.1853 0.65, -0.6451 0.9661 0.3615, -0.7205 0.8692 0.3865, -0.7886 0.7727 0.4191, -0.8518 0.6775 0.4571, -0.9126 0.5831 0.4979, -0.9728 0.4882 0.5386, -1.0327 0.3908 0.5766, -1.0917 0.2886 0.6092, -1.1479 0.1794 0.6342, -1.1982 0.062 0.65, -0.7414 0.8943 0.3615, -0.8064 0.7903 0.3865, -0.8641 0.6873 0.4191, -0.9172 0.586 0.4571, -0.968 0.4858 0.4979, -1.018 0.3852 0.5386, -1.0675 0.2822 0.5766, -1.1156 0.1744 0.6092, -1.1603 0.06 0.6342, -1.1982 -0.062 0.65, -1.2389 -0.0641 0.6553, -1.2363 -0.089 0.6553, -1.0723 -0.5382 0.65, -1.011 -0.6459 0.65, -0.9389 -0.7468 0.65, -0.8721 -0.8809 0.6553, -0.8859 -0.8682 0.6553, -0.8568 -0.8397 0.65, -0.9092 -0.7231 0.6342, -0.9515 -0.6079 0.6092, -0.9868 -0.4953 0.5766, -0.4471 -1.1131 0.65, -0.3299 -1.1533 0.65, -0.2091 -1.1811 0.65, -0.0764 -1.2372 0.6553, -0.0889 -1.237 0.6553, -0.086 -1.1963 0.65, -0.2024 -1.1437 0.6342, -0.3105 -1.0854 0.6092, -0.4115 -1.0244 0.5766, -1.0855 -0.5972 0.3404, -1.011 -0.6459 0.3458, -0.9092 -0.7231 0.3615, -0.8297 -0.8131 0.3615, -0.8064 -0.7903 0.3865, -0.7205 -0.8692 0.3865, -0.7046 -0.85 0.4191, -0.6131 -0.9181 0.4191, -0.6044 -0.905 0.4571, -0.5077 -0.9625 0.4571, -0.5052 -0.9578 0.4979, -0.4037 -1.0048 0.4979, -0.4057 -1.0098 0.5386, -0.2993 -1.0462 0.5386, -0.3036 -1.0613 0.5766, -0.1924 -1.0869 0.5766, -0.1968 -1.1116 0.6092, -0.081 -1.1259 0.6092, -0.0833 -1.1585 0.6342, 0.0367 -1.1608 0.6342, 0.0379 -1.1988 0.65, 0.402 -1.1299 0.65, 0.5165 -1.0823 0.65, 0.6254 -1.0232 0.65, 0.7572 -0.9815 0.6553, 0.7525 -0.9855 0.6553, 0.7277 -0.9531 0.65, 0.6056 -0.9908 0.6342, 0.4861 -1.0186 0.6092, 0.3699 -1.0398 0.5766, 1.0671 0.2104 0.5386, 1.0825 0.2135 0.5766, 1.1071 0.2183 0.6092, 1.1391 0.2246 0.6342, 1.1764 0.232 0.65, 1.1851 0.3642 0.6553, 1.2164 0.2398 0.6553, 1.0851 0.5998 0.6553, 1.0974 0.5745 0.6553, 1.1412 0.4846 0.6553, 1.168 0.4111 0.6553, 0.9527 0.6637 0.6342, 0.9876 0.546 0.6092, 1.0156 0.4313 0.5766, 1.0397 0.3195 0.5386, 1.0618 0.2094 0.4979, 0.8791 0.7585 0.6342, 0.926 0.645 0.6092, 0.9657 0.5339 0.5766, 1.0012 0.4251 0.5386, 1.0346 0.3179 0.4979, 1.0671 0.2104 0.4571, 0.7525 0.9855 0.6553, 0.6467 1.0579 0.6553, 0.4157 1.1683 0.6553, 0.4474 1.1551 0.6553, 0.5341 1.1191 0.6553, 0.6083 1.0788 0.6553, 0.2743 1.1285 0.6342, 0.3783 1.0634 0.6092, 0.4753 0.996 0.5766, 0.5673 0.9282 0.5386, 0.6569 0.8604 0.4979, 0.7458 0.7918 0.4571, 0.8355 0.7208 0.4191, 0.926 0.645 0.3865, 1.0161 0.5617 0.3615, 1.1037 0.4686 0.3458, 1.168 0.4111 0.3404, 0.1563 1.1508 0.6342, 0.2666 1.0968 0.6092, 0.3699 1.0398 0.5766, 0.4685 0.9818 0.5386, 0.5645 0.9236 0.4979, 0.6601 0.8646 0.4571, 0.7566 0.8033 0.4191, 0.8544 0.7372 0.3865, 0.9527 0.6637 0.3615, -0.0889 1.237 0.6553, -0.2161 1.2212 0.6553, -0.4623 1.1509 0.6553, -0.4239 1.1641 0.6553, -0.3411 1.1925 0.6553, -0.2527 1.2128 0.6553, -0.6888 1.0315 0.6553, -0.7364 0.9961 0.6553, -0.8859 0.8682 0.6553, -0.9708 0.7722 0.6553, -1.1087 0.5565 0.6553, -1.0855 0.5972 0.6553, -1.0453 0.6679 0.6553, -0.989 0.7467 0.6553, -1.1993 0.317 0.6553, -1.2389 0.0641 0.6553, -1.2363 0.089 0.6553, -1.2257 0.1916 0.6553, -1.2103 0.265 0.6553, -1.1603 -0.06 0.6342, -1.1277 0.0583 0.6092, -1.0909 0.1705 0.5766, -1.0523 0.2781 0.5386, -1.0129 0.3833 0.4979, -0.9728 0.4882 0.4571, -0.9304 0.5944 0.4191, -0.8837 0.7028 0.3865, -0.8297 0.8131 0.3615, -1.1479 -0.1794 0.6342, -1.1277 -0.0583 0.6092, -1.1027 0.057 0.5766, -1.0754 0.1681 0.5386, -1.0471 0.2768 0.4979, -1.018 0.3852 0.4571, -0.9868 0.4953 0.4191, -0.9515 0.6079 0.3865, -0.9092 0.7231 0.3615, -0.8568 0.8397 0.3458, -0.8721 0.8809 0.3404, -1.1602 -0.4391 0.6553, -1.1087 -0.5565 0.6553, -0.9708 -0.7722 0.6553, -0.989 -0.7467 0.6553, -1.0453 -0.6679 0.6553, -1.0855 -0.5972 0.6553, -0.8297 -0.8131 0.6342, -0.8837 -0.7028 0.6092, -0.9304 -0.5944 0.5766, -0.9728 -0.4882 0.5386, -1.0129 -0.3833 0.4979, -1.0523 -0.2781 0.4571, -1.0909 -0.1705 0.4191, -1.1277 -0.0583 0.3865, -1.1603 0.06 0.3615, -0.7414 -0.8943 0.6342, -0.8064 -0.7903 0.6092, -0.8641 -0.6873 0.5766, -0.9172 -0.586 0.5386, -0.968 -0.4858 0.4979, -1.018 -0.3852 0.4571, -1.0675 -0.2822 0.4191, -1.1156 -0.1744 0.3865, -1.1603 -0.06 0.3615, -1.1982 0.062 0.3458, -1.2363 0.089 0.3404, -0.5786 -1.0971 0.6553, -0.4623 -1.1509 0.6553, -0.2161 -1.2212 0.6553, -0.2527 -1.2128 0.6553, -0.3411 -1.1925 0.6553, -0.4239 -1.1641 0.6553, 0.0392 -1.2395 0.6553, 0.1015 -1.2343 0.6553, 0.2929 -1.205 0.6553, 0.4157 -1.1683 0.6553, 0.6467 -1.0579 0.6553, 0.6083 -1.0788 0.6553, 0.5341 -1.1191 0.6553, 0.4474 -1.1551 0.6553, 0.8791 -0.7585 0.3615, 0.8544 -0.7372 0.3865, 0.8355 -0.7208 0.4191, 0.8236 -0.7106 0.4571, 0.8195 -0.7071 0.4979, 0.8236 -0.7106 0.5386, 0.8355 -0.7208 0.5766, 0.8544 -0.7372 0.6092, 0.8791 -0.7585 0.6342, 0.9079 -0.7833 0.65, 0.9388 -0.8099 0.6553, 0.9839 -0.6854 0.65, 1.0174 -0.7087 0.6553, 1.0039 -0.7259 0.6553, 0.9527 -0.6637 0.3615, 0.926 -0.645 0.3865, 0.9054 -0.6307 0.4191, 0.8925 -0.6217 0.4571, 0.8881 -0.6187 0.4979, 0.8925 -0.6217 0.5386, 0.9054 -0.6307 0.5766, 0.926 -0.645 0.6092, 0.9527 -0.6637 0.6342, 1.0161 -0.5617 0.3615, 0.9876 -0.546 0.3865, 0.9657 -0.5339 0.4191, 0.9519 -0.5262 0.4571, 0.9472 -0.5236 0.4979, 0.9519 -0.5262 0.5386, 0.9657 -0.5339 0.5766, 0.9876 -0.546 0.6092, 1.0161 -0.5617 0.6342, 1.0687 -0.4538 0.3615, 1.0387 -0.4411 0.3865, 1.0156 -0.4313 0.4191, 1.0012 -0.4251 0.4571, 0.9962 -0.423 0.4979, 1.0012 -0.4251 0.5386, 1.0156 -0.4313 0.5766, 1.0387 -0.4411 0.6092, 1.0687 -0.4538 0.6342, 1.1037 -0.4686 0.65, 1.1412 -0.4846 0.6553, 1.1461 -0.3522 0.65, 1.1851 -0.3642 0.6553, 1.168 -0.4111 0.6553, 1.1098 -0.341 0.3615, 1.0786 -0.3315 0.3865, 1.0547 -0.3241 0.4191, 1.0397 -0.3195 0.4571, 1.0346 -0.3179 0.4979, 1.0397 -0.3195 0.5386, 1.0547 -0.3241 0.5766, 1.0786 -0.3315 0.6092, 1.1098 -0.341 0.6342, 1.1391 -0.2246 0.3615, 1.1071 -0.2183 0.3865, 1.0825 -0.2135 0.4191, 1.0671 -0.2104 0.4571, 1.0618 -0.2094 0.4979, 1.0671 -0.2104 0.5386, 1.0825 -0.2135 0.5766, 1.1071 -0.2183 0.6092, 1.1391 -0.2246 0.6342, 1.1764 -0.232 0.65, 1.2164 -0.2398 0.6553, 1.2164 -0.2398 0.1575, 1.1851 -0.3642 0.1575, 1.168 -0.4111 0.1575, 1.1412 -0.4846 0.1575, 1.0974 -0.5745 0.1575, 1.0851 -0.5998 0.1575, 1.0174 -0.7087 0.1575, 1.0039 -0.7259 0.1575, 0.9388 -0.8099 0.1575, 0.8891 -0.8619 0.1575, 0.8502 -0.9025 0.1575, 0.7572 -0.9815 0.1575, 0.7525 -0.9855 0.1575, 0.6467 -1.0579 0.1575, 0.6083 -1.0788 0.1575, 0.5341 -1.1191 0.1575, 0.4474 -1.1551 0.1575, 0.4157 -1.1683 0.1575, 0.2929 -1.205 0.1575, 0.2775 -1.2079 0.1575, 0.1669 -1.2288 0.1575, 0.1015 -1.2343 0.1575, 0.0392 -1.2395 0.1575, -0.0764 -1.2372 0.1575, -0.0889 -1.237 0.1575, -0.2161 -1.2212 0.1575, -0.2527 -1.2128 0.1575, -0.3411 -1.1925 0.1575, -0.4239 -1.1641 0.1575, -0.4623 -1.1509 0.1575, -0.5786 -1.0971 0.1575, -0.5867 -1.0923 0.1575, -0.6888 -1.0315 0.1575, -0.7364 -0.9961 0.1575, -0.7916 -0.955 0.1575, -0.8721 -0.8809 0.1575, -0.8859 -0.8682 0.1575, -0.9708 -0.7722 0.1575, -0.989 -0.7467 0.1575, -1.0453 -0.6679 0.1575, -1.0855 -0.5972 0.1575, -1.1087 -0.5565 0.1575, -1.1602 -0.4391 0.1575, -1.1612 -0.4361 0.1575, -1.1993 -0.317 0.1575, -1.2103 -0.265 0.1575, -1.2257 -0.1916 0.1575, -1.2363 -0.089 0.1575, -1.2389 -0.0641 0.1575, -1.2389 0.0641 0.1575, -1.2363 0.089 0.1575, -1.2257 0.1916 0.1575, -1.2103 0.265 0.1575, -1.1993 0.317 0.1575, -1.1612 0.4361 0.1575, -1.1602 0.4391 0.1575, -1.1087 0.5565 0.1575, -1.0855 0.5972 0.1575, -1.0453 0.6679 0.1575, -0.989 0.7467 0.1575, -0.9708 0.7722 0.1575, -0.8859 0.8682 0.1575, -0.8721 0.8809 0.1575, -0.7916 0.955 0.1575, -0.7364 0.9961 0.1575, -0.6888 1.0315 0.1575, -0.5867 1.0923 0.1575, -0.5786 1.0971 0.1575, -0.4623 1.1509 0.1575, -0.4239 1.1641 0.1575, -0.3411 1.1925 0.1575, -0.2527 1.2128 0.1575, -0.2161 1.2212 0.1575, -0.0889 1.237 0.1575, -0.0764 1.2372 0.1575, 0.0392 1.2395 0.1575, 0.1015 1.2343 0.1575, 0.1669 1.2288 0.1575, 0.2775 1.2079 0.1575, 0.2929 1.205 0.1575, 0.4157 1.1683 0.1575, 0.4474 1.1551 0.1575, 0.5341 1.1191 0.1575, 0.6083 1.0788 0.1575, 0.6467 1.0579 0.1575, 0.7525 0.9855 0.1575, 0.7572 0.9815 0.1575, 0.8502 0.9025 0.1575, 0.8891 0.8619 0.1575, 0.9388 0.8099 0.1575, 1.0039 0.7259 0.1575, 1.0174 0.7087 0.1575, 1.0851 0.5998 0.1575, 1.0974 0.5745 0.1575, 1.1412 0.4846 0.1575, 1.168 0.4111 0.1575, 1.1851 0.3642 0.1575, 1.2164 0.2398 0.1575, 1.1375 -0.483 0.1224, 0.9358 -0.8073 0.1224, 0.7501 -0.9824 0.1224, 0.5324 -1.1155 0.1224, 0.1664 -1.2249 0.1224, -0.0887 -1.2331 0.1224, -0.34 -1.1887 0.1224, -0.6866 -1.0283 0.1224, -0.7891 -0.9519 0.1224, -0.8831 -0.8655 0.1224, -1.042 -0.6658 0.1224, -1.1955 -0.316 0.1224, -1.2218 -0.191 0.1224, -1.2218 0.191 0.1224, -1.1565 0.4377 0.1224, -1.042 0.6658 0.1224, -0.7891 0.9519 0.1224, -0.5768 1.0936 0.1224, -0.34 1.1887 0.1224, 0.0391 1.2356 0.1224, 0.1664 1.2249 0.1224, 0.292 1.2011 0.1224, 0.5324 1.1155 0.1224, 0.8474 0.8997 0.1224, 0.9358 0.8073 0.1224, 1.1375 0.483 0.1224, 1.0346 0.3179 0.0, 0.9962 0.423 0.0, 1.0681 0.3282 0.004, 1.0285 0.4367 0.004, 1.0999 0.338 0.0156, 1.0591 0.4497 0.0156, 1.1284 0.3467 0.0344, 1.0866 0.4614 0.0344, 1.1523 0.3541 0.0593, 1.1096 0.4711 0.0593, 1.1702 0.3596 0.0892, 1.1268 0.4785 0.0892, 1.1813 0.363 0.1224, 0.8881 0.6187 0.0, 0.8195 0.7071 0.0, 0.9169 0.6387 0.004, 0.8461 0.73 0.004, 0.9442 0.6577 0.0156, 0.8713 0.7517 0.0156, 0.9687 0.6748 0.0344, 0.8939 0.7712 0.0344, 0.9892 0.689 0.0593, 0.9128 0.7875 0.0593, 1.0046 0.6997 0.0892, 0.927 0.7997 0.0892, 1.0141 0.7064 0.1224, 0.5645 0.9236 0.0, 0.4662 0.977 0.0, 0.5828 0.9535 0.004, 0.4813 1.0086 0.004, 0.6002 0.9819 0.0156, 0.4956 1.0386 0.0156, 0.6158 1.0074 0.0344, 0.5085 1.0656 0.0344, 0.6288 1.0286 0.0593, 0.5193 1.0881 0.0593, 0.6386 1.0446 0.0892, 0.5273 1.105 0.0892, 0.6447 1.0546 0.1224, -0.1888 1.0662 0.0, -0.2978 1.041 0.0, -0.1948 1.1007 0.004, -0.3074 1.0747 0.004, -0.2006 1.1335 0.0156, -0.3166 1.1067 0.0156, -0.2058 1.1629 0.0344, -0.3248 1.1354 0.0344, -0.2102 1.1874 0.0593, -0.3316 1.1594 0.0593, -0.2134 1.2059 0.0892, -0.3368 1.1775 0.0892, -0.2155 1.2174 0.1224, -0.6014 0.9006 0.0, -0.6911 0.8337 0.0, -0.6208 0.9297 0.004, -0.7135 0.8607 0.004, -0.6393 0.9574 0.0156, -0.7347 0.8863 0.0156, -0.6559 0.9822 0.0344, -0.7538 0.9093 0.0344, -0.6697 1.003 0.0593, -0.7697 0.9285 0.0593, -0.6801 1.0186 0.0892, -0.7816 0.943 0.0892, -0.6866 1.0283 0.1224, -0.8476 0.6741 0.0, -0.9126 0.5831 0.0, -0.875 0.6959 0.004, -0.9422 0.6019 0.004, -0.9011 0.7167 0.0156, -0.9702 0.6199 0.0156, -0.9244 0.7353 0.0344, -0.9954 0.636 0.0344, -0.9439 0.7508 0.0593, -1.0164 0.6494 0.0593, -0.9586 0.7625 0.0892, -1.0322 0.6595 0.0892, -0.9677 0.7697 0.1224, -1.0471 0.2768 0.0, -1.0701 0.1673 0.0, -1.081 0.2857 0.004, -1.1047 0.1727 0.004, -1.1132 0.2942 0.0156, -1.1376 0.1778 0.0156, -1.142 0.3019 0.0344, -1.1671 0.1824 0.0344, -1.1661 0.3082 0.0593, -1.1917 0.1863 0.0593, -1.1843 0.313 0.0892, -1.2103 0.1892 0.0892, -1.1955 0.316 0.1224, -1.0816 -0.056 0.0, -1.0701 -0.1673 0.0, -1.1166 -0.0578 0.004, -1.1047 -0.1727 0.004, -1.1499 -0.0595 0.0156, -1.1376 -0.1778 0.0156, -1.1797 -0.061 0.0344, -1.1671 -0.1824 0.0344, -1.2046 -0.0623 0.0593, -1.1917 -0.1863 0.0593, -1.2233 -0.0633 0.0892, -1.2103 -0.1892 0.0892, -1.2349 -0.0639 0.1224, -0.968 -0.4858 0.0, -0.9126 -0.5831 0.0, -0.9993 -0.5015 0.004, -0.9422 -0.6019 0.004, -1.029 -0.5165 0.0156, -0.9702 -0.6199 0.0156, -1.0557 -0.5299 0.0344, -0.9954 -0.636 0.0344, -1.078 -0.541 0.0593, -1.0164 -0.6494 0.0593, -1.0948 -0.5495 0.0892, -1.0322 -0.6595 0.0892, -1.1052 -0.5547 0.1224, -0.4037 -1.0048 0.0, -0.2978 -1.041 0.0, -0.4167 -1.0373 0.004, -0.3074 -1.0747 0.004, -0.4291 -1.0682 0.0156, -0.3166 -1.1067 0.0156, -0.4402 -1.0959 0.0344, -0.3248 -1.1354 0.0344, -0.4495 -1.119 0.0593, -0.3316 -1.1594 0.0593, -0.4565 -1.1364 0.0892, -0.3368 -1.1775 0.0892, -0.4608 -1.1473 0.1224, 0.0342 -1.0821 0.0, 0.1457 -1.0728 0.0, 0.0353 -1.1171 0.004, 0.1504 -1.1075 0.004, 0.0364 -1.1504 0.0156, 0.1549 -1.1405 0.0156, 0.0373 -1.1803 0.0344, 0.1589 -1.1701 0.0344, 0.0381 -1.2052 0.0593, 0.1623 -1.1948 0.0593, 0.0387 -1.2239 0.0892, 0.1648 -1.2134 0.0892, 0.0391 -1.2356 0.1224, 0.3629 -1.0199 0.0, 0.4662 -0.977 0.0, 0.3746 -1.0529 0.004, 0.4813 -1.0086 0.004, 0.3858 -1.0843 0.0156, 0.4956 -1.0386 0.0156, 0.3958 -1.1124 0.0344, 0.5085 -1.0656 0.0344, 0.4042 -1.1359 0.0593, 0.5193 -1.0881 0.0593, 0.4105 -1.1536 0.0892, 0.5273 -1.105 0.0892, 0.4144 -1.1646 0.1224, 0.7422 -0.7879 0.0, 0.8195 -0.7071 0.0, 0.7662 -0.8134 0.004, 0.8461 -0.73 0.004, 0.789 -0.8376 0.0156, 0.8713 -0.7517 0.0156, 0.8095 -0.8594 0.0344, 0.8939 -0.7712 0.0344, 0.8266 -0.8775 0.0593, 0.9128 -0.7875 0.0593, 0.8395 -0.8912 0.0892, 0.927 -0.7997 0.0892, 0.8474 -0.8997 0.1224, 0.9472 -0.5236 0.0, 0.9962 -0.423 0.0, 0.9779 -0.5406 0.004, 1.0285 -0.4367 0.004, 1.007 -0.5567 0.0156, 1.0591 -0.4497 0.0156, 1.0332 -0.5711 0.0344, 1.0866 -0.4614 0.0344, 1.055 -0.5832 0.0593, 1.1096 -0.4711 0.0593, 1.0714 -0.5923 0.0892, 1.1268 -0.4785 0.0892, 1.0816 -0.5979 0.1224, 1.0618 0.2094 0.0, 1.0962 0.2162 0.004, 1.1289 0.2226 0.0156, 1.1582 0.2284 0.0344, 1.1826 0.2332 0.0593, 1.2011 0.2368 0.0892, 1.2125 0.2391 0.1224, 1.0816 0.5979 0.1224, 1.0714 0.5923 0.0892, 1.055 0.5832 0.0593, 1.0332 0.5711 0.0344, 1.007 0.5567 0.0156, 0.9779 0.5406 0.004, 0.9472 0.5236 0.0, 0.8395 0.8912 0.0892, 0.8266 0.8775 0.0593, 0.8095 0.8594 0.0344, 0.789 0.8376 0.0156, 0.7662 0.8134 0.004, 0.7422 0.7879 0.0, 0.7501 0.9824 0.1224, 0.743 0.9731 0.0892, 0.7316 0.9582 0.0593, 0.7165 0.9384 0.0344, 0.6983 0.9147 0.0156, 0.6781 0.8882 0.004, 0.6569 0.8604 0.0, 0.4144 1.1646 0.1224, 0.4105 1.1536 0.0892, 0.4042 1.1359 0.0593, 0.3958 1.1124 0.0344, 0.3858 1.0843 0.0156, 0.3746 1.0529 0.004, 0.3629 1.0199 0.0, 0.2556 1.052 0.0, 0.2639 1.086 0.004, 0.2718 1.1184 0.0156, 0.2789 1.1474 0.0344, 0.2848 1.1716 0.0593, 0.2892 1.1898 0.0892, 0.1648 1.2134 0.0892, 0.1623 1.1948 0.0593, 0.1589 1.1701 0.0344, 0.1549 1.1405 0.0156, 0.1504 1.1075 0.004, 0.1457 1.0728 0.0, 0.0387 1.2239 0.0892, 0.0381 1.2052 0.0593, 0.0373 1.1803 0.0344, 0.0364 1.1504 0.0156, 0.0353 1.1171 0.004, 0.0342 1.0821 0.0, -0.0887 1.2331 0.1224, -0.0878 1.2214 0.0892, -0.0865 1.2027 0.0593, -0.0847 1.1779 0.0344, -0.0826 1.1481 0.0156, -0.0802 1.1149 0.004, -0.0777 1.0799 0.0, -0.4608 1.1473 0.1224, -0.4565 1.1364 0.0892, -0.4495 1.119 0.0593, -0.4402 1.0959 0.0344, -0.4291 1.0682 0.0156, -0.4167 1.0373 0.004, -0.4037 1.0048 0.0, -0.5052 0.9578 0.0, -0.5216 0.9888 0.004, -0.5371 1.0182 0.0156, -0.551 1.0446 0.0344, -0.5626 1.0667 0.0593, -0.5714 1.0833 0.0892, -0.8831 0.8655 0.1224, -0.8748 0.8573 0.0892, -0.8614 0.8442 0.0593, -0.8436 0.8267 0.0344, -0.8223 0.8058 0.0156, -0.7985 0.7825 0.004, -0.7735 0.758 0.0, -1.1052 0.5547 0.1224, -1.0948 0.5495 0.0892, -1.078 0.541 0.0593, -1.0557 0.5299 0.0344, -1.029 0.5165 0.0156, -0.9993 0.5015 0.004, -0.968 0.4858 0.0, -1.0129 0.3833 0.0, -1.0457 0.3957 0.004, -1.0768 0.4075 0.0156, -1.1048 0.4181 0.0344, -1.1281 0.4269 0.0593, -1.1456 0.4336 0.0892, -1.2349 0.0639 0.1224, -1.2233 0.0633 0.0892, -1.2046 0.0623 0.0593, -1.1797 0.061 0.0344, -1.1499 0.0595 0.0156, -1.1166 0.0578 0.004, -1.0816 0.056 0.0, -1.1843 -0.313 0.0892, -1.1661 -0.3082 0.0593, -1.142 -0.3019 0.0344, -1.1132 -0.2942 0.0156, -1.081 -0.2857 0.004, -1.0471 -0.2768 0.0, -1.1565 -0.4377 0.1224, -1.1456 -0.4336 0.0892, -1.1281 -0.4269 0.0593, -1.1048 -0.4181 0.0344, -1.0768 -0.4075 0.0156, -1.0457 -0.3957 0.004, -1.0129 -0.3833 0.0, -0.9677 -0.7697 0.1224, -0.9586 -0.7625 0.0892, -0.9439 -0.7508 0.0593, -0.9244 -0.7353 0.0344, -0.9011 -0.7167 0.0156, -0.875 -0.6959 0.004, -0.8476 -0.6741 0.0, -0.7735 -0.758 0.0, -0.7985 -0.7825 0.004, -0.8223 -0.8058 0.0156, -0.8436 -0.8267 0.0344, -0.8614 -0.8442 0.0593, -0.8748 -0.8573 0.0892, -0.7816 -0.943 0.0892, -0.7697 -0.9285 0.0593, -0.7538 -0.9093 0.0344, -0.7347 -0.8863 0.0156, -0.7135 -0.8607 0.004, -0.6911 -0.8337 0.0, -0.6801 -1.0186 0.0892, -0.6697 -1.003 0.0593, -0.6559 -0.9822 0.0344, -0.6393 -0.9574 0.0156, -0.6208 -0.9297 0.004, -0.6014 -0.9006 0.0, -0.5768 -1.0936 0.1224, -0.5714 -1.0833 0.0892, -0.5626 -1.0667 0.0593, -0.551 -1.0446 0.0344, -0.5371 -1.0182 0.0156, -0.5216 -0.9888 0.004, -0.5052 -0.9578 0.0, -0.2155 -1.2174 0.1224, -0.2134 -1.2059 0.0892, -0.2102 -1.1874 0.0593, -0.2058 -1.1629 0.0344, -0.2006 -1.1335 0.0156, -0.1948 -1.1007 0.004, -0.1888 -1.0662 0.0, -0.0777 -1.0799 0.0, -0.0802 -1.1149 0.004, -0.0826 -1.1481 0.0156, -0.0847 -1.1779 0.0344, -0.0865 -1.2027 0.0593, -0.0878 -1.2214 0.0892, 0.292 -1.2011 0.1224, 0.2892 -1.1898 0.0892, 0.2848 -1.1716 0.0593, 0.2789 -1.1474 0.0344, 0.2718 -1.1184 0.0156, 0.2639 -1.086 0.004, 0.2556 -1.052 0.0, 0.6447 -1.0546 0.1224, 0.6386 -1.0446 0.0892, 0.6288 -1.0286 0.0593, 0.6158 -1.0074 0.0344, 0.6002 -0.9819 0.0156, 0.5828 -0.9535 0.004, 0.5645 -0.9236 0.0, 0.6569 -0.8604 0.0, 0.6781 -0.8882 0.004, 0.6983 -0.9147 0.0156, 0.7165 -0.9384 0.0344, 0.7316 -0.9582 0.0593, 0.743 -0.9731 0.0892, 1.0141 -0.7064 0.1224, 1.0046 -0.6997 0.0892, 0.9892 -0.689 0.0593, 0.9687 -0.6748 0.0344, 0.9442 -0.6577 0.0156, 0.9169 -0.6387 0.004, 0.8881 -0.6187 0.0, 1.1813 -0.363 0.1224, 1.1702 -0.3596 0.0892, 1.1523 -0.3541 0.0593, 1.1284 -0.3467 0.0344, 1.0999 -0.338 0.0156, 1.0681 -0.3282 0.004, 1.0346 -0.3179 0.0, 1.0618 -0.2094 0.0, 1.0962 -0.2162 0.004, 1.1289 -0.2226 0.0156, 1.1582 -0.2284 0.0344, 1.1826 -0.2332 0.0593, 1.2011 -0.2368 0.0892, 1.2125 -0.2391 0.1224, 0.946 -0.1865 0.0, 0.946 0.1865 0.0, 0.9029 0.3383 0.0, -0.7654 -0.5875 0.0, -0.8509 -0.4549 0.0, -0.9137 -0.3102 0.0, 0.2196 -0.9391 0.0, 0.0636 -0.9624 0.0, -0.0941 -0.96 0.0, 0.8357 -0.481 0.0, 0.7461 -0.6108 0.0, 0.6366 -0.7243 0.0, 0.9029 -0.3383 0.0, 0.51 0.8185 0.0, 0.6366 0.7243 0.0, 0.7461 0.6108 0.0, -0.2493 0.9319 0.0, -0.0941 0.96 0.0, 0.0636 0.9624 0.0, 0.3698 -0.8907 0.0, 0.3698 0.8907 0.0, -0.5358 0.8023 0.0, -0.3979 0.8789 0.0, -0.5358 -0.8023 0.0, -0.6594 -0.7043 0.0, -0.2493 -0.9319 0.0, -0.3979 -0.8789 0.0, 0.2196 0.9391 0.0, -0.6594 0.7043 0.0, 0.51 -0.8185 0.0, 0.8357 0.481 0.0, -0.8509 0.4549 0.0, -0.7654 0.5875 0.0, -0.9521 0.1572 0.0, -0.9137 0.3102 0.0, -0.965 -0.0 0.0, -0.9521 -0.1572 0.0, 0.946 -0.1865 0.0394, 0.9029 -0.3383 0.0394, 0.8357 -0.481 0.0394, 0.7461 -0.6108 0.0394, 0.6366 -0.7243 0.0394, 0.51 -0.8185 0.0394, 0.3698 -0.8907 0.0394, 0.2877 -0.9172 0.0394, 0.2196 -0.9391 0.0394, 0.1363 -0.9516 0.0394, 0.0636 -0.9624 0.0394, -0.0941 -0.96 0.0394, -0.0546 -0.9606 0.0394, 0.0319 -0.962 0.0394, -0.6207 -0.735 0.0394, -0.5358 -0.8023 0.0394, -0.3979 -0.8789 0.0394, -0.2493 -0.9319 0.0394, -0.1655 -0.9471 0.0394, -0.9649 -0.0007 0.0394, -0.9521 -0.1572 0.0394, -0.9137 -0.3102 0.0394, -0.8509 -0.4549 0.0394, -0.7654 -0.5875 0.0394, -0.6594 -0.7043 0.0394, -0.9552 0.1188 0.0394, -0.965 -0.0 0.0394, -0.6594 0.7043 0.0394, -0.7654 0.5875 0.0394, -0.8509 0.4549 0.0394, -0.9137 0.3102 0.0394, -0.9521 0.1572 0.0394, -0.0546 0.9606 0.0394, -0.0941 0.96 0.0394, -0.1655 0.9471 0.0394, -0.2493 0.9319 0.0394, -0.3979 0.8789 0.0394, -0.5358 0.8023 0.0394, -0.6207 0.735 0.0394, 0.0319 0.962 0.0394, 0.0636 0.9624 0.0394, 0.2196 0.9391 0.0394, 0.1363 0.9516 0.0394, 0.946 0.1865 0.0394, 0.9029 0.3383 0.0394, 0.8357 0.481 0.0394, 0.7461 0.6108 0.0394, 0.6366 0.7243 0.0394, 0.51 0.8185 0.0394, 0.3698 0.8907 0.0394, 0.2877 0.9172 0.0394
            ]
        }
        coordIndex [
            0,1,2,-1,3,4,5,-1,6,7,8,-1,9,10,11,-1,12,13,14,-1,15,16,17,-1,18,19,20,-1,21,22,23,-1,24,25,26,-1,27,28,29,-1,30,31,32,-1,33,34,35,-1,36,37,38,-1,39,40,41,-1,42,39,43,-1,44,45,46,-1,47,48,49,-1,50,51,52,-1,53,54,36,-1,55,56,57,-1,58,59,60,-1,61,62,63,-1,64,65,66,-1,67,68,69,-1,70,71,72,-1,73,74,75,-1,76,77,78,-1,79,80,81,-1,82,83,84,-1,85,86,87,-1,88,89,90,-1,91,92,93,-1,94,95,96,-1,97,98,99,-1,100,101,102,-1,103,104,105,-1,106,107,108,-1,109,110,111,-1,112,113,114,-1,114,113,115,-1,116,117,118,-1,106,108,119,-1,120,121,122,-1,97,99,123,-1,124,125,126,-1,127,128,129,-1,67,69,130,-1,131,132,133,-1,58,60,134,-1,36,54,37,-1,37,54,135,-1,37,135,136,-1,137,138,139,-1,140,141,142,-1,143,144,145,-1,146,147,148,-1,149,150,151,-1,152,153,154,-1,154,155,156,-1,156,155,47,-1,48,157,158,-1,158,157,44,-1,42,43,45,-1,159,160,115,-1,161,38,162,-1,162,38,37,-1,162,37,137,-1,137,37,136,-1,137,136,138,-1,163,164,160,-1,165,161,166,-1,166,161,162,-1,166,162,167,-1,167,162,137,-1,167,137,140,-1,140,137,139,-1,140,139,141,-1,168,169,164,-1,170,165,171,-1,171,165,166,-1,171,166,172,-1,172,166,167,-1,172,167,173,-1,173,167,140,-1,173,140,143,-1,143,140,142,-1,143,142,144,-1,174,170,175,-1,175,170,171,-1,175,171,176,-1,176,171,172,-1,176,172,177,-1,177,172,173,-1,177,173,178,-1,178,173,143,-1,178,143,179,-1,179,143,145,-1,179,145,180,-1,181,174,182,-1,182,174,175,-1,182,175,183,-1,183,175,176,-1,183,176,184,-1,184,176,177,-1,184,177,185,-1,185,177,178,-1,185,178,186,-1,186,178,179,-1,186,179,146,-1,146,179,180,-1,146,180,147,-1,115,113,159,-1,159,113,187,-1,159,187,188,-1,188,187,189,-1,188,189,190,-1,190,189,191,-1,190,191,192,-1,192,191,193,-1,192,193,194,-1,194,193,195,-1,194,195,196,-1,196,195,197,-1,196,197,198,-1,199,103,200,-1,200,103,105,-1,200,105,201,-1,201,105,202,-1,201,202,203,-1,203,202,204,-1,203,204,205,-1,205,204,206,-1,205,206,207,-1,207,206,208,-1,207,208,209,-1,209,208,210,-1,209,210,211,-1,211,210,212,-1,211,212,213,-1,214,94,215,-1,215,94,96,-1,215,96,216,-1,216,96,217,-1,216,217,218,-1,218,217,219,-1,218,219,220,-1,220,219,221,-1,220,221,222,-1,222,221,223,-1,222,223,224,-1,224,223,225,-1,224,225,226,-1,226,225,227,-1,226,227,228,-1,80,76,81,-1,81,76,78,-1,81,78,229,-1,229,78,230,-1,229,230,231,-1,231,230,232,-1,231,232,233,-1,233,232,234,-1,233,234,235,-1,235,234,236,-1,235,236,237,-1,237,236,238,-1,237,238,239,-1,239,238,240,-1,239,240,241,-1,242,64,243,-1,243,64,66,-1,243,66,244,-1,244,66,245,-1,244,245,246,-1,246,245,247,-1,246,247,248,-1,248,247,249,-1,248,249,250,-1,250,249,251,-1,250,251,252,-1,252,251,253,-1,252,253,254,-1,254,253,255,-1,254,255,256,-1,257,55,258,-1,258,55,57,-1,258,57,259,-1,259,57,260,-1,259,260,261,-1,261,260,262,-1,261,262,263,-1,263,262,264,-1,263,264,265,-1,265,264,266,-1,265,266,267,-1,267,266,268,-1,267,268,269,-1,269,268,270,-1,269,270,271,-1,272,181,273,-1,273,181,182,-1,273,182,274,-1,274,182,183,-1,274,183,275,-1,275,183,184,-1,275,184,276,-1,276,184,185,-1,276,185,277,-1,277,185,186,-1,277,186,278,-1,278,186,146,-1,278,146,279,-1,279,146,148,-1,279,148,280,-1,160,159,163,-1,163,159,188,-1,163,188,281,-1,281,188,190,-1,281,190,282,-1,282,190,192,-1,282,192,283,-1,283,192,194,-1,283,194,284,-1,284,194,196,-1,284,196,285,-1,285,196,198,-1,285,198,286,-1,107,199,108,-1,108,199,200,-1,108,200,287,-1,287,200,201,-1,287,201,288,-1,288,201,203,-1,288,203,289,-1,289,203,205,-1,289,205,290,-1,290,205,207,-1,290,207,291,-1,291,207,209,-1,291,209,292,-1,292,209,211,-1,292,211,293,-1,293,211,213,-1,293,213,294,-1,98,214,99,-1,99,214,215,-1,99,215,295,-1,295,215,216,-1,295,216,296,-1,296,216,218,-1,296,218,297,-1,297,218,220,-1,297,220,298,-1,298,220,222,-1,298,222,299,-1,299,222,224,-1,299,224,300,-1,300,224,226,-1,300,226,301,-1,301,226,228,-1,301,228,302,-1,128,79,129,-1,129,79,81,-1,129,81,303,-1,303,81,229,-1,303,229,304,-1,304,229,231,-1,304,231,305,-1,305,231,233,-1,305,233,306,-1,306,233,235,-1,306,235,307,-1,307,235,237,-1,307,237,308,-1,308,237,239,-1,308,239,309,-1,309,239,241,-1,309,241,310,-1,68,242,69,-1,69,242,243,-1,69,243,311,-1,311,243,244,-1,311,244,312,-1,312,244,246,-1,312,246,313,-1,313,246,248,-1,313,248,314,-1,314,248,250,-1,314,250,315,-1,315,250,252,-1,315,252,316,-1,316,252,254,-1,316,254,317,-1,317,254,256,-1,317,256,318,-1,59,257,60,-1,60,257,258,-1,60,258,319,-1,319,258,259,-1,319,259,320,-1,320,259,261,-1,320,261,321,-1,321,261,263,-1,321,263,322,-1,322,263,265,-1,322,265,323,-1,323,265,267,-1,323,267,324,-1,324,267,269,-1,324,269,325,-1,325,269,271,-1,325,271,326,-1,327,272,328,-1,328,272,273,-1,328,273,329,-1,329,273,274,-1,329,274,330,-1,330,274,275,-1,330,275,331,-1,331,275,276,-1,331,276,332,-1,332,276,277,-1,332,277,333,-1,333,277,278,-1,333,278,334,-1,334,278,279,-1,334,279,52,-1,52,279,280,-1,52,280,50,-1,164,163,168,-1,168,163,281,-1,168,281,335,-1,335,281,282,-1,335,282,336,-1,336,282,283,-1,336,283,337,-1,337,283,284,-1,337,284,338,-1,338,284,285,-1,338,285,339,-1,339,285,286,-1,339,286,340,-1,341,119,342,-1,342,119,108,-1,342,108,343,-1,343,108,287,-1,343,287,344,-1,344,287,288,-1,344,288,345,-1,345,288,289,-1,345,289,346,-1,346,289,290,-1,346,290,347,-1,347,290,291,-1,347,291,348,-1,348,291,292,-1,348,292,349,-1,349,292,293,-1,349,293,350,-1,350,293,294,-1,350,294,351,-1,352,123,353,-1,353,123,99,-1,353,99,354,-1,354,99,295,-1,354,295,355,-1,355,295,296,-1,355,296,356,-1,356,296,297,-1,356,297,357,-1,357,297,298,-1,357,298,358,-1,358,298,299,-1,358,299,359,-1,359,299,300,-1,359,300,360,-1,360,300,301,-1,360,301,361,-1,361,301,302,-1,361,302,362,-1,363,127,364,-1,364,127,129,-1,364,129,365,-1,365,129,303,-1,365,303,366,-1,366,303,304,-1,366,304,367,-1,367,304,305,-1,367,305,368,-1,368,305,306,-1,368,306,369,-1,369,306,307,-1,369,307,370,-1,370,307,308,-1,370,308,371,-1,371,308,309,-1,371,309,372,-1,372,309,310,-1,372,310,373,-1,374,130,375,-1,375,130,69,-1,375,69,376,-1,376,69,311,-1,376,311,377,-1,377,311,312,-1,377,312,378,-1,378,312,313,-1,378,313,379,-1,379,313,314,-1,379,314,380,-1,380,314,315,-1,380,315,381,-1,381,315,316,-1,381,316,382,-1,382,316,317,-1,382,317,383,-1,383,317,318,-1,383,318,384,-1,385,134,386,-1,386,134,60,-1,386,60,387,-1,387,60,319,-1,387,319,388,-1,388,319,320,-1,388,320,389,-1,389,320,321,-1,389,321,390,-1,390,321,322,-1,390,322,391,-1,391,322,323,-1,391,323,392,-1,392,323,324,-1,392,324,393,-1,393,324,325,-1,393,325,394,-1,394,325,326,-1,394,326,395,-1,396,327,397,-1,397,327,328,-1,397,328,398,-1,398,328,329,-1,398,329,399,-1,399,329,330,-1,399,330,400,-1,400,330,331,-1,400,331,401,-1,401,331,332,-1,401,332,402,-1,402,332,333,-1,402,333,403,-1,403,333,334,-1,403,334,404,-1,404,334,52,-1,404,52,149,-1,149,52,51,-1,149,51,150,-1,405,406,407,-1,169,168,408,-1,408,168,335,-1,408,335,409,-1,409,335,336,-1,409,336,410,-1,410,336,337,-1,410,337,411,-1,411,337,338,-1,411,338,412,-1,412,338,339,-1,412,339,413,-1,413,339,340,-1,413,340,414,-1,415,416,417,-1,110,341,111,-1,111,341,342,-1,111,342,418,-1,418,342,343,-1,418,343,419,-1,419,343,344,-1,419,344,420,-1,420,344,345,-1,420,345,421,-1,421,345,346,-1,421,346,422,-1,422,346,347,-1,422,347,423,-1,423,347,348,-1,423,348,424,-1,424,348,349,-1,424,349,425,-1,425,349,350,-1,425,350,426,-1,426,350,351,-1,426,351,427,-1,428,429,430,-1,101,352,102,-1,102,352,353,-1,102,353,431,-1,431,353,354,-1,431,354,432,-1,432,354,355,-1,432,355,433,-1,433,355,356,-1,433,356,434,-1,434,356,357,-1,434,357,435,-1,435,357,358,-1,435,358,436,-1,436,358,359,-1,436,359,437,-1,437,359,360,-1,437,360,438,-1,438,360,361,-1,438,361,439,-1,439,361,362,-1,439,362,440,-1,441,442,443,-1,83,363,84,-1,84,363,364,-1,84,364,444,-1,444,364,365,-1,444,365,445,-1,445,365,366,-1,445,366,446,-1,446,366,367,-1,446,367,447,-1,447,367,368,-1,447,368,448,-1,448,368,369,-1,448,369,449,-1,449,369,370,-1,449,370,450,-1,450,370,371,-1,450,371,451,-1,451,371,372,-1,451,372,452,-1,452,372,373,-1,452,373,453,-1,454,455,456,-1,71,374,72,-1,72,374,375,-1,72,375,457,-1,457,375,376,-1,457,376,458,-1,458,376,377,-1,458,377,459,-1,459,377,378,-1,459,378,460,-1,460,378,379,-1,460,379,461,-1,461,379,380,-1,461,380,462,-1,462,380,381,-1,462,381,463,-1,463,381,382,-1,463,382,464,-1,464,382,383,-1,464,383,465,-1,465,383,384,-1,465,384,466,-1,467,468,469,-1,62,385,63,-1,63,385,386,-1,63,386,470,-1,470,386,387,-1,470,387,471,-1,471,387,388,-1,471,388,472,-1,472,388,389,-1,472,389,473,-1,473,389,390,-1,473,390,474,-1,474,390,391,-1,474,391,475,-1,475,391,392,-1,475,392,476,-1,476,392,393,-1,476,393,477,-1,477,393,394,-1,477,394,478,-1,478,394,395,-1,478,395,479,-1,480,481,482,-1,5,396,483,-1,483,396,397,-1,483,397,484,-1,484,397,398,-1,484,398,485,-1,485,398,399,-1,485,399,486,-1,486,399,400,-1,486,400,487,-1,487,400,401,-1,487,401,488,-1,488,401,402,-1,488,402,489,-1,489,402,403,-1,489,403,490,-1,490,403,404,-1,490,404,491,-1,491,404,149,-1,491,149,152,-1,152,149,151,-1,152,151,153,-1,492,406,493,-1,493,406,405,-1,493,405,494,-1,495,496,497,-1,497,496,494,-1,497,494,498,-1,498,494,405,-1,498,405,499,-1,499,405,407,-1,499,407,500,-1,501,416,502,-1,502,416,415,-1,502,415,503,-1,504,505,506,-1,506,505,503,-1,506,503,507,-1,507,503,415,-1,507,415,508,-1,508,415,417,-1,508,417,509,-1,510,429,511,-1,511,429,428,-1,511,428,512,-1,513,514,515,-1,515,514,512,-1,515,512,516,-1,516,512,428,-1,516,428,517,-1,517,428,430,-1,517,430,518,-1,519,120,520,-1,520,120,122,-1,520,122,521,-1,521,122,522,-1,521,522,523,-1,523,522,524,-1,523,524,525,-1,525,524,526,-1,525,526,527,-1,527,526,528,-1,527,528,529,-1,529,528,530,-1,529,530,531,-1,531,530,532,-1,531,532,533,-1,533,532,534,-1,533,534,535,-1,535,534,536,-1,535,536,537,-1,537,536,538,-1,537,538,539,-1,539,538,23,-1,540,442,541,-1,541,442,441,-1,541,441,542,-1,543,544,545,-1,545,544,542,-1,545,542,546,-1,546,542,441,-1,546,441,547,-1,547,441,443,-1,547,443,548,-1,549,124,550,-1,550,124,126,-1,550,126,551,-1,551,126,552,-1,551,552,553,-1,553,552,554,-1,553,554,555,-1,555,554,556,-1,555,556,557,-1,557,556,558,-1,557,558,559,-1,559,558,560,-1,559,560,561,-1,561,560,562,-1,561,562,563,-1,563,562,564,-1,563,564,565,-1,565,564,566,-1,565,566,567,-1,567,566,568,-1,567,568,569,-1,569,568,570,-1,125,91,126,-1,126,91,93,-1,126,93,552,-1,552,93,571,-1,552,571,554,-1,554,571,572,-1,554,572,556,-1,556,572,573,-1,556,573,558,-1,558,573,574,-1,558,574,560,-1,560,574,575,-1,560,575,562,-1,562,575,576,-1,562,576,564,-1,564,576,577,-1,564,577,566,-1,566,577,578,-1,566,578,568,-1,568,578,579,-1,568,579,570,-1,570,579,580,-1,92,88,93,-1,93,88,90,-1,93,90,571,-1,571,90,581,-1,571,581,572,-1,572,581,582,-1,572,582,573,-1,573,582,583,-1,573,583,574,-1,574,583,584,-1,574,584,575,-1,575,584,585,-1,575,585,576,-1,576,585,586,-1,576,586,577,-1,577,586,587,-1,577,587,578,-1,578,587,588,-1,578,588,579,-1,579,588,589,-1,579,589,580,-1,580,589,590,-1,580,590,591,-1,591,590,592,-1,593,455,594,-1,594,455,454,-1,594,454,595,-1,596,597,598,-1,598,597,595,-1,598,595,599,-1,599,595,454,-1,599,454,600,-1,600,454,456,-1,600,456,601,-1,602,468,603,-1,603,468,467,-1,603,467,604,-1,605,606,607,-1,607,606,604,-1,607,604,608,-1,608,604,467,-1,608,467,609,-1,609,467,469,-1,609,469,610,-1,611,131,612,-1,612,131,133,-1,612,133,613,-1,613,133,614,-1,613,614,615,-1,615,614,616,-1,615,616,617,-1,617,616,618,-1,617,618,619,-1,619,618,620,-1,619,620,621,-1,621,620,622,-1,621,622,623,-1,623,622,624,-1,623,624,625,-1,625,624,626,-1,625,626,627,-1,627,626,628,-1,627,628,629,-1,629,628,630,-1,629,630,631,-1,631,630,8,-1,632,481,633,-1,633,481,480,-1,633,480,634,-1,635,636,637,-1,637,636,634,-1,637,634,638,-1,638,634,480,-1,638,480,639,-1,639,480,482,-1,639,482,640,-1,641,500,642,-1,642,500,407,-1,642,407,643,-1,643,407,406,-1,643,406,644,-1,644,406,492,-1,644,492,645,-1,645,492,646,-1,645,646,647,-1,496,648,494,-1,494,648,649,-1,494,649,493,-1,493,649,650,-1,493,650,492,-1,492,650,651,-1,492,651,646,-1,34,495,35,-1,35,495,497,-1,35,497,652,-1,652,497,498,-1,652,498,653,-1,653,498,499,-1,653,499,654,-1,654,499,500,-1,654,500,655,-1,655,500,641,-1,655,641,656,-1,31,33,32,-1,32,33,35,-1,32,35,657,-1,657,35,652,-1,657,652,658,-1,658,652,653,-1,658,653,659,-1,659,653,654,-1,659,654,660,-1,660,654,655,-1,660,655,661,-1,661,655,656,-1,661,656,662,-1,663,30,414,-1,414,30,32,-1,414,32,413,-1,413,32,657,-1,413,657,412,-1,412,657,658,-1,412,658,411,-1,411,658,659,-1,411,659,410,-1,410,659,660,-1,410,660,409,-1,409,660,661,-1,409,661,408,-1,408,661,662,-1,408,662,169,-1,197,509,198,-1,198,509,417,-1,198,417,286,-1,286,417,416,-1,286,416,340,-1,340,416,501,-1,340,501,414,-1,414,501,664,-1,414,664,663,-1,505,665,503,-1,503,665,666,-1,503,666,502,-1,502,666,667,-1,502,667,501,-1,501,667,668,-1,501,668,664,-1,28,504,29,-1,29,504,506,-1,29,506,669,-1,669,506,507,-1,669,507,670,-1,670,507,508,-1,670,508,671,-1,671,508,509,-1,671,509,672,-1,672,509,197,-1,672,197,673,-1,673,197,195,-1,673,195,674,-1,674,195,193,-1,674,193,675,-1,675,193,191,-1,675,191,676,-1,676,191,189,-1,676,189,677,-1,677,189,187,-1,677,187,678,-1,678,187,113,-1,678,113,679,-1,679,113,112,-1,25,27,26,-1,26,27,29,-1,26,29,680,-1,680,29,669,-1,680,669,681,-1,681,669,670,-1,681,670,682,-1,682,670,671,-1,682,671,683,-1,683,671,672,-1,683,672,684,-1,684,672,673,-1,684,673,685,-1,685,673,674,-1,685,674,686,-1,686,674,675,-1,686,675,687,-1,687,675,676,-1,687,676,688,-1,688,676,677,-1,688,677,118,-1,118,677,678,-1,118,678,116,-1,116,678,679,-1,689,24,427,-1,427,24,26,-1,427,26,426,-1,426,26,680,-1,426,680,425,-1,425,680,681,-1,425,681,424,-1,424,681,682,-1,424,682,423,-1,423,682,683,-1,423,683,422,-1,422,683,684,-1,422,684,421,-1,421,684,685,-1,421,685,420,-1,420,685,686,-1,420,686,419,-1,419,686,687,-1,419,687,418,-1,418,687,688,-1,418,688,111,-1,111,688,118,-1,111,118,109,-1,109,118,117,-1,212,518,213,-1,213,518,430,-1,213,430,294,-1,294,430,429,-1,294,429,351,-1,351,429,510,-1,351,510,427,-1,427,510,690,-1,427,690,689,-1,514,691,512,-1,512,691,692,-1,512,692,511,-1,511,692,693,-1,511,693,510,-1,510,693,694,-1,510,694,690,-1,695,513,539,-1,539,513,515,-1,539,515,537,-1,537,515,516,-1,537,516,535,-1,535,516,517,-1,535,517,533,-1,533,517,518,-1,533,518,531,-1,531,518,212,-1,531,212,529,-1,529,212,210,-1,529,210,527,-1,527,210,208,-1,527,208,525,-1,525,208,206,-1,525,206,523,-1,523,206,204,-1,523,204,521,-1,521,204,202,-1,521,202,520,-1,520,202,105,-1,520,105,519,-1,519,105,104,-1,23,22,539,-1,539,22,696,-1,539,696,695,-1,697,21,440,-1,440,21,23,-1,440,23,439,-1,439,23,538,-1,439,538,438,-1,438,538,536,-1,438,536,437,-1,437,536,534,-1,437,534,436,-1,436,534,532,-1,436,532,435,-1,435,532,530,-1,435,530,434,-1,434,530,528,-1,434,528,433,-1,433,528,526,-1,433,526,432,-1,432,526,524,-1,432,524,431,-1,431,524,522,-1,431,522,102,-1,102,522,122,-1,102,122,100,-1,100,122,121,-1,227,548,228,-1,228,548,443,-1,228,443,302,-1,302,443,442,-1,302,442,362,-1,362,442,540,-1,362,540,440,-1,440,540,698,-1,440,698,697,-1,544,699,542,-1,542,699,700,-1,542,700,541,-1,541,700,701,-1,541,701,540,-1,540,701,702,-1,540,702,698,-1,703,543,569,-1,569,543,545,-1,569,545,567,-1,567,545,546,-1,567,546,565,-1,565,546,547,-1,565,547,563,-1,563,547,548,-1,563,548,561,-1,561,548,227,-1,561,227,559,-1,559,227,225,-1,559,225,557,-1,557,225,223,-1,557,223,555,-1,555,223,221,-1,555,221,553,-1,553,221,219,-1,553,219,551,-1,551,219,217,-1,551,217,550,-1,550,217,96,-1,550,96,549,-1,549,96,95,-1,591,704,580,-1,580,704,705,-1,580,705,570,-1,570,705,706,-1,570,706,569,-1,569,706,707,-1,569,707,703,-1,19,592,20,-1,20,592,590,-1,20,590,708,-1,708,590,589,-1,708,589,709,-1,709,589,588,-1,709,588,710,-1,710,588,587,-1,710,587,711,-1,711,587,586,-1,711,586,712,-1,712,586,585,-1,712,585,713,-1,713,585,584,-1,713,584,714,-1,714,584,583,-1,714,583,715,-1,715,583,582,-1,715,582,716,-1,716,582,581,-1,716,581,87,-1,87,581,90,-1,87,90,85,-1,85,90,89,-1,16,18,17,-1,17,18,20,-1,17,20,717,-1,717,20,708,-1,717,708,718,-1,718,708,709,-1,718,709,719,-1,719,709,710,-1,719,710,720,-1,720,710,711,-1,720,711,721,-1,721,711,712,-1,721,712,722,-1,722,712,713,-1,722,713,723,-1,723,713,714,-1,723,714,724,-1,724,714,715,-1,724,715,725,-1,725,715,716,-1,725,716,726,-1,726,716,87,-1,726,87,727,-1,727,87,86,-1,728,15,453,-1,453,15,17,-1,453,17,452,-1,452,17,717,-1,452,717,451,-1,451,717,718,-1,451,718,450,-1,450,718,719,-1,450,719,449,-1,449,719,720,-1,449,720,448,-1,448,720,721,-1,448,721,447,-1,447,721,722,-1,447,722,446,-1,446,722,723,-1,446,723,445,-1,445,723,724,-1,445,724,444,-1,444,724,725,-1,444,725,84,-1,84,725,726,-1,84,726,82,-1,82,726,727,-1,240,601,241,-1,241,601,456,-1,241,456,310,-1,310,456,455,-1,310,455,373,-1,373,455,593,-1,373,593,453,-1,453,593,729,-1,453,729,728,-1,597,730,595,-1,595,730,731,-1,595,731,594,-1,594,731,732,-1,594,732,593,-1,593,732,733,-1,593,733,729,-1,13,596,14,-1,14,596,598,-1,14,598,734,-1,734,598,599,-1,734,599,735,-1,735,599,600,-1,735,600,736,-1,736,600,601,-1,736,601,737,-1,737,601,240,-1,737,240,738,-1,738,240,238,-1,738,238,739,-1,739,238,236,-1,739,236,740,-1,740,236,234,-1,740,234,741,-1,741,234,232,-1,741,232,742,-1,742,232,230,-1,742,230,75,-1,75,230,78,-1,75,78,73,-1,73,78,77,-1,10,12,11,-1,11,12,14,-1,11,14,743,-1,743,14,734,-1,743,734,744,-1,744,734,735,-1,744,735,745,-1,745,735,736,-1,745,736,746,-1,746,736,737,-1,746,737,747,-1,747,737,738,-1,747,738,748,-1,748,738,739,-1,748,739,749,-1,749,739,740,-1,749,740,750,-1,750,740,741,-1,750,741,751,-1,751,741,742,-1,751,742,752,-1,752,742,75,-1,752,75,753,-1,753,75,74,-1,754,9,466,-1,466,9,11,-1,466,11,465,-1,465,11,743,-1,465,743,464,-1,464,743,744,-1,464,744,463,-1,463,744,745,-1,463,745,462,-1,462,745,746,-1,462,746,461,-1,461,746,747,-1,461,747,460,-1,460,747,748,-1,460,748,459,-1,459,748,749,-1,459,749,458,-1,458,749,750,-1,458,750,457,-1,457,750,751,-1,457,751,72,-1,72,751,752,-1,72,752,70,-1,70,752,753,-1,255,610,256,-1,256,610,469,-1,256,469,318,-1,318,469,468,-1,318,468,384,-1,384,468,602,-1,384,602,466,-1,466,602,755,-1,466,755,754,-1,606,756,604,-1,604,756,757,-1,604,757,603,-1,603,757,758,-1,603,758,602,-1,602,758,759,-1,602,759,755,-1,760,605,631,-1,631,605,607,-1,631,607,629,-1,629,607,608,-1,629,608,627,-1,627,608,609,-1,627,609,625,-1,625,609,610,-1,625,610,623,-1,623,610,255,-1,623,255,621,-1,621,255,253,-1,621,253,619,-1,619,253,251,-1,619,251,617,-1,617,251,249,-1,617,249,615,-1,615,249,247,-1,615,247,613,-1,613,247,245,-1,613,245,612,-1,612,245,66,-1,612,66,611,-1,611,66,65,-1,8,7,631,-1,631,7,761,-1,631,761,760,-1,762,6,479,-1,479,6,8,-1,479,8,478,-1,478,8,630,-1,478,630,477,-1,477,630,628,-1,477,628,476,-1,476,628,626,-1,476,626,475,-1,475,626,624,-1,475,624,474,-1,474,624,622,-1,474,622,473,-1,473,622,620,-1,473,620,472,-1,472,620,618,-1,472,618,471,-1,471,618,616,-1,471,616,470,-1,470,616,614,-1,470,614,63,-1,63,614,133,-1,63,133,61,-1,61,133,132,-1,270,640,271,-1,271,640,482,-1,271,482,326,-1,326,482,481,-1,326,481,395,-1,395,481,632,-1,395,632,479,-1,479,632,763,-1,479,763,762,-1,636,764,634,-1,634,764,765,-1,634,765,633,-1,633,765,766,-1,633,766,632,-1,632,766,767,-1,632,767,763,-1,4,635,5,-1,5,635,637,-1,5,637,396,-1,396,637,638,-1,396,638,327,-1,327,638,639,-1,327,639,272,-1,272,639,640,-1,272,640,181,-1,181,640,270,-1,181,270,174,-1,174,270,268,-1,174,268,170,-1,170,268,266,-1,170,266,165,-1,165,266,264,-1,165,264,161,-1,161,264,262,-1,161,262,38,-1,38,262,260,-1,38,260,36,-1,36,260,57,-1,36,57,53,-1,53,57,56,-1,154,156,152,-1,152,156,768,-1,152,768,491,-1,491,768,769,-1,491,769,490,-1,490,769,770,-1,490,770,489,-1,489,770,771,-1,489,771,488,-1,488,771,772,-1,488,772,487,-1,487,772,773,-1,487,773,486,-1,486,773,774,-1,486,774,485,-1,485,774,775,-1,485,775,484,-1,484,775,776,-1,484,776,483,-1,483,776,777,-1,483,777,5,-1,5,777,778,-1,5,778,3,-1,779,780,781,-1,47,49,156,-1,156,49,782,-1,156,782,768,-1,768,782,783,-1,768,783,769,-1,769,783,784,-1,769,784,770,-1,770,784,785,-1,770,785,771,-1,771,785,786,-1,771,786,772,-1,772,786,787,-1,772,787,773,-1,773,787,788,-1,773,788,774,-1,774,788,789,-1,774,789,775,-1,775,789,790,-1,775,790,776,-1,776,790,779,-1,776,779,777,-1,777,779,781,-1,777,781,778,-1,48,158,49,-1,49,158,791,-1,49,791,782,-1,782,791,792,-1,782,792,783,-1,783,792,793,-1,783,793,784,-1,784,793,794,-1,784,794,785,-1,785,794,795,-1,785,795,786,-1,786,795,796,-1,786,796,787,-1,787,796,797,-1,787,797,788,-1,788,797,798,-1,788,798,789,-1,789,798,799,-1,789,799,790,-1,790,799,2,-1,790,2,779,-1,779,2,1,-1,779,1,780,-1,44,46,158,-1,158,46,800,-1,158,800,791,-1,791,800,801,-1,791,801,792,-1,792,801,802,-1,792,802,793,-1,793,802,803,-1,793,803,794,-1,794,803,804,-1,794,804,795,-1,795,804,805,-1,795,805,796,-1,796,805,806,-1,796,806,797,-1,797,806,807,-1,797,807,798,-1,798,807,808,-1,798,808,799,-1,799,808,809,-1,799,809,2,-1,2,809,810,-1,2,810,0,-1,811,812,813,-1,45,43,46,-1,46,43,814,-1,46,814,800,-1,800,814,815,-1,800,815,801,-1,801,815,816,-1,801,816,802,-1,802,816,817,-1,802,817,803,-1,803,817,818,-1,803,818,804,-1,804,818,819,-1,804,819,805,-1,805,819,820,-1,805,820,806,-1,806,820,821,-1,806,821,807,-1,807,821,822,-1,807,822,808,-1,808,822,811,-1,808,811,809,-1,809,811,813,-1,809,813,810,-1,39,41,43,-1,43,41,823,-1,43,823,814,-1,814,823,824,-1,814,824,815,-1,815,824,825,-1,815,825,816,-1,816,825,826,-1,816,826,817,-1,817,826,827,-1,817,827,818,-1,818,827,828,-1,818,828,819,-1,819,828,829,-1,819,829,820,-1,820,829,830,-1,820,830,821,-1,821,830,831,-1,821,831,822,-1,822,831,832,-1,822,832,811,-1,811,832,833,-1,811,833,812,-1,834,40,835,-1,835,40,39,-1,835,39,836,-1,836,39,42,-1,836,42,837,-1,837,42,45,-1,837,45,838,-1,838,45,44,-1,838,44,839,-1,839,44,157,-1,839,157,840,-1,840,157,48,-1,840,48,841,-1,841,48,47,-1,841,47,842,-1,842,47,155,-1,842,155,843,-1,843,155,154,-1,843,154,844,-1,844,154,153,-1,844,153,845,-1,845,153,151,-1,845,151,846,-1,846,151,150,-1,846,150,847,-1,847,150,51,-1,847,51,848,-1,848,51,50,-1,848,50,849,-1,849,50,280,-1,849,280,850,-1,850,280,148,-1,850,148,851,-1,851,148,147,-1,851,147,852,-1,852,147,180,-1,852,180,853,-1,853,180,145,-1,853,145,854,-1,854,145,144,-1,854,144,855,-1,855,144,142,-1,855,142,856,-1,856,142,141,-1,856,141,857,-1,857,141,139,-1,857,139,858,-1,858,139,138,-1,858,138,859,-1,859,138,136,-1,859,136,860,-1,860,136,135,-1,860,135,861,-1,861,135,54,-1,861,54,862,-1,862,54,53,-1,862,53,863,-1,863,53,56,-1,863,56,864,-1,864,56,55,-1,864,55,865,-1,865,55,257,-1,865,257,866,-1,866,257,59,-1,866,59,867,-1,867,59,58,-1,867,58,868,-1,868,58,134,-1,868,134,869,-1,869,134,385,-1,869,385,870,-1,870,385,62,-1,870,62,871,-1,871,62,61,-1,871,61,872,-1,872,61,132,-1,872,132,873,-1,873,132,131,-1,873,131,874,-1,874,131,611,-1,874,611,875,-1,875,611,65,-1,875,65,876,-1,876,65,64,-1,876,64,877,-1,877,64,242,-1,877,242,878,-1,878,242,68,-1,878,68,879,-1,879,68,67,-1,879,67,880,-1,880,67,130,-1,880,130,881,-1,881,130,374,-1,881,374,882,-1,882,374,71,-1,882,71,883,-1,883,71,70,-1,883,70,884,-1,884,70,753,-1,884,753,885,-1,885,753,74,-1,885,74,886,-1,886,74,73,-1,886,73,887,-1,887,73,77,-1,887,77,888,-1,888,77,76,-1,888,76,889,-1,889,76,80,-1,889,80,890,-1,890,80,79,-1,890,79,891,-1,891,79,128,-1,891,128,892,-1,892,128,127,-1,892,127,893,-1,893,127,363,-1,893,363,894,-1,894,363,83,-1,894,83,895,-1,895,83,82,-1,895,82,896,-1,896,82,727,-1,896,727,897,-1,897,727,86,-1,897,86,898,-1,898,86,85,-1,898,85,899,-1,899,85,89,-1,899,89,900,-1,900,89,88,-1,900,88,901,-1,901,88,92,-1,901,92,902,-1,902,92,91,-1,902,91,903,-1,903,91,125,-1,903,125,904,-1,904,125,124,-1,904,124,905,-1,905,124,549,-1,905,549,906,-1,906,549,95,-1,906,95,907,-1,907,95,94,-1,907,94,908,-1,908,94,214,-1,908,214,909,-1,909,214,98,-1,909,98,910,-1,910,98,97,-1,910,97,911,-1,911,97,123,-1,911,123,912,-1,912,123,352,-1,912,352,913,-1,913,352,101,-1,913,101,914,-1,914,101,100,-1,914,100,915,-1,915,100,121,-1,915,121,916,-1,916,121,120,-1,916,120,917,-1,917,120,519,-1,917,519,918,-1,918,519,104,-1,918,104,919,-1,919,104,103,-1,919,103,920,-1,920,103,199,-1,920,199,921,-1,921,199,107,-1,921,107,922,-1,922,107,106,-1,922,106,923,-1,923,106,119,-1,923,119,924,-1,924,119,341,-1,924,341,925,-1,925,341,110,-1,925,110,926,-1,926,110,109,-1,926,109,927,-1,927,109,117,-1,927,117,928,-1,928,117,116,-1,928,116,929,-1,929,116,679,-1,929,679,930,-1,930,679,112,-1,930,112,931,-1,931,112,114,-1,836,837,932,-1,841,842,933,-1,845,846,934,-1,848,849,935,-1,853,854,936,-1,857,858,937,-1,860,861,938,-1,865,866,939,-1,867,868,940,-1,869,870,941,-1,872,873,942,-1,877,878,943,-1,879,880,944,-1,884,885,945,-1,888,889,946,-1,891,892,947,-1,896,897,948,-1,900,901,949,-1,903,904,950,-1,908,909,951,-1,910,911,952,-1,912,913,953,-1,915,916,954,-1,920,921,955,-1,922,923,956,-1,927,928,957,-1,958,959,960,-1,960,959,961,-1,960,961,962,-1,962,961,963,-1,962,963,964,-1,964,963,965,-1,964,965,966,-1,966,965,967,-1,966,967,968,-1,968,967,969,-1,968,969,970,-1,970,969,957,-1,971,972,973,-1,973,972,974,-1,973,974,975,-1,975,974,976,-1,975,976,977,-1,977,976,978,-1,977,978,979,-1,979,978,980,-1,979,980,981,-1,981,980,982,-1,981,982,983,-1,983,982,956,-1,984,985,986,-1,986,985,987,-1,986,987,988,-1,988,987,989,-1,988,989,990,-1,990,989,991,-1,990,991,992,-1,992,991,993,-1,992,993,994,-1,994,993,995,-1,994,995,996,-1,996,995,954,-1,997,998,999,-1,999,998,1000,-1,999,1000,1001,-1,1001,1000,1002,-1,1001,1002,1003,-1,1003,1002,1004,-1,1003,1004,1005,-1,1005,1004,1006,-1,1005,1006,1007,-1,1007,1006,1008,-1,1007,1008,1009,-1,1009,1008,950,-1,1010,1011,1012,-1,1012,1011,1013,-1,1012,1013,1014,-1,1014,1013,1015,-1,1014,1015,1016,-1,1016,1015,1017,-1,1016,1017,1018,-1,1018,1017,1019,-1,1018,1019,1020,-1,1020,1019,1021,-1,1020,1021,1022,-1,1022,1021,948,-1,1023,1024,1025,-1,1025,1024,1026,-1,1025,1026,1027,-1,1027,1026,1028,-1,1027,1028,1029,-1,1029,1028,1030,-1,1029,1030,1031,-1,1031,1030,1032,-1,1031,1032,1033,-1,1033,1032,1034,-1,1033,1034,1035,-1,1035,1034,947,-1,1036,1037,1038,-1,1038,1037,1039,-1,1038,1039,1040,-1,1040,1039,1041,-1,1040,1041,1042,-1,1042,1041,1043,-1,1042,1043,1044,-1,1044,1043,1045,-1,1044,1045,1046,-1,1046,1045,1047,-1,1046,1047,1048,-1,1048,1047,945,-1,1049,1050,1051,-1,1051,1050,1052,-1,1051,1052,1053,-1,1053,1052,1054,-1,1053,1054,1055,-1,1055,1054,1056,-1,1055,1056,1057,-1,1057,1056,1058,-1,1057,1058,1059,-1,1059,1058,1060,-1,1059,1060,1061,-1,1061,1060,944,-1,1062,1063,1064,-1,1064,1063,1065,-1,1064,1065,1066,-1,1066,1065,1067,-1,1066,1067,1068,-1,1068,1067,1069,-1,1068,1069,1070,-1,1070,1069,1071,-1,1070,1071,1072,-1,1072,1071,1073,-1,1072,1073,1074,-1,1074,1073,942,-1,1075,1076,1077,-1,1077,1076,1078,-1,1077,1078,1079,-1,1079,1078,1080,-1,1079,1080,1081,-1,1081,1080,1082,-1,1081,1082,1083,-1,1083,1082,1084,-1,1083,1084,1085,-1,1085,1084,1086,-1,1085,1086,1087,-1,1087,1086,938,-1,1088,1089,1090,-1,1090,1089,1091,-1,1090,1091,1092,-1,1092,1091,1093,-1,1092,1093,1094,-1,1094,1093,1095,-1,1094,1095,1096,-1,1096,1095,1097,-1,1096,1097,1098,-1,1098,1097,1099,-1,1098,1099,1100,-1,1100,1099,936,-1,1101,1102,1103,-1,1103,1102,1104,-1,1103,1104,1105,-1,1105,1104,1106,-1,1105,1106,1107,-1,1107,1106,1108,-1,1107,1108,1109,-1,1109,1108,1110,-1,1109,1110,1111,-1,1111,1110,1112,-1,1111,1112,1113,-1,1113,1112,935,-1,1114,1115,1116,-1,1116,1115,1117,-1,1116,1117,1118,-1,1118,1117,1119,-1,1118,1119,1120,-1,1120,1119,1121,-1,1120,1121,1122,-1,1122,1121,1123,-1,1122,1123,1124,-1,1124,1123,1125,-1,1124,1125,1126,-1,1126,1125,933,-1,1127,1128,1129,-1,1129,1128,1130,-1,1129,1130,1131,-1,1131,1130,1132,-1,1131,1132,1133,-1,1133,1132,1134,-1,1133,1134,1135,-1,1135,1134,1136,-1,1135,1136,1137,-1,1137,1136,1138,-1,1137,1138,1139,-1,1139,1138,932,-1,1140,958,1141,-1,1141,958,960,-1,1141,960,1142,-1,1142,960,962,-1,1142,962,1143,-1,1143,962,964,-1,1143,964,1144,-1,1144,964,966,-1,1144,966,1145,-1,1145,966,968,-1,1145,968,1146,-1,1146,968,970,-1,1146,970,931,-1,931,970,930,-1,957,928,970,-1,970,928,929,-1,970,929,930,-1,926,927,1147,-1,1147,927,957,-1,1147,957,1148,-1,1148,957,969,-1,1148,969,1149,-1,1149,969,967,-1,1149,967,1150,-1,1150,967,965,-1,1150,965,1151,-1,1151,965,963,-1,1151,963,1152,-1,1152,963,961,-1,1152,961,1153,-1,1153,961,959,-1,1153,971,1152,-1,1152,971,973,-1,1152,973,1151,-1,1151,973,975,-1,1151,975,1150,-1,1150,975,977,-1,1150,977,1149,-1,1149,977,979,-1,1149,979,1148,-1,1148,979,981,-1,1148,981,1147,-1,1147,981,983,-1,1147,983,926,-1,926,983,925,-1,956,923,983,-1,983,923,924,-1,983,924,925,-1,921,922,955,-1,955,922,956,-1,955,956,1154,-1,1154,956,982,-1,1154,982,1155,-1,1155,982,980,-1,1155,980,1156,-1,1156,980,978,-1,1156,978,1157,-1,1157,978,976,-1,1157,976,1158,-1,1158,976,974,-1,1158,974,1159,-1,1159,974,972,-1,919,920,1160,-1,1160,920,955,-1,1160,955,1161,-1,1161,955,1154,-1,1161,1154,1162,-1,1162,1154,1155,-1,1162,1155,1163,-1,1163,1155,1156,-1,1163,1156,1164,-1,1164,1156,1157,-1,1164,1157,1165,-1,1165,1157,1158,-1,1165,1158,1166,-1,1166,1158,1159,-1,1166,984,1165,-1,1165,984,986,-1,1165,986,1164,-1,1164,986,988,-1,1164,988,1163,-1,1163,988,990,-1,1163,990,1162,-1,1162,990,992,-1,1162,992,1161,-1,1161,992,994,-1,1161,994,1160,-1,1160,994,996,-1,1160,996,919,-1,919,996,918,-1,954,916,996,-1,996,916,917,-1,996,917,918,-1,914,915,1167,-1,1167,915,954,-1,1167,954,1168,-1,1168,954,995,-1,1168,995,1169,-1,1169,995,993,-1,1169,993,1170,-1,1170,993,991,-1,1170,991,1171,-1,1171,991,989,-1,1171,989,1172,-1,1172,989,987,-1,1172,987,1173,-1,1173,987,985,-1,1173,1174,1172,-1,1172,1174,1175,-1,1172,1175,1171,-1,1171,1175,1176,-1,1171,1176,1170,-1,1170,1176,1177,-1,1170,1177,1169,-1,1169,1177,1178,-1,1169,1178,1168,-1,1168,1178,1179,-1,1168,1179,1167,-1,1167,1179,953,-1,1167,953,914,-1,914,953,913,-1,911,912,952,-1,952,912,953,-1,952,953,1180,-1,1180,953,1179,-1,1180,1179,1181,-1,1181,1179,1178,-1,1181,1178,1182,-1,1182,1178,1177,-1,1182,1177,1183,-1,1183,1177,1176,-1,1183,1176,1184,-1,1184,1176,1175,-1,1184,1175,1185,-1,1185,1175,1174,-1,909,910,951,-1,951,910,952,-1,951,952,1186,-1,1186,952,1180,-1,1186,1180,1187,-1,1187,1180,1181,-1,1187,1181,1188,-1,1188,1181,1182,-1,1188,1182,1189,-1,1189,1182,1183,-1,1189,1183,1190,-1,1190,1183,1184,-1,1190,1184,1191,-1,1191,1184,1185,-1,907,908,1192,-1,1192,908,951,-1,1192,951,1193,-1,1193,951,1186,-1,1193,1186,1194,-1,1194,1186,1187,-1,1194,1187,1195,-1,1195,1187,1188,-1,1195,1188,1196,-1,1196,1188,1189,-1,1196,1189,1197,-1,1197,1189,1190,-1,1197,1190,1198,-1,1198,1190,1191,-1,1198,997,1197,-1,1197,997,999,-1,1197,999,1196,-1,1196,999,1001,-1,1196,1001,1195,-1,1195,1001,1003,-1,1195,1003,1194,-1,1194,1003,1005,-1,1194,1005,1193,-1,1193,1005,1007,-1,1193,1007,1192,-1,1192,1007,1009,-1,1192,1009,907,-1,907,1009,906,-1,950,904,1009,-1,1009,904,905,-1,1009,905,906,-1,902,903,1199,-1,1199,903,950,-1,1199,950,1200,-1,1200,950,1008,-1,1200,1008,1201,-1,1201,1008,1006,-1,1201,1006,1202,-1,1202,1006,1004,-1,1202,1004,1203,-1,1203,1004,1002,-1,1203,1002,1204,-1,1204,1002,1000,-1,1204,1000,1205,-1,1205,1000,998,-1,1205,1206,1204,-1,1204,1206,1207,-1,1204,1207,1203,-1,1203,1207,1208,-1,1203,1208,1202,-1,1202,1208,1209,-1,1202,1209,1201,-1,1201,1209,1210,-1,1201,1210,1200,-1,1200,1210,1211,-1,1200,1211,1199,-1,1199,1211,949,-1,1199,949,902,-1,902,949,901,-1,899,900,1022,-1,1022,900,949,-1,1022,949,1020,-1,1020,949,1211,-1,1020,1211,1018,-1,1018,1211,1210,-1,1018,1210,1016,-1,1016,1210,1209,-1,1016,1209,1014,-1,1014,1209,1208,-1,1014,1208,1012,-1,1012,1208,1207,-1,1012,1207,1010,-1,1010,1207,1206,-1,948,897,1022,-1,1022,897,898,-1,1022,898,899,-1,895,896,1212,-1,1212,896,948,-1,1212,948,1213,-1,1213,948,1021,-1,1213,1021,1214,-1,1214,1021,1019,-1,1214,1019,1215,-1,1215,1019,1017,-1,1215,1017,1216,-1,1216,1017,1015,-1,1216,1015,1217,-1,1217,1015,1013,-1,1217,1013,1218,-1,1218,1013,1011,-1,1218,1023,1217,-1,1217,1023,1025,-1,1217,1025,1216,-1,1216,1025,1027,-1,1216,1027,1215,-1,1215,1027,1029,-1,1215,1029,1214,-1,1214,1029,1031,-1,1214,1031,1213,-1,1213,1031,1033,-1,1213,1033,1212,-1,1212,1033,1035,-1,1212,1035,895,-1,895,1035,894,-1,947,892,1035,-1,1035,892,893,-1,1035,893,894,-1,890,891,1219,-1,1219,891,947,-1,1219,947,1220,-1,1220,947,1034,-1,1220,1034,1221,-1,1221,1034,1032,-1,1221,1032,1222,-1,1222,1032,1030,-1,1222,1030,1223,-1,1223,1030,1028,-1,1223,1028,1224,-1,1224,1028,1026,-1,1224,1026,1225,-1,1225,1026,1024,-1,1225,1226,1224,-1,1224,1226,1227,-1,1224,1227,1223,-1,1223,1227,1228,-1,1223,1228,1222,-1,1222,1228,1229,-1,1222,1229,1221,-1,1221,1229,1230,-1,1221,1230,1220,-1,1220,1230,1231,-1,1220,1231,1219,-1,1219,1231,946,-1,1219,946,890,-1,890,946,889,-1,887,888,1048,-1,1048,888,946,-1,1048,946,1046,-1,1046,946,1231,-1,1046,1231,1044,-1,1044,1231,1230,-1,1044,1230,1042,-1,1042,1230,1229,-1,1042,1229,1040,-1,1040,1229,1228,-1,1040,1228,1038,-1,1038,1228,1227,-1,1038,1227,1036,-1,1036,1227,1226,-1,945,885,1048,-1,1048,885,886,-1,1048,886,887,-1,883,884,1232,-1,1232,884,945,-1,1232,945,1233,-1,1233,945,1047,-1,1233,1047,1234,-1,1234,1047,1045,-1,1234,1045,1235,-1,1235,1045,1043,-1,1235,1043,1236,-1,1236,1043,1041,-1,1236,1041,1237,-1,1237,1041,1039,-1,1237,1039,1238,-1,1238,1039,1037,-1,1238,1049,1237,-1,1237,1049,1051,-1,1237,1051,1236,-1,1236,1051,1053,-1,1236,1053,1235,-1,1235,1053,1055,-1,1235,1055,1234,-1,1234,1055,1057,-1,1234,1057,1233,-1,1233,1057,1059,-1,1233,1059,1232,-1,1232,1059,1061,-1,1232,1061,883,-1,883,1061,882,-1,944,880,1061,-1,1061,880,881,-1,1061,881,882,-1,878,879,943,-1,943,879,944,-1,943,944,1239,-1,1239,944,1060,-1,1239,1060,1240,-1,1240,1060,1058,-1,1240,1058,1241,-1,1241,1058,1056,-1,1241,1056,1242,-1,1242,1056,1054,-1,1242,1054,1243,-1,1243,1054,1052,-1,1243,1052,1244,-1,1244,1052,1050,-1,876,877,1245,-1,1245,877,943,-1,1245,943,1246,-1,1246,943,1239,-1,1246,1239,1247,-1,1247,1239,1240,-1,1247,1240,1248,-1,1248,1240,1241,-1,1248,1241,1249,-1,1249,1241,1242,-1,1249,1242,1250,-1,1250,1242,1243,-1,1250,1243,1251,-1,1251,1243,1244,-1,1251,1062,1250,-1,1250,1062,1064,-1,1250,1064,1249,-1,1249,1064,1066,-1,1249,1066,1248,-1,1248,1066,1068,-1,1248,1068,1247,-1,1247,1068,1070,-1,1247,1070,1246,-1,1246,1070,1072,-1,1246,1072,1245,-1,1245,1072,1074,-1,1245,1074,876,-1,876,1074,875,-1,942,873,1074,-1,1074,873,874,-1,1074,874,875,-1,871,872,1252,-1,1252,872,942,-1,1252,942,1253,-1,1253,942,1073,-1,1253,1073,1254,-1,1254,1073,1071,-1,1254,1071,1255,-1,1255,1071,1069,-1,1255,1069,1256,-1,1256,1069,1067,-1,1256,1067,1257,-1,1257,1067,1065,-1,1257,1065,1258,-1,1258,1065,1063,-1,1258,1259,1257,-1,1257,1259,1260,-1,1257,1260,1256,-1,1256,1260,1261,-1,1256,1261,1255,-1,1255,1261,1262,-1,1255,1262,1254,-1,1254,1262,1263,-1,1254,1263,1253,-1,1253,1263,1264,-1,1253,1264,1252,-1,1252,1264,941,-1,1252,941,871,-1,871,941,870,-1,868,869,940,-1,940,869,941,-1,940,941,1265,-1,1265,941,1264,-1,1265,1264,1266,-1,1266,1264,1263,-1,1266,1263,1267,-1,1267,1263,1262,-1,1267,1262,1268,-1,1268,1262,1261,-1,1268,1261,1269,-1,1269,1261,1260,-1,1269,1260,1270,-1,1270,1260,1259,-1,866,867,939,-1,939,867,940,-1,939,940,1271,-1,1271,940,1265,-1,1271,1265,1272,-1,1272,1265,1266,-1,1272,1266,1273,-1,1273,1266,1267,-1,1273,1267,1274,-1,1274,1267,1268,-1,1274,1268,1275,-1,1275,1268,1269,-1,1275,1269,1276,-1,1276,1269,1270,-1,864,865,1277,-1,1277,865,939,-1,1277,939,1278,-1,1278,939,1271,-1,1278,1271,1279,-1,1279,1271,1272,-1,1279,1272,1280,-1,1280,1272,1273,-1,1280,1273,1281,-1,1281,1273,1274,-1,1281,1274,1282,-1,1282,1274,1275,-1,1282,1275,1283,-1,1283,1275,1276,-1,1283,1075,1282,-1,1282,1075,1077,-1,1282,1077,1281,-1,1281,1077,1079,-1,1281,1079,1280,-1,1280,1079,1081,-1,1280,1081,1279,-1,1279,1081,1083,-1,1279,1083,1278,-1,1278,1083,1085,-1,1278,1085,1277,-1,1277,1085,1087,-1,1277,1087,864,-1,864,1087,863,-1,938,861,1087,-1,1087,861,862,-1,1087,862,863,-1,859,860,1284,-1,1284,860,938,-1,1284,938,1285,-1,1285,938,1086,-1,1285,1086,1286,-1,1286,1086,1084,-1,1286,1084,1287,-1,1287,1084,1082,-1,1287,1082,1288,-1,1288,1082,1080,-1,1288,1080,1289,-1,1289,1080,1078,-1,1289,1078,1290,-1,1290,1078,1076,-1,1290,1291,1289,-1,1289,1291,1292,-1,1289,1292,1288,-1,1288,1292,1293,-1,1288,1293,1287,-1,1287,1293,1294,-1,1287,1294,1286,-1,1286,1294,1295,-1,1286,1295,1285,-1,1285,1295,1296,-1,1285,1296,1284,-1,1284,1296,937,-1,1284,937,859,-1,859,937,858,-1,856,857,1100,-1,1100,857,937,-1,1100,937,1098,-1,1098,937,1296,-1,1098,1296,1096,-1,1096,1296,1295,-1,1096,1295,1094,-1,1094,1295,1294,-1,1094,1294,1092,-1,1092,1294,1293,-1,1092,1293,1090,-1,1090,1293,1292,-1,1090,1292,1088,-1,1088,1292,1291,-1,936,854,1100,-1,1100,854,855,-1,1100,855,856,-1,852,853,1297,-1,1297,853,936,-1,1297,936,1298,-1,1298,936,1099,-1,1298,1099,1299,-1,1299,1099,1097,-1,1299,1097,1300,-1,1300,1097,1095,-1,1300,1095,1301,-1,1301,1095,1093,-1,1301,1093,1302,-1,1302,1093,1091,-1,1302,1091,1303,-1,1303,1091,1089,-1,1303,1101,1302,-1,1302,1101,1103,-1,1302,1103,1301,-1,1301,1103,1105,-1,1301,1105,1300,-1,1300,1105,1107,-1,1300,1107,1299,-1,1299,1107,1109,-1,1299,1109,1298,-1,1298,1109,1111,-1,1298,1111,1297,-1,1297,1111,1113,-1,1297,1113,852,-1,852,1113,851,-1,935,849,1113,-1,1113,849,850,-1,1113,850,851,-1,847,848,1304,-1,1304,848,935,-1,1304,935,1305,-1,1305,935,1112,-1,1305,1112,1306,-1,1306,1112,1110,-1,1306,1110,1307,-1,1307,1110,1108,-1,1307,1108,1308,-1,1308,1108,1106,-1,1308,1106,1309,-1,1309,1106,1104,-1,1309,1104,1310,-1,1310,1104,1102,-1,1310,1311,1309,-1,1309,1311,1312,-1,1309,1312,1308,-1,1308,1312,1313,-1,1308,1313,1307,-1,1307,1313,1314,-1,1307,1314,1306,-1,1306,1314,1315,-1,1306,1315,1305,-1,1305,1315,1316,-1,1305,1316,1304,-1,1304,1316,934,-1,1304,934,847,-1,847,934,846,-1,844,845,1126,-1,1126,845,934,-1,1126,934,1124,-1,1124,934,1316,-1,1124,1316,1122,-1,1122,1316,1315,-1,1122,1315,1120,-1,1120,1315,1314,-1,1120,1314,1118,-1,1118,1314,1313,-1,1118,1313,1116,-1,1116,1313,1312,-1,1116,1312,1114,-1,1114,1312,1311,-1,933,842,1126,-1,1126,842,843,-1,1126,843,844,-1,840,841,1317,-1,1317,841,933,-1,1317,933,1318,-1,1318,933,1125,-1,1318,1125,1319,-1,1319,1125,1123,-1,1319,1123,1320,-1,1320,1123,1121,-1,1320,1121,1321,-1,1321,1121,1119,-1,1321,1119,1322,-1,1322,1119,1117,-1,1322,1117,1323,-1,1323,1117,1115,-1,1323,1127,1322,-1,1322,1127,1129,-1,1322,1129,1321,-1,1321,1129,1131,-1,1321,1131,1320,-1,1320,1131,1133,-1,1320,1133,1319,-1,1319,1133,1135,-1,1319,1135,1318,-1,1318,1135,1137,-1,1318,1137,1317,-1,1317,1137,1139,-1,1317,1139,840,-1,840,1139,839,-1,932,837,1139,-1,1139,837,838,-1,1139,838,839,-1,835,836,1324,-1,1324,836,932,-1,1324,932,1325,-1,1325,932,1138,-1,1325,1138,1326,-1,1326,1138,1136,-1,1326,1136,1327,-1,1327,1136,1134,-1,1327,1134,1328,-1,1328,1134,1132,-1,1328,1132,1329,-1,1329,1132,1130,-1,1329,1130,1330,-1,1330,1130,1128,-1,1330,1331,1329,-1,1329,1331,1332,-1,1329,1332,1328,-1,1328,1332,1333,-1,1328,1333,1327,-1,1327,1333,1334,-1,1327,1334,1326,-1,1326,1334,1335,-1,1326,1335,1325,-1,1325,1335,1336,-1,1325,1336,1324,-1,1324,1336,1337,-1,1324,1337,835,-1,835,1337,834,-1,1338,1331,1330,-1,1140,1339,958,-1,958,1339,1340,-1,1341,1063,1342,-1,1342,1063,1062,-1,1342,1062,1343,-1,1344,1089,1345,-1,1345,1089,1088,-1,1345,1088,1346,-1,1347,1323,1348,-1,1348,1323,1115,-1,1348,1115,1349,-1,1338,1330,1350,-1,1350,1330,1128,-1,1350,1128,1347,-1,1347,1128,1127,-1,1347,1127,1323,-1,1351,1166,1352,-1,1352,1166,1159,-1,1352,1159,1353,-1,1354,997,1355,-1,1355,997,1198,-1,1355,1198,1356,-1,1357,1101,1344,-1,1344,1101,1303,-1,1344,1303,1089,-1,1358,985,1351,-1,1351,985,984,-1,1351,984,1166,-1,1359,1206,1360,-1,1360,1206,1205,-1,1360,1205,1354,-1,1354,1205,998,-1,1354,998,997,-1,1361,1270,1362,-1,1362,1270,1259,-1,1362,1259,1341,-1,1341,1259,1258,-1,1341,1258,1063,-1,1088,1291,1346,-1,1346,1291,1290,-1,1346,1290,1363,-1,1363,1290,1076,-1,1363,1076,1364,-1,1198,1191,1356,-1,1356,1191,1185,-1,1356,1185,1365,-1,1365,1185,1174,-1,1365,1174,1358,-1,1358,1174,1173,-1,1358,1173,985,-1,1366,1011,1359,-1,1359,1011,1010,-1,1359,1010,1206,-1,1115,1114,1349,-1,1349,1114,1311,-1,1349,1311,1367,-1,1367,1311,1310,-1,1367,1310,1357,-1,1357,1310,1102,-1,1357,1102,1101,-1,1159,972,1353,-1,1353,972,971,-1,1353,971,1368,-1,1368,971,1153,-1,1368,1153,1340,-1,1340,1153,959,-1,1340,959,958,-1,1076,1075,1364,-1,1364,1075,1283,-1,1364,1283,1361,-1,1361,1283,1276,-1,1361,1276,1270,-1,1369,1024,1370,-1,1370,1024,1023,-1,1370,1023,1366,-1,1366,1023,1218,-1,1366,1218,1011,-1,1371,1036,1372,-1,1372,1036,1226,-1,1372,1226,1369,-1,1369,1226,1225,-1,1369,1225,1024,-1,1373,1238,1371,-1,1371,1238,1037,-1,1371,1037,1036,-1,1062,1251,1343,-1,1343,1251,1244,-1,1343,1244,1374,-1,1374,1244,1050,-1,1374,1050,1373,-1,1373,1050,1049,-1,1373,1049,1238,-1,1375,1338,1376,-1,1376,1338,1350,-1,1376,1350,1377,-1,1377,1350,1347,-1,1377,1347,1378,-1,1378,1347,1348,-1,1378,1348,1379,-1,1379,1348,1349,-1,1379,1349,1380,-1,1380,1349,1367,-1,1380,1367,1381,-1,1381,1367,1357,-1,1381,1357,1382,-1,1382,1357,1344,-1,1382,1344,1383,-1,1383,1344,1384,-1,1384,1344,1345,-1,1384,1345,1385,-1,1346,1386,1387,-1,1346,1387,1345,-1,1345,1387,1388,-1,1345,1388,1385,-1,1362,1389,1361,-1,1361,1389,1390,-1,1361,1390,1364,-1,1364,1390,1391,-1,1364,1391,1363,-1,1363,1391,1392,-1,1363,1392,1346,-1,1346,1392,1393,-1,1346,1393,1386,-1,1373,1394,1374,-1,1374,1394,1395,-1,1374,1395,1343,-1,1343,1395,1396,-1,1343,1396,1342,-1,1342,1396,1397,-1,1342,1397,1341,-1,1341,1397,1398,-1,1341,1398,1362,-1,1362,1398,1399,-1,1362,1399,1389,-1,1371,1400,1373,-1,1373,1400,1401,-1,1373,1401,1394,-1,1366,1402,1370,-1,1370,1402,1403,-1,1370,1403,1369,-1,1369,1403,1404,-1,1369,1404,1372,-1,1372,1404,1405,-1,1372,1405,1371,-1,1371,1405,1406,-1,1371,1406,1400,-1,1407,1408,1355,-1,1355,1408,1409,-1,1355,1409,1354,-1,1354,1409,1410,-1,1354,1410,1360,-1,1360,1410,1411,-1,1360,1411,1359,-1,1359,1411,1412,-1,1359,1412,1366,-1,1366,1412,1413,-1,1366,1413,1402,-1,1407,1355,1414,-1,1414,1355,1356,-1,1414,1356,1415,-1,1365,1416,1356,-1,1356,1416,1417,-1,1356,1417,1415,-1,1339,1418,1340,-1,1340,1418,1419,-1,1340,1419,1368,-1,1368,1419,1420,-1,1368,1420,1353,-1,1353,1420,1421,-1,1353,1421,1352,-1,1352,1421,1422,-1,1352,1422,1351,-1,1351,1422,1423,-1,1351,1423,1358,-1,1358,1423,1424,-1,1358,1424,1365,-1,1365,1424,1425,-1,1365,1425,1416,-1,
        ]
    }
}
Shape{
    appearance Appearance {
        material  Material 	{
            diffuseColor 0.7764705882352941 0.7568627450980392 0.7372549019607844
            specularColor 0.38823529411764707 0.3764705882352941 0.3686274509803922
            ambientIntensity 0.7605
            transparency 0.0
            shininess 0.5
        }
    }
    geometry IndexedFaceSet {
        ccw TRUE
        solid FALSE
        coord DEF co Coordinate {
            point [
                1.0346 -0.3179 3.1496, 1.0618 -0.2094 3.1496, 0.946 -0.1865 3.1496, -0.6014 0.9006 3.1496, -0.5052 0.9578 3.1496, -0.4037 1.0048 3.1496, -0.2978 -1.041 3.1496, -0.1888 -1.0662 3.1496, -0.0777 -1.0799 3.1496, 0.0342 -1.0821 3.1496, 1.0618 0.2094 3.1496, 1.0346 0.3179 3.1496, 0.946 0.1865 3.1496, 0.9962 0.423 3.1496, 0.9472 0.5236 3.1496, 0.8881 0.6187 3.1496, 0.8195 0.7071 3.1496, 0.7422 0.7879 3.1496, 0.6569 0.8604 3.1496, 0.5645 0.9236 3.1496, 0.4662 0.977 3.1496, 0.3629 1.0199 3.1496, 0.2556 1.052 3.1496, 0.1457 -1.0728 3.1496, 0.2556 -1.052 3.1496, 0.3629 -1.0199 3.1496, -0.4037 -1.0048 3.1496, -0.5052 -0.9578 3.1496, -0.6911 0.8337 3.1496, -0.7735 0.758 3.1496, -0.8476 0.6741 3.1496, -0.9126 0.5831 3.1496, -0.968 0.4858 3.1496, 0.1457 1.0728 3.1496, 0.0342 1.0821 3.1496, -0.0777 1.0799 3.1496, 0.9621 -0.0625 3.1496, 0.9621 0.0625 3.1496, -0.2978 1.041 3.1496, -0.1888 1.0662 3.1496, 0.4662 -0.977 3.1496, 0.5645 -0.9236 3.1496, 0.6569 -0.8604 3.1496, 0.7422 -0.7879 3.1496, 0.8195 -0.7071 3.1496, 0.8881 -0.6187 3.1496, 0.9472 -0.5236 3.1496, 0.9962 -0.423 3.1496, -1.0129 0.3833 3.1496, -1.0471 0.2768 3.1496, -1.0701 0.1673 3.1496, -1.0816 0.056 3.1496, -1.0816 -0.056 3.1496, -1.0701 -0.1673 3.1496, -0.968 -0.4858 3.1496, -0.9126 -0.5831 3.1496, -0.8476 -0.6741 3.1496, -0.7735 -0.758 3.1496, -0.6911 -0.8337 3.1496, -0.6014 -0.9006 3.1496, -1.0471 -0.2768 3.1496, -1.0129 -0.3833 3.1496
            ]
        }
        coordIndex [
            0,1,2,-1,3,2,4,-1,4,2,5,-1,6,7,2,-1,2,7,8,-1,2,8,9,-1,10,11,12,-1,12,11,13,-1,13,14,12,-1,12,14,15,-1,12,15,16,-1,16,17,12,-1,12,17,18,-1,12,18,19,-1,19,20,12,-1,12,20,21,-1,12,21,22,-1,9,23,2,-1,2,23,24,-1,2,24,25,-1,6,2,26,-1,26,2,3,-1,26,3,27,-1,27,3,28,-1,27,28,29,-1,29,30,27,-1,27,30,31,-1,27,31,32,-1,22,33,12,-1,12,33,34,-1,12,34,35,-1,2,36,5,-1,5,36,37,-1,5,37,38,-1,38,37,12,-1,38,12,39,-1,39,12,35,-1,25,40,2,-1,2,40,41,-1,2,41,42,-1,42,43,2,-1,2,43,44,-1,2,44,45,-1,45,46,2,-1,2,46,47,-1,2,47,0,-1,32,48,27,-1,27,48,49,-1,27,49,50,-1,50,51,27,-1,27,51,52,-1,27,52,53,-1,54,55,27,-1,27,55,56,-1,56,57,27,-1,27,57,58,-1,27,58,59,-1,53,60,27,-1,27,60,61,-1,27,61,54,-1,
        ]
    }
}
Shape{
    appearance Appearance {
        material  Material 	{
            diffuseColor 0.06666666666666667 0.0 0.0
            specularColor 0.058823529411764705 0.0 0.0
            ambientIntensity 0.0199
            transparency 0.0
            shininess 0.5
        }
    }
    geometry IndexedFaceSet {
        ccw TRUE
        solid FALSE
        coord DEF co Coordinate {
            point [
                1.0618 0.2094 3.1496, 1.0962 0.2162 3.1457, 1.0681 0.3282 3.1457, 1.1289 0.2226 3.134, 1.0999 0.338 3.134, 1.1582 0.2284 3.1153, 1.1284 0.3467 3.1153, 1.1826 0.2332 3.0903, 1.1523 0.3541 3.0903, 1.2011 0.2368 3.0605, 1.1702 0.3596 3.0605, 1.2125 0.2391 3.0272, 1.1813 0.363 3.0272, 1.0974 0.5745 2.9921, 1.0816 0.5979 3.0272, 1.1412 0.4846 2.9921, 1.1375 0.483 3.0272, 1.168 0.4111 2.9921, 1.1851 0.3642 2.9921, 1.2164 0.2398 2.9921, 1.0851 0.5998 2.9921, 1.0174 0.7087 2.9921, 1.0141 0.7064 3.0272, 1.0039 0.7259 2.9921, 0.9358 0.8073 3.0272, 0.9388 0.8099 2.9921, 0.8474 0.8997 3.0272, 0.8891 0.8619 2.9921, 0.8502 0.9025 2.9921, 0.7572 0.9815 2.9921, 0.7501 0.9824 3.0272, 0.7525 0.9855 2.9921, 0.6467 1.0579 2.9921, 0.6447 1.0546 3.0272, 0.6083 1.0788 2.9921, 0.5324 1.1155 3.0272, 0.5341 1.1191 2.9921, 0.4144 1.1646 3.0272, 0.4474 1.1551 2.9921, 0.4157 1.1683 2.9921, 0.2929 1.205 2.9921, 0.292 1.2011 3.0272, 0.2775 1.2079 2.9921, 0.1664 1.2249 3.0272, 0.1669 1.2288 2.9921, 0.0391 1.2356 3.0272, 0.1015 1.2343 2.9921, 0.0392 1.2395 2.9921, -0.0764 1.2372 2.9921, -0.0887 1.2331 3.0272, -0.0889 1.237 2.9921, -0.2161 1.2212 2.9921, -0.2155 1.2174 3.0272, -0.2527 1.2128 2.9921, -0.34 1.1887 3.0272, -0.3411 1.1925 2.9921, -0.4608 1.1473 3.0272, -0.4239 1.1641 2.9921, -0.4623 1.1509 2.9921, -0.5786 1.0971 2.9921, -0.5768 1.0936 3.0272, -0.5867 1.0923 2.9921, -0.6866 1.0283 3.0272, -0.6888 1.0315 2.9921, -0.7364 0.9961 2.9921, -0.7891 0.9519 3.0272, -0.7916 0.955 2.9921, -0.8721 0.8809 2.9921, -0.8831 0.8655 3.0272, -0.8859 0.8682 2.9921, -0.9708 0.7722 2.9921, -0.9677 0.7697 3.0272, -0.989 0.7467 2.9921, -1.042 0.6658 3.0272, -1.0453 0.6679 2.9921, -1.1052 0.5547 3.0272, -1.0855 0.5972 2.9921, -1.1087 0.5565 2.9921, -1.1602 0.4391 2.9921, -1.1565 0.4377 3.0272, -1.1612 0.4361 2.9921, -1.1955 0.316 3.0272, -1.1993 0.317 2.9921, -1.2103 0.265 2.9921, -1.2218 0.191 3.0272, -1.2257 0.1916 2.9921, -1.2349 0.0639 3.0272, -1.2363 0.089 2.9921, -1.2389 0.0641 2.9921, -1.2389 -0.0641 2.9921, -1.2349 -0.0639 3.0272, -1.2363 -0.089 2.9921, -1.2218 -0.191 3.0272, -1.2257 -0.1916 2.9921, -1.1955 -0.316 3.0272, -1.2103 -0.265 2.9921, -1.1993 -0.317 2.9921, -1.1612 -0.4361 2.9921, -1.1565 -0.4377 3.0272, -1.1602 -0.4391 2.9921, -1.1087 -0.5565 2.9921, -1.1052 -0.5547 3.0272, -1.0855 -0.5972 2.9921, -1.042 -0.6658 3.0272, -1.0453 -0.6679 2.9921, -0.9677 -0.7697 3.0272, -0.989 -0.7467 2.9921, -0.9708 -0.7722 2.9921, -0.8859 -0.8682 2.9921, -0.8831 -0.8655 3.0272, -0.8721 -0.8809 2.9921, -0.7891 -0.9519 3.0272, -0.7916 -0.955 2.9921, -0.6866 -1.0283 3.0272, -0.7364 -0.9961 2.9921, -0.6888 -1.0315 2.9921, -0.5867 -1.0923 2.9921, -0.5768 -1.0936 3.0272, -0.5786 -1.0971 2.9921, -0.4623 -1.1509 2.9921, -0.4608 -1.1473 3.0272, -0.4239 -1.1641 2.9921, -0.34 -1.1887 3.0272, -0.3411 -1.1925 2.9921, -0.2155 -1.2174 3.0272, -0.2527 -1.2128 2.9921, -0.2161 -1.2212 2.9921, -0.0889 -1.237 2.9921, -0.0887 -1.2331 3.0272, -0.0764 -1.2372 2.9921, 0.0391 -1.2356 3.0272, 0.0392 -1.2395 2.9921, 0.1015 -1.2343 2.9921, 0.1664 -1.2249 3.0272, 0.1669 -1.2288 2.9921, 0.2775 -1.2079 2.9921, 0.292 -1.2011 3.0272, 0.2929 -1.205 2.9921, 0.4157 -1.1683 2.9921, 0.4144 -1.1646 3.0272, 0.4474 -1.1551 2.9921, 0.5324 -1.1155 3.0272, 0.5341 -1.1191 2.9921, 0.6447 -1.0546 3.0272, 0.6083 -1.0788 2.9921, 0.6467 -1.0579 2.9921, 0.7525 -0.9855 2.9921, 0.7501 -0.9824 3.0272, 0.7572 -0.9815 2.9921, 0.8474 -0.8997 3.0272, 0.8502 -0.9025 2.9921, 0.8891 -0.8619 2.9921, 0.9358 -0.8073 3.0272, 0.9388 -0.8099 2.9921, 1.0141 -0.7064 3.0272, 1.0039 -0.7259 2.9921, 1.0174 -0.7087 2.9921, 1.0851 -0.5998 2.9921, 1.0816 -0.5979 3.0272, 1.0974 -0.5745 2.9921, 1.1375 -0.483 3.0272, 1.1412 -0.4846 2.9921, 1.1813 -0.363 3.0272, 1.168 -0.4111 2.9921, 1.1851 -0.3642 2.9921, 1.2164 -0.2398 2.9921, 1.2125 -0.2391 3.0272, 1.1268 0.4785 3.0605, 1.0714 0.5923 3.0605, 1.0046 0.6997 3.0605, 0.927 0.7997 3.0605, 0.8395 0.8912 3.0605, 0.743 0.9731 3.0605, 0.6386 1.0446 3.0605, 0.5273 1.105 3.0605, 0.4105 1.1536 3.0605, 0.2892 1.1898 3.0605, 0.1648 1.2134 3.0605, 0.0387 1.2239 3.0605, -0.0878 1.2214 3.0605, -0.2134 1.2059 3.0605, -0.3368 1.1775 3.0605, -0.4565 1.1364 3.0605, -0.5714 1.0833 3.0605, -0.6801 1.0186 3.0605, -0.7816 0.943 3.0605, -0.8748 0.8573 3.0605, -0.9586 0.7625 3.0605, -1.0322 0.6595 3.0605, -1.0948 0.5495 3.0605, -1.1456 0.4336 3.0605, -1.1843 0.313 3.0605, -1.2103 0.1892 3.0605, -1.2233 0.0633 3.0605, -1.2233 -0.0633 3.0605, -1.2103 -0.1892 3.0605, -1.1843 -0.313 3.0605, -1.1456 -0.4336 3.0605, -1.0948 -0.5495 3.0605, -1.0322 -0.6595 3.0605, -0.9586 -0.7625 3.0605, -0.8748 -0.8573 3.0605, -0.7816 -0.943 3.0605, -0.6801 -1.0186 3.0605, -0.5714 -1.0833 3.0605, -0.4565 -1.1364 3.0605, -0.3368 -1.1775 3.0605, -0.2134 -1.2059 3.0605, -0.0878 -1.2214 3.0605, 0.0387 -1.2239 3.0605, 0.1648 -1.2134 3.0605, 0.2892 -1.1898 3.0605, 0.4105 -1.1536 3.0605, 0.5273 -1.105 3.0605, 0.6386 -1.0446 3.0605, 0.743 -0.9731 3.0605, 0.8395 -0.8912 3.0605, 0.927 -0.7997 3.0605, 1.0046 -0.6997 3.0605, 1.0714 -0.5923 3.0605, 1.1268 -0.4785 3.0605, 1.1702 -0.3596 3.0605, 1.2011 -0.2368 3.0605, 1.1096 0.4711 3.0903, 1.055 0.5832 3.0903, 0.9892 0.689 3.0903, 0.9128 0.7875 3.0903, 0.8266 0.8775 3.0903, 0.7316 0.9582 3.0903, 0.6288 1.0286 3.0903, 0.5193 1.0881 3.0903, 0.4042 1.1359 3.0903, 0.2848 1.1716 3.0903, 0.1623 1.1948 3.0903, 0.0381 1.2052 3.0903, -0.0865 1.2027 3.0903, -0.2102 1.1874 3.0903, -0.3316 1.1594 3.0903, -0.4495 1.119 3.0903, -0.5626 1.0667 3.0903, -0.6697 1.003 3.0903, -0.7697 0.9285 3.0903, -0.8614 0.8442 3.0903, -0.9439 0.7508 3.0903, -1.0164 0.6494 3.0903, -1.078 0.541 3.0903, -1.1281 0.4269 3.0903, -1.1661 0.3082 3.0903, -1.1917 0.1863 3.0903, -1.2046 0.0623 3.0903, -1.2046 -0.0623 3.0903, -1.1917 -0.1863 3.0903, -1.1661 -0.3082 3.0903, -1.1281 -0.4269 3.0903, -1.078 -0.541 3.0903, -1.0164 -0.6494 3.0903, -0.9439 -0.7508 3.0903, -0.8614 -0.8442 3.0903, -0.7697 -0.9285 3.0903, -0.6697 -1.003 3.0903, -0.5626 -1.0667 3.0903, -0.4495 -1.119 3.0903, -0.3316 -1.1594 3.0903, -0.2102 -1.1874 3.0903, -0.0865 -1.2027 3.0903, 0.0381 -1.2052 3.0903, 0.1623 -1.1948 3.0903, 0.2848 -1.1716 3.0903, 0.4042 -1.1359 3.0903, 0.5193 -1.0881 3.0903, 0.6288 -1.0286 3.0903, 0.7316 -0.9582 3.0903, 0.8266 -0.8775 3.0903, 0.9128 -0.7875 3.0903, 0.9892 -0.689 3.0903, 1.055 -0.5832 3.0903, 1.1096 -0.4711 3.0903, 1.1523 -0.3541 3.0903, 1.1826 -0.2332 3.0903, 1.0866 0.4614 3.1153, 1.0332 0.5711 3.1153, 0.9687 0.6748 3.1153, 0.8939 0.7712 3.1153, 0.8095 0.8594 3.1153, 0.7165 0.9384 3.1153, 0.6158 1.0074 3.1153, 0.5085 1.0656 3.1153, 0.3958 1.1124 3.1153, 0.2789 1.1474 3.1153, 0.1589 1.1701 3.1153, 0.0373 1.1803 3.1153, -0.0847 1.1779 3.1153, -0.2058 1.1629 3.1153, -0.3248 1.1354 3.1153, -0.4402 1.0959 3.1153, -0.551 1.0446 3.1153, -0.6559 0.9822 3.1153, -0.7538 0.9093 3.1153, -0.8436 0.8267 3.1153, -0.9244 0.7353 3.1153, -0.9954 0.636 3.1153, -1.0557 0.5299 3.1153, -1.1048 0.4181 3.1153, -1.142 0.3019 3.1153, -1.1671 0.1824 3.1153, -1.1797 0.061 3.1153, -1.1797 -0.061 3.1153, -1.1671 -0.1824 3.1153, -1.142 -0.3019 3.1153, -1.1048 -0.4181 3.1153, -1.0557 -0.5299 3.1153, -0.9954 -0.636 3.1153, -0.9244 -0.7353 3.1153, -0.8436 -0.8267 3.1153, -0.7538 -0.9093 3.1153, -0.6559 -0.9822 3.1153, -0.551 -1.0446 3.1153, -0.4402 -1.0959 3.1153, -0.3248 -1.1354 3.1153, -0.2058 -1.1629 3.1153, -0.0847 -1.1779 3.1153, 0.0373 -1.1803 3.1153, 0.1589 -1.1701 3.1153, 0.2789 -1.1474 3.1153, 0.3958 -1.1124 3.1153, 0.5085 -1.0656 3.1153, 0.6158 -1.0074 3.1153, 0.7165 -0.9384 3.1153, 0.8095 -0.8594 3.1153, 0.8939 -0.7712 3.1153, 0.9687 -0.6748 3.1153, 1.0332 -0.5711 3.1153, 1.0866 -0.4614 3.1153, 1.1284 -0.3467 3.1153, 1.1582 -0.2284 3.1153, 1.0591 0.4497 3.134, 1.007 0.5567 3.134, 0.9442 0.6577 3.134, 0.8713 0.7517 3.134, 0.789 0.8376 3.134, 0.6983 0.9147 3.134, 0.6002 0.9819 3.134, 0.4956 1.0386 3.134, 0.3858 1.0843 3.134, 0.2718 1.1184 3.134, 0.1549 1.1405 3.134, 0.0364 1.1504 3.134, -0.0826 1.1481 3.134, -0.2006 1.1335 3.134, -0.3166 1.1067 3.134, -0.4291 1.0682 3.134, -0.5371 1.0182 3.134, -0.6393 0.9574 3.134, -0.7347 0.8863 3.134, -0.8223 0.8058 3.134, -0.9011 0.7167 3.134, -0.9702 0.6199 3.134, -1.029 0.5165 3.134, -1.0768 0.4075 3.134, -1.1132 0.2942 3.134, -1.1376 0.1778 3.134, -1.1499 0.0595 3.134, -1.1499 -0.0595 3.134, -1.1376 -0.1778 3.134, -1.1132 -0.2942 3.134, -1.0768 -0.4075 3.134, -1.029 -0.5165 3.134, -0.9702 -0.6199 3.134, -0.9011 -0.7167 3.134, -0.8223 -0.8058 3.134, -0.7347 -0.8863 3.134, -0.6393 -0.9574 3.134, -0.5371 -1.0182 3.134, -0.4291 -1.0682 3.134, -0.3166 -1.1067 3.134, -0.2006 -1.1335 3.134, -0.0826 -1.1481 3.134, 0.0364 -1.1504 3.134, 0.1549 -1.1405 3.134, 0.2718 -1.1184 3.134, 0.3858 -1.0843 3.134, 0.4956 -1.0386 3.134, 0.6002 -0.9819 3.134, 0.6983 -0.9147 3.134, 0.789 -0.8376 3.134, 0.8713 -0.7517 3.134, 0.9442 -0.6577 3.134, 1.007 -0.5567 3.134, 1.0591 -0.4497 3.134, 1.0999 -0.338 3.134, 1.1289 -0.2226 3.134, 1.0285 0.4367 3.1457, 0.9779 0.5406 3.1457, 0.9169 0.6387 3.1457, 0.8461 0.73 3.1457, 0.7662 0.8134 3.1457, 0.6781 0.8882 3.1457, 0.5828 0.9535 3.1457, 0.4813 1.0086 3.1457, 0.3746 1.0529 3.1457, 0.2639 1.086 3.1457, 0.1504 1.1075 3.1457, 0.0353 1.1171 3.1457, -0.0802 1.1149 3.1457, -0.1948 1.1007 3.1457, -0.3074 1.0747 3.1457, -0.4167 1.0373 3.1457, -0.5216 0.9888 3.1457, -0.6208 0.9297 3.1457, -0.7135 0.8607 3.1457, -0.7985 0.7825 3.1457, -0.875 0.6959 3.1457, -0.9422 0.6019 3.1457, -0.9993 0.5015 3.1457, -1.0457 0.3957 3.1457, -1.081 0.2857 3.1457, -1.1047 0.1727 3.1457, -1.1166 0.0578 3.1457, -1.1166 -0.0578 3.1457, -1.1047 -0.1727 3.1457, -1.081 -0.2857 3.1457, -1.0457 -0.3957 3.1457, -0.9993 -0.5015 3.1457, -0.9422 -0.6019 3.1457, -0.875 -0.6959 3.1457, -0.7985 -0.7825 3.1457, -0.7135 -0.8607 3.1457, -0.6208 -0.9297 3.1457, -0.5216 -0.9888 3.1457, -0.4167 -1.0373 3.1457, -0.3074 -1.0747 3.1457, -0.1948 -1.1007 3.1457, -0.0802 -1.1149 3.1457, 0.0353 -1.1171 3.1457, 0.1504 -1.1075 3.1457, 0.2639 -1.086 3.1457, 0.3746 -1.0529 3.1457, 0.4813 -1.0086 3.1457, 0.5828 -0.9535 3.1457, 0.6781 -0.8882 3.1457, 0.7662 -0.8134 3.1457, 0.8461 -0.73 3.1457, 0.9169 -0.6387 3.1457, 0.9779 -0.5406 3.1457, 1.0285 -0.4367 3.1457, 1.0681 -0.3282 3.1457, 1.0962 -0.2162 3.1457, 1.0346 0.3179 3.1496, 0.9962 0.423 3.1496, 0.9472 0.5236 3.1496, 0.8881 0.6187 3.1496, 0.8195 0.7071 3.1496, 0.7422 0.7879 3.1496, 0.6569 0.8604 3.1496, 0.5645 0.9236 3.1496, 0.4662 0.977 3.1496, 0.3629 1.0199 3.1496, 0.2556 1.052 3.1496, 0.1457 1.0728 3.1496, 0.0342 1.0821 3.1496, -0.0777 1.0799 3.1496, -0.1888 1.0662 3.1496, -0.2978 1.041 3.1496, -0.4037 1.0048 3.1496, -0.5052 0.9578 3.1496, -0.6014 0.9006 3.1496, -0.6911 0.8337 3.1496, -0.7735 0.758 3.1496, -0.8476 0.6741 3.1496, -0.9126 0.5831 3.1496, -0.968 0.4858 3.1496, -1.0129 0.3833 3.1496, -1.0471 0.2768 3.1496, -1.0701 0.1673 3.1496, -1.0816 0.056 3.1496, -1.0816 -0.056 3.1496, -1.0701 -0.1673 3.1496, -1.0471 -0.2768 3.1496, -1.0129 -0.3833 3.1496, -0.968 -0.4858 3.1496, -0.9126 -0.5831 3.1496, -0.8476 -0.6741 3.1496, -0.7735 -0.758 3.1496, -0.6911 -0.8337 3.1496, -0.6014 -0.9006 3.1496, -0.5052 -0.9578 3.1496, -0.4037 -1.0048 3.1496, -0.2978 -1.041 3.1496, -0.1888 -1.0662 3.1496, -0.0777 -1.0799 3.1496, 0.0342 -1.0821 3.1496, 0.1457 -1.0728 3.1496, 0.2556 -1.052 3.1496, 0.3629 -1.0199 3.1496, 0.4662 -0.977 3.1496, 0.5645 -0.9236 3.1496, 0.6569 -0.8604 3.1496, 0.7422 -0.7879 3.1496, 0.8195 -0.7071 3.1496, 0.8881 -0.6187 3.1496, 0.9472 -0.5236 3.1496, 0.9962 -0.423 3.1496, 1.0346 -0.3179 3.1496, 1.0618 -0.2094 3.1496, 1.2164 -0.2398 0.6553, 1.1851 -0.3642 0.6553, 1.168 -0.4111 0.6553, 1.1412 -0.4846 0.6553, 1.0974 -0.5745 0.6553, 1.0851 -0.5998 0.6553, 1.0174 -0.7087 0.6553, 1.0039 -0.7259 0.6553, 0.9388 -0.8099 0.6553, 0.8891 -0.8619 0.6553, 0.8502 -0.9025 0.6553, 0.7572 -0.9815 0.6553, 0.7525 -0.9855 0.6553, 0.6467 -1.0579 0.6553, 0.6083 -1.0788 0.6553, 0.5341 -1.1191 0.6553, 0.4474 -1.1551 0.6553, 0.4157 -1.1683 0.6553, 0.2929 -1.205 0.6553, 0.2775 -1.2079 0.6553, 0.1669 -1.2288 0.6553, 0.1015 -1.2343 0.6553, 0.0392 -1.2395 0.6553, -0.0764 -1.2372 0.6553, -0.0889 -1.237 0.6553, -0.2161 -1.2212 0.6553, -0.2527 -1.2128 0.6553, -0.3411 -1.1925 0.6553, -0.4239 -1.1641 0.6553, -0.4623 -1.1509 0.6553, -0.5786 -1.0971 0.6553, -0.5867 -1.0923 0.6553, -0.6888 -1.0315 0.6553, -0.7364 -0.9961 0.6553, -0.7916 -0.955 0.6553, -0.8721 -0.8809 0.6553, -0.8859 -0.8682 0.6553, -0.9708 -0.7722 0.6553, -0.989 -0.7467 0.6553, -1.0453 -0.6679 0.6553, -1.0855 -0.5972 0.6553, -1.1087 -0.5565 0.6553, -1.1602 -0.4391 0.6553, -1.1612 -0.4361 0.6553, -1.1993 -0.317 0.6553, -1.2103 -0.265 0.6553, -1.2257 -0.1916 0.6553, -1.2363 -0.089 0.6553, -1.2389 -0.0641 0.6553, -1.2389 0.0641 0.6553, -1.2363 0.089 0.6553, -1.2257 0.1916 0.6553, -1.2103 0.265 0.6553, -1.1993 0.317 0.6553, -1.1612 0.4361 0.6553, -1.1602 0.4391 0.6553, -1.1087 0.5565 0.6553, -1.0855 0.5972 0.6553, -1.0453 0.6679 0.6553, -0.989 0.7467 0.6553, -0.9708 0.7722 0.6553, -0.8859 0.8682 0.6553, -0.8721 0.8809 0.6553, -0.7916 0.955 0.6553, -0.7364 0.9961 0.6553, -0.6888 1.0315 0.6553, -0.5867 1.0923 0.6553, -0.5786 1.0971 0.6553, -0.4623 1.1509 0.6553, -0.4239 1.1641 0.6553, -0.3411 1.1925 0.6553, -0.2527 1.2128 0.6553, -0.2161 1.2212 0.6553, -0.0889 1.237 0.6553, -0.0764 1.2372 0.6553, 0.0392 1.2395 0.6553, 0.1015 1.2343 0.6553, 0.1669 1.2288 0.6553, 0.2775 1.2079 0.6553, 0.2929 1.205 0.6553, 0.4157 1.1683 0.6553, 0.4474 1.1551 0.6553, 0.5341 1.1191 0.6553, 0.6083 1.0788 0.6553, 0.6467 1.0579 0.6553, 0.7525 0.9855 0.6553, 0.7572 0.9815 0.6553, 0.8502 0.9025 0.6553, 0.8891 0.8619 0.6553, 0.9388 0.8099 0.6553, 1.0039 0.7259 0.6553, 1.0174 0.7087 0.6553, 1.0851 0.5998 0.6553, 1.0974 0.5745 0.6553, 1.1412 0.4846 0.6553, 1.168 0.4111 0.6553, 1.1851 0.3642 0.6553, 1.2164 0.2398 0.6553
            ]
        }
        coordIndex [
            0,1,2,-1,1,3,4,-1,3,5,6,-1,5,7,8,-1,7,9,10,-1,9,11,12,-1,13,14,15,-1,15,14,16,-1,15,16,17,-1,17,16,12,-1,17,12,18,-1,18,12,11,-1,18,11,19,-1,13,20,14,-1,14,20,21,-1,14,21,22,-1,22,21,23,-1,22,23,24,-1,24,23,25,-1,24,25,26,-1,26,25,27,-1,27,28,26,-1,26,28,29,-1,26,29,30,-1,29,31,30,-1,30,31,32,-1,30,32,33,-1,33,32,34,-1,33,34,35,-1,35,34,36,-1,35,36,37,-1,37,36,38,-1,38,39,37,-1,37,39,40,-1,37,40,41,-1,41,40,42,-1,41,42,43,-1,43,42,44,-1,43,44,45,-1,45,44,46,-1,46,47,45,-1,45,47,48,-1,45,48,49,-1,48,50,49,-1,49,50,51,-1,49,51,52,-1,52,51,53,-1,52,53,54,-1,54,53,55,-1,54,55,56,-1,56,55,57,-1,57,58,56,-1,56,58,59,-1,56,59,60,-1,60,59,61,-1,60,61,62,-1,61,63,62,-1,62,63,64,-1,62,64,65,-1,64,66,65,-1,65,66,67,-1,65,67,68,-1,67,69,68,-1,68,69,70,-1,68,70,71,-1,71,70,72,-1,71,72,73,-1,73,72,74,-1,73,74,75,-1,75,74,76,-1,76,77,75,-1,75,77,78,-1,75,78,79,-1,79,78,80,-1,79,80,81,-1,80,82,81,-1,81,82,83,-1,81,83,84,-1,84,83,85,-1,84,85,86,-1,86,85,87,-1,87,88,86,-1,86,88,89,-1,86,89,90,-1,90,89,91,-1,90,91,92,-1,92,91,93,-1,92,93,94,-1,94,93,95,-1,95,96,94,-1,94,96,97,-1,94,97,98,-1,97,99,98,-1,98,99,100,-1,98,100,101,-1,101,100,102,-1,101,102,103,-1,103,102,104,-1,103,104,105,-1,105,104,106,-1,106,107,105,-1,105,107,108,-1,105,108,109,-1,109,108,110,-1,109,110,111,-1,111,110,112,-1,111,112,113,-1,113,112,114,-1,114,115,113,-1,113,115,116,-1,113,116,117,-1,116,118,117,-1,117,118,119,-1,117,119,120,-1,120,119,121,-1,120,121,122,-1,122,121,123,-1,122,123,124,-1,124,123,125,-1,125,126,124,-1,124,126,127,-1,124,127,128,-1,128,127,129,-1,128,129,130,-1,129,131,130,-1,130,131,132,-1,130,132,133,-1,132,134,133,-1,133,134,135,-1,133,135,136,-1,135,137,136,-1,136,137,138,-1,136,138,139,-1,139,138,140,-1,139,140,141,-1,141,140,142,-1,141,142,143,-1,143,142,144,-1,144,145,143,-1,143,145,146,-1,143,146,147,-1,147,146,148,-1,147,148,149,-1,148,150,149,-1,149,150,151,-1,149,151,152,-1,152,151,153,-1,152,153,154,-1,154,153,155,-1,155,156,154,-1,154,156,157,-1,154,157,158,-1,158,157,159,-1,158,159,160,-1,160,159,161,-1,160,161,162,-1,162,161,163,-1,163,164,162,-1,162,164,165,-1,162,165,166,-1,9,12,10,-1,10,12,16,-1,10,16,167,-1,167,16,14,-1,167,14,168,-1,168,14,22,-1,168,22,169,-1,169,22,24,-1,169,24,170,-1,170,24,26,-1,170,26,171,-1,171,26,30,-1,171,30,172,-1,172,30,33,-1,172,33,173,-1,173,33,35,-1,173,35,174,-1,174,35,37,-1,174,37,175,-1,175,37,41,-1,175,41,176,-1,176,41,43,-1,176,43,177,-1,177,43,45,-1,177,45,178,-1,178,45,49,-1,178,49,179,-1,179,49,52,-1,179,52,180,-1,180,52,54,-1,180,54,181,-1,181,54,56,-1,181,56,182,-1,182,56,60,-1,182,60,183,-1,183,60,62,-1,183,62,184,-1,184,62,65,-1,184,65,185,-1,185,65,68,-1,185,68,186,-1,186,68,71,-1,186,71,187,-1,187,71,73,-1,187,73,188,-1,188,73,75,-1,188,75,189,-1,189,75,79,-1,189,79,190,-1,190,79,81,-1,190,81,191,-1,191,81,84,-1,191,84,192,-1,192,84,86,-1,192,86,193,-1,193,86,90,-1,193,90,194,-1,194,90,92,-1,194,92,195,-1,195,92,94,-1,195,94,196,-1,196,94,98,-1,196,98,197,-1,197,98,101,-1,197,101,198,-1,198,101,103,-1,198,103,199,-1,199,103,105,-1,199,105,200,-1,200,105,109,-1,200,109,201,-1,201,109,111,-1,201,111,202,-1,202,111,113,-1,202,113,203,-1,203,113,117,-1,203,117,204,-1,204,117,120,-1,204,120,205,-1,205,120,122,-1,205,122,206,-1,206,122,124,-1,206,124,207,-1,207,124,128,-1,207,128,208,-1,208,128,130,-1,208,130,209,-1,209,130,133,-1,209,133,210,-1,210,133,136,-1,210,136,211,-1,211,136,139,-1,211,139,212,-1,212,139,141,-1,212,141,213,-1,213,141,143,-1,213,143,214,-1,214,143,147,-1,214,147,215,-1,215,147,149,-1,215,149,216,-1,216,149,152,-1,216,152,217,-1,217,152,154,-1,217,154,218,-1,218,154,158,-1,218,158,219,-1,219,158,160,-1,219,160,220,-1,220,160,162,-1,220,162,221,-1,221,162,166,-1,221,166,222,-1,7,10,8,-1,8,10,167,-1,8,167,223,-1,223,167,168,-1,223,168,224,-1,224,168,169,-1,224,169,225,-1,225,169,170,-1,225,170,226,-1,226,170,171,-1,226,171,227,-1,227,171,172,-1,227,172,228,-1,228,172,173,-1,228,173,229,-1,229,173,174,-1,229,174,230,-1,230,174,175,-1,230,175,231,-1,231,175,176,-1,231,176,232,-1,232,176,177,-1,232,177,233,-1,233,177,178,-1,233,178,234,-1,234,178,179,-1,234,179,235,-1,235,179,180,-1,235,180,236,-1,236,180,181,-1,236,181,237,-1,237,181,182,-1,237,182,238,-1,238,182,183,-1,238,183,239,-1,239,183,184,-1,239,184,240,-1,240,184,185,-1,240,185,241,-1,241,185,186,-1,241,186,242,-1,242,186,187,-1,242,187,243,-1,243,187,188,-1,243,188,244,-1,244,188,189,-1,244,189,245,-1,245,189,190,-1,245,190,246,-1,246,190,191,-1,246,191,247,-1,247,191,192,-1,247,192,248,-1,248,192,193,-1,248,193,249,-1,249,193,194,-1,249,194,250,-1,250,194,195,-1,250,195,251,-1,251,195,196,-1,251,196,252,-1,252,196,197,-1,252,197,253,-1,253,197,198,-1,253,198,254,-1,254,198,199,-1,254,199,255,-1,255,199,200,-1,255,200,256,-1,256,200,201,-1,256,201,257,-1,257,201,202,-1,257,202,258,-1,258,202,203,-1,258,203,259,-1,259,203,204,-1,259,204,260,-1,260,204,205,-1,260,205,261,-1,261,205,206,-1,261,206,262,-1,262,206,207,-1,262,207,263,-1,263,207,208,-1,263,208,264,-1,264,208,209,-1,264,209,265,-1,265,209,210,-1,265,210,266,-1,266,210,211,-1,266,211,267,-1,267,211,212,-1,267,212,268,-1,268,212,213,-1,268,213,269,-1,269,213,214,-1,269,214,270,-1,270,214,215,-1,270,215,271,-1,271,215,216,-1,271,216,272,-1,272,216,217,-1,272,217,273,-1,273,217,218,-1,273,218,274,-1,274,218,219,-1,274,219,275,-1,275,219,220,-1,275,220,276,-1,276,220,221,-1,276,221,277,-1,277,221,222,-1,277,222,278,-1,5,8,6,-1,6,8,223,-1,6,223,279,-1,279,223,224,-1,279,224,280,-1,280,224,225,-1,280,225,281,-1,281,225,226,-1,281,226,282,-1,282,226,227,-1,282,227,283,-1,283,227,228,-1,283,228,284,-1,284,228,229,-1,284,229,285,-1,285,229,230,-1,285,230,286,-1,286,230,231,-1,286,231,287,-1,287,231,232,-1,287,232,288,-1,288,232,233,-1,288,233,289,-1,289,233,234,-1,289,234,290,-1,290,234,235,-1,290,235,291,-1,291,235,236,-1,291,236,292,-1,292,236,237,-1,292,237,293,-1,293,237,238,-1,293,238,294,-1,294,238,239,-1,294,239,295,-1,295,239,240,-1,295,240,296,-1,296,240,241,-1,296,241,297,-1,297,241,242,-1,297,242,298,-1,298,242,243,-1,298,243,299,-1,299,243,244,-1,299,244,300,-1,300,244,245,-1,300,245,301,-1,301,245,246,-1,301,246,302,-1,302,246,247,-1,302,247,303,-1,303,247,248,-1,303,248,304,-1,304,248,249,-1,304,249,305,-1,305,249,250,-1,305,250,306,-1,306,250,251,-1,306,251,307,-1,307,251,252,-1,307,252,308,-1,308,252,253,-1,308,253,309,-1,309,253,254,-1,309,254,310,-1,310,254,255,-1,310,255,311,-1,311,255,256,-1,311,256,312,-1,312,256,257,-1,312,257,313,-1,313,257,258,-1,313,258,314,-1,314,258,259,-1,314,259,315,-1,315,259,260,-1,315,260,316,-1,316,260,261,-1,316,261,317,-1,317,261,262,-1,317,262,318,-1,318,262,263,-1,318,263,319,-1,319,263,264,-1,319,264,320,-1,320,264,265,-1,320,265,321,-1,321,265,266,-1,321,266,322,-1,322,266,267,-1,322,267,323,-1,323,267,268,-1,323,268,324,-1,324,268,269,-1,324,269,325,-1,325,269,270,-1,325,270,326,-1,326,270,271,-1,326,271,327,-1,327,271,272,-1,327,272,328,-1,328,272,273,-1,328,273,329,-1,329,273,274,-1,329,274,330,-1,330,274,275,-1,330,275,331,-1,331,275,276,-1,331,276,332,-1,332,276,277,-1,332,277,333,-1,333,277,278,-1,333,278,334,-1,3,6,4,-1,4,6,279,-1,4,279,335,-1,335,279,280,-1,335,280,336,-1,336,280,281,-1,336,281,337,-1,337,281,282,-1,337,282,338,-1,338,282,283,-1,338,283,339,-1,339,283,284,-1,339,284,340,-1,340,284,285,-1,340,285,341,-1,341,285,286,-1,341,286,342,-1,342,286,287,-1,342,287,343,-1,343,287,288,-1,343,288,344,-1,344,288,289,-1,344,289,345,-1,345,289,290,-1,345,290,346,-1,346,290,291,-1,346,291,347,-1,347,291,292,-1,347,292,348,-1,348,292,293,-1,348,293,349,-1,349,293,294,-1,349,294,350,-1,350,294,295,-1,350,295,351,-1,351,295,296,-1,351,296,352,-1,352,296,297,-1,352,297,353,-1,353,297,298,-1,353,298,354,-1,354,298,299,-1,354,299,355,-1,355,299,300,-1,355,300,356,-1,356,300,301,-1,356,301,357,-1,357,301,302,-1,357,302,358,-1,358,302,303,-1,358,303,359,-1,359,303,304,-1,359,304,360,-1,360,304,305,-1,360,305,361,-1,361,305,306,-1,361,306,362,-1,362,306,307,-1,362,307,363,-1,363,307,308,-1,363,308,364,-1,364,308,309,-1,364,309,365,-1,365,309,310,-1,365,310,366,-1,366,310,311,-1,366,311,367,-1,367,311,312,-1,367,312,368,-1,368,312,313,-1,368,313,369,-1,369,313,314,-1,369,314,370,-1,370,314,315,-1,370,315,371,-1,371,315,316,-1,371,316,372,-1,372,316,317,-1,372,317,373,-1,373,317,318,-1,373,318,374,-1,374,318,319,-1,374,319,375,-1,375,319,320,-1,375,320,376,-1,376,320,321,-1,376,321,377,-1,377,321,322,-1,377,322,378,-1,378,322,323,-1,378,323,379,-1,379,323,324,-1,379,324,380,-1,380,324,325,-1,380,325,381,-1,381,325,326,-1,381,326,382,-1,382,326,327,-1,382,327,383,-1,383,327,328,-1,383,328,384,-1,384,328,329,-1,384,329,385,-1,385,329,330,-1,385,330,386,-1,386,330,331,-1,386,331,387,-1,387,331,332,-1,387,332,388,-1,388,332,333,-1,388,333,389,-1,389,333,334,-1,389,334,390,-1,1,4,2,-1,2,4,335,-1,2,335,391,-1,391,335,336,-1,391,336,392,-1,392,336,337,-1,392,337,393,-1,393,337,338,-1,393,338,394,-1,394,338,339,-1,394,339,395,-1,395,339,340,-1,395,340,396,-1,396,340,341,-1,396,341,397,-1,397,341,342,-1,397,342,398,-1,398,342,343,-1,398,343,399,-1,399,343,344,-1,399,344,400,-1,400,344,345,-1,400,345,401,-1,401,345,346,-1,401,346,402,-1,402,346,347,-1,402,347,403,-1,403,347,348,-1,403,348,404,-1,404,348,349,-1,404,349,405,-1,405,349,350,-1,405,350,406,-1,406,350,351,-1,406,351,407,-1,407,351,352,-1,407,352,408,-1,408,352,353,-1,408,353,409,-1,409,353,354,-1,409,354,410,-1,410,354,355,-1,410,355,411,-1,411,355,356,-1,411,356,412,-1,412,356,357,-1,412,357,413,-1,413,357,358,-1,413,358,414,-1,414,358,359,-1,414,359,415,-1,415,359,360,-1,415,360,416,-1,416,360,361,-1,416,361,417,-1,417,361,362,-1,417,362,418,-1,418,362,363,-1,418,363,419,-1,419,363,364,-1,419,364,420,-1,420,364,365,-1,420,365,421,-1,421,365,366,-1,421,366,422,-1,422,366,367,-1,422,367,423,-1,423,367,368,-1,423,368,424,-1,424,368,369,-1,424,369,425,-1,425,369,370,-1,425,370,426,-1,426,370,371,-1,426,371,427,-1,427,371,372,-1,427,372,428,-1,428,372,373,-1,428,373,429,-1,429,373,374,-1,429,374,430,-1,430,374,375,-1,430,375,431,-1,431,375,376,-1,431,376,432,-1,432,376,377,-1,432,377,433,-1,433,377,378,-1,433,378,434,-1,434,378,379,-1,434,379,435,-1,435,379,380,-1,435,380,436,-1,436,380,381,-1,436,381,437,-1,437,381,382,-1,437,382,438,-1,438,382,383,-1,438,383,439,-1,439,383,384,-1,439,384,440,-1,440,384,385,-1,440,385,441,-1,441,385,386,-1,441,386,442,-1,442,386,387,-1,442,387,443,-1,443,387,388,-1,443,388,444,-1,444,388,389,-1,444,389,445,-1,445,389,390,-1,445,390,446,-1,0,2,447,-1,447,2,391,-1,447,391,448,-1,448,391,392,-1,448,392,449,-1,449,392,393,-1,449,393,450,-1,450,393,394,-1,450,394,451,-1,451,394,395,-1,451,395,452,-1,452,395,396,-1,452,396,453,-1,453,396,397,-1,453,397,454,-1,454,397,398,-1,454,398,455,-1,455,398,399,-1,455,399,456,-1,456,399,400,-1,456,400,457,-1,457,400,401,-1,457,401,458,-1,458,401,402,-1,458,402,459,-1,459,402,403,-1,459,403,460,-1,460,403,404,-1,460,404,461,-1,461,404,405,-1,461,405,462,-1,462,405,406,-1,462,406,463,-1,463,406,407,-1,463,407,464,-1,464,407,408,-1,464,408,465,-1,465,408,409,-1,465,409,466,-1,466,409,410,-1,466,410,467,-1,467,410,411,-1,467,411,468,-1,468,411,412,-1,468,412,469,-1,469,412,413,-1,469,413,470,-1,470,413,414,-1,470,414,471,-1,471,414,415,-1,471,415,472,-1,472,415,416,-1,472,416,473,-1,473,416,417,-1,473,417,474,-1,474,417,418,-1,474,418,475,-1,475,418,419,-1,475,419,476,-1,476,419,420,-1,476,420,477,-1,477,420,421,-1,477,421,478,-1,478,421,422,-1,478,422,479,-1,479,422,423,-1,479,423,480,-1,480,423,424,-1,480,424,481,-1,481,424,425,-1,481,425,482,-1,482,425,426,-1,482,426,483,-1,483,426,427,-1,483,427,484,-1,484,427,428,-1,484,428,485,-1,485,428,429,-1,485,429,486,-1,486,429,430,-1,486,430,487,-1,487,430,431,-1,487,431,488,-1,488,431,432,-1,488,432,489,-1,489,432,433,-1,489,433,490,-1,490,433,434,-1,490,434,491,-1,491,434,435,-1,491,435,492,-1,492,435,436,-1,492,436,493,-1,493,436,437,-1,493,437,494,-1,494,437,438,-1,494,438,495,-1,495,438,439,-1,495,439,496,-1,496,439,440,-1,496,440,497,-1,497,440,441,-1,497,441,498,-1,498,441,442,-1,498,442,499,-1,499,442,443,-1,499,443,500,-1,500,443,444,-1,500,444,501,-1,501,444,445,-1,501,445,502,-1,502,445,446,-1,502,446,503,-1,504,165,505,-1,505,165,164,-1,505,164,506,-1,506,164,163,-1,506,163,507,-1,507,163,161,-1,507,161,508,-1,508,161,159,-1,508,159,509,-1,509,159,157,-1,509,157,510,-1,510,157,156,-1,510,156,511,-1,511,156,155,-1,511,155,512,-1,512,155,153,-1,512,153,513,-1,513,153,151,-1,513,151,514,-1,514,151,150,-1,514,150,515,-1,515,150,148,-1,515,148,516,-1,516,148,146,-1,516,146,517,-1,517,146,145,-1,517,145,518,-1,518,145,144,-1,518,144,519,-1,519,144,142,-1,519,142,520,-1,520,142,140,-1,520,140,521,-1,521,140,138,-1,521,138,522,-1,522,138,137,-1,522,137,523,-1,523,137,135,-1,523,135,524,-1,524,135,134,-1,524,134,525,-1,525,134,132,-1,525,132,526,-1,526,132,131,-1,526,131,527,-1,527,131,129,-1,527,129,528,-1,528,129,127,-1,528,127,529,-1,529,127,126,-1,529,126,530,-1,530,126,125,-1,530,125,531,-1,531,125,123,-1,531,123,532,-1,532,123,121,-1,532,121,533,-1,533,121,119,-1,533,119,534,-1,534,119,118,-1,534,118,535,-1,535,118,116,-1,535,116,536,-1,536,116,115,-1,536,115,537,-1,537,115,114,-1,537,114,538,-1,538,114,112,-1,538,112,539,-1,539,112,110,-1,539,110,540,-1,540,110,108,-1,540,108,541,-1,541,108,107,-1,541,107,542,-1,542,107,106,-1,542,106,543,-1,543,106,104,-1,543,104,544,-1,544,104,102,-1,544,102,545,-1,545,102,100,-1,545,100,546,-1,546,100,99,-1,546,99,547,-1,547,99,97,-1,547,97,548,-1,548,97,96,-1,548,96,549,-1,549,96,95,-1,549,95,550,-1,550,95,93,-1,550,93,551,-1,551,93,91,-1,551,91,552,-1,552,91,89,-1,552,89,553,-1,553,89,88,-1,553,88,554,-1,554,88,87,-1,554,87,555,-1,555,87,85,-1,555,85,556,-1,556,85,83,-1,556,83,557,-1,557,83,82,-1,557,82,558,-1,558,82,80,-1,558,80,559,-1,559,80,78,-1,559,78,560,-1,560,78,77,-1,560,77,561,-1,561,77,76,-1,561,76,562,-1,562,76,74,-1,562,74,563,-1,563,74,72,-1,563,72,564,-1,564,72,70,-1,564,70,565,-1,565,70,69,-1,565,69,566,-1,566,69,67,-1,566,67,567,-1,567,67,66,-1,567,66,568,-1,568,66,64,-1,568,64,569,-1,569,64,63,-1,569,63,570,-1,570,63,61,-1,570,61,571,-1,571,61,59,-1,571,59,572,-1,572,59,58,-1,572,58,573,-1,573,58,57,-1,573,57,574,-1,574,57,55,-1,574,55,575,-1,575,55,53,-1,575,53,576,-1,576,53,51,-1,576,51,577,-1,577,51,50,-1,577,50,578,-1,578,50,48,-1,578,48,579,-1,579,48,47,-1,579,47,580,-1,580,47,46,-1,580,46,581,-1,581,46,44,-1,581,44,582,-1,582,44,42,-1,582,42,583,-1,583,42,40,-1,583,40,584,-1,584,40,39,-1,584,39,585,-1,585,39,38,-1,585,38,586,-1,586,38,36,-1,586,36,587,-1,587,36,34,-1,587,34,588,-1,588,34,32,-1,588,32,589,-1,589,32,31,-1,589,31,590,-1,590,31,29,-1,590,29,591,-1,591,29,28,-1,591,28,592,-1,592,28,27,-1,592,27,593,-1,593,27,25,-1,593,25,594,-1,594,25,23,-1,594,23,595,-1,595,23,21,-1,595,21,596,-1,596,21,20,-1,596,20,597,-1,597,20,13,-1,597,13,598,-1,598,13,15,-1,598,15,599,-1,599,15,17,-1,599,17,600,-1,600,17,18,-1,600,18,601,-1,601,18,19,-1,
        ]
    }
}
Shape{
    appearance Appearance {
        material  Material 	{
            diffuseColor 1.0 1.0 1.0
            specularColor 0.8784313725490196 0.8784313725490196 0.8784313725490196
            ambientIntensity 1.0
            transparency 0.0
            shininess 0.5
        }
    }
    geometry IndexedFaceSet {
        ccw TRUE
        solid FALSE
        coord DEF co Coordinate {
            point [
                0.946 -0.1865 3.1496, 0.946 -0.1865 0.0394, 0.9621 -0.0625 0.0394, 0.9621 -0.0625 3.1496, 0.9621 -0.0007 0.0394, 0.9621 0.0625 3.1496, 0.946 0.1865 0.0394, 0.946 0.1865 3.1496, 0.9548 0.1188 0.0394, 0.9621 0.0625 0.0394, 1.2164 0.2398 0.1575, 1.2164 0.2398 0.3404, 1.1764 0.232 0.3458, 1.1582 0.2284 0.0344, 1.1826 0.2332 0.0593, 1.2011 0.2368 0.0892, 1.2125 0.2391 0.1224, 1.1391 0.2246 0.3615, 1.1071 0.2183 0.3865, 1.0825 0.2135 0.4191, 1.0825 0.2135 0.5766, 1.1071 0.2183 0.6092, 1.1391 0.2246 0.6342, 1.1764 0.232 0.65, 0.946 0.1865 0.0, 1.0618 0.2094 0.0, 1.0962 0.2162 0.004, 1.1289 0.2226 0.0156, 1.0671 0.2104 0.4571, 1.0618 0.2094 0.4979, 1.0671 0.2104 0.5386, 1.2164 0.2398 0.6553, 1.2164 0.2398 2.9921, 1.0618 0.2094 3.1496, 1.2125 0.2391 3.0272, 1.2011 0.2368 3.0605, 1.1826 0.2332 3.0903, 1.1582 0.2284 3.1153, 1.1289 0.2226 3.134, 1.0962 0.2162 3.1457, 1.1289 -0.2226 0.0156, 1.0962 -0.2162 0.004, 1.2164 -0.2398 0.1575, 1.0825 -0.2135 0.4191, 1.1071 -0.2183 0.3865, 1.1764 -0.232 0.65, 1.1391 -0.2246 0.6342, 1.1071 -0.2183 0.6092, 1.0825 -0.2135 0.5766, 1.2125 -0.2391 0.1224, 1.2011 -0.2368 0.0892, 1.2164 -0.2398 2.9921, 1.2164 -0.2398 0.6553, 0.946 -0.1865 0.0, 1.1391 -0.2246 0.3615, 1.0618 -0.2094 0.0, 1.1764 -0.232 0.3458, 1.2164 -0.2398 0.3404, 1.1826 -0.2332 0.0593, 1.1582 -0.2284 0.0344, 1.0671 -0.2104 0.5386, 1.0618 -0.2094 0.4979, 1.0671 -0.2104 0.4571, 1.0618 -0.2094 3.1496, 1.0962 -0.2162 3.1457, 1.1289 -0.2226 3.134, 1.1582 -0.2284 3.1153, 1.2125 -0.2391 3.0272, 1.1826 -0.2332 3.0903, 1.2011 -0.2368 3.0605
            ]
        }
        coordIndex [
            0,1,2,-1,0,2,3,-1,3,2,4,-1,3,4,5,-1,6,7,8,-1,8,7,5,-1,8,5,9,-1,9,5,4,-1,10,11,12,-1,13,14,10,-1,10,14,15,-1,10,15,16,-1,17,18,6,-1,6,18,19,-1,20,21,7,-1,7,21,22,-1,7,22,23,-1,6,24,17,-1,17,24,25,-1,17,25,12,-1,12,25,26,-1,12,26,10,-1,10,26,27,-1,10,27,13,-1,19,28,6,-1,6,28,29,-1,6,29,7,-1,7,29,30,-1,7,30,20,-1,23,31,7,-1,7,31,32,-1,7,32,33,-1,34,35,32,-1,32,35,36,-1,32,36,37,-1,37,38,32,-1,32,38,39,-1,32,39,33,-1,40,41,42,-1,43,44,1,-1,45,46,0,-1,0,46,47,-1,0,47,48,-1,42,49,50,-1,51,52,45,-1,1,44,53,-1,53,44,54,-1,53,54,55,-1,55,54,56,-1,55,56,41,-1,41,56,57,-1,41,57,42,-1,50,58,42,-1,42,58,59,-1,42,59,40,-1,48,60,0,-1,0,60,61,-1,0,61,1,-1,1,61,62,-1,1,62,43,-1,45,0,51,-1,51,0,63,-1,51,63,64,-1,64,65,51,-1,51,65,66,-1,51,66,67,-1,67,66,68,-1,67,68,69,-1,
        ]
    }
}
Shape{
    appearance Appearance {
        material  Material 	{
            diffuseColor 0.7764705882352941 0.7568627450980392 0.7372549019607844
            specularColor 0.38823529411764707 0.3764705882352941 0.3686274509803922
            ambientIntensity 0.7605
            transparency 0.0
            shininess 0.5
        }
    }
    geometry IndexedFaceSet {
        ccw TRUE
        solid FALSE
        coord DEF co Coordinate {
            point [
                0.6098 0.0 0.0394, 0.6097 -0.0007 0.0394, 0.6058 -0.0306 -0.9449, 0.6058 -0.0306 0.0394, 0.594 -0.0591 0.0394, 0.594 -0.0591 -0.9449, 0.5753 -0.0835 0.0394, 0.5753 -0.0835 -0.9449, 0.5508 -0.1023 0.0394, 0.5508 -0.1023 -0.9449, 0.5223 -0.1141 0.0394, 0.5223 -0.1141 -0.9449, 0.4917 -0.1181 0.0394, 0.4917 -0.1181 -0.9449, 0.4612 -0.1141 0.0394, 0.4612 -0.1141 -0.9449, 0.4327 -0.1023 0.0394, 0.4327 -0.1023 -0.9449, 0.4082 -0.0835 0.0394, 0.4082 -0.0835 -0.9449, 0.3894 -0.0591 0.0394, 0.3894 -0.0591 -0.9449, 0.3776 -0.0306 0.0394, 0.3776 -0.0306 -0.9449, 0.3737 -0.0007 0.0394, 0.3736 0.0 -0.9449, 0.6098 0.0 -0.9449, 0.6058 0.0306 -0.9449, 0.6058 0.0306 0.0394, 0.594 0.0591 -0.9449, 0.594 0.0591 0.0394, 0.5753 0.0835 -0.9449, 0.5753 0.0835 0.0394, 0.5508 0.1023 -0.9449, 0.5508 0.1023 0.0394, 0.5223 0.1141 -0.9449, 0.5223 0.1141 0.0394, 0.4917 0.1181 -0.9449, 0.4917 0.1181 0.0394, 0.4612 0.1141 -0.9449, 0.4612 0.1141 0.0394, 0.4327 0.1023 -0.9449, 0.4327 0.1023 0.0394, 0.4082 0.0835 -0.9449, 0.4082 0.0835 0.0394, 0.3894 0.0591 -0.9449, 0.3894 0.0591 0.0394, 0.3776 0.0306 -0.9449, 0.3776 0.0306 0.0394, 0.3736 0.0 0.0394, 0.4917 0.0 -0.9449
            ]
        }
        coordIndex [
            0,1,2,-1,1,3,2,-1,2,3,4,-1,2,4,5,-1,5,4,6,-1,5,6,7,-1,7,6,8,-1,7,8,9,-1,9,8,10,-1,9,10,11,-1,11,10,12,-1,11,12,13,-1,13,12,14,-1,13,14,15,-1,15,14,16,-1,15,16,17,-1,17,16,18,-1,17,18,19,-1,19,18,20,-1,19,20,21,-1,21,20,22,-1,21,22,23,-1,23,22,24,-1,23,24,25,-1,2,26,0,-1,0,26,27,-1,0,27,28,-1,28,27,29,-1,28,29,30,-1,30,29,31,-1,30,31,32,-1,32,31,33,-1,32,33,34,-1,34,33,35,-1,34,35,36,-1,36,35,37,-1,36,37,38,-1,38,37,39,-1,38,39,40,-1,40,39,41,-1,40,41,42,-1,42,41,43,-1,42,43,44,-1,44,43,45,-1,44,45,46,-1,46,45,47,-1,46,47,48,-1,48,47,25,-1,48,25,49,-1,49,25,24,-1,21,23,50,-1,50,23,25,-1,50,25,47,-1,15,17,50,-1,50,17,19,-1,50,19,21,-1,9,11,50,-1,50,11,13,-1,50,13,15,-1,2,5,50,-1,50,5,7,-1,50,7,9,-1,29,27,50,-1,50,27,26,-1,50,26,2,-1,35,33,50,-1,50,33,31,-1,50,31,29,-1,41,39,50,-1,50,39,37,-1,50,37,35,-1,47,45,50,-1,50,45,43,-1,50,43,41,-1,
        ]
    }
}
Shape{
    appearance Appearance {
        material  Material 	{
            diffuseColor 1.0 1.0 1.0
            specularColor 0.8784313725490196 0.8784313725490196 0.8784313725490196
            ambientIntensity 1.0
            transparency 0.0
            shininess 0.5
        }
    }
    geometry IndexedFaceSet {
        ccw TRUE
        solid FALSE
        coord DEF co Coordinate {
            point [
                -0.1983 0.0331 0.0394, -0.1983 0.0331 0.2362, -0.1871 0.0 0.0394, -0.1871 0.0 0.2362, -0.2471 0.0331 0.0394, -0.2471 0.0331 0.2362, -0.2591 0.0 0.0394, -0.2591 0.0 0.2362, -0.2764 0.0 0.0394, -0.2764 0.0 0.2362, -0.2303 0.1181 0.0394, -0.2303 0.1181 0.2362, -0.2144 0.1181 0.0394, -0.2144 0.1181 0.2362, -0.1698 0.0 0.0394, -0.1698 0.0 0.2362, -0.2023 0.0461 0.2362, -0.22 0.0954 0.2362, -0.223 0.0996 0.2362, -0.2218 0.1037 0.2362, -0.2211 0.0995 0.2362, -0.2418 0.0461 0.2362, -0.224 0.0954 0.2362, -0.2023 0.0461 0.0394, -0.22 0.0954 0.0394, -0.2418 0.0461 0.0394, -0.224 0.0954 0.0394, -0.223 0.0996 0.0394, -0.2218 0.1037 0.0394, -0.2211 0.0995 0.0394, -0.0661 0.0 0.0394, -0.0661 0.0 0.2362, -0.0661 0.1181 0.0394, -0.0661 0.1181 0.2362, -0.0982 -0.0 0.0394, -0.0982 -0.0 0.2362, -0.1611 0.0605 0.0394, -0.1611 0.0605 0.2362, -0.1593 0.0535 0.2362, -0.1593 0.0535 0.0394, -0.1501 0.0269 0.2362, -0.1501 0.0269 0.0394, -0.1437 0.0172 0.2362, -0.1437 0.0172 0.0394, -0.1374 0.0115 0.2362, -0.1374 0.0115 0.0394, -0.1293 0.0071 0.2362, -0.1293 0.0071 0.0394, -0.1173 0.0033 0.2362, -0.1173 0.0033 0.0394, -0.0994 0.1181 0.0394, -0.0994 0.1181 0.2362, -0.1075 0.1165 0.2362, -0.1075 0.1165 0.0394, -0.1329 0.109 0.2362, -0.1329 0.109 0.0394, -0.1425 0.1034 0.2362, -0.1425 0.1034 0.0394, -0.1483 0.0976 0.2362, -0.1483 0.0976 0.0394, -0.1529 0.09 0.2362, -0.1529 0.09 0.0394, -0.1571 0.0786 0.2362, -0.1571 0.0786 0.0394
            ]
        }
        coordIndex [
            0,1,2,-1,2,1,3,-1,4,5,0,-1,0,5,1,-1,6,7,4,-1,4,7,5,-1,8,9,6,-1,6,9,7,-1,10,11,8,-1,8,11,9,-1,12,13,10,-1,10,13,11,-1,14,15,12,-1,12,15,13,-1,14,2,15,-1,15,2,3,-1,16,17,13,-1,15,3,1,-1,18,11,19,-1,19,11,13,-1,19,13,20,-1,20,13,17,-1,13,15,16,-1,16,15,1,-1,16,1,21,-1,21,1,5,-1,18,22,11,-1,11,22,21,-1,11,21,9,-1,9,21,5,-1,9,5,7,-1,16,23,17,-1,17,23,24,-1,21,25,16,-1,16,25,23,-1,22,26,21,-1,21,26,25,-1,26,22,18,-1,26,18,27,-1,27,18,19,-1,27,19,28,-1,28,19,20,-1,28,20,29,-1,29,20,17,-1,29,17,24,-1,30,31,32,-1,32,31,33,-1,34,35,30,-1,30,35,31,-1,36,37,38,-1,36,38,39,-1,39,38,40,-1,39,40,41,-1,41,40,42,-1,41,42,43,-1,43,42,44,-1,43,44,45,-1,45,44,46,-1,45,46,47,-1,47,46,48,-1,47,48,49,-1,49,48,35,-1,49,35,34,-1,50,51,52,-1,50,52,53,-1,53,52,54,-1,53,54,55,-1,55,54,56,-1,55,56,57,-1,57,56,58,-1,57,58,59,-1,59,58,60,-1,59,60,61,-1,61,60,62,-1,61,62,63,-1,63,62,37,-1,63,37,36,-1,50,32,51,-1,51,32,33,-1,
        ]
    }
}
Shape{
    appearance Appearance {
        material  Material 	{
            diffuseColor 0.7764705882352941 0.7568627450980392 0.7372549019607844
            specularColor 0.38823529411764707 0.3764705882352941 0.3686274509803922
            ambientIntensity 0.7605
            transparency 0.0
            shininess 0.5
        }
    }
    geometry IndexedFaceSet {
        ccw TRUE
        solid FALSE
        coord DEF co Coordinate {
            point [
                -0.1219 0.1006 0.2362, -0.1279 0.0975 0.2362, -0.1329 0.109 0.2362, -0.1425 0.1034 0.2362, -0.1322 0.0939 0.2362, -0.1483 0.0976 0.2362, -0.1366 0.0879 0.2362, -0.1529 0.09 0.2362, -0.1413 0.0762 0.2362, -0.1571 0.0786 0.2362, -0.1611 0.0605 0.2362, -0.1453 0.0602 0.2362, -0.1593 0.0535 0.2362, -0.1431 0.046 0.2362, -0.1501 0.0269 0.2362, -0.1405 0.037 0.2362, -0.1374 0.0308 0.2362, -0.1437 0.0172 0.2362, -0.1336 0.0263 0.2362, -0.1374 0.0115 0.2362, -0.1274 0.0219 0.2362, -0.1293 0.0071 0.2362, -0.1153 0.017 0.2362, -0.1131 0.103 0.2362, -0.1075 0.1165 0.2362, -0.0993 0.1051 0.2362, -0.0994 0.1181 0.2362, -0.0819 0.1051 0.2362, -0.0661 0.1181 0.2362, -0.0819 0.013 0.2362, -0.0661 0.0 0.2362, -0.0987 0.013 0.2362, -0.0982 -0.0 0.2362, -0.1173 0.0033 0.2362
            ]
        }
        coordIndex [
            0,1,2,-1,2,1,3,-1,3,1,4,-1,3,4,5,-1,5,4,6,-1,5,6,7,-1,7,6,8,-1,7,8,9,-1,9,8,10,-1,10,8,11,-1,10,11,12,-1,12,11,13,-1,12,13,14,-1,13,15,14,-1,14,15,16,-1,14,16,17,-1,17,16,18,-1,17,18,19,-1,19,18,20,-1,19,20,21,-1,21,20,22,-1,0,2,23,-1,23,2,24,-1,23,24,25,-1,25,24,26,-1,25,26,27,-1,27,26,28,-1,27,28,29,-1,29,28,30,-1,29,30,31,-1,31,30,32,-1,31,32,22,-1,22,32,33,-1,22,33,21,-1,
        ]
    }
}
Shape{
    appearance Appearance {
        material  Material 	{
            diffuseColor 1.0 1.0 1.0
            specularColor 0.8784313725490196 0.8784313725490196 0.8784313725490196
            ambientIntensity 1.0
            transparency 0.0
            shininess 0.5
        }
    }
    geometry IndexedFaceSet {
        ccw TRUE
        solid FALSE
        coord DEF co Coordinate {
            point [
                -0.1453 0.0602 0.0394, -0.1453 0.0602 0.2362, -0.1413 0.0762 0.2362, -0.1413 0.0762 0.0394, -0.1366 0.0879 0.2362, -0.1366 0.0879 0.0394, -0.1322 0.0939 0.2362, -0.1322 0.0939 0.0394, -0.1279 0.0975 0.2362, -0.1279 0.0975 0.0394, -0.1219 0.1006 0.2362, -0.1219 0.1006 0.0394, -0.1131 0.103 0.2362, -0.1131 0.103 0.0394, -0.0993 0.1051 0.2362, -0.0993 0.1051 0.0394, -0.0819 0.1051 0.2362, -0.0819 0.1051 0.0394, -0.0819 0.013 0.2362, -0.0819 0.013 0.0394, -0.0987 0.013 0.2362, -0.0987 0.013 0.0394, -0.1153 0.017 0.2362, -0.1153 0.017 0.0394, -0.1274 0.0219 0.2362, -0.1274 0.0219 0.0394, -0.1336 0.0263 0.2362, -0.1336 0.0263 0.0394, -0.1374 0.0308 0.2362, -0.1374 0.0308 0.0394, -0.1405 0.037 0.2362, -0.1405 0.037 0.0394, -0.1431 0.046 0.2362, -0.1431 0.046 0.0394, -0.0373 0.0663 0.0394, -0.0373 0.0663 0.2362, -0.0373 0.0533 0.0394, -0.0373 0.0533 0.2362, 0.0045 0.0663 0.0394, 0.0045 0.0663 0.2362, 0.0045 0.1051 0.0394, 0.0045 0.1051 0.2362, -0.0402 0.1051 0.0394, -0.0402 0.1051 0.2362, -0.0402 0.1181 0.0394, -0.0402 0.1181 0.2362, 0.0203 0.1181 0.0394, 0.0203 0.1181 0.2362, 0.0203 0.0 0.0394, 0.0203 0.0 0.2362, -0.043 0.0 0.0394, -0.043 0.0 0.2362, -0.043 0.013 0.0394, -0.043 0.013 0.2362, 0.0045 0.013 0.0394, 0.0045 0.013 0.2362, 0.0045 0.0533 0.0394, 0.0045 0.0533 0.2362, 0.0434 0.099 0.0394, 0.0434 0.099 0.2362, 0.0567 0.1047 0.2362, 0.0567 0.1047 0.0394, 0.071 0.1066 0.2362, 0.071 0.1066 0.0394, 0.0434 0.1149 0.0394, 0.0434 0.1149 0.2362, 0.0712 0.1196 0.0394, 0.0712 0.1196 0.2362, 0.0605 0.1188 0.0394, 0.057 0.1186 0.2362, 0.057 0.1186 0.0394, 0.1312 0.0568 0.0394, 0.1312 0.0568 0.2362, 0.1298 0.0636 0.2362, 0.1298 0.0636 0.0394, 0.1216 0.0906 0.2362, 0.1216 0.0906 0.0394, 0.1156 0.1006 0.2362, 0.1156 0.1006 0.0394, 0.1096 0.1066 0.2362, 0.1096 0.1066 0.0394, 0.1017 0.1113 0.2362, 0.1017 0.1113 0.0394, 0.0899 0.1155 0.2362, 0.0899 0.1155 0.0394, 0.0745 0.1188 0.0394, 0.0759 -0.0014 0.0394, 0.0759 -0.0014 0.2362, 0.0786 -0.0007 0.0394, 0.0853 0.001 0.2362, 0.0853 0.001 0.0394, 0.1076 0.0091 0.2362, 0.1076 0.0091 0.0394, 0.1161 0.015 0.2362, 0.1161 0.015 0.0394, 0.1212 0.0207 0.2362, 0.1212 0.0207 0.0394, 0.1252 0.0283 0.2362, 0.1252 0.0283 0.0394, 0.1284 0.0393 0.2362, 0.1284 0.0393 0.0394, 0.0592 0.0002 0.0394, 0.0434 0.0061 0.0394, 0.0592 0.0002 0.2362, 0.0434 0.0061 0.2362, 0.0687 -0.0007 0.0394, 0.0434 0.0191 0.0394, 0.0434 0.0191 0.2362, 0.0737 0.0115 0.0394, 0.0737 0.0115 0.2362, 0.058 0.0133 0.2362, 0.058 0.0133 0.0394, 0.1154 0.0578 0.0394, 0.1154 0.0578 0.2362, 0.1126 0.0435 0.2362, 0.1126 0.0435 0.0394, 0.1085 0.031 0.2362, 0.1085 0.031 0.0394, 0.1045 0.0247 0.2362, 0.1045 0.0247 0.0394, 0.1008 0.0211 0.2362, 0.1008 0.0211 0.0394, 0.0952 0.0177 0.2362, 0.0952 0.0177 0.0394, 0.0869 0.0146 0.2362, 0.0869 0.0146 0.0394, 0.0769 0.1049 0.2362, 0.0769 0.1049 0.0394, 0.0963 0.0975 0.2362, 0.0963 0.0975 0.0394, 0.1034 0.0925 0.2362, 0.1034 0.0925 0.0394, 0.1076 0.0877 0.2362, 0.1076 0.0877 0.0394, 0.1108 0.0814 0.2362, 0.1108 0.0814 0.0394, 0.1133 0.0723 0.2362, 0.1133 0.0723 0.0394, 0.2018 0.0 0.0394, 0.2018 0.0 0.2362, 0.2018 0.1181 0.0394, 0.2018 0.1181 0.2362, 0.1413 0.0 0.0394, 0.1413 0.0 0.2362, 0.1413 0.013 0.0394, 0.1413 0.013 0.2362, 0.186 0.013 0.0394, 0.186 0.013 0.2362, 0.186 0.1181 0.0394, 0.186 0.1181 0.2362
            ]
        }
        coordIndex [
            0,1,2,-1,0,2,3,-1,3,2,4,-1,3,4,5,-1,5,4,6,-1,5,6,7,-1,7,6,8,-1,7,8,9,-1,9,8,10,-1,9,10,11,-1,11,10,12,-1,11,12,13,-1,13,12,14,-1,13,14,15,-1,16,17,14,-1,14,17,15,-1,18,19,16,-1,16,19,17,-1,20,21,18,-1,18,21,19,-1,21,20,22,-1,21,22,23,-1,23,22,24,-1,23,24,25,-1,25,24,26,-1,25,26,27,-1,27,26,28,-1,27,28,29,-1,29,28,30,-1,29,30,31,-1,31,30,32,-1,31,32,33,-1,33,32,1,-1,33,1,0,-1,34,35,36,-1,36,35,37,-1,38,39,34,-1,34,39,35,-1,40,41,38,-1,38,41,39,-1,42,43,40,-1,40,43,41,-1,44,45,42,-1,42,45,43,-1,46,47,44,-1,44,47,45,-1,48,49,46,-1,46,49,47,-1,50,51,48,-1,48,51,49,-1,52,53,50,-1,50,53,51,-1,54,55,52,-1,52,55,53,-1,56,57,54,-1,54,57,55,-1,56,36,57,-1,57,36,37,-1,49,51,53,-1,53,55,49,-1,49,55,57,-1,49,57,47,-1,43,45,41,-1,41,45,47,-1,41,47,39,-1,39,47,57,-1,39,57,35,-1,35,57,37,-1,58,59,60,-1,58,60,61,-1,61,60,62,-1,61,62,63,-1,64,65,58,-1,58,65,59,-1,66,67,68,-1,68,67,69,-1,68,69,70,-1,70,69,65,-1,70,65,64,-1,71,72,73,-1,71,73,74,-1,74,73,75,-1,74,75,76,-1,76,75,77,-1,76,77,78,-1,78,77,79,-1,78,79,80,-1,80,79,81,-1,80,81,82,-1,82,81,83,-1,82,83,84,-1,84,83,85,-1,85,83,67,-1,85,67,66,-1,86,87,88,-1,88,87,89,-1,88,89,90,-1,90,89,91,-1,90,91,92,-1,92,91,93,-1,92,93,94,-1,94,93,95,-1,94,95,96,-1,96,95,97,-1,96,97,98,-1,98,97,99,-1,98,99,100,-1,100,99,72,-1,100,72,71,-1,101,102,103,-1,103,102,104,-1,101,103,105,-1,105,103,87,-1,105,87,86,-1,106,107,102,-1,102,107,104,-1,108,109,110,-1,108,110,111,-1,111,110,107,-1,111,107,106,-1,112,113,114,-1,112,114,115,-1,115,114,116,-1,115,116,117,-1,117,116,118,-1,117,118,119,-1,119,118,120,-1,119,120,121,-1,121,120,122,-1,121,122,123,-1,123,122,124,-1,123,124,125,-1,125,124,109,-1,125,109,108,-1,63,62,126,-1,63,126,127,-1,127,126,128,-1,127,128,129,-1,129,128,130,-1,129,130,131,-1,131,130,132,-1,131,132,133,-1,133,132,134,-1,133,134,135,-1,135,134,136,-1,135,136,137,-1,137,136,113,-1,137,113,112,-1,59,65,60,-1,60,65,69,-1,60,69,62,-1,62,69,67,-1,62,67,126,-1,126,67,83,-1,126,83,128,-1,114,97,116,-1,116,97,95,-1,116,95,118,-1,118,95,93,-1,118,93,120,-1,120,93,91,-1,83,81,128,-1,128,81,79,-1,128,79,130,-1,130,79,77,-1,130,77,132,-1,132,77,75,-1,132,75,134,-1,104,107,103,-1,103,107,110,-1,103,110,87,-1,87,110,109,-1,87,109,89,-1,89,109,124,-1,89,124,91,-1,91,124,122,-1,91,122,120,-1,134,75,136,-1,136,75,73,-1,136,73,113,-1,113,73,72,-1,113,72,114,-1,114,72,99,-1,114,99,97,-1,138,139,140,-1,140,139,141,-1,142,143,138,-1,138,143,139,-1,144,145,142,-1,142,145,143,-1,146,147,144,-1,144,147,145,-1,148,149,146,-1,146,149,147,-1,148,140,149,-1,149,140,141,-1,149,141,147,-1,147,141,139,-1,147,139,145,-1,145,139,143,-1,
        ]
    }
}
Shape{
    appearance Appearance {
        material  Material 	{
            diffuseColor 0.10980392156862745 0.10980392156862745 0.10980392156862745
            specularColor 0.0784313725490196 0.0784313725490196 0.0784313725490196
            ambientIntensity 0.1098
            transparency 0.0
            shininess 0.5
        }
    }
    geometry IndexedFaceSet {
        ccw TRUE
        solid FALSE
        coord DEF co Coordinate {
            point [
                -0.2023 0.0461 0.0394, -0.2418 0.0461 0.0394, -0.22 0.0954 0.0394, -0.224 0.0954 0.0394, -0.2211 0.0995 0.0394, -0.223 0.0996 0.0394, -0.2218 0.1037 0.0394, -0.0993 0.1051 0.0394, -0.0819 0.1051 0.0394, -0.1431 0.046 0.0394, -0.1405 0.037 0.0394, -0.1219 0.1006 0.0394, -0.1131 0.103 0.0394, -0.1413 0.0762 0.0394, -0.1453 0.0602 0.0394, -0.0819 0.013 0.0394, -0.0987 0.013 0.0394, -0.1153 0.017 0.0394, -0.1274 0.0219 0.0394, -0.1336 0.0263 0.0394, -0.1374 0.0308 0.0394, -0.1279 0.0975 0.0394, -0.1366 0.0879 0.0394, -0.1322 0.0939 0.0394
            ]
        }
        coordIndex [
            0,1,2,-1,2,1,3,-1,2,3,4,-1,4,3,5,-1,4,5,6,-1,7,8,9,-1,9,8,10,-1,11,12,13,-1,7,9,12,-1,12,9,14,-1,12,14,13,-1,15,16,8,-1,8,16,17,-1,8,17,18,-1,18,19,8,-1,8,19,20,-1,8,20,10,-1,11,13,21,-1,21,13,22,-1,21,22,23,-1,
        ]
    }
}