#VRML V2.0 utf8
# 3D model generated by easyeda2kicad.py (https://github.com/uPesy/easyeda2kicad.py)

Shape{
    appearance Appearance {
        material  Material 	{
            diffuseColor 0.25098039215686274 0.25098039215686274 0.25098039215686274
            specularColor 0.12549019607843137 0.12549019607843137 0.12549019607843137
            ambientIntensity 0.251
            transparency 0.0
            shininess 0.5
        }
    }
    geometry IndexedFaceSet {
        ccw TRUE
        solid FALSE
        coord DEF co Coordinate {
            point [
                2.3929 -1.5272 1.9209, 2.3929 -1.5272 1.8027, 2.3929 -1.4741 1.8027, 2.3929 -2.3923 2.0356, 2.3929 -2.5256 2.0356, 2.3929 -2.5256 1.9962, 2.3929 -1.3188 1.5748, 2.3929 -1.32 1.5747, 2.3929 -1.2887 1.5747, 2.3929 -1.3471 1.5753, 2.3929 -1.3497 1.5763, 2.3929 -1.3497 1.5747, 2.3929 -1.8365 1.9334, 2.3929 -1.8201 1.9221, 2.3929 -1.5991 1.9221, 2.3929 -1.7989 1.9074, 2.3929 -1.7664 1.8695, 2.3929 -1.6613 1.7472, 2.3929 -1.5991 1.7472, 2.3929 -1.6697 1.7681, 2.3929 -1.689 1.7951, 2.3929 -1.7148 1.8169, 2.3929 -1.7477 1.8325, 2.3929 -1.743 1.8309, 2.3929 -2.0154 1.9358, 2.3929 -1.9714 1.9518, 2.3929 -2.3923 1.9962, 2.3929 -1.9279 1.9567, 2.3929 -1.5991 1.9962, 2.3929 -1.8837 1.9515, 2.3929 -2.038 1.9221, 2.3929 -2.3923 1.9221, 2.3929 -2.0418 1.9197, 2.3929 -2.2588 1.7353, 2.3929 -2.2567 1.7472, 2.3929 -2.3923 1.7472, 2.3929 -2.2524 1.771, 2.3929 -2.2373 1.8051, 2.3929 -2.2145 1.8344, 2.3929 -2.1427 1.8753, 2.3929 -2.1054 1.8799, 2.3929 -2.0641 1.9007, 2.3929 -2.0944 1.8793, 2.3929 -2.0835 1.878, 2.3929 -2.2081 1.8404, 2.3929 -2.1779 1.8616, 2.3929 -2.1433 1.5772, 2.3929 -2.1553 1.5808, 2.3929 -2.3923 1.5747, 2.3929 -2.1896 1.5975, 2.3929 -2.2192 1.6228, 2.3929 -2.2409 1.6537, 2.3929 -2.2545 1.689, 2.3929 -2.2591 1.7262, 2.3929 -2.1011 1.5255, 2.3929 -2.1197 1.5394, 2.3929 -2.3923 1.5218, 2.3929 -2.1338 1.5569, 2.3929 -2.1421 1.5747, 2.3929 -2.3923 -0.0117, 2.3929 -2.0792 1.5163, 2.3929 -2.0924 1.5218, 2.3929 -2.0139 1.5218, 2.3929 -2.0302 1.5155, 2.3929 -1.5991 -0.0117, 2.3929 -2.0532 1.5127, 2.3929 -2.0568 1.5128, 2.3929 -1.9643 1.5747, 2.3929 -1.9644 1.5743, 2.3929 -1.5991 1.5218, 2.3929 -1.9756 1.5531, 2.3929 -1.9901 1.5368, 2.3929 -2.009 1.5237, 2.3929 -1.8431 1.6306, 2.3929 -1.8366 1.6332, 2.3929 -1.8255 1.6873, 2.3929 -1.982 1.6712, 2.3929 -1.8549 1.7376, 2.3929 -1.9986 1.6863, 2.3929 -2.0187 1.697, 2.3929 -1.8489 1.6265, 2.3929 -1.67 1.6443, 2.3929 -1.6888 1.618, 2.3929 -1.5991 1.5747, 2.3929 -1.713 1.7155, 2.3929 -1.7175 1.7338, 2.3929 -1.7247 1.7472, 2.3929 -2.1969 1.7472, 2.3929 -1.6581 1.7391, 2.3929 -1.6537 1.7082, 2.3929 -1.6581 1.6743, 2.3929 -1.8293 1.6342, 2.3929 -1.8283 1.6341, 2.3929 -1.8255 1.6335, 2.3929 -2.1913 1.6902, 2.3929 -2.18 1.671, 2.3929 -2.1319 1.6612, 2.3929 -2.163 1.6535, 2.3929 -2.1424 1.6408, 2.3929 -2.0968 1.6926, 2.3929 -2.1162 1.6791, 2.3929 -2.1993 1.7281, 2.3929 -2.1982 1.7135, 2.3929 -2.0758 1.7006, 2.3929 -2.0532 1.7034, 2.3929 -2.0416 1.7027, 2.3929 -1.7146 1.5962, 2.3929 -1.7436 1.582, 2.3929 -1.7752 1.5753, 2.3929 -1.8587 1.6047, 2.3929 -1.8584 1.6085, 2.3929 -1.9583 1.6171, 2.3929 -1.8565 1.6157, 2.3929 -1.8529 1.6222, 2.3929 -1.7318 1.657, 2.3929 -1.7214 1.6718, 2.3929 -1.7148 1.6887, 2.3929 -1.7125 1.7072, 2.3929 -1.8312 1.5753, 2.3929 -1.8365 1.5762, 2.3929 -1.8428 1.5787, 2.3929 -1.8489 1.583, 2.3929 -1.8511 1.5853, 2.3929 -1.8553 1.5912, 2.3929 -1.8578 1.5977, 2.3929 -1.9588 1.5977, 2.3929 -1.9583 1.6076, 2.3929 -1.8236 1.6332, 2.3929 -1.7809 1.6332, 2.3929 -1.7638 1.6365, 2.3929 -1.7471 1.6442, 2.3929 -1.7331 1.6557, 2.3929 -1.8146 1.8382, 2.3929 -1.836 1.8638, 2.3929 -2.0541 1.8087, 2.3929 -1.8384 1.866, 2.3929 -1.8651 1.8845, 2.3929 -2.0396 1.8387, 2.3929 -2.0609 1.8124, 2.3929 -2.0822 1.8202, 2.3929 -1.7263 1.7501, 2.3929 -1.7372 1.7623, 2.3929 -1.7866 1.7812, 2.3929 -1.7519 1.7726, 2.3929 -1.7685 1.779, 2.3929 -1.7941 1.7812, 2.3929 -1.8 1.8076, 2.3929 -2.1377 1.8169, 2.3929 -2.1589 1.8057, 2.3929 -2.1143 1.8225, 2.3929 -2.1752 1.7911, 2.3929 -2.1883 1.7722, 2.3929 -2.0183 1.8642, 2.3929 -1.8948 1.8959, 2.3929 -1.9929 1.8828, 2.3929 -1.927 1.8998, 2.3929 -1.9619 1.8953, 2.3929 -2.1044 1.823, 2.3929 -2.1965 1.7511, 2.3929 -1.1326 1.5747, 2.3929 -1.0905 1.5747, 2.3929 -1.1031 1.5758, 2.3929 -1.1031 1.591, 2.3929 -1.0905 1.7472, 2.3929 -1.1061 1.6939, 2.3929 -1.1576 1.6939, 2.3929 -1.1576 1.6512, 2.3929 -1.1326 1.6939, 2.3929 -1.1326 1.6512, 2.3929 -1.1099 1.6512, 2.3929 -1.1099 1.6359, 2.3929 -1.1326 1.591, 2.3929 -1.1326 1.6359, 2.3929 -1.1576 1.591, 2.3929 -1.1576 1.6359, 2.3929 -1.1326 1.5758, 2.3929 -1.1749 1.5758, 2.3929 -1.1839 1.5747, 2.3929 -1.1749 1.7092, 2.3929 -1.4531 1.6167, 2.3929 -1.4497 1.6214, 2.3929 -1.4473 1.6482, 2.3929 -1.3574 1.5964, 2.3929 -1.3801 1.6371, 2.3929 -1.3574 1.5791, 2.3929 -1.3801 1.5758, 2.3929 -1.4052 1.5808, 2.3929 -1.411 1.577, 2.3929 -1.3968 1.5758, 2.3929 -1.4173 1.5747, 2.3929 -1.4428 1.5771, 2.3929 -1.4626 1.5747, 2.3929 -1.4364 1.5747, 2.3929 -1.4361 1.5747, 2.3929 -1.4538 1.588, 2.3929 -1.4558 1.5937, 2.3929 -1.4567 1.6013, 2.3929 -1.4445 1.6258, 2.3929 -1.4373 1.6295, 2.3929 -1.4374 1.6547, 2.3929 -1.425 1.6324, 2.3929 -1.4104 1.6591, 2.3929 -1.4161 1.6597, 2.3929 -1.4269 1.6585, 2.3929 -1.4485 1.581, 2.3929 -1.4503 1.5829, 2.3929 -1.3968 1.5905, 2.3929 -1.3972 1.5905, 2.3929 -1.3999 1.5864, 2.3929 -1.4626 1.7472, 2.3929 -1.4566 1.6037, 2.3929 -1.4555 1.6108, 2.3929 -1.3509 1.5923, 2.3929 -1.3497 1.5919, 2.3929 -1.3497 1.6273, 2.3929 -1.4473 1.6644, 2.3929 -1.4439 1.6664, 2.3929 -1.4314 1.6712, 2.3929 -1.3813 1.6496, 2.3929 -1.3566 1.6389, 2.3929 -1.3567 1.6514, 2.3929 -1.3547 1.6567, 2.3929 -1.3873 1.6627, 2.3929 -1.4145 1.6733, 2.3929 -1.4043 1.6723, 2.3929 -1.3973 1.6702, 2.3929 -1.3968 1.6364, 2.3929 -1.3974 1.6438, 2.3929 -1.3991 1.6497, 2.3929 -1.4011 1.6532, 2.3929 -1.3839 1.6573, 2.3929 -1.3573 1.6454, 2.3929 -1.3498 1.6274, 2.3929 -1.3526 1.6303, 2.3929 -1.3548 1.6338, 2.3929 -1.4036 1.6558, 2.3929 -1.4066 1.6578, 2.3929 -1.3413 1.5747, 2.3929 -1.3497 1.5218, 2.3929 -1.3316 1.5735, 2.3929 -1.2976 1.6691, 2.3929 -1.2976 1.6528, 2.3929 -1.2938 1.595, 2.3929 -1.2959 1.5897, 2.3929 -1.299 1.5853, 2.3929 -1.3516 1.6613, 2.3929 -1.3497 1.6629, 2.3929 -1.3497 1.7472, 2.3929 -1.3466 1.6657, 2.3929 -1.3413 1.6688, 2.3929 -1.3321 1.672, 2.3929 -1.3202 1.6733, 2.3929 -1.2887 1.7472, 2.3929 -1.3086 1.6723, 2.3929 -1.2986 1.6175, 2.3929 -1.2955 1.6129, 2.3929 -1.2937 1.6079, 2.3929 -1.2931 1.6017, 2.3929 -1.3038 1.5811, 2.3929 -1.3094 1.5779, 2.3929 -1.3218 1.6597, 2.3929 -1.3268 1.6593, 2.3929 -1.3401 1.6469, 2.3929 -1.3313 1.6582, 2.3929 -1.335 1.6562, 2.3929 -1.3399 1.6447, 2.3929 -1.3393 1.6421, 2.3929 -1.3381 1.6398, 2.3929 -1.3364 1.638, 2.3929 -1.3306 1.6343, 2.3929 -1.311 1.6585, 2.3929 -1.3202 1.6298, 2.3929 -1.3015 1.6551, 2.3929 -1.3137 1.6272, 2.3929 -1.3026 1.621, 2.3929 -1.3375 1.6539, 2.3929 -1.339 1.6518, 2.3929 -1.3398 1.6495, 2.3929 -1.3404 1.5884, 2.3929 -1.332 1.6177, 2.3929 -1.342 1.6222, 2.3929 -1.3299 1.5872, 2.3929 -1.3292 1.5872, 2.3929 -1.321 1.6131, 2.3929 -1.3206 1.5881, 2.3929 -1.3102 1.6001, 2.3929 -1.3104 1.6022, 2.3929 -1.3163 1.5897, 2.3929 -1.3148 1.5907, 2.3929 -1.3129 1.5924, 2.3929 -1.3114 1.5945, 2.3929 -1.3106 1.5969, 2.3929 -1.3111 1.6048, 2.3929 -1.3124 1.607, 2.3929 -1.3145 1.6092, 2.3929 -1.0905 1.8885, 2.3929 -1.0781 1.9209, 2.3929 -1.0905 1.9221, 2.3929 -1.0597 1.9209, 2.3929 -1.0415 1.824, 2.3929 -1.0905 1.824, 2.3929 -1.0279 1.7875, 2.3929 -1.0089 1.7875, 2.3929 -0.7539 1.7472, 2.3929 -0.7539 1.9221, 2.3929 -1.1289 1.7875, 2.3929 -1.1326 1.7472, 2.3929 -1.1099 1.7875, 2.3929 -1.0971 1.824, 2.3929 -1.245 1.7875, 2.3929 -1.245 1.9209, 2.3929 -1.2576 1.9221, 2.3929 -1.2069 1.9209, 2.3929 -1.1839 1.9221, 2.3929 -1.14 1.8318, 2.3929 -1.1466 1.818, 2.3929 -1.1367 1.8474, 2.3929 -1.1326 1.9221, 2.3929 -1.1386 1.8743, 2.3929 -1.1363 1.8559, 2.3929 -1.1565 1.8062, 2.3929 -1.1705 1.7962, 2.3929 -1.1839 1.7472, 2.3929 -1.1839 1.7909, 2.3929 -1.1857 1.7902, 2.3929 -1.1565 1.9033, 2.3929 -1.1517 1.8986, 2.3929 -1.1435 1.887, 2.3929 -1.1865 1.9187, 2.3929 -1.1839 1.9177, 2.3929 -1.1704 1.9128, 2.3929 -1.2887 1.9221, 2.3929 -1.2732 1.9209, 2.3929 -1.2887 1.9209, 2.3929 -1.2083 1.7875, 2.3929 -1.2576 1.7472, 2.3929 -1.2732 1.9056, 2.3929 -1.3247 1.9056, 2.3929 -1.3247 1.8629, 2.3929 -1.2887 1.9056, 2.3929 -1.2887 1.8629, 2.3929 -1.277 1.8629, 2.3929 -1.277 1.8476, 2.3929 -1.3247 1.8476, 2.3929 -1.3247 1.8027, 2.3929 -1.2887 1.8476, 2.3929 -1.2887 1.8027, 2.3929 -1.2702 1.8027, 2.3929 -1.2702 1.7875, 2.3929 -1.2887 1.7875, 2.3929 -1.342 1.9209, 2.3929 -1.3497 1.9221, 2.3929 -1.342 1.7875, 2.3929 -1.3687 1.9177, 2.3929 -1.3828 1.9218, 2.3929 -1.386 1.9221, 2.3929 -1.3687 1.8997, 2.3929 -1.4161 1.7859, 2.3929 -1.4301 1.7893, 2.3929 -1.4001 1.9076, 2.3929 -1.4063 1.9073, 2.3929 -1.415 1.8018, 2.3929 -1.371 1.7919, 2.3929 -1.3853 1.7872, 2.3929 -1.4056 1.7852, 2.3929 -1.4031 1.8006, 2.3929 -1.3969 1.8008, 2.3929 -1.3702 1.9005, 2.3929 -1.3818 1.8036, 2.3929 -1.3687 1.8095, 2.3929 -1.3687 1.793, 2.3929 -1.3837 1.9057, 2.3929 -1.4178 1.9049, 2.3929 -1.4282 1.8999, 2.3929 -1.4365 1.8928, 2.3929 -1.4338 1.8111, 2.3929 -1.4503 1.8469, 2.3929 -1.4374 1.8146, 2.3929 -1.448 1.8337, 2.3929 -1.4436 1.8231, 2.3929 -1.3918 1.667, 2.3929 -1.4425 1.7957, 2.3929 -1.4515 1.8035, 2.3929 -1.4526 1.8047, 2.3929 -1.4374 1.8918, 2.3929 -1.4439 1.8825, 2.3929 -1.4483 1.871, 2.3929 -1.4505 1.8527, 2.3929 -1.4247 1.8052, 2.3929 -1.4003 1.9232, 2.3929 -1.3497 1.9962, 2.3929 -1.4096 1.9221, 2.3929 -1.4626 1.9962, 2.3929 -1.4626 1.9221, 2.3929 -1.459 1.8909, 2.3929 -1.4493 1.9035, 2.3929 -1.446 1.9067, 2.3929 -1.4335 1.9155, 2.3929 -1.4196 1.9209, 2.3929 -1.4606 1.8161, 2.3929 -1.4626 1.8214, 2.3929 -1.4706 1.7472, 2.3929 -1.4706 1.9221, 2.3929 -1.4653 1.8761, 2.3929 -1.4626 1.8824, 2.3929 -1.466 1.83, 2.3929 -1.4686 1.8517, 2.3929 -1.4684 1.8587, 2.3929 -1.4264 1.5735, 2.3929 -1.4626 1.5218, 2.3929 -1.4178 1.5745, 2.3929 -1.2102 1.6711, 2.3929 -1.1929 1.6711, 2.3929 -1.1326 1.7092, 2.3929 -1.1061 1.7092, 2.3929 -1.2408 1.5995, 2.3929 -1.2387 1.5916, 2.3929 -1.2383 1.5916, 2.3929 -1.2576 1.6479, 2.3929 -1.2362 1.5993, 2.3929 -1.2375 1.5949, 2.3929 -1.2576 1.5747, 2.3929 -1.2576 1.603, 2.3929 -1.2844 1.6711, 2.3929 -1.2657 1.6711, 2.3929 -1.247 1.576, 2.3929 -1.2475 1.5747, 2.3929 -1.2543 1.5587, 2.3929 -1.2887 1.5218, 2.3929 -1.2809 1.5323, 2.3929 -1.2809 1.5471, 2.3929 -1.2607 1.5491, 2.3929 -1.2576 1.5526, 2.3929 -1.2576 1.5526, 2.3929 -1.2775 1.546, 2.3929 -1.2714 1.5452, 2.3929 -1.2576 1.5339, 2.3929 -1.2634 1.5317, 2.3929 -1.2576 1.5218, 2.3929 -1.2701 1.5309, 2.3929 -1.2738 1.531, 2.3929 -1.2673 1.5457, 2.3929 -1.2636 1.5471, 2.3929 -1.2361 1.5614, 2.3929 -1.2437 1.5467, 2.3929 -1.1839 1.5218, 2.3929 -1.2309 1.5747, 2.3929 -1.2498 1.5393, 2.3929 -1.2509 1.5383, 2.3929 -1.2568 1.5342, 2.3929 -1.5991 2.0356, 2.3929 -1.4706 2.0356, 2.3929 -1.4706 1.9962, 2.3929 -1.4626 2.0356, 2.3929 -1.3497 2.0356, 2.3929 -1.2887 2.0356, 2.3929 -1.2887 1.9962, 2.3929 -1.2576 2.0356, 2.3929 -1.2576 1.9962, 2.3929 -1.1839 2.0356, 2.3929 -1.1839 1.9962, 2.3929 -1.1326 2.0356, 2.3929 -1.1326 1.9962, 2.3929 -1.0905 2.0356, 2.3929 -1.0905 1.9962, 2.3929 -0.7539 2.0356, 2.3929 -0.7539 1.9962, 2.3929 -1.5444 1.7875, 2.3929 -1.5444 1.9209, 2.3929 -1.4741 1.7875, 2.3929 -0.9428 1.5758, 2.3929 -0.9618 1.5758, 2.3929 -0.9696 1.6357, 2.3929 -0.9729 1.6201, 2.3929 -0.8744 1.6123, 2.3929 -0.93 1.6123, 2.3929 -0.8608 1.5758, 2.3929 -0.7539 1.5747, 2.3929 -0.911 1.7092, 2.3929 -0.8926 1.7092, 2.3929 -0.8417 1.5758, 2.3929 -0.9794 1.6063, 2.3929 -0.9893 1.5945, 2.3929 -1.0033 1.5845, 2.3929 -1.0779 1.7092, 2.3929 -1.0779 1.5758, 2.3929 -1.0412 1.5758, 2.3929 -1.0186 1.5785, 2.3929 -0.9692 1.6442, 2.3929 -0.9714 1.6626, 2.3929 -0.9893 1.6916, 2.3929 -0.9846 1.6869, 2.3929 -0.9764 1.6753, 2.3929 -1.0398 1.7092, 2.3929 -1.0194 1.707, 2.3929 -1.0033 1.7011, 2.3929 -1.4727 1.591, 2.3929 -1.4727 1.5758, 2.3929 -1.4706 1.5747, 2.3929 -1.5444 1.5758, 2.3929 -1.5444 1.7092, 2.3929 -1.4757 1.7092, 2.3929 -1.4757 1.6939, 2.3929 -1.5272 1.6939, 2.3929 -1.5272 1.6512, 2.3929 -1.5272 1.6359, 2.3929 -1.5272 1.591, 2.3929 -1.4795 1.6359, 2.3929 -1.4795 1.6512, 2.3929 -1.1326 1.5218, 2.3929 -1.0905 1.5218, 2.3929 -0.7539 1.5218, 2.3929 -1.4706 1.5218, 2.3929 -2.5256 1.9221, 2.3929 -2.5256 1.7472, 2.3929 -2.5256 1.5747, 2.3929 -2.5256 1.5218, 2.3929 -1.4706 -0.0117, 2.3929 -1.4626 -0.0117, 2.3929 -1.3497 -0.0117, 2.3929 -1.2887 -0.0117, 2.3929 -1.2576 -0.0117, 2.3929 -1.1839 -0.0117, 2.3929 -1.1326 -0.0117, 2.3929 -1.0905 -0.0117, 2.3929 -0.7539 -0.0117, 2.3929 -2.5256 -0.0117, 2.3929 -2.5256 0.8938, 2.3929 -2.5256 1.1301, 2.6685 -2.8012 1.1301, 2.6685 -2.8012 2.0356, 2.6685 -3.4705 1.1301, 2.6685 -3.9823 2.0356, 2.6685 -3.4705 0.8938, 2.6685 -3.9823 -0.0117, 2.6685 -2.8012 0.8938, 2.6685 -2.8012 -0.0117
            ]
        }
        coordIndex [
            0,1,2,-1,3,4,5,-1,6,7,8,-1,9,10,11,-1,12,13,14,-1,14,13,15,-1,14,15,16,-1,17,18,19,-1,19,18,14,-1,19,14,20,-1,20,14,21,-1,16,22,14,-1,14,22,23,-1,14,23,21,-1,24,25,26,-1,26,25,27,-1,26,27,28,-1,28,27,29,-1,24,26,30,-1,30,26,31,-1,30,31,32,-1,33,34,35,-1,35,34,36,-1,35,36,31,-1,31,36,37,-1,31,37,38,-1,31,39,32,-1,32,39,40,-1,32,40,41,-1,41,40,42,-1,41,42,43,-1,38,44,31,-1,31,44,45,-1,31,45,39,-1,46,47,48,-1,48,47,49,-1,48,49,50,-1,50,51,48,-1,48,51,52,-1,48,52,35,-1,35,52,53,-1,35,53,33,-1,54,55,56,-1,56,55,57,-1,56,57,48,-1,48,57,58,-1,48,58,46,-1,59,60,56,-1,56,60,61,-1,56,61,54,-1,62,63,64,-1,64,63,65,-1,64,65,59,-1,59,65,66,-1,59,66,60,-1,67,68,69,-1,68,70,69,-1,69,70,71,-1,69,71,72,-1,73,74,75,-1,76,77,78,-1,78,77,79,-1,73,75,80,-1,81,82,83,-1,84,85,77,-1,77,85,86,-1,77,86,87,-1,17,88,18,-1,18,88,89,-1,18,89,83,-1,83,89,90,-1,83,90,81,-1,74,91,75,-1,75,91,92,-1,75,92,93,-1,94,95,96,-1,96,95,97,-1,96,97,98,-1,99,87,100,-1,100,87,101,-1,100,101,96,-1,96,101,102,-1,96,102,94,-1,99,103,87,-1,87,103,104,-1,87,104,77,-1,77,104,105,-1,77,105,79,-1,82,106,83,-1,83,106,107,-1,83,107,108,-1,109,110,111,-1,111,110,112,-1,111,112,75,-1,75,112,113,-1,75,113,80,-1,114,115,75,-1,75,115,116,-1,75,116,77,-1,77,116,117,-1,77,117,84,-1,118,119,67,-1,119,120,67,-1,67,120,121,-1,67,121,122,-1,122,123,67,-1,67,123,124,-1,67,124,125,-1,125,124,109,-1,125,109,126,-1,126,109,111,-1,93,127,75,-1,75,127,128,-1,75,128,129,-1,129,130,75,-1,75,130,131,-1,75,131,114,-1,132,133,134,-1,133,135,134,-1,134,135,136,-1,134,136,137,-1,86,134,87,-1,87,134,138,-1,87,138,139,-1,140,141,142,-1,142,141,143,-1,142,143,144,-1,140,142,86,-1,86,142,145,-1,86,145,134,-1,134,145,146,-1,134,146,132,-1,147,148,149,-1,149,148,150,-1,149,150,151,-1,137,136,152,-1,152,136,153,-1,152,153,154,-1,154,153,155,-1,154,155,156,-1,139,157,87,-1,87,157,149,-1,87,149,158,-1,158,149,151,-1,159,160,161,-1,161,160,162,-1,162,160,163,-1,162,163,164,-1,165,166,167,-1,167,166,168,-1,167,168,164,-1,164,168,169,-1,164,169,162,-1,162,169,170,-1,162,170,171,-1,171,170,172,-1,171,172,173,-1,173,172,174,-1,161,175,159,-1,159,175,176,-1,159,176,177,-1,177,176,178,-1,179,180,181,-1,182,183,184,-1,184,183,185,-1,186,187,188,-1,188,187,189,-1,188,189,185,-1,190,191,192,-1,192,191,193,-1,194,195,191,-1,191,195,196,-1,180,197,181,-1,181,197,198,-1,181,198,199,-1,199,198,200,-1,201,202,200,-1,200,202,203,-1,200,203,199,-1,190,204,191,-1,191,204,205,-1,191,205,194,-1,206,207,188,-1,188,207,208,-1,188,208,186,-1,209,210,211,-1,212,213,214,-1,179,181,211,-1,211,181,215,-1,211,215,209,-1,209,215,216,-1,209,216,217,-1,218,183,219,-1,220,221,222,-1,217,223,209,-1,209,223,224,-1,209,224,225,-1,226,227,200,-1,200,227,228,-1,200,228,229,-1,212,214,182,-1,222,230,220,-1,220,230,218,-1,220,218,231,-1,231,218,219,-1,214,232,182,-1,182,232,233,-1,182,233,183,-1,183,233,234,-1,183,234,219,-1,229,235,200,-1,200,235,236,-1,200,236,201,-1,9,11,237,-1,237,11,238,-1,237,238,239,-1,240,241,8,-1,242,243,8,-1,8,243,244,-1,245,246,247,-1,247,246,248,-1,247,248,249,-1,249,250,247,-1,247,250,251,-1,247,251,252,-1,252,251,253,-1,252,253,240,-1,254,255,241,-1,241,255,256,-1,241,256,8,-1,8,256,257,-1,8,257,242,-1,244,258,8,-1,8,258,259,-1,8,259,6,-1,260,261,262,-1,262,261,263,-1,262,263,264,-1,262,265,260,-1,260,265,266,-1,260,266,267,-1,267,268,260,-1,260,268,269,-1,260,269,270,-1,270,269,271,-1,270,271,272,-1,272,271,273,-1,272,273,241,-1,241,273,274,-1,241,274,254,-1,275,276,264,-1,264,276,277,-1,264,277,262,-1,278,279,213,-1,213,279,280,-1,213,280,214,-1,278,281,279,-1,279,281,282,-1,279,282,283,-1,283,282,284,-1,283,285,286,-1,284,287,283,-1,283,287,288,-1,283,288,289,-1,289,290,283,-1,283,290,291,-1,283,291,285,-1,286,292,283,-1,283,292,293,-1,283,293,294,-1,295,296,297,-1,297,296,298,-1,299,300,301,-1,301,300,163,-1,301,163,302,-1,302,163,303,-1,302,303,298,-1,298,303,304,-1,298,304,297,-1,305,306,307,-1,307,306,163,-1,307,163,308,-1,308,163,300,-1,309,310,311,-1,311,310,312,-1,311,312,313,-1,314,315,306,-1,314,306,316,-1,317,318,319,-1,315,320,306,-1,306,320,321,-1,306,321,322,-1,322,321,323,-1,322,323,324,-1,325,326,317,-1,317,326,327,-1,317,327,318,-1,312,328,313,-1,313,328,329,-1,313,329,317,-1,317,329,330,-1,317,330,325,-1,295,297,305,-1,305,297,317,-1,305,317,306,-1,306,317,319,-1,306,319,316,-1,311,331,332,-1,332,331,333,-1,334,309,335,-1,335,309,311,-1,335,311,336,-1,336,311,332,-1,337,338,339,-1,339,338,340,-1,339,340,336,-1,336,340,341,-1,336,341,335,-1,335,341,342,-1,343,344,345,-1,345,344,346,-1,345,346,342,-1,342,346,347,-1,342,347,335,-1,335,347,348,-1,335,348,252,-1,252,348,349,-1,252,349,247,-1,333,331,350,-1,350,331,351,-1,350,351,352,-1,353,351,354,-1,354,351,355,-1,349,352,247,-1,247,352,351,-1,247,351,356,-1,356,351,353,-1,357,358,209,-1,359,360,361,-1,362,363,247,-1,357,209,364,-1,365,366,367,-1,367,366,368,-1,367,368,356,-1,356,368,369,-1,356,369,247,-1,247,369,370,-1,247,370,362,-1,365,367,361,-1,361,367,371,-1,361,371,359,-1,360,372,361,-1,361,372,373,-1,361,373,374,-1,375,376,377,-1,377,376,378,-1,377,378,379,-1,363,364,247,-1,247,364,209,-1,247,209,245,-1,245,209,225,-1,245,225,221,-1,221,225,380,-1,221,380,222,-1,358,381,209,-1,209,381,382,-1,209,382,383,-1,374,384,361,-1,361,384,385,-1,361,385,386,-1,386,387,361,-1,361,387,376,-1,361,376,388,-1,388,376,375,-1,389,390,391,-1,391,390,392,-1,393,394,395,-1,395,396,393,-1,393,396,397,-1,393,397,398,-1,383,399,209,-1,209,399,400,-1,209,400,401,-1,402,403,393,-1,393,403,404,-1,393,404,394,-1,400,405,401,-1,401,405,406,-1,401,406,402,-1,402,406,407,-1,402,407,403,-1,408,409,410,-1,410,409,238,-1,410,238,189,-1,189,238,11,-1,189,11,185,-1,185,11,10,-1,185,10,184,-1,411,412,322,-1,412,177,322,-1,322,177,178,-1,322,178,306,-1,306,178,413,-1,306,413,163,-1,163,413,414,-1,163,414,164,-1,415,416,417,-1,324,334,322,-1,322,334,335,-1,322,335,411,-1,411,335,418,-1,411,418,419,-1,419,418,415,-1,419,415,420,-1,420,415,417,-1,421,422,8,-1,8,422,423,-1,240,8,252,-1,252,8,423,-1,252,423,335,-1,335,423,424,-1,335,424,418,-1,425,422,426,-1,426,422,421,-1,426,421,427,-1,428,429,430,-1,431,432,421,-1,421,432,433,-1,421,433,427,-1,239,238,7,-1,7,238,428,-1,7,428,8,-1,8,428,430,-1,8,430,421,-1,421,430,434,-1,421,434,435,-1,436,437,438,-1,438,437,439,-1,438,439,428,-1,428,439,440,-1,428,440,429,-1,435,441,421,-1,421,441,442,-1,421,442,431,-1,443,444,445,-1,443,445,446,-1,444,447,445,-1,445,447,448,-1,445,448,438,-1,438,448,449,-1,438,449,436,-1,3,26,450,-1,450,26,28,-1,450,28,451,-1,451,28,452,-1,451,452,453,-1,453,452,392,-1,453,392,454,-1,454,392,390,-1,454,390,455,-1,455,390,456,-1,455,456,457,-1,457,456,458,-1,457,458,459,-1,459,458,460,-1,459,460,461,-1,461,460,462,-1,461,462,463,-1,463,462,464,-1,463,464,465,-1,465,464,466,-1,389,355,390,-1,390,355,351,-1,390,351,456,-1,456,351,331,-1,456,331,458,-1,458,331,311,-1,458,311,460,-1,460,311,313,-1,460,313,462,-1,462,313,317,-1,462,317,464,-1,464,317,297,-1,464,297,466,-1,466,297,304,-1,29,12,28,-1,28,12,14,-1,28,14,452,-1,452,14,402,-1,452,402,392,-1,392,402,393,-1,392,393,391,-1,391,393,398,-1,467,468,14,-1,14,468,0,-1,14,0,402,-1,402,0,2,-1,402,2,401,-1,401,2,469,-1,401,469,18,-1,18,469,467,-1,18,467,14,-1,470,471,160,-1,472,473,471,-1,474,475,476,-1,476,475,470,-1,476,470,477,-1,477,470,160,-1,163,478,303,-1,303,478,479,-1,303,479,477,-1,477,479,480,-1,477,480,476,-1,473,481,471,-1,471,481,482,-1,471,482,483,-1,484,163,485,-1,485,163,160,-1,485,160,486,-1,486,160,471,-1,486,471,487,-1,487,471,483,-1,472,471,488,-1,488,471,478,-1,488,478,489,-1,490,491,478,-1,478,491,492,-1,478,492,489,-1,484,493,163,-1,163,493,494,-1,163,494,478,-1,478,494,495,-1,478,495,490,-1,496,497,498,-1,498,497,499,-1,498,499,83,-1,83,499,18,-1,18,499,500,-1,18,500,401,-1,401,500,501,-1,401,501,502,-1,502,503,504,-1,505,506,507,-1,507,506,496,-1,507,496,508,-1,504,508,502,-1,502,508,496,-1,502,496,401,-1,401,496,498,-1,401,498,209,-1,209,498,191,-1,209,191,210,-1,210,191,196,-1,412,446,177,-1,177,446,445,-1,177,445,159,-1,159,445,509,-1,159,509,160,-1,160,509,510,-1,160,510,477,-1,477,510,511,-1,408,193,409,-1,409,193,191,-1,409,191,512,-1,512,191,498,-1,512,498,69,-1,69,498,83,-1,69,83,67,-1,67,83,108,-1,67,108,118,-1,3,5,26,-1,26,5,513,-1,26,513,31,-1,31,513,514,-1,31,514,35,-1,35,514,515,-1,35,515,48,-1,48,515,516,-1,48,516,56,-1,72,62,69,-1,69,62,64,-1,69,64,512,-1,512,64,517,-1,512,517,409,-1,409,517,518,-1,409,518,238,-1,238,518,519,-1,238,519,428,-1,428,519,520,-1,428,520,438,-1,438,520,521,-1,438,521,445,-1,445,521,522,-1,445,522,509,-1,509,522,523,-1,509,523,510,-1,510,523,524,-1,510,524,511,-1,511,524,525,-1,526,59,527,-1,527,59,56,-1,527,56,528,-1,528,56,516,-1,529,530,531,-1,531,530,532,-1,531,532,533,-1,533,532,534,-1,533,534,535,-1,535,534,536,-1,536,526,535,-1,535,526,527,-1,
        ]
    }
}
Shape{
    appearance Appearance {
        material  Material 	{
            diffuseColor 1.0 1.0 0.0
            specularColor 0.5019607843137255 0.5019607843137255 0.0
            ambientIntensity 0.886
            transparency 0.0
            shininess 0.5
        }
    }
    geometry IndexedFaceSet {
        ccw TRUE
        solid FALSE
        coord DEF co Coordinate {
            point [
                -1.9223 -3.1949 1.3588, -1.9566 -3.1949 1.3413, -1.9524 -3.2721 1.3349, -2.0 -3.1949 1.3056, -2.0228 -3.1949 1.2868, -2.0173 -3.2721 1.2815, -2.0629 -3.1949 1.2355, -2.0757 -3.1949 1.2192, -2.0692 -3.2721 1.2152, -2.1075 -3.1949 1.1525, -2.1126 -3.1949 1.1417, -2.1054 -3.2721 1.1392, -1.8343 -3.1949 1.3922, -1.8801 -3.1949 1.3802, -1.8774 -3.2721 1.3731, -1.8 -3.581 1.0612, -1.8 -3.5777 1.0742, -1.8316 -3.5723 1.0612, -1.847 -3.5597 1.1154, -1.8795 -3.559 1.0612, -1.8669 -3.5597 1.0899, -1.8852 -3.5574 1.0612, -1.9253 -3.5235 1.1261, -1.9457 -3.5235 1.0834, -1.9509 -3.522 1.0612, -1.8888 -3.5564 1.0612, -1.9694 -3.5117 1.0612, -2.0026 -3.4746 1.1033, -2.0118 -3.4728 1.0612, -2.0373 -3.4494 1.0612, -2.0493 -3.4147 1.1196, -2.0615 -3.4133 1.0612, -2.0887 -3.3728 1.0612, -2.084 -3.3464 1.1317, -2.0988 -3.3456 1.0612, -2.1207 -3.2864 1.0612, -2.1224 -3.272 1.0612, -2.1316 -3.1949 1.0612, -1.8 -3.1949 1.4012, -1.8 -3.272 1.3919, -1.8 -3.2877 1.39, -1.8694 -3.3464 1.3519, -1.8 -3.3455 1.3681, -1.8 -3.3751 1.357, -1.8564 -3.4147 1.3175, -1.8 -3.4132 1.3308, -1.8 -3.5463 1.1741, -1.8 -3.5223 1.2194, -1.8176 -3.5235 1.2148, -1.8 -3.5143 1.2343, -1.8389 -3.4746 1.2712, -1.8 -3.4728 1.2809, -1.8 -3.4521 1.3041, -1.8 -3.5673 1.1154, -1.8 -3.5594 1.1469, -1.8221 -3.5597 1.1359, -1.8 -3.5581 1.1518, -1.8597 -3.5235 1.1934, -2.0499 -3.3464 1.2032, -2.0186 -3.4147 1.1839, -1.9765 -3.4746 1.1578, -2.0011 -3.3464 1.2656, -1.9748 -3.4147 1.24, -1.9393 -3.4746 1.2054, -1.8962 -3.5235 1.1633, -1.94 -3.3464 1.316, -1.9198 -3.4147 1.2852, -1.8927 -3.4746 1.2438, 0.0462 -3.1949 1.3588, 0.0119 -3.1949 1.3413, 0.0161 -3.2721 1.3349, -0.0315 -3.1949 1.3056, -0.0543 -3.1949 1.2868, -0.0488 -3.2721 1.2815, -0.0944 -3.1949 1.2355, -0.1072 -3.1949 1.2192, -0.1007 -3.2721 1.2152, -0.139 -3.1949 1.1525, -0.1441 -3.1949 1.1417, -0.1369 -3.2721 1.1392, 0.1342 -3.1949 1.3922, 0.0884 -3.1949 1.3802, 0.0911 -3.2721 1.3731, 0.1685 -3.581 1.0612, 0.1685 -3.5777 1.0742, 0.1369 -3.5723 1.0612, 0.1215 -3.5597 1.1154, 0.089 -3.559 1.0612, 0.1016 -3.5597 1.0899, 0.0833 -3.5574 1.0612, 0.0432 -3.5235 1.1261, 0.0228 -3.5235 1.0834, 0.0176 -3.522 1.0612, 0.0797 -3.5564 1.0612, -0.0009 -3.5117 1.0612, -0.0341 -3.4746 1.1033, -0.0433 -3.4728 1.0612, -0.0688 -3.4494 1.0612, -0.0808 -3.4147 1.1196, -0.093 -3.4133 1.0612, -0.1202 -3.3728 1.0612, -0.1155 -3.3464 1.1317, -0.1303 -3.3456 1.0612, -0.1522 -3.2864 1.0612, -0.1539 -3.272 1.0612, -0.1631 -3.1949 1.0612, 0.1685 -3.1949 1.4012, 0.1685 -3.272 1.3919, 0.1685 -3.2877 1.39, 0.0991 -3.3464 1.3519, 0.1685 -3.3455 1.3681, 0.1685 -3.3751 1.357, 0.1121 -3.4147 1.3175, 0.1685 -3.4132 1.3308, 0.1685 -3.5463 1.1741, 0.1685 -3.5223 1.2194, 0.1509 -3.5235 1.2148, 0.1685 -3.5143 1.2343, 0.1296 -3.4746 1.2712, 0.1685 -3.4728 1.2809, 0.1685 -3.4521 1.3041, 0.1685 -3.5673 1.1154, 0.1685 -3.5594 1.1469, 0.1464 -3.5597 1.1359, 0.1685 -3.5581 1.1518, 0.1088 -3.5235 1.1934, -0.0814 -3.3464 1.2032, -0.0501 -3.4147 1.1839, -0.008 -3.4746 1.1578, -0.0326 -3.3464 1.2656, -0.0063 -3.4147 1.24, 0.0292 -3.4746 1.2054, 0.0723 -3.5235 1.1633, 0.0285 -3.3464 1.316, 0.0487 -3.4147 1.2852, 0.0758 -3.4746 1.2438, -2.1075 -3.1949 0.8714, -2.0757 -3.1949 0.8047, -2.0692 -3.2721 0.8087, -2.0629 -3.1949 0.7884, -2.0228 -3.1949 0.7371, -2.0173 -3.2721 0.7424, -2.0 -3.1949 0.7183, -1.9566 -3.1949 0.6825, -1.9524 -3.2721 0.689, -1.8 -3.5143 0.7896, -1.8 -3.5223 0.8045, -1.8176 -3.5235 0.8091, -1.8 -3.5673 0.9085, -1.8221 -3.5597 0.888, -1.8 -3.5594 0.877, -2.1126 -3.1949 0.8822, -2.1054 -3.2721 0.8847, -2.1316 -3.1949 0.9627, -2.1224 -3.272 0.9627, -2.1207 -3.2864 0.9627, -2.084 -3.3464 0.8921, -2.0988 -3.3456 0.9627, -2.0887 -3.3728 0.9627, -2.0493 -3.4147 0.9043, -2.0615 -3.4133 0.9627, -2.0373 -3.4494 0.9627, -2.0026 -3.4746 0.9206, -2.0118 -3.4728 0.9627, -1.8852 -3.5574 0.9627, -1.8888 -3.5564 0.9627, -1.9457 -3.5235 0.9405, -1.9509 -3.522 0.9627, -1.9694 -3.5117 0.9627, -1.847 -3.5597 0.9085, -1.8 -3.5777 0.9497, -1.8 -3.581 0.9627, -1.8597 -3.5235 0.8305, -1.8 -3.5463 0.8498, -1.8 -3.5581 0.8721, -1.8 -3.4728 0.743, -1.8389 -3.4746 0.7527, -1.8 -3.4521 0.7198, -1.8564 -3.4147 0.7064, -1.8 -3.4132 0.6931, -1.8 -3.3751 0.6669, -1.8694 -3.3464 0.672, -1.8 -3.3455 0.6558, -1.9223 -3.1949 0.6651, -1.8801 -3.1949 0.6437, -1.8774 -3.2721 0.6508, -1.8343 -3.1949 0.6317, -1.8 -3.2877 0.6339, -1.8 -3.272 0.632, -1.8 -3.1949 0.6227, -1.94 -3.3464 0.7079, -1.9198 -3.4147 0.7387, -1.8927 -3.4746 0.7801, -2.0011 -3.3464 0.7583, -1.9748 -3.4147 0.7839, -1.9393 -3.4746 0.8185, -1.8962 -3.5235 0.8606, -2.0499 -3.3464 0.8207, -2.0186 -3.4147 0.84, -1.9765 -3.4746 0.8661, -1.9253 -3.5235 0.8978, -1.8669 -3.5597 0.934, -1.8316 -3.5723 0.9627, -1.8795 -3.559 0.9627, -0.139 -3.1949 0.8714, -0.1072 -3.1949 0.8047, -0.1007 -3.2721 0.8087, -0.0944 -3.1949 0.7884, -0.0543 -3.1949 0.7371, -0.0488 -3.2721 0.7424, -0.0315 -3.1949 0.7183, 0.0119 -3.1949 0.6825, 0.0161 -3.2721 0.689, 0.1685 -3.5143 0.7896, 0.1685 -3.5223 0.8045, 0.1509 -3.5235 0.8091, 0.1685 -3.5673 0.9085, 0.1464 -3.5597 0.888, 0.1685 -3.5594 0.877, -0.1441 -3.1949 0.8822, -0.1369 -3.2721 0.8847, -0.1631 -3.1949 0.9627, -0.1539 -3.272 0.9627, -0.1522 -3.2864 0.9627, -0.1155 -3.3464 0.8921, -0.1303 -3.3456 0.9627, -0.1202 -3.3728 0.9627, -0.0808 -3.4147 0.9043, -0.093 -3.4133 0.9627, -0.0688 -3.4494 0.9627, -0.0341 -3.4746 0.9206, -0.0433 -3.4728 0.9627, 0.0833 -3.5574 0.9627, 0.0797 -3.5564 0.9627, 0.0228 -3.5235 0.9405, 0.0176 -3.522 0.9627, -0.0009 -3.5117 0.9627, 0.1215 -3.5597 0.9085, 0.1685 -3.5777 0.9497, 0.1685 -3.581 0.9627, 0.1088 -3.5235 0.8305, 0.1685 -3.5463 0.8498, 0.1685 -3.5581 0.8721, 0.1685 -3.4728 0.743, 0.1296 -3.4746 0.7527, 0.1685 -3.4521 0.7198, 0.1121 -3.4147 0.7064, 0.1685 -3.4132 0.6931, 0.1685 -3.3751 0.6669, 0.0991 -3.3464 0.672, 0.1685 -3.3455 0.6558, 0.0462 -3.1949 0.6651, 0.0884 -3.1949 0.6437, 0.0911 -3.2721 0.6508, 0.1342 -3.1949 0.6317, 0.1685 -3.2877 0.6339, 0.1685 -3.272 0.632, 0.1685 -3.1949 0.6227, 0.0285 -3.3464 0.7079, 0.0487 -3.4147 0.7387, 0.0758 -3.4746 0.7801, -0.0326 -3.3464 0.7583, -0.0063 -3.4147 0.7839, 0.0292 -3.4746 0.8185, 0.0723 -3.5235 0.8606, -0.0814 -3.3464 0.8207, -0.0501 -3.4147 0.84, -0.008 -3.4746 0.8661, 0.0432 -3.5235 0.8978, 0.1016 -3.5597 0.934, 0.1369 -3.5723 0.9627, 0.089 -3.559 0.9627, -1.6819 -2.0138 1.4012, -1.647 -1.6201 1.3943, -1.7409 -2.0138 1.4056, -1.7409 -1.6201 1.4056, -1.8 -2.0138 1.4012, -1.8349 -1.6201 1.3943, -1.3503 -3.1949 1.0612, -1.3503 -1.6201 1.0612, -1.3693 -3.1949 1.1417, -1.3734 -1.6201 1.1529, -1.3744 -3.1949 1.1525, -1.4062 -3.1949 1.2192, -1.4176 -1.6201 1.2366, -1.419 -3.1949 1.2355, -1.4591 -3.1949 1.2868, -1.4805 -1.6201 1.3072, -1.4819 -3.1949 1.3056, -1.5253 -3.1949 1.3413, -1.5585 -1.6201 1.3608, -1.5596 -3.1949 1.3588, -1.6018 -3.1949 1.3802, -1.6476 -3.1949 1.3922, -1.6819 -3.1949 1.4012, -1.9234 -1.6201 1.3608, -2.0014 -1.6201 1.3072, -2.0643 -1.6201 1.2366, -2.1085 -1.6201 1.1529, -2.1316 -1.6201 1.0612, 0.2866 -2.0138 1.4012, 0.3215 -1.6201 1.3943, 0.2276 -2.0138 1.4056, 0.2276 -1.6201 1.4056, 0.1685 -2.0138 1.4012, 0.1336 -1.6201 1.3943, 0.6182 -3.1949 1.0612, 0.6182 -1.6201 1.0612, 0.5992 -3.1949 1.1417, 0.5951 -1.6201 1.1529, 0.5941 -3.1949 1.1525, 0.5623 -3.1949 1.2192, 0.5509 -1.6201 1.2366, 0.5495 -3.1949 1.2355, 0.5094 -3.1949 1.2868, 0.488 -1.6201 1.3072, 0.4866 -3.1949 1.3056, 0.4432 -3.1949 1.3413, 0.41 -1.6201 1.3608, 0.4089 -3.1949 1.3588, 0.3667 -3.1949 1.3802, 0.3209 -3.1949 1.3922, 0.2866 -3.1949 1.4012, 0.0451 -1.6201 1.3608, -0.0329 -1.6201 1.3072, -0.0958 -1.6201 1.2366, -0.14 -1.6201 1.1529, -0.1631 -1.6201 1.0612, -1.4127 -3.2721 1.2152, -1.4645 -3.2721 1.2815, -1.5295 -3.2721 1.3349, -1.6819 -3.5143 1.2343, -1.6819 -3.5223 1.2194, -1.6643 -3.5235 1.2148, -1.6819 -3.5673 1.1154, -1.6598 -3.5597 1.1359, -1.6819 -3.5594 1.1469, -1.3765 -3.2721 1.1392, -1.3595 -3.272 1.0612, -1.3612 -3.2864 1.0612, -1.3979 -3.3464 1.1317, -1.3831 -3.3456 1.0612, -1.3932 -3.3728 1.0612, -1.4326 -3.4147 1.1196, -1.4204 -3.4133 1.0612, -1.4446 -3.4494 1.0612, -1.4793 -3.4746 1.1033, -1.4701 -3.4728 1.0612, -1.5967 -3.5574 1.0612, -1.5931 -3.5564 1.0612, -1.5362 -3.5235 1.0834, -1.531 -3.522 1.0612, -1.5125 -3.5117 1.0612, -1.6349 -3.5597 1.1154, -1.6819 -3.5777 1.0742, -1.6819 -3.581 1.0612, -1.6222 -3.5235 1.1934, -1.6819 -3.5463 1.1741, -1.6819 -3.5581 1.1518, -1.6819 -3.4728 1.2809, -1.643 -3.4746 1.2712, -1.6819 -3.4521 1.3041, -1.6255 -3.4147 1.3175, -1.6819 -3.4132 1.3308, -1.6819 -3.3751 1.357, -1.6125 -3.3464 1.3519, -1.6819 -3.3455 1.3681, -1.6045 -3.2721 1.3731, -1.6819 -3.2877 1.39, -1.6819 -3.272 1.3919, -1.5419 -3.3464 1.316, -1.5621 -3.4147 1.2852, -1.5892 -3.4746 1.2438, -1.4808 -3.3464 1.2656, -1.5071 -3.4147 1.24, -1.5426 -3.4746 1.2054, -1.5857 -3.5235 1.1633, -1.432 -3.3464 1.2032, -1.4633 -3.4147 1.1839, -1.5053 -3.4746 1.1578, -1.5566 -3.5235 1.1261, -1.615 -3.5597 1.0899, -1.6503 -3.5723 1.0612, -1.6024 -3.559 1.0612, 0.5558 -3.2721 1.2152, 0.504 -3.2721 1.2815, 0.439 -3.2721 1.3349, 0.2866 -3.5143 1.2343, 0.2866 -3.5223 1.2194, 0.3042 -3.5235 1.2148, 0.2866 -3.5673 1.1154, 0.3087 -3.5597 1.1359, 0.2866 -3.5594 1.1469, 0.592 -3.2721 1.1392, 0.609 -3.272 1.0612, 0.6073 -3.2864 1.0612, 0.5706 -3.3464 1.1317, 0.5854 -3.3456 1.0612, 0.5753 -3.3728 1.0612, 0.5359 -3.4147 1.1196, 0.5481 -3.4133 1.0612, 0.5239 -3.4494 1.0612, 0.4892 -3.4746 1.1033, 0.4984 -3.4728 1.0612, 0.3718 -3.5574 1.0612, 0.3754 -3.5564 1.0612, 0.4323 -3.5235 1.0834, 0.4375 -3.522 1.0612, 0.456 -3.5117 1.0612, 0.3336 -3.5597 1.1154, 0.2866 -3.5777 1.0742, 0.2866 -3.581 1.0612, 0.3463 -3.5235 1.1934, 0.2866 -3.5463 1.1741, 0.2866 -3.5581 1.1518, 0.2866 -3.4728 1.2809, 0.3255 -3.4746 1.2712, 0.2866 -3.4521 1.3041, 0.343 -3.4147 1.3175, 0.2866 -3.4132 1.3308, 0.2866 -3.3751 1.357, 0.356 -3.3464 1.3519, 0.2866 -3.3455 1.3681, 0.364 -3.2721 1.3731, 0.2866 -3.2877 1.39, 0.2866 -3.272 1.3919, 0.4266 -3.3464 1.316, 0.4064 -3.4147 1.2852, 0.3793 -3.4746 1.2438, 0.4877 -3.3464 1.2656, 0.4614 -3.4147 1.24, 0.426 -3.4746 1.2054, 0.3828 -3.5235 1.1633, 0.5365 -3.3464 1.2032, 0.5052 -3.4147 1.1839, 0.4632 -3.4746 1.1578, 0.4119 -3.5235 1.1261, 0.3535 -3.5597 1.0899, 0.3182 -3.5723 1.0612, 0.3661 -3.559 1.0612
            ]
        }
        coordIndex [
            0,1,2,-1,3,4,5,-1,6,7,8,-1,9,10,11,-1,12,13,14,-1,15,16,17,-1,17,16,18,-1,19,20,21,-1,21,20,22,-1,23,24,25,-1,24,23,26,-1,26,23,27,-1,26,27,28,-1,28,27,29,-1,29,27,30,-1,29,30,31,-1,31,30,32,-1,32,30,33,-1,32,33,34,-1,34,33,35,-1,35,33,11,-1,35,11,36,-1,36,11,10,-1,36,10,37,-1,38,12,39,-1,39,12,14,-1,39,14,40,-1,40,14,41,-1,40,41,42,-1,42,41,43,-1,43,41,44,-1,43,44,45,-1,46,47,48,-1,48,47,49,-1,48,49,50,-1,50,49,51,-1,50,51,44,-1,44,51,52,-1,44,52,45,-1,53,54,55,-1,55,54,56,-1,55,56,57,-1,7,9,8,-1,8,9,11,-1,8,11,58,-1,58,11,33,-1,58,33,59,-1,59,33,30,-1,59,30,60,-1,60,30,27,-1,60,27,22,-1,22,27,23,-1,22,23,21,-1,21,23,25,-1,4,6,5,-1,5,6,8,-1,5,8,61,-1,61,8,58,-1,61,58,62,-1,62,58,59,-1,62,59,63,-1,63,59,60,-1,63,60,64,-1,64,60,22,-1,64,22,18,-1,18,22,20,-1,18,20,17,-1,17,20,19,-1,1,3,2,-1,2,3,5,-1,2,5,65,-1,65,5,61,-1,65,61,66,-1,66,61,62,-1,66,62,67,-1,67,62,63,-1,67,63,57,-1,57,63,64,-1,57,64,55,-1,55,64,18,-1,55,18,53,-1,53,18,16,-1,13,0,14,-1,14,0,2,-1,14,2,41,-1,41,2,65,-1,41,65,44,-1,44,65,66,-1,44,66,50,-1,50,66,67,-1,50,67,48,-1,48,67,57,-1,48,57,46,-1,46,57,56,-1,68,69,70,-1,71,72,73,-1,74,75,76,-1,77,78,79,-1,80,81,82,-1,83,84,85,-1,85,84,86,-1,87,88,89,-1,89,88,90,-1,91,92,93,-1,92,91,94,-1,94,91,95,-1,94,95,96,-1,96,95,97,-1,97,95,98,-1,97,98,99,-1,99,98,100,-1,100,98,101,-1,100,101,102,-1,102,101,103,-1,103,101,79,-1,103,79,104,-1,104,79,78,-1,104,78,105,-1,106,80,107,-1,107,80,82,-1,107,82,108,-1,108,82,109,-1,108,109,110,-1,110,109,111,-1,111,109,112,-1,111,112,113,-1,114,115,116,-1,116,115,117,-1,116,117,118,-1,118,117,119,-1,118,119,112,-1,112,119,120,-1,112,120,113,-1,121,122,123,-1,123,122,124,-1,123,124,125,-1,75,77,76,-1,76,77,79,-1,76,79,126,-1,126,79,101,-1,126,101,127,-1,127,101,98,-1,127,98,128,-1,128,98,95,-1,128,95,90,-1,90,95,91,-1,90,91,89,-1,89,91,93,-1,72,74,73,-1,73,74,76,-1,73,76,129,-1,129,76,126,-1,129,126,130,-1,130,126,127,-1,130,127,131,-1,131,127,128,-1,131,128,132,-1,132,128,90,-1,132,90,86,-1,86,90,88,-1,86,88,85,-1,85,88,87,-1,69,71,70,-1,70,71,73,-1,70,73,133,-1,133,73,129,-1,133,129,134,-1,134,129,130,-1,134,130,135,-1,135,130,131,-1,135,131,125,-1,125,131,132,-1,125,132,123,-1,123,132,86,-1,123,86,121,-1,121,86,84,-1,81,68,82,-1,82,68,70,-1,82,70,109,-1,109,70,133,-1,109,133,112,-1,112,133,134,-1,112,134,118,-1,118,134,135,-1,118,135,116,-1,116,135,125,-1,116,125,114,-1,114,125,124,-1,136,137,138,-1,139,140,141,-1,142,143,144,-1,145,146,147,-1,148,149,150,-1,151,152,153,-1,153,152,154,-1,154,152,155,-1,155,152,156,-1,155,156,157,-1,157,156,158,-1,158,156,159,-1,158,159,160,-1,160,159,161,-1,161,159,162,-1,161,162,163,-1,164,165,166,-1,166,165,167,-1,166,167,162,-1,162,167,168,-1,162,168,163,-1,169,170,171,-1,172,173,149,-1,149,173,174,-1,149,174,150,-1,145,147,175,-1,175,147,176,-1,175,176,177,-1,177,176,178,-1,177,178,179,-1,179,178,180,-1,180,178,181,-1,180,181,182,-1,183,184,185,-1,185,184,186,-1,182,181,187,-1,187,181,185,-1,187,185,188,-1,188,185,186,-1,188,186,189,-1,143,183,144,-1,144,183,185,-1,144,185,190,-1,190,185,181,-1,190,181,191,-1,191,181,178,-1,191,178,192,-1,192,178,176,-1,192,176,172,-1,172,176,147,-1,172,147,173,-1,173,147,146,-1,140,142,141,-1,141,142,144,-1,141,144,193,-1,193,144,190,-1,193,190,194,-1,194,190,191,-1,194,191,195,-1,195,191,192,-1,195,192,196,-1,196,192,172,-1,196,172,169,-1,169,172,149,-1,169,149,170,-1,170,149,148,-1,137,139,138,-1,138,139,141,-1,138,141,197,-1,197,141,193,-1,197,193,198,-1,198,193,194,-1,198,194,199,-1,199,194,195,-1,199,195,200,-1,200,195,196,-1,200,196,201,-1,201,196,169,-1,201,169,202,-1,202,169,171,-1,151,136,152,-1,152,136,138,-1,152,138,156,-1,156,138,197,-1,156,197,159,-1,159,197,198,-1,159,198,162,-1,162,198,199,-1,162,199,166,-1,166,199,200,-1,166,200,164,-1,164,200,201,-1,164,201,203,-1,203,201,202,-1,204,205,206,-1,207,208,209,-1,210,211,212,-1,213,214,215,-1,216,217,218,-1,219,220,221,-1,221,220,222,-1,222,220,223,-1,223,220,224,-1,223,224,225,-1,225,224,226,-1,226,224,227,-1,226,227,228,-1,228,227,229,-1,229,227,230,-1,229,230,231,-1,232,233,234,-1,234,233,235,-1,234,235,230,-1,230,235,236,-1,230,236,231,-1,237,238,239,-1,240,241,217,-1,217,241,242,-1,217,242,218,-1,213,215,243,-1,243,215,244,-1,243,244,245,-1,245,244,246,-1,245,246,247,-1,247,246,248,-1,248,246,249,-1,248,249,250,-1,251,252,253,-1,253,252,254,-1,250,249,255,-1,255,249,253,-1,255,253,256,-1,256,253,254,-1,256,254,257,-1,211,251,212,-1,212,251,253,-1,212,253,258,-1,258,253,249,-1,258,249,259,-1,259,249,246,-1,259,246,260,-1,260,246,244,-1,260,244,240,-1,240,244,215,-1,240,215,241,-1,241,215,214,-1,208,210,209,-1,209,210,212,-1,209,212,261,-1,261,212,258,-1,261,258,262,-1,262,258,259,-1,262,259,263,-1,263,259,260,-1,263,260,264,-1,264,260,240,-1,264,240,237,-1,237,240,217,-1,237,217,238,-1,238,217,216,-1,205,207,206,-1,206,207,209,-1,206,209,265,-1,265,209,261,-1,265,261,266,-1,266,261,262,-1,266,262,267,-1,267,262,263,-1,267,263,268,-1,268,263,264,-1,268,264,269,-1,269,264,237,-1,269,237,270,-1,270,237,239,-1,219,204,220,-1,220,204,206,-1,220,206,224,-1,224,206,265,-1,224,265,227,-1,227,265,266,-1,227,266,230,-1,230,266,267,-1,230,267,234,-1,234,267,268,-1,234,268,232,-1,232,268,269,-1,232,269,271,-1,271,269,270,-1,272,273,274,-1,274,273,275,-1,274,275,276,-1,276,275,277,-1,278,279,280,-1,280,279,281,-1,280,281,282,-1,282,281,283,-1,283,281,284,-1,283,284,285,-1,285,284,286,-1,286,284,287,-1,286,287,288,-1,288,287,289,-1,289,287,290,-1,289,290,291,-1,291,290,292,-1,292,290,273,-1,292,273,293,-1,293,273,272,-1,293,272,294,-1,38,276,12,-1,12,276,277,-1,12,277,13,-1,13,277,295,-1,13,295,0,-1,0,295,1,-1,1,295,296,-1,1,296,3,-1,3,296,4,-1,4,296,297,-1,4,297,6,-1,6,297,7,-1,7,297,298,-1,7,298,9,-1,9,298,10,-1,10,298,299,-1,10,299,37,-1,300,301,302,-1,302,301,303,-1,302,303,304,-1,304,303,305,-1,306,307,308,-1,308,307,309,-1,308,309,310,-1,310,309,311,-1,311,309,312,-1,311,312,313,-1,313,312,314,-1,314,312,315,-1,314,315,316,-1,316,315,317,-1,317,315,318,-1,317,318,319,-1,319,318,320,-1,320,318,301,-1,320,301,321,-1,321,301,300,-1,321,300,322,-1,106,304,80,-1,80,304,305,-1,80,305,81,-1,81,305,323,-1,81,323,68,-1,68,323,69,-1,69,323,324,-1,69,324,71,-1,71,324,72,-1,72,324,325,-1,72,325,74,-1,74,325,75,-1,75,325,326,-1,75,326,77,-1,77,326,78,-1,78,326,327,-1,78,327,105,-1,282,283,328,-1,285,286,329,-1,288,289,330,-1,331,332,333,-1,334,335,336,-1,280,337,278,-1,278,337,338,-1,338,337,339,-1,339,337,340,-1,339,340,341,-1,341,340,342,-1,342,340,343,-1,342,343,344,-1,344,343,345,-1,345,343,346,-1,345,346,347,-1,348,349,350,-1,350,349,351,-1,350,351,346,-1,346,351,352,-1,346,352,347,-1,353,354,355,-1,356,357,335,-1,335,357,358,-1,335,358,336,-1,331,333,359,-1,359,333,360,-1,359,360,361,-1,361,360,362,-1,361,362,363,-1,363,362,364,-1,364,362,365,-1,364,365,366,-1,291,292,367,-1,367,292,293,-1,366,365,368,-1,368,365,367,-1,368,367,369,-1,369,367,293,-1,369,293,294,-1,289,291,330,-1,330,291,367,-1,330,367,370,-1,370,367,365,-1,370,365,371,-1,371,365,362,-1,371,362,372,-1,372,362,360,-1,372,360,356,-1,356,360,333,-1,356,333,357,-1,357,333,332,-1,286,288,329,-1,329,288,330,-1,329,330,373,-1,373,330,370,-1,373,370,374,-1,374,370,371,-1,374,371,375,-1,375,371,372,-1,375,372,376,-1,376,372,356,-1,376,356,353,-1,353,356,335,-1,353,335,354,-1,354,335,334,-1,283,285,328,-1,328,285,329,-1,328,329,377,-1,377,329,373,-1,377,373,378,-1,378,373,374,-1,378,374,379,-1,379,374,375,-1,379,375,380,-1,380,375,376,-1,380,376,381,-1,381,376,353,-1,381,353,382,-1,382,353,355,-1,280,282,337,-1,337,282,328,-1,337,328,340,-1,340,328,377,-1,340,377,343,-1,343,377,378,-1,343,378,346,-1,346,378,379,-1,346,379,350,-1,350,379,380,-1,350,380,348,-1,348,380,381,-1,348,381,383,-1,383,381,382,-1,310,311,384,-1,313,314,385,-1,316,317,386,-1,387,388,389,-1,390,391,392,-1,308,393,306,-1,306,393,394,-1,394,393,395,-1,395,393,396,-1,395,396,397,-1,397,396,398,-1,398,396,399,-1,398,399,400,-1,400,399,401,-1,401,399,402,-1,401,402,403,-1,404,405,406,-1,406,405,407,-1,406,407,402,-1,402,407,408,-1,402,408,403,-1,409,410,411,-1,412,413,391,-1,391,413,414,-1,391,414,392,-1,387,389,415,-1,415,389,416,-1,415,416,417,-1,417,416,418,-1,417,418,419,-1,419,418,420,-1,420,418,421,-1,420,421,422,-1,319,320,423,-1,423,320,321,-1,422,421,424,-1,424,421,423,-1,424,423,425,-1,425,423,321,-1,425,321,322,-1,317,319,386,-1,386,319,423,-1,386,423,426,-1,426,423,421,-1,426,421,427,-1,427,421,418,-1,427,418,428,-1,428,418,416,-1,428,416,412,-1,412,416,389,-1,412,389,413,-1,413,389,388,-1,314,316,385,-1,385,316,386,-1,385,386,429,-1,429,386,426,-1,429,426,430,-1,430,426,427,-1,430,427,431,-1,431,427,428,-1,431,428,432,-1,432,428,412,-1,432,412,409,-1,409,412,391,-1,409,391,410,-1,410,391,390,-1,311,313,384,-1,384,313,385,-1,384,385,433,-1,433,385,429,-1,433,429,434,-1,434,429,430,-1,434,430,435,-1,435,430,431,-1,435,431,436,-1,436,431,432,-1,436,432,437,-1,437,432,409,-1,437,409,438,-1,438,409,411,-1,308,310,393,-1,393,310,384,-1,393,384,396,-1,396,384,433,-1,396,433,399,-1,399,433,434,-1,399,434,402,-1,402,434,435,-1,402,435,406,-1,406,435,436,-1,406,436,404,-1,404,436,437,-1,404,437,439,-1,439,437,438,-1,
        ]
    }
}
Shape{
    appearance Appearance {
        material  Material 	{
            diffuseColor 0.25098039215686274 0.25098039215686274 0.25098039215686274
            specularColor 0.12549019607843137 0.12549019607843137 0.12549019607843137
            ambientIntensity 0.251
            transparency 0.0
            shininess 0.5
        }
    }
    geometry IndexedFaceSet {
        ccw TRUE
        solid FALSE
        coord DEF co Coordinate {
            point [
                -1.1504 -3.9035 0.2245, -1.1504 -1.6201 0.2245, -2.5677 -3.9035 0.2245, -2.5677 -1.6201 0.2245, 0.5819 -3.9035 0.2245, 0.5819 -1.6201 0.2245, -0.8354 -3.9035 0.2245, -0.8354 -1.6201 0.2245, -2.1316 -1.6201 1.0612, -2.1316 -1.6201 0.9627, -1.3503 -1.6201 1.0612, -1.3503 -1.6201 0.9627, 0.5819 -1.6201 1.7993, -0.0958 -1.6201 1.2366, -0.14 -1.6201 1.1529, -0.1631 -1.6201 1.0612, 0.2276 -1.6201 1.4056, 0.3215 -1.6201 1.3943, 0.6182 -1.6201 1.0612, -0.1631 -1.6201 0.9627, -0.8354 -1.6201 0.3623, -0.0329 -1.6201 1.3072, 0.0451 -1.6201 1.3608, 0.1336 -1.6201 1.3943, 0.41 -1.6201 1.3608, 0.488 -1.6201 1.3072, 0.9756 -1.6201 1.4056, -1.5585 -1.6201 0.6631, -1.4805 -1.6201 0.7167, -1.1504 -1.6201 0.3623, -1.4176 -1.6201 0.7873, -1.3734 -1.6201 0.871, -2.1085 -1.6201 0.871, -2.5677 -1.6201 1.7993, -2.1085 -1.6201 1.1529, -2.0643 -1.6201 1.2366, -1.4805 -1.6201 1.3072, -1.4176 -1.6201 1.2366, -1.3734 -1.6201 1.1529, -2.0014 -1.6201 1.3072, -1.9234 -1.6201 1.3608, -1.8349 -1.6201 1.3943, 0.6182 -1.6201 0.9627, 0.9756 -1.6201 0.6182, 0.5951 -1.6201 1.1529, 0.5509 -1.6201 1.2366, -1.9234 -1.6201 0.6631, -2.0014 -1.6201 0.7167, -2.0643 -1.6201 0.7873, 0.5951 -1.6201 0.871, 0.5509 -1.6201 0.7873, 0.488 -1.6201 0.7167, 0.41 -1.6201 0.6631, -1.647 -1.6201 0.6296, -1.7409 -1.6201 0.6182, -1.8349 -1.6201 0.6296, 0.3215 -1.6201 0.6296, 0.2276 -1.6201 0.6182, 0.1336 -1.6201 0.6296, 0.0451 -1.6201 0.6631, -0.0329 -1.6201 0.7167, -0.0958 -1.6201 0.7873, -0.14 -1.6201 0.871, -1.7409 -1.6201 1.4056, -1.647 -1.6201 1.3943, -1.5585 -1.6201 1.3608, 1.1724 -3.9823 0.1064, -2.8039 -3.9823 -0.0117, 2.6685 -3.9823 -0.0117, -2.8039 -3.9823 2.0356, 1.1724 -3.9823 1.9175, 2.6685 -3.9823 2.0356, 2.3535 -3.9823 1.9175, 2.3535 -3.9823 0.1064, -1.0717 -3.9823 0.1458, -2.6465 -3.9823 0.1458, 0.6145 -3.9823 0.1458, -0.9142 -3.9823 0.1458, -0.9142 -3.9823 0.2836, -1.0717 -3.9823 0.2836, -2.6465 -3.9823 1.8781, 0.6145 -3.9823 1.8781, 1.0543 -3.9823 1.4383, 1.0543 -3.9823 0.5856, -2.8039 -3.4705 1.1301, -2.8039 -2.5256 1.1301, -2.8039 -0.5177 2.0356, -2.8039 -2.5256 0.8938, -2.8039 -0.5177 -0.0117, -2.8039 -3.4705 0.8938, 1.0937 -0.5177 -0.0117, 1.0937 -0.7539 -0.0117, 2.6685 -2.8012 -0.0117, 2.3929 -2.5256 -0.0117, 2.3929 -1.2887 -0.0117, 2.3929 -1.3497 -0.0117, 2.3929 -1.4706 -0.0117, 2.3929 -1.5991 -0.0117, 2.3929 -2.3923 -0.0117, 2.3929 -0.7539 -0.0117, 2.3929 -1.0905 -0.0117, 2.3929 -1.1326 -0.0117, 2.3929 -1.4626 -0.0117, 2.3929 -1.1839 -0.0117, 2.3929 -1.2576 -0.0117, 2.3929 -1.0905 2.0356, 2.3929 -0.7539 2.0356, 1.0937 -0.7539 2.0356, 2.6685 -2.8012 2.0356, 1.0937 -0.5177 2.0356, 2.3929 -1.2887 2.0356, 2.3929 -1.2576 2.0356, 2.3929 -2.5256 2.0356, 2.3929 -2.3923 2.0356, 2.3929 -1.5991 2.0356, 2.3929 -1.4706 2.0356, 2.3929 -1.4626 2.0356, 2.3929 -1.3497 2.0356, 2.3929 -1.1839 2.0356, 2.3929 -1.1326 2.0356, -1.5835 -0.5177 1.2847, -1.6594 -0.5177 1.3162, -2.0452 -0.5177 1.0935, -2.0559 -0.5177 1.0119, -2.0452 -0.5177 0.9304, 0.385 -0.5177 1.2847, 0.3091 -0.5177 1.3162, -1.7409 -0.5177 1.3269, -1.8225 -0.5177 1.3162, -1.8984 -0.5177 1.2847, 0.4503 -0.5177 0.7892, 0.385 -0.5177 0.7392, 0.3091 -0.5177 0.7077, -1.9637 -0.5177 1.2347, -2.0137 -0.5177 1.1694, -2.0137 -0.5177 0.8545, -1.9637 -0.5177 0.7892, -1.8984 -0.5177 0.7392, -1.6594 -0.5177 0.7077, -0.0874 -0.5177 1.0119, -0.0767 -0.5177 0.9304, 0.0048 -0.5177 0.7892, 0.0701 -0.5177 0.7392, 0.146 -0.5177 0.7077, 0.2276 -0.5177 0.697, 0.5318 -0.5177 1.0935, 0.5003 -0.5177 1.1694, 0.4503 -0.5177 1.2347, -1.4367 -0.5177 1.0935, -1.4682 -0.5177 1.1694, -1.5182 -0.5177 1.2347, -1.8225 -0.5177 0.7077, -1.7409 -0.5177 0.697, -0.0452 -0.5177 0.8545, 0.2276 -0.5177 1.3269, 0.146 -0.5177 1.3162, 0.0701 -0.5177 1.2847, 0.0048 -0.5177 1.2347, -1.5835 -0.5177 0.7392, -1.5182 -0.5177 0.7892, -1.4682 -0.5177 0.8545, 0.5003 -0.5177 0.8545, 0.5318 -0.5177 0.9304, 0.5425 -0.5177 1.0119, -1.4367 -0.5177 0.9304, -1.426 -0.5177 1.0119, -0.0767 -0.5177 1.0935, -0.0452 -0.5177 1.1694, 2.3929 -2.5256 1.9962, 2.3929 -2.5256 1.9221, 2.3929 -2.5256 1.1301, 2.3929 -2.5256 1.5218, 2.6685 -2.8012 1.1301, 2.3929 -2.5256 1.5747, 2.3929 -2.5256 1.7472, 1.6646 -0.7539 0.697, 1.6646 -0.7539 1.3269, 1.822 -0.7539 0.697, 1.822 -0.7539 1.3269, 1.6646 -0.7539 1.4844, 1.822 -0.7539 1.4844, 1.6646 -0.7539 0.5395, 1.822 -0.7539 0.5395, 2.3929 -0.7539 1.9962, 2.3929 -0.7539 1.9221, 2.3929 -0.7539 1.7472, 2.3929 -0.7539 1.5218, 2.3929 -0.7539 1.5747, 2.2748 -3.9035 1.8387, 2.2748 -3.5886 1.8387, 2.2748 -3.9035 0.1852, 2.2748 -3.5886 0.1852, 1.2512 -3.9035 0.1852, 1.2512 -3.5886 0.1852, 1.2512 -3.9035 1.8387, 1.2512 -3.5886 1.8387, 1.2905 -3.5886 1.7993, 1.2905 -3.5886 0.2245, 2.2354 -3.5886 0.2245, 2.2354 -3.5886 1.7993, 2.2354 -1.6201 0.2245, 1.2905 -1.6201 0.2245, 1.2905 -1.6201 1.7993, 2.2354 -1.6201 1.7993, 1.6646 -1.6201 0.5395, 1.822 -1.6201 0.5395, 1.822 -1.6201 0.697, 1.822 -1.6201 1.3269, 1.6646 -1.6201 1.3269, 1.6646 -1.6201 0.697, 1.822 -1.6201 1.4844, 1.6646 -1.6201 1.4844, -2.5677 -3.9035 1.7993, 0.5819 -3.9035 1.7993, 0.9756 -3.9035 1.4056, 0.9756 -3.9035 0.6182, -1.1504 -3.9035 0.3623, -0.8354 -3.9035 0.3623
            ]
        }
        coordIndex [
            0,1,2,-1,2,1,3,-1,4,5,6,-1,6,5,7,-1,8,9,10,-1,10,9,11,-1,10,11,12,-1,13,11,14,-1,14,11,15,-1,12,16,17,-1,18,15,19,-1,19,15,11,-1,19,11,20,-1,13,21,11,-1,11,21,22,-1,11,22,12,-1,12,22,23,-1,12,23,16,-1,17,24,12,-1,12,24,25,-1,12,25,26,-1,27,1,28,-1,28,1,29,-1,28,29,30,-1,30,29,20,-1,30,20,31,-1,31,20,11,-1,32,9,3,-1,3,9,8,-1,3,8,33,-1,33,8,34,-1,33,34,35,-1,36,37,12,-1,12,37,38,-1,12,38,10,-1,35,39,33,-1,33,39,40,-1,33,40,41,-1,19,42,18,-1,18,42,43,-1,18,43,44,-1,44,43,26,-1,44,26,45,-1,45,26,25,-1,46,47,3,-1,3,47,48,-1,3,48,32,-1,42,49,43,-1,43,49,50,-1,43,50,5,-1,5,50,51,-1,5,51,52,-1,27,53,1,-1,1,53,54,-1,1,54,3,-1,3,54,55,-1,3,55,46,-1,52,56,5,-1,5,56,57,-1,5,57,7,-1,7,57,58,-1,7,58,59,-1,59,60,7,-1,7,60,61,-1,7,61,20,-1,20,61,62,-1,20,62,19,-1,41,63,33,-1,33,63,64,-1,33,64,12,-1,12,64,65,-1,12,65,36,-1,66,67,68,-1,69,70,71,-1,71,70,72,-1,71,72,68,-1,68,72,73,-1,68,73,66,-1,74,75,67,-1,67,75,69,-1,66,76,67,-1,67,76,77,-1,67,77,74,-1,74,77,78,-1,74,78,79,-1,75,80,69,-1,69,80,81,-1,69,81,70,-1,70,81,82,-1,70,82,66,-1,66,82,83,-1,66,83,76,-1,84,69,85,-1,85,69,86,-1,85,86,87,-1,87,86,88,-1,87,88,89,-1,89,88,67,-1,89,67,84,-1,84,67,69,-1,88,90,67,-1,67,90,91,-1,92,68,93,-1,93,68,67,-1,94,95,91,-1,96,97,67,-1,67,97,98,-1,67,98,93,-1,99,100,91,-1,91,100,101,-1,91,95,67,-1,67,95,102,-1,67,102,96,-1,101,103,91,-1,91,103,104,-1,91,104,94,-1,105,106,107,-1,69,71,108,-1,109,86,107,-1,107,86,69,-1,110,111,107,-1,108,112,69,-1,69,112,113,-1,69,113,114,-1,114,115,69,-1,69,115,116,-1,69,116,107,-1,107,116,117,-1,107,117,110,-1,111,118,107,-1,107,118,119,-1,107,119,105,-1,120,121,109,-1,86,122,88,-1,88,122,123,-1,88,123,124,-1,125,126,109,-1,109,121,86,-1,121,127,86,-1,86,127,128,-1,86,128,129,-1,130,90,131,-1,131,90,132,-1,129,133,86,-1,86,133,134,-1,86,134,122,-1,124,135,88,-1,88,135,136,-1,88,136,137,-1,138,139,140,-1,141,142,88,-1,88,142,143,-1,88,143,90,-1,90,143,144,-1,90,144,132,-1,145,146,109,-1,109,146,147,-1,109,147,125,-1,148,149,109,-1,109,149,150,-1,109,150,120,-1,137,151,88,-1,88,151,152,-1,88,152,138,-1,138,140,88,-1,88,140,153,-1,88,153,141,-1,126,154,109,-1,109,154,155,-1,109,155,148,-1,148,155,156,-1,148,156,157,-1,138,158,139,-1,139,158,159,-1,139,159,160,-1,130,161,90,-1,90,161,162,-1,90,162,109,-1,109,162,163,-1,109,163,145,-1,160,164,139,-1,139,164,165,-1,139,165,166,-1,166,165,148,-1,166,148,167,-1,167,148,157,-1,168,112,108,-1,168,108,169,-1,170,171,172,-1,172,171,173,-1,172,173,108,-1,108,173,174,-1,108,174,169,-1,175,176,177,-1,177,176,178,-1,179,107,180,-1,180,107,106,-1,179,176,107,-1,107,176,175,-1,107,175,91,-1,91,175,181,-1,91,181,99,-1,99,181,182,-1,106,183,180,-1,180,183,184,-1,180,184,185,-1,182,177,99,-1,99,177,178,-1,99,178,186,-1,186,178,180,-1,186,180,187,-1,187,180,185,-1,91,90,107,-1,107,90,109,-1,188,189,190,-1,190,189,191,-1,190,191,192,-1,192,191,193,-1,192,193,194,-1,194,193,195,-1,194,195,188,-1,188,195,189,-1,196,195,197,-1,197,195,193,-1,197,193,198,-1,198,193,191,-1,198,191,199,-1,199,191,189,-1,199,189,196,-1,196,189,195,-1,200,201,198,-1,198,201,197,-1,201,202,197,-1,197,202,196,-1,202,203,196,-1,196,203,199,-1,203,200,199,-1,199,200,198,-1,204,201,205,-1,205,201,200,-1,205,200,206,-1,207,208,209,-1,209,206,207,-1,207,206,200,-1,207,200,210,-1,210,200,203,-1,210,203,211,-1,211,203,202,-1,211,202,208,-1,208,202,201,-1,208,201,209,-1,209,201,204,-1,2,3,212,-1,212,3,33,-1,212,33,213,-1,213,33,12,-1,214,26,215,-1,215,26,43,-1,213,12,214,-1,214,12,26,-1,215,43,4,-1,4,43,5,-1,216,29,0,-1,0,29,1,-1,6,7,217,-1,217,7,20,-1,217,20,216,-1,216,20,29,-1,
        ]
    }
}
Shape{
    appearance Appearance {
        material  Material 	{
            diffuseColor 1.0 1.0 0.0
            specularColor 0.5019607843137255 0.5019607843137255 0.0
            ambientIntensity 0.886
            transparency 0.0
            shininess 0.5
        }
    }
    geometry IndexedFaceSet {
        ccw TRUE
        solid FALSE
        coord DEF co Coordinate {
            point [
                -1.647 -1.6201 0.6296, -1.6819 -2.0138 0.6227, -1.7409 -1.6201 0.6182, -1.7409 -2.0138 0.6182, -1.8349 -1.6201 0.6296, -1.8 -2.0138 0.6227, -2.1316 -3.1949 0.9627, -2.1316 -1.6201 0.9627, -2.1126 -3.1949 0.8822, -2.1085 -1.6201 0.871, -2.1075 -3.1949 0.8714, -2.0757 -3.1949 0.8047, -2.0643 -1.6201 0.7873, -2.0629 -3.1949 0.7884, -2.0228 -3.1949 0.7371, -2.0014 -1.6201 0.7167, -2.0 -3.1949 0.7183, -1.9566 -3.1949 0.6825, -1.9234 -1.6201 0.6631, -1.9223 -3.1949 0.6651, -1.8801 -3.1949 0.6437, -1.8343 -3.1949 0.6317, -1.8 -3.1949 0.6227, -1.6819 -3.1949 0.6227, -1.6476 -3.1949 0.6317, -1.6018 -3.1949 0.6437, -1.5585 -1.6201 0.6631, -1.5596 -3.1949 0.6651, -1.5253 -3.1949 0.6825, -1.4805 -1.6201 0.7167, -1.4819 -3.1949 0.7183, -1.4591 -3.1949 0.7371, -1.4176 -1.6201 0.7873, -1.419 -3.1949 0.7884, -1.4062 -3.1949 0.8047, -1.3734 -1.6201 0.871, -1.3744 -3.1949 0.8714, -1.3693 -3.1949 0.8822, -1.3503 -1.6201 0.9627, -1.3503 -3.1949 0.9627, 0.3215 -1.6201 0.6296, 0.2866 -2.0138 0.6227, 0.2276 -1.6201 0.6182, 0.2276 -2.0138 0.6182, 0.1336 -1.6201 0.6296, 0.1685 -2.0138 0.6227, -0.1631 -3.1949 0.9627, -0.1631 -1.6201 0.9627, -0.1441 -3.1949 0.8822, -0.14 -1.6201 0.871, -0.139 -3.1949 0.8714, -0.1072 -3.1949 0.8047, -0.0958 -1.6201 0.7873, -0.0944 -3.1949 0.7884, -0.0543 -3.1949 0.7371, -0.0329 -1.6201 0.7167, -0.0315 -3.1949 0.7183, 0.0119 -3.1949 0.6825, 0.0451 -1.6201 0.6631, 0.0462 -3.1949 0.6651, 0.0884 -3.1949 0.6437, 0.1342 -3.1949 0.6317, 0.1685 -3.1949 0.6227, 0.2866 -3.1949 0.6227, 0.3209 -3.1949 0.6317, 0.3667 -3.1949 0.6437, 0.41 -1.6201 0.6631, 0.4089 -3.1949 0.6651, 0.4432 -3.1949 0.6825, 0.488 -1.6201 0.7167, 0.4866 -3.1949 0.7183, 0.5094 -3.1949 0.7371, 0.5509 -1.6201 0.7873, 0.5495 -3.1949 0.7884, 0.5623 -3.1949 0.8047, 0.5951 -1.6201 0.871, 0.5941 -3.1949 0.8714, 0.5992 -3.1949 0.8822, 0.6182 -1.6201 0.9627, 0.6182 -3.1949 0.9627, -1.5295 -3.2721 0.689, -1.4645 -3.2721 0.7424, -1.4127 -3.2721 0.8087, -1.3765 -3.2721 0.8847, -1.6045 -3.2721 0.6508, -1.6819 -3.581 0.9627, -1.6819 -3.5777 0.9497, -1.6503 -3.5723 0.9627, -1.6349 -3.5597 0.9085, -1.6024 -3.559 0.9627, -1.615 -3.5597 0.934, -1.5967 -3.5574 0.9627, -1.5566 -3.5235 0.8978, -1.5362 -3.5235 0.9405, -1.531 -3.522 0.9627, -1.5931 -3.5564 0.9627, -1.5125 -3.5117 0.9627, -1.4793 -3.4746 0.9206, -1.4701 -3.4728 0.9627, -1.4446 -3.4494 0.9627, -1.4326 -3.4147 0.9043, -1.4204 -3.4133 0.9627, -1.3932 -3.3728 0.9627, -1.3979 -3.3464 0.8921, -1.3831 -3.3456 0.9627, -1.3612 -3.2864 0.9627, -1.3595 -3.272 0.9627, -1.6819 -3.272 0.632, -1.6819 -3.2877 0.6339, -1.6125 -3.3464 0.672, -1.6819 -3.3455 0.6558, -1.6819 -3.3751 0.6669, -1.6255 -3.4147 0.7064, -1.6819 -3.4132 0.6931, -1.6819 -3.5463 0.8498, -1.6819 -3.5223 0.8045, -1.6643 -3.5235 0.8091, -1.6819 -3.5143 0.7896, -1.643 -3.4746 0.7527, -1.6819 -3.4728 0.743, -1.6819 -3.4521 0.7198, -1.6819 -3.5673 0.9085, -1.6819 -3.5594 0.877, -1.6598 -3.5597 0.888, -1.6819 -3.5581 0.8721, -1.6222 -3.5235 0.8305, -1.432 -3.3464 0.8207, -1.4633 -3.4147 0.84, -1.5053 -3.4746 0.8661, -1.4808 -3.3464 0.7583, -1.5071 -3.4147 0.7839, -1.5426 -3.4746 0.8185, -1.5857 -3.5235 0.8606, -1.5419 -3.3464 0.7079, -1.5621 -3.4147 0.7387, -1.5892 -3.4746 0.7801, 0.439 -3.2721 0.689, 0.504 -3.2721 0.7424, 0.5558 -3.2721 0.8087, 0.592 -3.2721 0.8847, 0.364 -3.2721 0.6508, 0.2866 -3.581 0.9627, 0.2866 -3.5777 0.9497, 0.3182 -3.5723 0.9627, 0.3336 -3.5597 0.9085, 0.3661 -3.559 0.9627, 0.3535 -3.5597 0.934, 0.3718 -3.5574 0.9627, 0.4119 -3.5235 0.8978, 0.4323 -3.5235 0.9405, 0.4375 -3.522 0.9627, 0.3754 -3.5564 0.9627, 0.456 -3.5117 0.9627, 0.4892 -3.4746 0.9206, 0.4984 -3.4728 0.9627, 0.5239 -3.4494 0.9627, 0.5359 -3.4147 0.9043, 0.5481 -3.4133 0.9627, 0.5753 -3.3728 0.9627, 0.5706 -3.3464 0.8921, 0.5854 -3.3456 0.9627, 0.6073 -3.2864 0.9627, 0.609 -3.272 0.9627, 0.2866 -3.272 0.632, 0.2866 -3.2877 0.6339, 0.356 -3.3464 0.672, 0.2866 -3.3455 0.6558, 0.2866 -3.3751 0.6669, 0.343 -3.4147 0.7064, 0.2866 -3.4132 0.6931, 0.2866 -3.5463 0.8498, 0.2866 -3.5223 0.8045, 0.3042 -3.5235 0.8091, 0.2866 -3.5143 0.7896, 0.3255 -3.4746 0.7527, 0.2866 -3.4728 0.743, 0.2866 -3.4521 0.7198, 0.2866 -3.5673 0.9085, 0.2866 -3.5594 0.877, 0.3087 -3.5597 0.888, 0.2866 -3.5581 0.8721, 0.3463 -3.5235 0.8305, 0.5365 -3.3464 0.8207, 0.5052 -3.4147 0.84, 0.4632 -3.4746 0.8661, 0.4877 -3.3464 0.7583, 0.4614 -3.4147 0.7839, 0.426 -3.4746 0.8185, 0.3828 -3.5235 0.8606, 0.4266 -3.3464 0.7079, 0.4064 -3.4147 0.7387, 0.3793 -3.4746 0.7801, 0.2866 -3.581 1.0612, 0.2866 -2.0138 1.0612, 0.3182 -3.5723 1.0612, 0.3661 -3.559 1.0612, 0.6182 -3.1949 1.0612, 0.609 -3.272 1.0612, 0.4375 -3.522 1.0612, 0.6073 -3.2864 1.0612, 0.5854 -3.3456 1.0612, 0.5481 -3.4133 1.0612, 0.5239 -3.4494 1.0612, 0.4984 -3.4728 1.0612, 0.3754 -3.5564 1.0612, 0.3718 -3.5574 1.0612, 0.089 -3.559 1.0612, 0.1685 -2.0138 1.0612, 0.1369 -3.5723 1.0612, 0.1685 -3.581 1.0612, 0.0833 -3.5574 1.0612, 0.0797 -3.5564 1.0612, 0.0176 -3.522 1.0612, -0.093 -3.4133 1.0612, -0.1202 -3.3728 1.0612, -0.1303 -3.3456 1.0612, 0.456 -3.5117 1.0612, 0.5753 -3.3728 1.0612, 0.6182 -1.6201 1.0612, -0.1631 -1.6201 1.0612, -0.1631 -3.1949 1.0612, -0.1539 -3.272 1.0612, -0.0009 -3.5117 1.0612, -0.0433 -3.4728 1.0612, -0.0688 -3.4494 1.0612, -0.1522 -3.2864 1.0612, 0.2866 -2.0138 0.9627, 0.0833 -3.5574 0.9627, 0.089 -3.559 0.9627, 0.1685 -2.0138 0.9627, 0.1369 -3.5723 0.9627, 0.1685 -3.581 0.9627, -0.1539 -3.272 0.9627, -0.1522 -3.2864 0.9627, -0.1303 -3.3456 0.9627, -0.1202 -3.3728 0.9627, -0.093 -3.4133 0.9627, -0.0688 -3.4494 0.9627, -0.0433 -3.4728 0.9627, -0.0009 -3.5117 0.9627, 0.0176 -3.522 0.9627, 0.0797 -3.5564 0.9627, -1.6503 -3.5723 1.0612, -1.6819 -3.581 1.0612, -1.6819 -2.0138 1.0612, -1.6024 -3.559 1.0612, -1.3932 -3.3728 1.0612, -1.4204 -3.4133 1.0612, -1.4446 -3.4494 1.0612, -1.4701 -3.4728 1.0612, -1.5125 -3.5117 1.0612, -1.531 -3.522 1.0612, -1.5931 -3.5564 1.0612, -1.5967 -3.5574 1.0612, -1.3503 -3.1949 1.0612, -1.3595 -3.272 1.0612, -1.8 -3.581 1.0612, -1.8316 -3.5723 1.0612, -1.8 -2.0138 1.0612, -1.8795 -3.559 1.0612, -1.8852 -3.5574 1.0612, -2.1207 -3.2864 1.0612, -2.1224 -3.272 1.0612, -1.3612 -3.2864 1.0612, -1.3831 -3.3456 1.0612, -1.9694 -3.5117 1.0612, -1.9509 -3.522 1.0612, -1.8888 -3.5564 1.0612, -2.1316 -3.1949 1.0612, -2.1316 -1.6201 1.0612, -1.3503 -1.6201 1.0612, -2.0118 -3.4728 1.0612, -2.0373 -3.4494 1.0612, -2.0615 -3.4133 1.0612, -2.0887 -3.3728 1.0612, -2.0988 -3.3456 1.0612, -1.9694 -3.5117 0.9627, -1.9509 -3.522 0.9627, -1.8 -2.0138 0.9627, -1.8888 -3.5564 0.9627, -1.8852 -3.5574 0.9627, -1.8795 -3.559 0.9627, -1.8316 -3.5723 0.9627, -1.8 -3.581 0.9627, -2.0887 -3.3728 0.9627, -2.0615 -3.4133 0.9627, -1.6819 -2.0138 0.9627, -2.0373 -3.4494 0.9627, -2.0118 -3.4728 0.9627, -2.1224 -3.272 0.9627, -2.1207 -3.2864 0.9627, -2.0988 -3.3456 0.9627, -1.8 -3.5777 0.9497, -1.8 -3.5223 0.8045, -1.8 -3.5143 0.7896, -1.8 -3.4728 0.743, -1.8 -3.5463 0.8498, -1.8 -3.3455 0.6558, -1.8 -3.5673 0.9085, -1.8 -3.3751 0.6669, -1.8 -3.4132 0.6931, -1.8 -3.272 0.632, -1.8 -3.2877 0.6339, -1.8 -3.4521 0.7198, -1.8 -3.5594 0.877, -1.8 -3.5581 0.8721, -1.8 -2.0138 1.4012, -1.8 -3.5673 1.1154, -1.8 -3.5777 1.0742, -1.8 -3.1949 1.4012, -1.8 -3.272 1.3919, -1.8 -3.2877 1.39, -1.8 -3.3455 1.3681, -1.8 -3.3751 1.357, -1.8 -3.4132 1.3308, -1.8 -3.5143 1.2343, -1.8 -3.5223 1.2194, -1.8 -3.4728 1.2809, -1.8 -3.5463 1.1741, -1.8 -3.5581 1.1518, -1.8 -3.5594 1.1469, -1.8 -3.4521 1.3041, -1.6819 -3.5777 1.0742, -1.6819 -3.5673 1.1154, -1.6819 -3.3751 1.357, -1.6819 -3.3455 1.3681, -1.6819 -3.2877 1.39, -1.6819 -3.272 1.3919, -1.6819 -3.1949 1.4012, -1.6819 -2.0138 1.4012, -1.6819 -3.5594 1.1469, -1.6819 -3.5581 1.1518, -1.6819 -3.5463 1.1741, -1.6819 -3.5223 1.2194, -1.6819 -3.5143 1.2343, -1.6819 -3.4728 1.2809, -1.6819 -3.4521 1.3041, -1.6819 -3.4132 1.3308, -1.7409 -2.0138 1.4056, 0.1685 -3.5673 0.9085, 0.1685 -3.5777 0.9497, 0.1685 -3.272 0.632, 0.1685 -3.2877 0.6339, 0.1685 -3.5223 0.8045, 0.1685 -3.5143 0.7896, 0.1685 -3.4728 0.743, 0.1685 -3.4132 0.6931, 0.1685 -3.3751 0.6669, 0.1685 -3.3455 0.6558, 0.1685 -3.5463 0.8498, 0.1685 -3.4521 0.7198, 0.1685 -3.5594 0.877, 0.1685 -3.5581 0.8721, 0.1685 -3.5777 1.0742, 0.1685 -3.5673 1.1154, 0.1685 -3.272 1.3919, 0.1685 -3.1949 1.4012, 0.1685 -2.0138 1.4012, 0.1685 -3.2877 1.39, 0.1685 -3.3455 1.3681, 0.1685 -3.3751 1.357, 0.1685 -3.4132 1.3308, 0.1685 -3.4521 1.3041, 0.1685 -3.4728 1.2809, 0.1685 -3.5143 1.2343, 0.1685 -3.5223 1.2194, 0.1685 -3.5463 1.1741, 0.1685 -3.5581 1.1518, 0.1685 -3.5594 1.1469, 0.2866 -3.4521 1.3041, 0.2866 -3.4132 1.3308, 0.2866 -3.5777 1.0742, 0.2866 -3.5673 1.1154, 0.2866 -3.5594 1.1469, 0.2866 -3.5581 1.1518, 0.2866 -3.5463 1.1741, 0.2866 -3.5223 1.2194, 0.2866 -3.5143 1.2343, 0.2866 -3.4728 1.2809, 0.2866 -3.3751 1.357, 0.2866 -3.3455 1.3681, 0.2866 -3.2877 1.39, 0.2866 -3.272 1.3919, 0.2866 -3.1949 1.4012, 0.2866 -2.0138 1.4012, 0.2276 -2.0138 1.4056, 1.7173 -3.1161 1.4316, 1.7173 -3.1161 1.3797, 1.7693 -3.1161 1.4316, 1.7693 -3.1161 1.3797, 1.822 -2.9193 1.4844, 1.822 -1.6201 1.4844, 1.6646 -2.9193 1.4844, 1.6646 -1.6201 1.4844, 1.822 -2.9193 1.3269, 1.822 -1.6201 1.3269, 1.6646 -2.9193 1.3269, 1.6646 -1.6201 1.3269, 1.7693 -3.1161 0.5923, 1.7693 -3.1161 0.6442, 1.7173 -3.1161 0.5923, 1.7173 -3.1161 0.6442, 1.6646 -2.9193 0.5395, 1.6646 -1.6201 0.5395, 1.822 -2.9193 0.5395, 1.822 -1.6201 0.5395, 1.6646 -2.9193 0.697, 1.6646 -1.6201 0.697, 1.822 -2.9193 0.697, 1.822 -1.6201 0.697
            ]
        }
        coordIndex [
            0,1,2,-1,2,1,3,-1,2,3,4,-1,4,3,5,-1,6,7,8,-1,8,7,9,-1,8,9,10,-1,10,9,11,-1,11,9,12,-1,11,12,13,-1,13,12,14,-1,14,12,15,-1,14,15,16,-1,16,15,17,-1,17,15,18,-1,17,18,19,-1,19,18,20,-1,20,18,4,-1,20,4,21,-1,21,4,5,-1,21,5,22,-1,23,1,24,-1,24,1,0,-1,24,0,25,-1,25,0,26,-1,25,26,27,-1,27,26,28,-1,28,26,29,-1,28,29,30,-1,30,29,31,-1,31,29,32,-1,31,32,33,-1,33,32,34,-1,34,32,35,-1,34,35,36,-1,36,35,37,-1,37,35,38,-1,37,38,39,-1,40,41,42,-1,42,41,43,-1,42,43,44,-1,44,43,45,-1,46,47,48,-1,48,47,49,-1,48,49,50,-1,50,49,51,-1,51,49,52,-1,51,52,53,-1,53,52,54,-1,54,52,55,-1,54,55,56,-1,56,55,57,-1,57,55,58,-1,57,58,59,-1,59,58,60,-1,60,58,44,-1,60,44,61,-1,61,44,45,-1,61,45,62,-1,63,41,64,-1,64,41,40,-1,64,40,65,-1,65,40,66,-1,65,66,67,-1,67,66,68,-1,68,66,69,-1,68,69,70,-1,70,69,71,-1,71,69,72,-1,71,72,73,-1,73,72,74,-1,74,72,75,-1,74,75,76,-1,76,75,77,-1,77,75,78,-1,77,78,79,-1,27,28,80,-1,30,31,81,-1,33,34,82,-1,36,37,83,-1,24,25,84,-1,85,86,87,-1,87,86,88,-1,89,90,91,-1,91,90,92,-1,93,94,95,-1,94,93,96,-1,96,93,97,-1,96,97,98,-1,98,97,99,-1,99,97,100,-1,99,100,101,-1,101,100,102,-1,102,100,103,-1,102,103,104,-1,104,103,105,-1,105,103,83,-1,105,83,106,-1,106,83,37,-1,106,37,39,-1,23,24,107,-1,107,24,84,-1,107,84,108,-1,108,84,109,-1,108,109,110,-1,110,109,111,-1,111,109,112,-1,111,112,113,-1,114,115,116,-1,116,115,117,-1,116,117,118,-1,118,117,119,-1,118,119,112,-1,112,119,120,-1,112,120,113,-1,121,122,123,-1,123,122,124,-1,123,124,125,-1,34,36,82,-1,82,36,83,-1,82,83,126,-1,126,83,103,-1,126,103,127,-1,127,103,100,-1,127,100,128,-1,128,100,97,-1,128,97,92,-1,92,97,93,-1,92,93,91,-1,91,93,95,-1,31,33,81,-1,81,33,82,-1,81,82,129,-1,129,82,126,-1,129,126,130,-1,130,126,127,-1,130,127,131,-1,131,127,128,-1,131,128,132,-1,132,128,92,-1,132,92,88,-1,88,92,90,-1,88,90,87,-1,87,90,89,-1,28,30,80,-1,80,30,81,-1,80,81,133,-1,133,81,129,-1,133,129,134,-1,134,129,130,-1,134,130,135,-1,135,130,131,-1,135,131,125,-1,125,131,132,-1,125,132,123,-1,123,132,88,-1,123,88,121,-1,121,88,86,-1,25,27,84,-1,84,27,80,-1,84,80,109,-1,109,80,133,-1,109,133,112,-1,112,133,134,-1,112,134,118,-1,118,134,135,-1,118,135,116,-1,116,135,125,-1,116,125,114,-1,114,125,124,-1,67,68,136,-1,70,71,137,-1,73,74,138,-1,76,77,139,-1,64,65,140,-1,141,142,143,-1,143,142,144,-1,145,146,147,-1,147,146,148,-1,149,150,151,-1,150,149,152,-1,152,149,153,-1,152,153,154,-1,154,153,155,-1,155,153,156,-1,155,156,157,-1,157,156,158,-1,158,156,159,-1,158,159,160,-1,160,159,161,-1,161,159,139,-1,161,139,162,-1,162,139,77,-1,162,77,79,-1,63,64,163,-1,163,64,140,-1,163,140,164,-1,164,140,165,-1,164,165,166,-1,166,165,167,-1,167,165,168,-1,167,168,169,-1,170,171,172,-1,172,171,173,-1,172,173,174,-1,174,173,175,-1,174,175,168,-1,168,175,176,-1,168,176,169,-1,177,178,179,-1,179,178,180,-1,179,180,181,-1,74,76,138,-1,138,76,139,-1,138,139,182,-1,182,139,159,-1,182,159,183,-1,183,159,156,-1,183,156,184,-1,184,156,153,-1,184,153,148,-1,148,153,149,-1,148,149,147,-1,147,149,151,-1,71,73,137,-1,137,73,138,-1,137,138,185,-1,185,138,182,-1,185,182,186,-1,186,182,183,-1,186,183,187,-1,187,183,184,-1,187,184,188,-1,188,184,148,-1,188,148,144,-1,144,148,146,-1,144,146,143,-1,143,146,145,-1,68,70,136,-1,136,70,137,-1,136,137,189,-1,189,137,185,-1,189,185,190,-1,190,185,186,-1,190,186,191,-1,191,186,187,-1,191,187,181,-1,181,187,188,-1,181,188,179,-1,179,188,144,-1,179,144,177,-1,177,144,142,-1,65,67,140,-1,140,67,136,-1,140,136,165,-1,165,136,189,-1,165,189,168,-1,168,189,190,-1,168,190,174,-1,174,190,191,-1,174,191,172,-1,172,191,181,-1,172,181,170,-1,170,181,180,-1,192,193,194,-1,194,193,195,-1,196,197,198,-1,198,197,199,-1,198,199,200,-1,201,202,203,-1,198,204,193,-1,193,204,205,-1,193,205,195,-1,206,207,208,-1,208,207,209,-1,206,210,207,-1,207,210,211,-1,207,211,212,-1,213,214,215,-1,216,198,203,-1,203,198,200,-1,203,200,201,-1,201,200,217,-1,196,198,218,-1,218,198,193,-1,218,193,219,-1,219,193,207,-1,219,207,220,-1,220,207,212,-1,220,212,221,-1,212,222,223,-1,224,213,223,-1,223,213,215,-1,223,215,212,-1,212,215,225,-1,212,225,221,-1,226,141,143,-1,227,228,229,-1,229,228,230,-1,229,230,231,-1,46,232,227,-1,227,232,233,-1,233,234,227,-1,227,234,235,-1,227,235,236,-1,46,227,47,-1,47,227,229,-1,47,229,78,-1,78,229,226,-1,78,226,79,-1,79,226,143,-1,79,143,162,-1,236,237,238,-1,238,239,240,-1,145,160,143,-1,143,160,161,-1,143,161,162,-1,154,155,157,-1,236,238,227,-1,227,238,240,-1,227,240,241,-1,145,147,160,-1,160,147,151,-1,160,151,150,-1,158,160,157,-1,157,160,150,-1,157,150,154,-1,154,150,152,-1,242,243,244,-1,242,244,245,-1,246,247,244,-1,244,247,248,-1,248,249,244,-1,244,249,250,-1,244,250,251,-1,251,252,244,-1,244,252,253,-1,244,253,245,-1,254,255,244,-1,256,257,258,-1,258,257,259,-1,258,259,260,-1,261,262,258,-1,255,263,244,-1,244,263,264,-1,244,264,246,-1,265,258,266,-1,266,258,260,-1,266,260,267,-1,262,268,258,-1,258,268,269,-1,258,269,244,-1,244,269,270,-1,244,270,254,-1,265,271,258,-1,258,271,272,-1,258,272,273,-1,273,274,258,-1,258,274,275,-1,258,275,261,-1,276,277,278,-1,278,277,279,-1,278,279,280,-1,280,281,278,-1,278,281,282,-1,278,282,283,-1,284,285,278,-1,286,85,87,-1,87,89,286,-1,286,89,91,-1,286,91,95,-1,285,287,278,-1,278,287,288,-1,278,288,276,-1,95,94,286,-1,286,94,96,-1,286,96,98,-1,6,289,278,-1,289,290,278,-1,278,290,291,-1,278,291,284,-1,98,99,286,-1,286,99,101,-1,286,101,102,-1,102,104,286,-1,286,104,105,-1,286,105,106,-1,106,39,286,-1,286,39,38,-1,286,38,278,-1,278,38,7,-1,278,7,6,-1,1,286,3,-1,3,286,278,-1,3,278,5,-1,86,85,286,-1,86,286,121,-1,117,115,286,-1,286,115,114,-1,114,124,286,-1,286,124,122,-1,286,122,121,-1,1,23,286,-1,286,23,107,-1,286,107,108,-1,108,110,286,-1,286,110,111,-1,286,111,113,-1,113,120,286,-1,286,120,119,-1,286,119,117,-1,278,283,292,-1,293,294,295,-1,293,295,296,-1,297,298,299,-1,299,298,300,-1,5,278,22,-1,22,278,292,-1,22,292,301,-1,301,292,298,-1,301,298,302,-1,302,298,297,-1,303,300,295,-1,295,300,298,-1,295,298,296,-1,296,298,304,-1,296,304,305,-1,306,307,258,-1,258,307,308,-1,258,308,256,-1,306,309,307,-1,307,309,310,-1,307,310,311,-1,311,312,307,-1,307,312,313,-1,307,313,314,-1,315,316,317,-1,317,316,318,-1,319,320,318,-1,318,320,307,-1,318,307,317,-1,317,307,314,-1,317,314,321,-1,243,322,244,-1,244,322,323,-1,324,325,244,-1,244,325,326,-1,326,327,244,-1,244,327,328,-1,244,328,329,-1,323,330,244,-1,244,330,331,-1,244,331,332,-1,332,333,244,-1,244,333,334,-1,244,334,335,-1,335,336,244,-1,244,336,337,-1,244,337,324,-1,306,258,338,-1,338,258,244,-1,338,244,329,-1,41,226,43,-1,43,226,229,-1,43,229,45,-1,141,226,142,-1,142,226,177,-1,170,180,226,-1,226,180,178,-1,226,178,177,-1,163,226,63,-1,63,226,41,-1,163,164,226,-1,226,164,166,-1,226,166,167,-1,167,169,226,-1,226,169,176,-1,226,176,175,-1,175,173,226,-1,226,173,171,-1,226,171,170,-1,339,229,340,-1,340,229,231,-1,45,229,62,-1,62,229,339,-1,62,339,341,-1,341,339,342,-1,343,344,345,-1,346,347,339,-1,339,347,348,-1,339,348,342,-1,343,345,349,-1,350,346,345,-1,345,346,339,-1,345,339,349,-1,349,339,351,-1,349,351,352,-1,209,207,353,-1,353,207,354,-1,355,207,356,-1,356,207,357,-1,355,358,207,-1,207,358,359,-1,207,359,360,-1,360,361,207,-1,207,361,362,-1,207,362,363,-1,363,364,207,-1,207,364,365,-1,207,365,366,-1,366,367,207,-1,207,367,368,-1,207,368,354,-1,369,370,193,-1,192,371,193,-1,193,371,372,-1,193,372,373,-1,373,374,193,-1,193,374,375,-1,193,375,376,-1,376,377,193,-1,193,377,378,-1,193,378,369,-1,370,379,193,-1,193,379,380,-1,193,380,381,-1,381,382,193,-1,193,382,383,-1,193,383,384,-1,357,207,385,-1,385,207,193,-1,385,193,384,-1,386,387,388,-1,388,387,389,-1,390,391,392,-1,392,391,393,-1,394,395,390,-1,390,395,391,-1,396,397,394,-1,394,397,395,-1,392,393,396,-1,396,393,397,-1,398,399,400,-1,400,399,401,-1,402,403,404,-1,404,403,405,-1,406,407,402,-1,402,407,403,-1,408,409,406,-1,406,409,407,-1,404,405,408,-1,408,405,409,-1,387,396,389,-1,389,396,394,-1,386,392,387,-1,387,392,396,-1,390,388,394,-1,394,388,389,-1,388,390,386,-1,386,390,392,-1,399,408,401,-1,401,408,406,-1,398,404,399,-1,399,404,408,-1,402,400,406,-1,406,400,401,-1,400,402,398,-1,398,402,404,-1,
        ]
    }
}
Shape{
    appearance Appearance {
        material  Material 	{
            diffuseColor 0.25098039215686274 0.25098039215686274 0.25098039215686274
            specularColor 0.12549019607843137 0.12549019607843137 0.12549019607843137
            ambientIntensity 0.251
            transparency 0.0
            shininess 0.5
        }
    }
    geometry IndexedFaceSet {
        ccw TRUE
        solid FALSE
        coord DEF co Coordinate {
            point [
                2.6685 -3.4705 0.8938, 2.9835 -3.4705 0.8938, 2.6685 -3.4705 1.1301, 2.9835 -3.4705 1.1301, 2.9835 -2.5256 0.8938, 2.9835 -2.8406 0.8938, 2.3929 -2.5256 0.8938, 2.885 -2.8406 0.8938, 2.9835 -3.1555 0.8938, 2.885 -3.1555 0.8938, 2.6685 -2.8012 0.8938, 2.885 -2.8406 1.1301, 2.9835 -2.8406 1.1301, 2.9835 -2.5256 1.1301, 2.9835 -3.1555 1.1301, 2.885 -3.1555 1.1301, 2.6685 -2.8012 1.1301, 2.3929 -2.5256 1.1301, -2.8039 -2.5256 0.8938, -3.1189 -2.5256 0.8938, -2.8039 -2.5256 1.1301, -3.1189 -2.5256 1.1301, -2.8039 -3.4705 1.1301, -3.1189 -3.4705 1.1301, -2.8039 -3.4705 0.8938, -3.1189 -3.4705 0.8938, -3.1189 -2.8406 0.8938, -3.0205 -2.8406 0.8938, -3.0205 -3.1555 0.8938, -3.1189 -3.1555 0.8938, -3.1189 -3.1555 1.1301, -3.0205 -3.1555 1.1301, -3.0205 -2.8406 1.1301, -3.1189 -2.8406 1.1301
            ]
        }
        coordIndex [
            0,1,2,-1,2,1,3,-1,4,5,6,-1,6,5,7,-1,8,1,9,-1,9,1,0,-1,9,0,7,-1,7,0,10,-1,7,10,6,-1,11,12,13,-1,3,14,2,-1,2,14,15,-1,2,15,16,-1,16,15,11,-1,16,11,17,-1,17,11,13,-1,17,13,6,-1,6,13,4,-1,1,8,3,-1,3,8,14,-1,5,4,12,-1,12,4,13,-1,7,5,11,-1,11,5,12,-1,9,7,15,-1,15,7,11,-1,8,9,14,-1,14,9,15,-1,18,19,20,-1,20,19,21,-1,22,23,24,-1,24,23,25,-1,26,19,27,-1,27,19,18,-1,27,18,28,-1,28,18,24,-1,28,24,29,-1,29,24,25,-1,30,23,31,-1,31,23,22,-1,31,22,32,-1,32,22,20,-1,32,20,33,-1,33,20,21,-1,29,25,30,-1,30,25,23,-1,28,29,31,-1,31,29,30,-1,27,28,32,-1,32,28,31,-1,26,27,33,-1,33,27,32,-1,19,26,21,-1,21,26,33,-1,
        ]
    }
}
Shape{
    appearance Appearance {
        material  Material 	{
            diffuseColor 1.0 1.0 0.0
            specularColor 0.5019607843137255 0.5019607843137255 0.0
            ambientIntensity 0.886
            transparency 0.0
            shininess 0.5
        }
    }
    geometry IndexedFaceSet {
        ccw TRUE
        solid FALSE
        coord DEF co Coordinate {
            point [
                1.822 -0.7146 -0.5629, 1.822 -0.5571 -0.5629, 1.822 -0.7146 0.5001, 1.822 -0.5571 0.5001, 1.822 -0.7156 0.5089, 1.822 -0.562 0.5439, 1.822 -0.7185 0.5172, 1.822 -0.5766 0.5855, 1.822 -0.7232 0.5247, 1.822 -0.6 0.6229, 1.822 -0.7294 0.5309, 1.822 -0.6312 0.654, 1.822 -0.7369 0.5356, 1.822 -0.6685 0.6775, 1.822 -0.7452 0.5385, 1.822 -0.7101 0.6921, 1.822 -0.7539 0.5395, 1.822 -0.7539 0.697, 1.6646 -0.7539 0.5395, 1.6646 -0.7539 0.697, 1.6646 -0.7452 0.5385, 1.6646 -0.7101 0.6921, 1.6646 -0.7369 0.5356, 1.6646 -0.6685 0.6775, 1.6646 -0.7294 0.5309, 1.6646 -0.6312 0.654, 1.6646 -0.7232 0.5247, 1.6646 -0.6 0.6229, 1.6646 -0.7185 0.5172, 1.6646 -0.5766 0.5855, 1.6646 -0.7156 0.5089, 1.6646 -0.562 0.5439, 1.6646 -0.7146 0.5001, 1.6646 -0.5571 0.5001, 1.6646 -0.7146 -0.5629, 1.6646 -0.5571 -0.5629, 1.7173 -0.6618 -0.7597, 1.7173 -0.6098 -0.7597, 1.7693 -0.6618 -0.7597, 1.7693 -0.6098 -0.7597, 1.822 0.0335 1.4844, 1.6646 0.0335 1.4844, 1.822 -0.7539 1.4844, 1.6646 -0.7539 1.4844, 1.6646 -0.7539 1.3269, 1.6646 0.0335 1.3269, 1.822 -0.7539 1.3269, 1.822 0.0335 1.3269, 1.822 0.0728 -0.5905, 1.822 0.2303 -0.5905, 1.822 0.0728 1.2875, 1.822 0.2303 1.2875, 1.822 0.0715 1.2977, 1.822 0.2236 1.3385, 1.822 0.0676 1.3072, 1.822 0.2039 1.386, 1.822 0.0613 1.3154, 1.822 0.1727 1.4267, 1.822 0.0531 1.3216, 1.822 0.1319 1.458, 1.822 0.0437 1.3256, 1.822 0.0844 1.4777, 1.6646 0.0437 1.3256, 1.6646 0.0844 1.4777, 1.6646 0.0531 1.3216, 1.6646 0.1319 1.458, 1.6646 0.0613 1.3154, 1.6646 0.1727 1.4267, 1.6646 0.0676 1.3072, 1.6646 0.2039 1.386, 1.6646 0.0715 1.2977, 1.6646 0.2236 1.3385, 1.6646 0.0728 1.2875, 1.6646 0.2303 1.2875, 1.6646 0.0728 -0.5905, 1.6646 0.2303 -0.5905, 1.7173 0.1256 -0.7874, 1.7173 0.1776 -0.7874, 1.7693 0.1256 -0.7874, 1.7693 0.1776 -0.7874, 0.1094 0.8404 -0.7597, 0.1664 0.864 -0.7597, 0.2276 0.6358 -0.7597, 0.2276 0.872 -0.7597, 0.2887 0.864 -0.7597, -0.0006 0.697 -0.7597, 0.023 0.7539 -0.7597, 0.0605 0.8029 -0.7597, 0.023 0.5177 -0.7597, -0.0006 0.5747 -0.7597, -0.0087 0.6358 -0.7597, 0.1664 0.4077 -0.7597, 0.1094 0.4313 -0.7597, 0.0605 0.4688 -0.7597, 0.3457 0.4313 -0.7597, 0.2887 0.4077 -0.7597, 0.2276 0.3996 -0.7597, 0.4557 0.5747 -0.7597, 0.4321 0.5177 -0.7597, 0.3946 0.4688 -0.7597, 0.4321 0.7539 -0.7597, 0.4557 0.697 -0.7597, 0.4638 0.6358 -0.7597, 0.3457 0.8404 -0.7597, 0.3946 0.8029 -0.7597, 0.2276 0.2421 0.697, 0.3059 0.2421 0.7069, 0.2276 -0.5177 0.697, 0.3091 -0.5177 0.7077, 0.3089 0.2421 0.7081, 0.3793 0.2421 0.7359, 0.385 -0.5177 0.7392, 0.3846 0.2421 0.7398, 0.4432 0.2421 0.7824, 0.4503 -0.5177 0.7892, 0.4494 0.2421 0.7899, 0.4935 0.2421 0.8432, 0.5003 -0.5177 0.8545, 0.4991 0.2421 0.8551, 0.5271 0.2421 0.9146, 0.5318 -0.5177 0.9304, 0.5302 0.2421 0.9307, 0.5419 0.2421 0.9922, 0.5425 -0.5177 1.0119, 0.5407 0.2421 1.0118, 0.5369 0.2421 1.071, 0.5318 -0.5177 1.0935, 0.5298 0.2421 1.0928, 0.5125 0.2421 1.1461, 0.5003 -0.5177 1.1694, 0.4985 0.2421 1.1682, 0.4702 0.2421 1.2127, 0.4503 -0.5177 1.2347, 0.4487 0.2421 1.233, 0.4127 0.2421 1.2668, 0.385 -0.5177 1.2847, 0.3839 0.2421 1.2826, 0.3435 0.2421 1.3048, 0.3091 -0.5177 1.3162, 0.3085 0.2421 1.3138, 0.267 0.2421 1.3244, 0.2276 -0.5177 1.3269, 0.2276 0.2421 1.3269, 0.1881 0.2421 1.3244, 0.146 -0.5177 1.3162, 0.1467 0.2421 1.3138, 0.1116 0.2421 1.3048, 0.0701 -0.5177 1.2847, 0.0712 0.2421 1.2826, 0.0424 0.2421 1.2668, 0.0048 -0.5177 1.2347, 0.0064 0.2421 1.233, -0.0151 0.2421 1.2127, -0.0452 -0.5177 1.1694, -0.0433 0.2421 1.1682, -0.0574 0.2421 1.1461, -0.0767 -0.5177 1.0935, -0.0747 0.2421 1.0928, -0.0818 0.2421 1.071, -0.0874 -0.5177 1.0119, -0.0855 0.2421 1.0118, -0.0868 0.2421 0.9922, -0.0767 -0.5177 0.9304, -0.0751 0.2421 0.9307, -0.072 0.2421 0.9146, -0.0452 -0.5177 0.8545, -0.044 0.2421 0.8551, -0.0384 0.2421 0.8432, 0.0048 -0.5177 0.7892, 0.0057 0.2421 0.7899, 0.012 0.2421 0.7824, 0.0701 -0.5177 0.7392, 0.0705 0.2421 0.7398, 0.0758 0.2421 0.7359, 0.146 -0.5177 0.7077, 0.1462 0.2421 0.7081, 0.1492 0.2421 0.7069, 0.1492 0.256 0.7058, 0.2276 0.2544 0.696, 0.2276 0.3209 0.6182, 0.2276 0.3199 0.6306, 0.1492 0.3308 0.6182, 0.1492 0.3297 0.6321, 0.1462 0.332 0.6182, 0.0758 0.3584 0.6367, 0.0758 0.2605 0.7345, 0.012 0.4042 0.6439, 0.0705 0.3637 0.6182, 0.0758 0.3598 0.6182, 0.012 0.2678 0.7803, -0.0384 0.4643 0.6534, 0.0057 0.4138 0.6182, 0.012 0.4062 0.6182, -0.0384 0.2773 0.8404, -0.072 0.5348 0.6646, -0.044 0.4789 0.6182, -0.0384 0.4671 0.6182, -0.072 0.2885 0.911, -0.0868 0.6114 0.6767, -0.0751 0.5546 0.6182, -0.072 0.5385 0.6182, -0.0868 0.3006 0.9876, -0.0818 0.6893 0.6891, -0.0855 0.6357 0.6182, -0.0868 0.616 0.6182, -0.0818 0.3129 1.0654, -0.0574 0.7634 0.7008, -0.0747 0.7167 0.6182, -0.0818 0.6948 0.6182, -0.0574 0.3247 1.1396, -0.0151 0.8293 0.7112, -0.0433 0.7921 0.6182, -0.0574 0.7699 0.6182, -0.0151 0.3351 1.2054, 0.0424 0.8826 0.7197, 0.0064 0.8568 0.6182, -0.0151 0.8366 0.6182, 0.0424 0.3436 1.2588, 0.1116 0.9202 0.7256, 0.0712 0.9065 0.6182, 0.0424 0.8906 0.6182, 0.1116 0.3495 1.2963, 0.1881 0.9396 0.7287, 0.1467 0.9377 0.6182, 0.1116 0.9287 0.6182, 0.1881 0.3526 1.3157, 0.267 0.9396 0.7287, 0.2276 0.9508 0.6182, 0.1881 0.9483 0.6182, 0.267 0.3526 1.3157, 0.3435 0.9202 0.7256, 0.3085 0.9377 0.6182, 0.267 0.9483 0.6182, 0.3435 0.3495 1.2963, 0.4127 0.8826 0.7197, 0.3839 0.9065 0.6182, 0.3435 0.9287 0.6182, 0.4127 0.3436 1.2588, 0.4702 0.8293 0.7112, 0.4487 0.8568 0.6182, 0.4127 0.8906 0.6182, 0.4702 0.3351 1.2054, 0.5125 0.7634 0.7008, 0.4985 0.7921 0.6182, 0.4702 0.8366 0.6182, 0.5125 0.3247 1.1396, 0.5369 0.6893 0.6891, 0.5298 0.7167 0.6182, 0.5125 0.7699 0.6182, 0.5369 0.3129 1.0654, 0.5419 0.6114 0.6767, 0.5407 0.6357 0.6182, 0.5369 0.6948 0.6182, 0.5419 0.3006 0.9876, 0.5271 0.5348 0.6646, 0.5302 0.5546 0.6182, 0.5419 0.616 0.6182, 0.5271 0.2885 0.911, 0.4935 0.4643 0.6534, 0.4991 0.4789 0.6182, 0.5271 0.5385 0.6182, 0.4935 0.2773 0.8404, 0.4432 0.4042 0.6439, 0.4494 0.4138 0.6182, 0.4935 0.4671 0.6182, 0.4432 0.2678 0.7803, 0.3089 0.332 0.6182, 0.3793 0.3598 0.6182, 0.3793 0.3584 0.6367, 0.3846 0.3637 0.6182, 0.4432 0.4062 0.6182, 0.2276 0.317 0.6426, 0.1492 0.3264 0.6456, 0.0758 0.3541 0.6546, 0.012 0.3982 0.669, -0.0384 0.4561 0.6878, -0.072 0.524 0.7098, -0.0868 0.5977 0.7338, -0.0818 0.6727 0.7581, -0.0574 0.7441 0.7813, -0.0151 0.8075 0.8019, 0.0424 0.8589 0.8186, 0.1116 0.8951 0.8304, 0.1881 0.9137 0.8365, 0.267 0.9137 0.8365, 0.3435 0.8951 0.8304, 0.4127 0.8589 0.8186, 0.4702 0.8075 0.8019, 0.5125 0.7441 0.7813, 0.5369 0.6727 0.7581, 0.5419 0.5977 0.7338, 0.5271 0.524 0.7098, 0.4935 0.4561 0.6878, 0.4432 0.3982 0.669, 0.3793 0.3541 0.6546, 0.2276 0.3123 0.654, 0.1492 0.3211 0.6585, 0.0758 0.347 0.6717, 0.012 0.3883 0.6927, -0.0384 0.4425 0.7204, -0.072 0.5062 0.7528, -0.0868 0.5753 0.788, -0.0818 0.6455 0.8238, -0.0574 0.7124 0.8579, -0.0151 0.7718 0.8881, 0.0424 0.8199 0.9127, 0.1116 0.8538 0.9299, 0.1881 0.8713 0.9388, 0.267 0.8713 0.9388, 0.3435 0.8538 0.9299, 0.4127 0.8199 0.9127, 0.4702 0.7718 0.8881, 0.5125 0.7124 0.8579, 0.5369 0.6455 0.8238, 0.5419 0.5753 0.788, 0.5271 0.5062 0.7528, 0.4935 0.4425 0.7204, 0.4432 0.3883 0.6927, 0.3793 0.347 0.6717, 0.2276 0.3058 0.6645, 0.1492 0.3138 0.6703, 0.0758 0.3373 0.6874, 0.012 0.3749 0.7147, -0.0384 0.4241 0.7505, -0.072 0.4819 0.7925, -0.0868 0.5446 0.838, -0.0818 0.6084 0.8843, -0.0574 0.6691 0.9285, -0.0151 0.7231 0.9677, 0.0424 0.7668 0.9994, 0.1116 0.7975 1.0218, 0.1881 0.8134 1.0333, 0.267 0.8134 1.0333, 0.3435 0.7975 1.0218, 0.4127 0.7668 0.9994, 0.4702 0.7231 0.9677, 0.5125 0.6691 0.9285, 0.5369 0.6084 0.8843, 0.5419 0.5446 0.838, 0.5271 0.4819 0.7925, 0.4935 0.4241 0.7505, 0.4432 0.3749 0.7147, 0.3793 0.3373 0.6874, 0.2276 0.2978 0.6739, 0.1492 0.3048 0.6809, 0.0758 0.3253 0.7015, 0.012 0.3582 0.7343, -0.0384 0.4012 0.7773, -0.072 0.4517 0.8278, -0.0868 0.5065 0.8827, -0.0818 0.5622 0.9384, -0.0574 0.6153 0.9915, -0.0151 0.6625 1.0386, 0.0424 0.7007 1.0768, 0.1116 0.7276 1.1037, 0.1881 0.7415 1.1176, 0.267 0.7415 1.1176, 0.3435 0.7276 1.1037, 0.4127 0.7007 1.0768, 0.4702 0.6625 1.0386, 0.5125 0.6153 0.9915, 0.5369 0.5622 0.9384, 0.5419 0.5065 0.8827, 0.5271 0.4517 0.8278, 0.4935 0.4012 0.7773, 0.4432 0.3582 0.7343, 0.3793 0.3253 0.7015, 0.2276 0.2884 0.6819, 0.1492 0.2942 0.69, 0.0758 0.3113 0.7135, 0.012 0.3386 0.751, -0.0384 0.3743 0.8002, -0.072 0.4163 0.858, -0.0868 0.4619 0.9208, -0.0818 0.5082 0.9845, -0.0574 0.5524 1.0453, -0.0151 0.5915 1.0992, 0.0424 0.6233 1.1429, 0.1116 0.6457 1.1737, 0.1881 0.6572 1.1896, 0.267 0.6572 1.1896, 0.3435 0.6457 1.1737, 0.4127 0.6233 1.1429, 0.4702 0.5915 1.0992, 0.5125 0.5524 1.0453, 0.5369 0.5082 0.9845, 0.5419 0.4619 0.9208, 0.5271 0.4163 0.858, 0.4935 0.3743 0.8002, 0.4432 0.3386 0.751, 0.3793 0.3113 0.7135, 0.2276 0.2779 0.6884, 0.1492 0.2824 0.6972, 0.0758 0.2956 0.7231, 0.012 0.3166 0.7645, -0.0384 0.3442 0.8187, -0.072 0.3767 0.8823, -0.0868 0.4119 0.9514, -0.0818 0.4477 1.0216, -0.0574 0.4817 1.0885, -0.0151 0.512 1.1479, 0.0424 0.5365 1.1961, 0.1116 0.5538 1.23, 0.1881 0.5627 1.2475, 0.267 0.5627 1.2475, 0.3435 0.5538 1.23, 0.4127 0.5365 1.1961, 0.4702 0.512 1.1479, 0.5125 0.4817 1.0885, 0.5369 0.4477 1.0216, 0.5419 0.4119 0.9514, 0.5271 0.3767 0.8823, 0.4935 0.3442 0.8187, 0.4432 0.3166 0.7645, 0.3793 0.2956 0.7231, 0.2276 0.2665 0.6931, 0.1492 0.2695 0.7025, 0.0758 0.2785 0.7302, 0.012 0.2928 0.7743, -0.0384 0.3116 0.8322, -0.072 0.3337 0.9001, -0.0868 0.3577 0.9739, -0.0818 0.382 1.0488, -0.0574 0.4052 1.1202, -0.0151 0.4258 1.1836, 0.0424 0.4425 1.235, 0.1116 0.4543 1.2712, 0.1881 0.4603 1.2899, 0.267 0.4603 1.2899, 0.3435 0.4543 1.2712, 0.4127 0.4425 1.235, 0.4702 0.4258 1.1836, 0.5125 0.4052 1.1202, 0.5369 0.382 1.0488, 0.5419 0.3577 0.9739, 0.5271 0.3337 0.9001, 0.4935 0.3116 0.8322, 0.4432 0.2928 0.7743, 0.3793 0.2785 0.7302, 0.3793 0.2605 0.7345, 0.3059 0.3308 0.6182, 0.3059 0.3297 0.6321, 0.3059 0.3264 0.6456, 0.3059 0.3211 0.6585, 0.3059 0.3138 0.6703, 0.3059 0.3048 0.6809, 0.3059 0.2942 0.69, 0.3059 0.2824 0.6972, 0.3059 0.2695 0.7025, 0.3059 0.256 0.7058, 0.3091 0.3316 -0.681, 0.2276 0.3209 -0.681, 0.4503 0.4131 -0.681, 0.385 0.3631 -0.681, 0.5003 0.4783 -0.681, 0.5318 0.5543 -0.681, 0.5425 0.6358 -0.681, 0.5318 0.7173 -0.681, 0.5003 0.7933 -0.681, 0.4503 0.8585 -0.681, 0.385 0.9086 -0.681, 0.3091 0.9401 -0.681, 0.2276 0.9508 -0.681, 0.146 0.9401 -0.681, 0.0701 0.9086 -0.681, 0.0048 0.8585 -0.681, -0.0452 0.7933 -0.681, -0.0767 0.7173 -0.681, -0.0874 0.6358 -0.681, -0.0767 0.5543 -0.681, -0.0452 0.4783 -0.681, 0.0048 0.4131 -0.681, 0.0701 0.3631 -0.681, 0.146 0.3316 -0.681, -1.8591 0.8404 -0.7597, -1.8021 0.864 -0.7597, -1.7409 0.6358 -0.7597, -1.7409 0.872 -0.7597, -1.6798 0.864 -0.7597, -1.9691 0.697 -0.7597, -1.9455 0.7539 -0.7597, -1.908 0.8029 -0.7597, -1.9455 0.5177 -0.7597, -1.9691 0.5747 -0.7597, -1.9772 0.6358 -0.7597, -1.8021 0.4077 -0.7597, -1.8591 0.4313 -0.7597, -1.908 0.4688 -0.7597, -1.6228 0.4313 -0.7597, -1.6798 0.4077 -0.7597, -1.7409 0.3996 -0.7597, -1.5128 0.5747 -0.7597, -1.5364 0.5177 -0.7597, -1.5739 0.4688 -0.7597, -1.5364 0.7539 -0.7597, -1.5128 0.697 -0.7597, -1.5047 0.6358 -0.7597, -1.6228 0.8404 -0.7597, -1.5739 0.8029 -0.7597, -1.7409 0.2421 0.697, -1.6626 0.2421 0.7069, -1.7409 -0.5177 0.697, -1.6594 -0.5177 0.7077, -1.6596 0.2421 0.7081, -1.5892 0.2421 0.7359, -1.5835 -0.5177 0.7392, -1.5839 0.2421 0.7398, -1.5253 0.2421 0.7824, -1.5182 -0.5177 0.7892, -1.5191 0.2421 0.7899, -1.475 0.2421 0.8432, -1.4682 -0.5177 0.8545, -1.4694 0.2421 0.8551, -1.4414 0.2421 0.9146, -1.4367 -0.5177 0.9304, -1.4383 0.2421 0.9307, -1.4266 0.2421 0.9922, -1.426 -0.5177 1.0119, -1.4278 0.2421 1.0118, -1.4316 0.2421 1.071, -1.4367 -0.5177 1.0935, -1.4387 0.2421 1.0928, -1.456 0.2421 1.1461, -1.4682 -0.5177 1.1694, -1.47 0.2421 1.1682, -1.4983 0.2421 1.2127, -1.5182 -0.5177 1.2347, -1.5198 0.2421 1.233, -1.5558 0.2421 1.2668, -1.5835 -0.5177 1.2847, -1.5846 0.2421 1.2826, -1.625 0.2421 1.3048, -1.6594 -0.5177 1.3162, -1.66 0.2421 1.3138, -1.7015 0.2421 1.3244, -1.7409 -0.5177 1.3269, -1.7409 0.2421 1.3269, -1.7804 0.2421 1.3244, -1.8225 -0.5177 1.3162, -1.8219 0.2421 1.3138, -1.8569 0.2421 1.3048, -1.8984 -0.5177 1.2847, -1.8973 0.2421 1.2826, -1.9261 0.2421 1.2668, -1.9637 -0.5177 1.2347, -1.9621 0.2421 1.233, -1.9836 0.2421 1.2127, -2.0137 -0.5177 1.1694, -2.0118 0.2421 1.1682, -2.0259 0.2421 1.1461, -2.0452 -0.5177 1.0935, -2.0432 0.2421 1.0928, -2.0503 0.2421 1.071, -2.0559 -0.5177 1.0119, -2.0541 0.2421 1.0118, -2.0553 0.2421 0.9922, -2.0452 -0.5177 0.9304, -2.0436 0.2421 0.9307, -2.0405 0.2421 0.9146, -2.0137 -0.5177 0.8545, -2.0125 0.2421 0.8551, -2.0069 0.2421 0.8432, -1.9637 -0.5177 0.7892, -1.9628 0.2421 0.7899, -1.9566 0.2421 0.7824, -1.8984 -0.5177 0.7392, -1.898 0.2421 0.7398, -1.8927 0.2421 0.7359, -1.8225 -0.5177 0.7077, -1.8223 0.2421 0.7081, -1.8193 0.2421 0.7069, -1.8193 0.256 0.7058, -1.7409 0.2544 0.696, -1.7409 0.3209 0.6182, -1.7409 0.3199 0.6306, -1.8193 0.3308 0.6182, -1.8193 0.3297 0.6321, -1.8223 0.332 0.6182, -1.8927 0.3584 0.6367, -1.8927 0.2605 0.7345, -1.9566 0.4042 0.6439, -1.898 0.3637 0.6182, -1.8927 0.3598 0.6182, -1.9566 0.2678 0.7803, -2.0069 0.4643 0.6534, -1.9628 0.4138 0.6182, -1.9566 0.4062 0.6182, -2.0069 0.2773 0.8404, -2.0405 0.5348 0.6646, -2.0125 0.4789 0.6182, -2.0069 0.4671 0.6182, -2.0405 0.2885 0.911, -2.0553 0.6114 0.6767, -2.0436 0.5546 0.6182, -2.0405 0.5385 0.6182, -2.0553 0.3006 0.9876, -2.0503 0.6893 0.6891, -2.0541 0.6357 0.6182, -2.0553 0.616 0.6182, -2.0503 0.3129 1.0654, -2.0259 0.7634 0.7008, -2.0432 0.7167 0.6182, -2.0503 0.6948 0.6182, -2.0259 0.3247 1.1396, -1.9836 0.8293 0.7112, -2.0118 0.7921 0.6182, -2.0259 0.7699 0.6182, -1.9836 0.3351 1.2054, -1.9261 0.8826 0.7197, -1.9621 0.8568 0.6182, -1.9836 0.8366 0.6182, -1.9261 0.3436 1.2588, -1.8569 0.9202 0.7256, -1.8973 0.9065 0.6182, -1.9261 0.8906 0.6182, -1.8569 0.3495 1.2963, -1.7804 0.9396 0.7287, -1.8219 0.9377 0.6182, -1.8569 0.9287 0.6182, -1.7804 0.3526 1.3157, -1.7015 0.9396 0.7287, -1.7409 0.9508 0.6182, -1.7804 0.9483 0.6182, -1.7015 0.3526 1.3157, -1.625 0.9202 0.7256, -1.66 0.9377 0.6182, -1.7015 0.9483 0.6182, -1.625 0.3495 1.2963, -1.5558 0.8826 0.7197, -1.5846 0.9065 0.6182, -1.625 0.9287 0.6182, -1.5558 0.3436 1.2588, -1.4983 0.8293 0.7112, -1.5198 0.8568 0.6182, -1.5558 0.8906 0.6182, -1.4983 0.3351 1.2054, -1.456 0.7634 0.7008, -1.47 0.7921 0.6182, -1.4983 0.8366 0.6182, -1.456 0.3247 1.1396, -1.4316 0.6893 0.6891, -1.4387 0.7167 0.6182, -1.456 0.7699 0.6182, -1.4316 0.3129 1.0654, -1.4266 0.6114 0.6767, -1.4278 0.6357 0.6182, -1.4316 0.6948 0.6182, -1.4266 0.3006 0.9876, -1.4414 0.5348 0.6646, -1.4383 0.5546 0.6182, -1.4266 0.616 0.6182, -1.4414 0.2885 0.911, -1.475 0.4643 0.6534, -1.4694 0.4789 0.6182, -1.4414 0.5385 0.6182, -1.475 0.2773 0.8404, -1.5253 0.4042 0.6439, -1.5191 0.4138 0.6182, -1.475 0.4671 0.6182, -1.5253 0.2678 0.7803, -1.6596 0.332 0.6182, -1.5892 0.3598 0.6182, -1.5892 0.3584 0.6367, -1.5839 0.3637 0.6182, -1.5253 0.4062 0.6182, -1.7409 0.317 0.6426, -1.8193 0.3264 0.6456, -1.8927 0.3541 0.6546, -1.9566 0.3982 0.669, -2.0069 0.4561 0.6878, -2.0405 0.524 0.7098, -2.0553 0.5977 0.7338, -2.0503 0.6727 0.7581, -2.0259 0.7441 0.7813, -1.9836 0.8075 0.8019, -1.9261 0.8589 0.8186, -1.8569 0.8951 0.8304, -1.7804 0.9137 0.8365, -1.7015 0.9137 0.8365, -1.625 0.8951 0.8304, -1.5558 0.8589 0.8186, -1.4983 0.8075 0.8019, -1.456 0.7441 0.7813, -1.4316 0.6727 0.7581, -1.4266 0.5977 0.7338, -1.4414 0.524 0.7098, -1.475 0.4561 0.6878, -1.5253 0.3982 0.669, -1.5892 0.3541 0.6546, -1.7409 0.3123 0.654, -1.8193 0.3211 0.6585, -1.8927 0.347 0.6717, -1.9566 0.3883 0.6927, -2.0069 0.4425 0.7204, -2.0405 0.5062 0.7528, -2.0553 0.5753 0.788, -2.0503 0.6455 0.8238, -2.0259 0.7124 0.8579, -1.9836 0.7718 0.8881, -1.9261 0.8199 0.9127, -1.8569 0.8538 0.9299, -1.7804 0.8713 0.9388, -1.7015 0.8713 0.9388, -1.625 0.8538 0.9299, -1.5558 0.8199 0.9127, -1.4983 0.7718 0.8881, -1.456 0.7124 0.8579, -1.4316 0.6455 0.8238, -1.4266 0.5753 0.788, -1.4414 0.5062 0.7528, -1.475 0.4425 0.7204, -1.5253 0.3883 0.6927, -1.5892 0.347 0.6717, -1.7409 0.3058 0.6645, -1.8193 0.3138 0.6703, -1.8927 0.3373 0.6874, -1.9566 0.3749 0.7147, -2.0069 0.4241 0.7505, -2.0405 0.4819 0.7925, -2.0553 0.5446 0.838, -2.0503 0.6084 0.8843, -2.0259 0.6691 0.9285, -1.9836 0.7231 0.9677, -1.9261 0.7668 0.9994, -1.8569 0.7975 1.0218, -1.7804 0.8134 1.0333, -1.7015 0.8134 1.0333, -1.625 0.7975 1.0218, -1.5558 0.7668 0.9994, -1.4983 0.7231 0.9677, -1.456 0.6691 0.9285, -1.4316 0.6084 0.8843, -1.4266 0.5446 0.838, -1.4414 0.4819 0.7925, -1.475 0.4241 0.7505, -1.5253 0.3749 0.7147, -1.5892 0.3373 0.6874, -1.7409 0.2978 0.6739, -1.8193 0.3048 0.6809, -1.8927 0.3253 0.7015, -1.9566 0.3582 0.7343, -2.0069 0.4012 0.7773, -2.0405 0.4517 0.8278, -2.0553 0.5065 0.8827, -2.0503 0.5622 0.9384, -2.0259 0.6153 0.9915, -1.9836 0.6625 1.0386, -1.9261 0.7007 1.0768, -1.8569 0.7276 1.1037, -1.7804 0.7415 1.1176, -1.7015 0.7415 1.1176, -1.625 0.7276 1.1037, -1.5558 0.7007 1.0768, -1.4983 0.6625 1.0386, -1.456 0.6153 0.9915, -1.4316 0.5622 0.9384, -1.4266 0.5065 0.8827, -1.4414 0.4517 0.8278, -1.475 0.4012 0.7773, -1.5253 0.3582 0.7343, -1.5892 0.3253 0.7015, -1.7409 0.2884 0.6819, -1.8193 0.2942 0.69, -1.8927 0.3113 0.7135, -1.9566 0.3386 0.751, -2.0069 0.3743 0.8002, -2.0405 0.4163 0.858, -2.0553 0.4619 0.9208, -2.0503 0.5082 0.9845, -2.0259 0.5524 1.0453, -1.9836 0.5915 1.0992, -1.9261 0.6233 1.1429, -1.8569 0.6457 1.1737, -1.7804 0.6572 1.1896, -1.7015 0.6572 1.1896, -1.625 0.6457 1.1737, -1.5558 0.6233 1.1429, -1.4983 0.5915 1.0992, -1.456 0.5524 1.0453, -1.4316 0.5082 0.9845, -1.4266 0.4619 0.9208, -1.4414 0.4163 0.858, -1.475 0.3743 0.8002, -1.5253 0.3386 0.751, -1.5892 0.3113 0.7135, -1.7409 0.2779 0.6884, -1.8193 0.2824 0.6972, -1.8927 0.2956 0.7231, -1.9566 0.3166 0.7645, -2.0069 0.3442 0.8187, -2.0405 0.3767 0.8823, -2.0553 0.4119 0.9514, -2.0503 0.4477 1.0216, -2.0259 0.4817 1.0885, -1.9836 0.512 1.1479, -1.9261 0.5365 1.1961, -1.8569 0.5538 1.23, -1.7804 0.5627 1.2475, -1.7015 0.5627 1.2475, -1.625 0.5538 1.23, -1.5558 0.5365 1.1961, -1.4983 0.512 1.1479, -1.456 0.4817 1.0885, -1.4316 0.4477 1.0216, -1.4266 0.4119 0.9514, -1.4414 0.3767 0.8823, -1.475 0.3442 0.8187, -1.5253 0.3166 0.7645, -1.5892 0.2956 0.7231, -1.7409 0.2665 0.6931, -1.8193 0.2695 0.7025, -1.8927 0.2785 0.7302, -1.9566 0.2928 0.7743, -2.0069 0.3116 0.8322, -2.0405 0.3337 0.9001, -2.0553 0.3577 0.9739, -2.0503 0.382 1.0488, -2.0259 0.4052 1.1202, -1.9836 0.4258 1.1836, -1.9261 0.4425 1.235, -1.8569 0.4543 1.2712, -1.7804 0.4603 1.2899, -1.7015 0.4603 1.2899, -1.625 0.4543 1.2712, -1.5558 0.4425 1.235, -1.4983 0.4258 1.1836, -1.456 0.4052 1.1202, -1.4316 0.382 1.0488, -1.4266 0.3577 0.9739, -1.4414 0.3337 0.9001, -1.475 0.3116 0.8322, -1.5253 0.2928 0.7743, -1.5892 0.2785 0.7302, -1.5892 0.2605 0.7345, -1.6626 0.3308 0.6182, -1.6626 0.3297 0.6321, -1.6626 0.3264 0.6456, -1.6626 0.3211 0.6585, -1.6626 0.3138 0.6703, -1.6626 0.3048 0.6809, -1.6626 0.2942 0.69, -1.6626 0.2824 0.6972, -1.6626 0.2695 0.7025, -1.6626 0.256 0.7058, -1.6594 0.3316 -0.681, -1.7409 0.3209 -0.681, -1.5182 0.4131 -0.681, -1.5835 0.3631 -0.681, -1.4682 0.4783 -0.681, -1.4367 0.5543 -0.681, -1.426 0.6358 -0.681, -1.4367 0.7173 -0.681, -1.4682 0.7933 -0.681, -1.5182 0.8585 -0.681, -1.5835 0.9086 -0.681, -1.6594 0.9401 -0.681, -1.7409 0.9508 -0.681, -1.8225 0.9401 -0.681, -1.8984 0.9086 -0.681, -1.9637 0.8585 -0.681, -2.0137 0.7933 -0.681, -2.0452 0.7173 -0.681, -2.0559 0.6358 -0.681, -2.0452 0.5543 -0.681, -2.0137 0.4783 -0.681, -1.9637 0.4131 -0.681, -1.8984 0.3631 -0.681, -1.8225 0.3316 -0.681
            ]
        }
        coordIndex [
            0,1,2,-1,2,1,3,-1,2,3,4,-1,4,3,5,-1,4,5,6,-1,6,5,7,-1,6,7,8,-1,8,7,9,-1,8,9,10,-1,10,9,11,-1,10,11,12,-1,12,11,13,-1,12,13,14,-1,14,13,15,-1,14,15,16,-1,16,15,17,-1,18,19,20,-1,20,19,21,-1,20,21,22,-1,22,21,23,-1,22,23,24,-1,24,23,25,-1,24,25,26,-1,26,25,27,-1,26,27,28,-1,28,27,29,-1,28,29,30,-1,30,29,31,-1,30,31,32,-1,32,31,33,-1,32,33,34,-1,34,33,35,-1,0,2,34,-1,34,2,32,-1,36,37,38,-1,38,37,39,-1,35,33,1,-1,1,33,3,-1,3,33,31,-1,3,31,5,-1,5,31,29,-1,5,29,7,-1,7,29,27,-1,7,27,9,-1,9,27,25,-1,9,25,11,-1,11,25,23,-1,11,23,13,-1,13,23,21,-1,13,21,15,-1,15,21,19,-1,15,19,17,-1,16,18,14,-1,14,18,20,-1,14,20,12,-1,12,20,22,-1,12,22,10,-1,10,22,24,-1,10,24,8,-1,8,24,26,-1,8,26,6,-1,6,26,28,-1,6,28,4,-1,4,28,30,-1,4,30,2,-1,2,30,32,-1,40,41,42,-1,42,41,43,-1,44,45,46,-1,46,45,47,-1,48,49,50,-1,50,49,51,-1,50,51,52,-1,52,51,53,-1,52,53,54,-1,54,53,55,-1,54,55,56,-1,56,55,57,-1,56,57,58,-1,58,57,59,-1,58,59,60,-1,60,59,61,-1,60,61,47,-1,47,61,40,-1,47,40,46,-1,46,40,42,-1,44,43,45,-1,45,43,41,-1,45,41,62,-1,62,41,63,-1,62,63,64,-1,64,63,65,-1,64,65,66,-1,66,65,67,-1,66,67,68,-1,68,67,69,-1,68,69,70,-1,70,69,71,-1,70,71,72,-1,72,71,73,-1,72,73,74,-1,74,73,75,-1,48,50,74,-1,74,50,72,-1,76,77,78,-1,78,77,79,-1,75,73,49,-1,49,73,51,-1,51,73,71,-1,51,71,53,-1,53,71,69,-1,53,69,55,-1,55,69,67,-1,55,67,57,-1,57,67,65,-1,57,65,59,-1,59,65,63,-1,59,63,61,-1,61,63,41,-1,61,41,40,-1,47,45,60,-1,60,45,62,-1,60,62,58,-1,58,62,64,-1,58,64,56,-1,56,64,66,-1,56,66,54,-1,54,66,68,-1,54,68,52,-1,52,68,70,-1,52,70,50,-1,50,70,72,-1,49,79,75,-1,75,79,77,-1,48,78,49,-1,49,78,79,-1,76,74,77,-1,77,74,75,-1,74,76,48,-1,48,76,78,-1,1,39,35,-1,35,39,37,-1,0,38,1,-1,1,38,39,-1,36,34,37,-1,37,34,35,-1,34,36,0,-1,0,36,38,-1,80,81,82,-1,82,81,83,-1,82,83,84,-1,85,86,82,-1,82,86,87,-1,82,87,80,-1,88,89,82,-1,82,89,90,-1,82,90,85,-1,91,92,82,-1,82,92,93,-1,82,93,88,-1,94,95,82,-1,82,95,96,-1,82,96,91,-1,97,98,82,-1,82,98,99,-1,82,99,94,-1,100,101,82,-1,82,101,102,-1,82,102,97,-1,84,103,82,-1,82,103,104,-1,82,104,100,-1,105,106,107,-1,107,106,108,-1,106,109,108,-1,108,109,110,-1,108,110,111,-1,110,112,111,-1,111,112,113,-1,111,113,114,-1,113,115,114,-1,114,115,116,-1,114,116,117,-1,116,118,117,-1,117,118,119,-1,117,119,120,-1,119,121,120,-1,120,121,122,-1,120,122,123,-1,122,124,123,-1,123,124,125,-1,123,125,126,-1,125,127,126,-1,126,127,128,-1,126,128,129,-1,128,130,129,-1,129,130,131,-1,129,131,132,-1,131,133,132,-1,132,133,134,-1,132,134,135,-1,134,136,135,-1,135,136,137,-1,135,137,138,-1,137,139,138,-1,138,139,140,-1,138,140,141,-1,140,142,141,-1,141,142,143,-1,141,143,144,-1,143,145,144,-1,144,145,146,-1,144,146,147,-1,146,148,147,-1,147,148,149,-1,147,149,150,-1,149,151,150,-1,150,151,152,-1,150,152,153,-1,152,154,153,-1,153,154,155,-1,153,155,156,-1,155,157,156,-1,156,157,158,-1,156,158,159,-1,158,160,159,-1,159,160,161,-1,159,161,162,-1,161,163,162,-1,162,163,164,-1,162,164,165,-1,164,166,165,-1,165,166,167,-1,165,167,168,-1,167,169,168,-1,168,169,170,-1,168,170,171,-1,170,172,171,-1,171,172,173,-1,171,173,174,-1,174,173,175,-1,174,175,107,-1,107,175,176,-1,107,176,105,-1,177,178,105,-1,179,180,181,-1,181,180,182,-1,181,182,183,-1,183,182,184,-1,105,176,177,-1,177,176,175,-1,177,175,185,-1,186,187,184,-1,184,187,188,-1,184,188,183,-1,175,173,185,-1,185,173,172,-1,185,172,189,-1,190,191,186,-1,186,191,192,-1,186,192,187,-1,172,170,189,-1,189,170,169,-1,189,169,193,-1,194,195,190,-1,190,195,196,-1,190,196,191,-1,169,167,193,-1,193,167,166,-1,193,166,197,-1,198,199,194,-1,194,199,200,-1,194,200,195,-1,166,164,197,-1,197,164,163,-1,197,163,201,-1,202,203,198,-1,198,203,204,-1,198,204,199,-1,163,161,201,-1,201,161,160,-1,201,160,205,-1,206,207,202,-1,202,207,208,-1,202,208,203,-1,160,158,205,-1,205,158,157,-1,205,157,209,-1,210,211,206,-1,206,211,212,-1,206,212,207,-1,157,155,209,-1,209,155,154,-1,209,154,213,-1,214,215,210,-1,210,215,216,-1,210,216,211,-1,154,152,213,-1,213,152,151,-1,213,151,217,-1,218,219,214,-1,214,219,220,-1,214,220,215,-1,151,149,217,-1,217,149,148,-1,217,148,221,-1,222,223,218,-1,218,223,224,-1,218,224,219,-1,148,146,221,-1,221,146,145,-1,221,145,225,-1,226,227,222,-1,222,227,228,-1,222,228,223,-1,145,143,225,-1,225,143,142,-1,225,142,229,-1,230,231,226,-1,226,231,232,-1,226,232,227,-1,142,140,229,-1,229,140,139,-1,229,139,233,-1,234,235,230,-1,230,235,236,-1,230,236,231,-1,139,137,233,-1,233,137,136,-1,233,136,237,-1,238,239,234,-1,234,239,240,-1,234,240,235,-1,136,134,237,-1,237,134,133,-1,237,133,241,-1,242,243,238,-1,238,243,244,-1,238,244,239,-1,133,131,241,-1,241,131,130,-1,241,130,245,-1,246,247,242,-1,242,247,248,-1,242,248,243,-1,130,128,245,-1,245,128,127,-1,245,127,249,-1,250,251,246,-1,246,251,252,-1,246,252,247,-1,127,125,249,-1,249,125,124,-1,249,124,253,-1,254,255,250,-1,250,255,256,-1,250,256,251,-1,124,122,253,-1,253,122,121,-1,253,121,257,-1,258,259,254,-1,254,259,260,-1,254,260,255,-1,121,119,257,-1,257,119,118,-1,257,118,261,-1,262,263,258,-1,258,263,264,-1,258,264,259,-1,118,116,261,-1,261,116,115,-1,261,115,265,-1,266,267,268,-1,268,267,269,-1,268,269,262,-1,262,269,270,-1,262,270,263,-1,180,271,182,-1,182,271,272,-1,182,272,184,-1,184,272,273,-1,184,273,186,-1,186,273,274,-1,186,274,190,-1,190,274,275,-1,190,275,194,-1,194,275,276,-1,194,276,198,-1,198,276,277,-1,198,277,202,-1,202,277,278,-1,202,278,206,-1,206,278,279,-1,206,279,210,-1,210,279,280,-1,210,280,214,-1,214,280,281,-1,214,281,218,-1,218,281,282,-1,218,282,222,-1,222,282,283,-1,222,283,226,-1,226,283,284,-1,226,284,230,-1,230,284,285,-1,230,285,234,-1,234,285,286,-1,234,286,238,-1,238,286,287,-1,238,287,242,-1,242,287,288,-1,242,288,246,-1,246,288,289,-1,246,289,250,-1,250,289,290,-1,250,290,254,-1,254,290,291,-1,254,291,258,-1,258,291,292,-1,258,292,262,-1,262,292,293,-1,262,293,268,-1,268,293,294,-1,271,295,272,-1,272,295,296,-1,272,296,273,-1,273,296,297,-1,273,297,274,-1,274,297,298,-1,274,298,275,-1,275,298,299,-1,275,299,276,-1,276,299,300,-1,276,300,277,-1,277,300,301,-1,277,301,278,-1,278,301,302,-1,278,302,279,-1,279,302,303,-1,279,303,280,-1,280,303,304,-1,280,304,281,-1,281,304,305,-1,281,305,282,-1,282,305,306,-1,282,306,283,-1,283,306,307,-1,283,307,284,-1,284,307,308,-1,284,308,285,-1,285,308,309,-1,285,309,286,-1,286,309,310,-1,286,310,287,-1,287,310,311,-1,287,311,288,-1,288,311,312,-1,288,312,289,-1,289,312,313,-1,289,313,290,-1,290,313,314,-1,290,314,291,-1,291,314,315,-1,291,315,292,-1,292,315,316,-1,292,316,293,-1,293,316,317,-1,293,317,294,-1,294,317,318,-1,295,319,296,-1,296,319,320,-1,296,320,297,-1,297,320,321,-1,297,321,298,-1,298,321,322,-1,298,322,299,-1,299,322,323,-1,299,323,300,-1,300,323,324,-1,300,324,301,-1,301,324,325,-1,301,325,302,-1,302,325,326,-1,302,326,303,-1,303,326,327,-1,303,327,304,-1,304,327,328,-1,304,328,305,-1,305,328,329,-1,305,329,306,-1,306,329,330,-1,306,330,307,-1,307,330,331,-1,307,331,308,-1,308,331,332,-1,308,332,309,-1,309,332,333,-1,309,333,310,-1,310,333,334,-1,310,334,311,-1,311,334,335,-1,311,335,312,-1,312,335,336,-1,312,336,313,-1,313,336,337,-1,313,337,314,-1,314,337,338,-1,314,338,315,-1,315,338,339,-1,315,339,316,-1,316,339,340,-1,316,340,317,-1,317,340,341,-1,317,341,318,-1,318,341,342,-1,319,343,320,-1,320,343,344,-1,320,344,321,-1,321,344,345,-1,321,345,322,-1,322,345,346,-1,322,346,323,-1,323,346,347,-1,323,347,324,-1,324,347,348,-1,324,348,325,-1,325,348,349,-1,325,349,326,-1,326,349,350,-1,326,350,327,-1,327,350,351,-1,327,351,328,-1,328,351,352,-1,328,352,329,-1,329,352,353,-1,329,353,330,-1,330,353,354,-1,330,354,331,-1,331,354,355,-1,331,355,332,-1,332,355,356,-1,332,356,333,-1,333,356,357,-1,333,357,334,-1,334,357,358,-1,334,358,335,-1,335,358,359,-1,335,359,336,-1,336,359,360,-1,336,360,337,-1,337,360,361,-1,337,361,338,-1,338,361,362,-1,338,362,339,-1,339,362,363,-1,339,363,340,-1,340,363,364,-1,340,364,341,-1,341,364,365,-1,341,365,342,-1,342,365,366,-1,343,367,344,-1,344,367,368,-1,344,368,345,-1,345,368,369,-1,345,369,346,-1,346,369,370,-1,346,370,347,-1,347,370,371,-1,347,371,348,-1,348,371,372,-1,348,372,349,-1,349,372,373,-1,349,373,350,-1,350,373,374,-1,350,374,351,-1,351,374,375,-1,351,375,352,-1,352,375,376,-1,352,376,353,-1,353,376,377,-1,353,377,354,-1,354,377,378,-1,354,378,355,-1,355,378,379,-1,355,379,356,-1,356,379,380,-1,356,380,357,-1,357,380,381,-1,357,381,358,-1,358,381,382,-1,358,382,359,-1,359,382,383,-1,359,383,360,-1,360,383,384,-1,360,384,361,-1,361,384,385,-1,361,385,362,-1,362,385,386,-1,362,386,363,-1,363,386,387,-1,363,387,364,-1,364,387,388,-1,364,388,365,-1,365,388,389,-1,365,389,366,-1,366,389,390,-1,367,391,368,-1,368,391,392,-1,368,392,369,-1,369,392,393,-1,369,393,370,-1,370,393,394,-1,370,394,371,-1,371,394,395,-1,371,395,372,-1,372,395,396,-1,372,396,373,-1,373,396,397,-1,373,397,374,-1,374,397,398,-1,374,398,375,-1,375,398,399,-1,375,399,376,-1,376,399,400,-1,376,400,377,-1,377,400,401,-1,377,401,378,-1,378,401,402,-1,378,402,379,-1,379,402,403,-1,379,403,380,-1,380,403,404,-1,380,404,381,-1,381,404,405,-1,381,405,382,-1,382,405,406,-1,382,406,383,-1,383,406,407,-1,383,407,384,-1,384,407,408,-1,384,408,385,-1,385,408,409,-1,385,409,386,-1,386,409,410,-1,386,410,387,-1,387,410,411,-1,387,411,388,-1,388,411,412,-1,388,412,389,-1,389,412,413,-1,389,413,390,-1,390,413,414,-1,391,415,392,-1,392,415,416,-1,392,416,393,-1,393,416,417,-1,393,417,394,-1,394,417,418,-1,394,418,395,-1,395,418,419,-1,395,419,396,-1,396,419,420,-1,396,420,397,-1,397,420,421,-1,397,421,398,-1,398,421,422,-1,398,422,399,-1,399,422,423,-1,399,423,400,-1,400,423,424,-1,400,424,401,-1,401,424,425,-1,401,425,402,-1,402,425,426,-1,402,426,403,-1,403,426,427,-1,403,427,404,-1,404,427,428,-1,404,428,405,-1,405,428,429,-1,405,429,406,-1,406,429,430,-1,406,430,407,-1,407,430,431,-1,407,431,408,-1,408,431,432,-1,408,432,409,-1,409,432,433,-1,409,433,410,-1,410,433,434,-1,410,434,411,-1,411,434,435,-1,411,435,412,-1,412,435,436,-1,412,436,413,-1,413,436,437,-1,413,437,414,-1,414,437,438,-1,415,178,416,-1,416,178,177,-1,416,177,417,-1,417,177,185,-1,417,185,418,-1,418,185,189,-1,418,189,419,-1,419,189,193,-1,419,193,420,-1,420,193,197,-1,420,197,421,-1,421,197,201,-1,421,201,422,-1,422,201,205,-1,422,205,423,-1,423,205,209,-1,423,209,424,-1,424,209,213,-1,424,213,425,-1,425,213,217,-1,425,217,426,-1,426,217,221,-1,426,221,427,-1,427,221,225,-1,427,225,428,-1,428,225,229,-1,428,229,429,-1,429,229,233,-1,429,233,430,-1,430,233,237,-1,430,237,431,-1,431,237,241,-1,431,241,432,-1,432,241,245,-1,432,245,433,-1,433,245,249,-1,433,249,434,-1,434,249,253,-1,434,253,435,-1,435,253,257,-1,435,257,436,-1,436,257,261,-1,436,261,437,-1,437,261,265,-1,437,265,438,-1,438,265,439,-1,179,440,441,-1,441,440,266,-1,115,113,265,-1,265,113,112,-1,265,112,439,-1,439,112,110,-1,439,110,109,-1,266,268,441,-1,441,268,294,-1,441,294,442,-1,442,294,318,-1,442,318,443,-1,443,318,342,-1,443,342,444,-1,444,342,366,-1,444,366,445,-1,445,366,390,-1,445,390,446,-1,446,390,414,-1,446,414,447,-1,447,414,438,-1,447,438,448,-1,448,438,439,-1,448,439,449,-1,449,439,109,-1,449,109,106,-1,179,441,180,-1,180,441,442,-1,180,442,271,-1,271,442,443,-1,271,443,295,-1,295,443,444,-1,295,444,319,-1,319,444,445,-1,319,445,343,-1,343,445,446,-1,343,446,367,-1,367,446,447,-1,367,447,391,-1,391,447,448,-1,391,448,415,-1,415,448,449,-1,415,449,178,-1,178,449,106,-1,178,106,105,-1,450,266,451,-1,451,266,440,-1,452,270,453,-1,453,270,269,-1,453,269,450,-1,450,269,267,-1,450,267,266,-1,454,264,452,-1,452,264,263,-1,452,263,270,-1,455,260,454,-1,454,260,259,-1,454,259,264,-1,456,256,455,-1,455,256,255,-1,455,255,260,-1,457,252,456,-1,456,252,251,-1,456,251,256,-1,458,248,457,-1,457,248,247,-1,457,247,252,-1,459,244,458,-1,458,244,243,-1,458,243,248,-1,460,240,459,-1,459,240,239,-1,459,239,244,-1,461,236,460,-1,460,236,235,-1,460,235,240,-1,462,232,461,-1,461,232,231,-1,461,231,236,-1,463,228,462,-1,462,228,227,-1,462,227,232,-1,464,224,463,-1,463,224,223,-1,463,223,228,-1,465,220,464,-1,464,220,219,-1,464,219,224,-1,466,216,465,-1,465,216,215,-1,465,215,220,-1,467,212,466,-1,466,212,211,-1,466,211,216,-1,468,208,467,-1,467,208,207,-1,467,207,212,-1,469,204,468,-1,468,204,203,-1,468,203,208,-1,470,200,469,-1,469,200,199,-1,469,199,204,-1,471,196,470,-1,470,196,195,-1,470,195,200,-1,472,192,471,-1,471,192,191,-1,471,191,196,-1,473,188,472,-1,472,188,187,-1,472,187,192,-1,440,179,451,-1,451,179,181,-1,451,181,473,-1,473,181,183,-1,473,183,188,-1,462,81,463,-1,463,81,80,-1,463,80,464,-1,464,80,87,-1,464,87,465,-1,465,87,86,-1,465,86,466,-1,466,86,85,-1,466,85,467,-1,467,85,90,-1,467,90,468,-1,468,90,89,-1,468,89,469,-1,469,89,88,-1,469,88,470,-1,470,88,93,-1,470,93,471,-1,471,93,92,-1,471,92,472,-1,472,92,91,-1,472,91,473,-1,473,91,96,-1,473,96,451,-1,451,96,95,-1,451,95,450,-1,450,95,94,-1,450,94,453,-1,453,94,99,-1,453,99,452,-1,452,99,98,-1,452,98,454,-1,454,98,97,-1,454,97,455,-1,455,97,102,-1,455,102,456,-1,456,102,101,-1,456,101,457,-1,457,101,100,-1,457,100,458,-1,458,100,104,-1,458,104,459,-1,459,104,103,-1,459,103,460,-1,460,103,84,-1,460,84,461,-1,461,84,83,-1,461,83,462,-1,462,83,81,-1,474,475,476,-1,476,475,477,-1,476,477,478,-1,479,480,476,-1,476,480,481,-1,476,481,474,-1,482,483,476,-1,476,483,484,-1,476,484,479,-1,485,486,476,-1,476,486,487,-1,476,487,482,-1,488,489,476,-1,476,489,490,-1,476,490,485,-1,491,492,476,-1,476,492,493,-1,476,493,488,-1,494,495,476,-1,476,495,496,-1,476,496,491,-1,478,497,476,-1,476,497,498,-1,476,498,494,-1,499,500,501,-1,501,500,502,-1,500,503,502,-1,502,503,504,-1,502,504,505,-1,504,506,505,-1,505,506,507,-1,505,507,508,-1,507,509,508,-1,508,509,510,-1,508,510,511,-1,510,512,511,-1,511,512,513,-1,511,513,514,-1,513,515,514,-1,514,515,516,-1,514,516,517,-1,516,518,517,-1,517,518,519,-1,517,519,520,-1,519,521,520,-1,520,521,522,-1,520,522,523,-1,522,524,523,-1,523,524,525,-1,523,525,526,-1,525,527,526,-1,526,527,528,-1,526,528,529,-1,528,530,529,-1,529,530,531,-1,529,531,532,-1,531,533,532,-1,532,533,534,-1,532,534,535,-1,534,536,535,-1,535,536,537,-1,535,537,538,-1,537,539,538,-1,538,539,540,-1,538,540,541,-1,540,542,541,-1,541,542,543,-1,541,543,544,-1,543,545,544,-1,544,545,546,-1,544,546,547,-1,546,548,547,-1,547,548,549,-1,547,549,550,-1,549,551,550,-1,550,551,552,-1,550,552,553,-1,552,554,553,-1,553,554,555,-1,553,555,556,-1,555,557,556,-1,556,557,558,-1,556,558,559,-1,558,560,559,-1,559,560,561,-1,559,561,562,-1,561,563,562,-1,562,563,564,-1,562,564,565,-1,564,566,565,-1,565,566,567,-1,565,567,568,-1,568,567,569,-1,568,569,501,-1,501,569,570,-1,501,570,499,-1,571,572,499,-1,573,574,575,-1,575,574,576,-1,575,576,577,-1,577,576,578,-1,499,570,571,-1,571,570,569,-1,571,569,579,-1,580,581,578,-1,578,581,582,-1,578,582,577,-1,569,567,579,-1,579,567,566,-1,579,566,583,-1,584,585,580,-1,580,585,586,-1,580,586,581,-1,566,564,583,-1,583,564,563,-1,583,563,587,-1,588,589,584,-1,584,589,590,-1,584,590,585,-1,563,561,587,-1,587,561,560,-1,587,560,591,-1,592,593,588,-1,588,593,594,-1,588,594,589,-1,560,558,591,-1,591,558,557,-1,591,557,595,-1,596,597,592,-1,592,597,598,-1,592,598,593,-1,557,555,595,-1,595,555,554,-1,595,554,599,-1,600,601,596,-1,596,601,602,-1,596,602,597,-1,554,552,599,-1,599,552,551,-1,599,551,603,-1,604,605,600,-1,600,605,606,-1,600,606,601,-1,551,549,603,-1,603,549,548,-1,603,548,607,-1,608,609,604,-1,604,609,610,-1,604,610,605,-1,548,546,607,-1,607,546,545,-1,607,545,611,-1,612,613,608,-1,608,613,614,-1,608,614,609,-1,545,543,611,-1,611,543,542,-1,611,542,615,-1,616,617,612,-1,612,617,618,-1,612,618,613,-1,542,540,615,-1,615,540,539,-1,615,539,619,-1,620,621,616,-1,616,621,622,-1,616,622,617,-1,539,537,619,-1,619,537,536,-1,619,536,623,-1,624,625,620,-1,620,625,626,-1,620,626,621,-1,536,534,623,-1,623,534,533,-1,623,533,627,-1,628,629,624,-1,624,629,630,-1,624,630,625,-1,533,531,627,-1,627,531,530,-1,627,530,631,-1,632,633,628,-1,628,633,634,-1,628,634,629,-1,530,528,631,-1,631,528,527,-1,631,527,635,-1,636,637,632,-1,632,637,638,-1,632,638,633,-1,527,525,635,-1,635,525,524,-1,635,524,639,-1,640,641,636,-1,636,641,642,-1,636,642,637,-1,524,522,639,-1,639,522,521,-1,639,521,643,-1,644,645,640,-1,640,645,646,-1,640,646,641,-1,521,519,643,-1,643,519,518,-1,643,518,647,-1,648,649,644,-1,644,649,650,-1,644,650,645,-1,518,516,647,-1,647,516,515,-1,647,515,651,-1,652,653,648,-1,648,653,654,-1,648,654,649,-1,515,513,651,-1,651,513,512,-1,651,512,655,-1,656,657,652,-1,652,657,658,-1,652,658,653,-1,512,510,655,-1,655,510,509,-1,655,509,659,-1,660,661,662,-1,662,661,663,-1,662,663,656,-1,656,663,664,-1,656,664,657,-1,574,665,576,-1,576,665,666,-1,576,666,578,-1,578,666,667,-1,578,667,580,-1,580,667,668,-1,580,668,584,-1,584,668,669,-1,584,669,588,-1,588,669,670,-1,588,670,592,-1,592,670,671,-1,592,671,596,-1,596,671,672,-1,596,672,600,-1,600,672,673,-1,600,673,604,-1,604,673,674,-1,604,674,608,-1,608,674,675,-1,608,675,612,-1,612,675,676,-1,612,676,616,-1,616,676,677,-1,616,677,620,-1,620,677,678,-1,620,678,624,-1,624,678,679,-1,624,679,628,-1,628,679,680,-1,628,680,632,-1,632,680,681,-1,632,681,636,-1,636,681,682,-1,636,682,640,-1,640,682,683,-1,640,683,644,-1,644,683,684,-1,644,684,648,-1,648,684,685,-1,648,685,652,-1,652,685,686,-1,652,686,656,-1,656,686,687,-1,656,687,662,-1,662,687,688,-1,665,689,666,-1,666,689,690,-1,666,690,667,-1,667,690,691,-1,667,691,668,-1,668,691,692,-1,668,692,669,-1,669,692,693,-1,669,693,670,-1,670,693,694,-1,670,694,671,-1,671,694,695,-1,671,695,672,-1,672,695,696,-1,672,696,673,-1,673,696,697,-1,673,697,674,-1,674,697,698,-1,674,698,675,-1,675,698,699,-1,675,699,676,-1,676,699,700,-1,676,700,677,-1,677,700,701,-1,677,701,678,-1,678,701,702,-1,678,702,679,-1,679,702,703,-1,679,703,680,-1,680,703,704,-1,680,704,681,-1,681,704,705,-1,681,705,682,-1,682,705,706,-1,682,706,683,-1,683,706,707,-1,683,707,684,-1,684,707,708,-1,684,708,685,-1,685,708,709,-1,685,709,686,-1,686,709,710,-1,686,710,687,-1,687,710,711,-1,687,711,688,-1,688,711,712,-1,689,713,690,-1,690,713,714,-1,690,714,691,-1,691,714,715,-1,691,715,692,-1,692,715,716,-1,692,716,693,-1,693,716,717,-1,693,717,694,-1,694,717,718,-1,694,718,695,-1,695,718,719,-1,695,719,696,-1,696,719,720,-1,696,720,697,-1,697,720,721,-1,697,721,698,-1,698,721,722,-1,698,722,699,-1,699,722,723,-1,699,723,700,-1,700,723,724,-1,700,724,701,-1,701,724,725,-1,701,725,702,-1,702,725,726,-1,702,726,703,-1,703,726,727,-1,703,727,704,-1,704,727,728,-1,704,728,705,-1,705,728,729,-1,705,729,706,-1,706,729,730,-1,706,730,707,-1,707,730,731,-1,707,731,708,-1,708,731,732,-1,708,732,709,-1,709,732,733,-1,709,733,710,-1,710,733,734,-1,710,734,711,-1,711,734,735,-1,711,735,712,-1,712,735,736,-1,713,737,714,-1,714,737,738,-1,714,738,715,-1,715,738,739,-1,715,739,716,-1,716,739,740,-1,716,740,717,-1,717,740,741,-1,717,741,718,-1,718,741,742,-1,718,742,719,-1,719,742,743,-1,719,743,720,-1,720,743,744,-1,720,744,721,-1,721,744,745,-1,721,745,722,-1,722,745,746,-1,722,746,723,-1,723,746,747,-1,723,747,724,-1,724,747,748,-1,724,748,725,-1,725,748,749,-1,725,749,726,-1,726,749,750,-1,726,750,727,-1,727,750,751,-1,727,751,728,-1,728,751,752,-1,728,752,729,-1,729,752,753,-1,729,753,730,-1,730,753,754,-1,730,754,731,-1,731,754,755,-1,731,755,732,-1,732,755,756,-1,732,756,733,-1,733,756,757,-1,733,757,734,-1,734,757,758,-1,734,758,735,-1,735,758,759,-1,735,759,736,-1,736,759,760,-1,737,761,738,-1,738,761,762,-1,738,762,739,-1,739,762,763,-1,739,763,740,-1,740,763,764,-1,740,764,741,-1,741,764,765,-1,741,765,742,-1,742,765,766,-1,742,766,743,-1,743,766,767,-1,743,767,744,-1,744,767,768,-1,744,768,745,-1,745,768,769,-1,745,769,746,-1,746,769,770,-1,746,770,747,-1,747,770,771,-1,747,771,748,-1,748,771,772,-1,748,772,749,-1,749,772,773,-1,749,773,750,-1,750,773,774,-1,750,774,751,-1,751,774,775,-1,751,775,752,-1,752,775,776,-1,752,776,753,-1,753,776,777,-1,753,777,754,-1,754,777,778,-1,754,778,755,-1,755,778,779,-1,755,779,756,-1,756,779,780,-1,756,780,757,-1,757,780,781,-1,757,781,758,-1,758,781,782,-1,758,782,759,-1,759,782,783,-1,759,783,760,-1,760,783,784,-1,761,785,762,-1,762,785,786,-1,762,786,763,-1,763,786,787,-1,763,787,764,-1,764,787,788,-1,764,788,765,-1,765,788,789,-1,765,789,766,-1,766,789,790,-1,766,790,767,-1,767,790,791,-1,767,791,768,-1,768,791,792,-1,768,792,769,-1,769,792,793,-1,769,793,770,-1,770,793,794,-1,770,794,771,-1,771,794,795,-1,771,795,772,-1,772,795,796,-1,772,796,773,-1,773,796,797,-1,773,797,774,-1,774,797,798,-1,774,798,775,-1,775,798,799,-1,775,799,776,-1,776,799,800,-1,776,800,777,-1,777,800,801,-1,777,801,778,-1,778,801,802,-1,778,802,779,-1,779,802,803,-1,779,803,780,-1,780,803,804,-1,780,804,781,-1,781,804,805,-1,781,805,782,-1,782,805,806,-1,782,806,783,-1,783,806,807,-1,783,807,784,-1,784,807,808,-1,785,809,786,-1,786,809,810,-1,786,810,787,-1,787,810,811,-1,787,811,788,-1,788,811,812,-1,788,812,789,-1,789,812,813,-1,789,813,790,-1,790,813,814,-1,790,814,791,-1,791,814,815,-1,791,815,792,-1,792,815,816,-1,792,816,793,-1,793,816,817,-1,793,817,794,-1,794,817,818,-1,794,818,795,-1,795,818,819,-1,795,819,796,-1,796,819,820,-1,796,820,797,-1,797,820,821,-1,797,821,798,-1,798,821,822,-1,798,822,799,-1,799,822,823,-1,799,823,800,-1,800,823,824,-1,800,824,801,-1,801,824,825,-1,801,825,802,-1,802,825,826,-1,802,826,803,-1,803,826,827,-1,803,827,804,-1,804,827,828,-1,804,828,805,-1,805,828,829,-1,805,829,806,-1,806,829,830,-1,806,830,807,-1,807,830,831,-1,807,831,808,-1,808,831,832,-1,809,572,810,-1,810,572,571,-1,810,571,811,-1,811,571,579,-1,811,579,812,-1,812,579,583,-1,812,583,813,-1,813,583,587,-1,813,587,814,-1,814,587,591,-1,814,591,815,-1,815,591,595,-1,815,595,816,-1,816,595,599,-1,816,599,817,-1,817,599,603,-1,817,603,818,-1,818,603,607,-1,818,607,819,-1,819,607,611,-1,819,611,820,-1,820,611,615,-1,820,615,821,-1,821,615,619,-1,821,619,822,-1,822,619,623,-1,822,623,823,-1,823,623,627,-1,823,627,824,-1,824,627,631,-1,824,631,825,-1,825,631,635,-1,825,635,826,-1,826,635,639,-1,826,639,827,-1,827,639,643,-1,827,643,828,-1,828,643,647,-1,828,647,829,-1,829,647,651,-1,829,651,830,-1,830,651,655,-1,830,655,831,-1,831,655,659,-1,831,659,832,-1,832,659,833,-1,573,834,835,-1,835,834,660,-1,509,507,659,-1,659,507,506,-1,659,506,833,-1,833,506,504,-1,833,504,503,-1,660,662,835,-1,835,662,688,-1,835,688,836,-1,836,688,712,-1,836,712,837,-1,837,712,736,-1,837,736,838,-1,838,736,760,-1,838,760,839,-1,839,760,784,-1,839,784,840,-1,840,784,808,-1,840,808,841,-1,841,808,832,-1,841,832,842,-1,842,832,833,-1,842,833,843,-1,843,833,503,-1,843,503,500,-1,573,835,574,-1,574,835,836,-1,574,836,665,-1,665,836,837,-1,665,837,689,-1,689,837,838,-1,689,838,713,-1,713,838,839,-1,713,839,737,-1,737,839,840,-1,737,840,761,-1,761,840,841,-1,761,841,785,-1,785,841,842,-1,785,842,809,-1,809,842,843,-1,809,843,572,-1,572,843,500,-1,572,500,499,-1,844,660,845,-1,845,660,834,-1,846,664,847,-1,847,664,663,-1,847,663,844,-1,844,663,661,-1,844,661,660,-1,848,658,846,-1,846,658,657,-1,846,657,664,-1,849,654,848,-1,848,654,653,-1,848,653,658,-1,850,650,849,-1,849,650,649,-1,849,649,654,-1,851,646,850,-1,850,646,645,-1,850,645,650,-1,852,642,851,-1,851,642,641,-1,851,641,646,-1,853,638,852,-1,852,638,637,-1,852,637,642,-1,854,634,853,-1,853,634,633,-1,853,633,638,-1,855,630,854,-1,854,630,629,-1,854,629,634,-1,856,626,855,-1,855,626,625,-1,855,625,630,-1,857,622,856,-1,856,622,621,-1,856,621,626,-1,858,618,857,-1,857,618,617,-1,857,617,622,-1,859,614,858,-1,858,614,613,-1,858,613,618,-1,860,610,859,-1,859,610,609,-1,859,609,614,-1,861,606,860,-1,860,606,605,-1,860,605,610,-1,862,602,861,-1,861,602,601,-1,861,601,606,-1,863,598,862,-1,862,598,597,-1,862,597,602,-1,864,594,863,-1,863,594,593,-1,863,593,598,-1,865,590,864,-1,864,590,589,-1,864,589,594,-1,866,586,865,-1,865,586,585,-1,865,585,590,-1,867,582,866,-1,866,582,581,-1,866,581,586,-1,834,573,845,-1,845,573,575,-1,845,575,867,-1,867,575,577,-1,867,577,582,-1,856,475,857,-1,857,475,474,-1,857,474,858,-1,858,474,481,-1,858,481,859,-1,859,481,480,-1,859,480,860,-1,860,480,479,-1,860,479,861,-1,861,479,484,-1,861,484,862,-1,862,484,483,-1,862,483,863,-1,863,483,482,-1,863,482,864,-1,864,482,487,-1,864,487,865,-1,865,487,486,-1,865,486,866,-1,866,486,485,-1,866,485,867,-1,867,485,490,-1,867,490,845,-1,845,490,489,-1,845,489,844,-1,844,489,488,-1,844,488,847,-1,847,488,493,-1,847,493,846,-1,846,493,492,-1,846,492,848,-1,848,492,491,-1,848,491,849,-1,849,491,496,-1,849,496,850,-1,850,496,495,-1,850,495,851,-1,851,495,494,-1,851,494,852,-1,852,494,498,-1,852,498,853,-1,853,498,497,-1,853,497,854,-1,854,497,478,-1,854,478,855,-1,855,478,477,-1,855,477,856,-1,856,477,475,-1,
        ]
    }
}
Shape{
    appearance Appearance {
        material  Material 	{
            diffuseColor 0.25098039215686274 0.25098039215686274 0.25098039215686274
            specularColor 0.12549019607843137 0.12549019607843137 0.12549019607843137
            ambientIntensity 0.251
            transparency 0.0
            shininess 0.5
        }
    }
    geometry IndexedFaceSet {
        ccw TRUE
        solid FALSE
        coord DEF co Coordinate {
            point [
                2.3535 -3.9823 0.1064, 2.2748 -3.9035 0.1852, 1.1724 -3.9823 0.1064, 1.2512 -3.9035 0.1852, 2.3535 -3.9823 1.9175, 2.2748 -3.9035 1.8387, 1.2512 -3.9035 1.8387, 1.1724 -3.9823 1.9175, 0.9756 -3.9035 1.4056, 1.0543 -3.9823 1.4383, 0.5819 -3.9035 1.7993, 0.6145 -3.9823 1.8781, 0.9756 -3.9035 0.6182, 1.0543 -3.9823 0.5856, -2.6465 -3.9823 1.8781, -2.5677 -3.9035 1.7993, 0.5819 -3.9035 0.2245, 0.6145 -3.9823 0.1458, -2.6465 -3.9823 0.1458, -2.5677 -3.9035 0.2245, -0.8354 -3.9035 0.2245, -0.9142 -3.9823 0.1458, -1.0717 -3.9823 0.1458, -1.1504 -3.9035 0.2245, -0.8354 -3.9035 0.3623, -0.9142 -3.9823 0.2836, -1.0717 -3.9823 0.2836, -1.1504 -3.9035 0.3623
            ]
        }
        coordIndex [
            0,1,2,-1,2,1,3,-1,4,5,0,-1,0,5,1,-1,6,7,3,-1,3,7,2,-1,7,6,4,-1,4,6,5,-1,8,9,10,-1,10,9,11,-1,12,13,8,-1,8,13,9,-1,14,15,11,-1,11,15,10,-1,16,17,12,-1,12,17,13,-1,18,19,14,-1,14,19,15,-1,20,21,16,-1,16,21,17,-1,22,23,18,-1,18,23,19,-1,24,25,20,-1,20,25,21,-1,26,27,22,-1,22,27,23,-1,27,26,24,-1,24,26,25,-1,
        ]
    }
}
Shape{
    appearance Appearance {
        material  Material 	{
            diffuseColor 1.0 1.0 1.0
            specularColor 0.5019607843137255 0.5019607843137255 0.5019607843137255
            ambientIntensity 1.0
            transparency 0.0
            shininess 0.5
        }
    }
    geometry IndexedFaceSet {
        ccw TRUE
        solid FALSE
        coord DEF co Coordinate {
            point [
                2.3968 -1.4741 1.8027, 2.3968 -1.4741 1.7875, 2.3929 -1.4741 1.8027, 2.3929 -1.4741 1.7875, 2.3968 -1.5272 1.8027, 2.3929 -1.5272 1.8027, 2.3968 -1.5272 1.9209, 2.3929 -1.5272 1.9209, 2.3968 -1.5444 1.9209, 2.3929 -1.5444 1.9209, 2.3968 -1.5444 1.7875, 2.3929 -1.5444 1.7875, 2.3968 -1.4056 1.7852, 2.3929 -1.4056 1.7852, 2.3929 -1.3853 1.7872, 2.3968 -1.3853 1.7872, 2.3929 -1.371 1.7919, 2.3968 -1.371 1.7919, 2.3929 -1.3687 1.793, 2.3968 -1.3687 1.793, 2.3968 -1.3687 1.8095, 2.3929 -1.3687 1.8095, 2.3929 -1.3818 1.8036, 2.3968 -1.3818 1.8036, 2.3929 -1.3969 1.8008, 2.3968 -1.3969 1.8008, 2.3929 -1.4031 1.8006, 2.3968 -1.4031 1.8006, 2.3929 -1.415 1.8018, 2.3968 -1.415 1.8018, 2.3929 -1.4247 1.8052, 2.3968 -1.4247 1.8052, 2.3929 -1.4338 1.8111, 2.3968 -1.4338 1.8111, 2.3929 -1.4374 1.8146, 2.3968 -1.4374 1.8146, 2.3929 -1.4436 1.8231, 2.3968 -1.4436 1.8231, 2.3929 -1.448 1.8337, 2.3968 -1.448 1.8337, 2.3929 -1.4503 1.8469, 2.3968 -1.4503 1.8469, 2.3929 -1.4505 1.8527, 2.3968 -1.4505 1.8527, 2.3929 -1.4483 1.871, 2.3968 -1.4483 1.871, 2.3929 -1.4439 1.8825, 2.3968 -1.4439 1.8825, 2.3929 -1.4374 1.8918, 2.3968 -1.4374 1.8918, 2.3929 -1.4365 1.8928, 2.3968 -1.4365 1.8928, 2.3929 -1.4282 1.8999, 2.3968 -1.4282 1.8999, 2.3929 -1.4178 1.9049, 2.3968 -1.4178 1.9049, 2.3929 -1.4063 1.9073, 2.3968 -1.4063 1.9073, 2.3929 -1.4001 1.9076, 2.3968 -1.4001 1.9076, 2.3929 -1.3837 1.9057, 2.3968 -1.3837 1.9057, 2.3929 -1.3702 1.9005, 2.3968 -1.3702 1.9005, 2.3929 -1.3687 1.8997, 2.3968 -1.3687 1.8997, 2.3968 -1.3687 1.9177, 2.3929 -1.3687 1.9177, 2.3929 -1.4003 1.9232, 2.3968 -1.4003 1.9232, 2.3929 -1.386 1.9221, 2.3968 -1.3828 1.9218, 2.3929 -1.3828 1.9218, 2.3929 -1.4096 1.9221, 2.3968 -1.4196 1.9209, 2.3929 -1.4196 1.9209, 2.3929 -1.4335 1.9155, 2.3968 -1.4335 1.9155, 2.3929 -1.446 1.9067, 2.3968 -1.446 1.9067, 2.3929 -1.4493 1.9035, 2.3968 -1.4493 1.9035, 2.3929 -1.459 1.8909, 2.3929 -1.4626 1.8824, 2.3968 -1.4653 1.8761, 2.3968 -1.459 1.8909, 2.3929 -1.4653 1.8761, 2.3929 -1.4684 1.8587, 2.3968 -1.4684 1.8587, 2.3929 -1.4686 1.8517, 2.3968 -1.4686 1.8517, 2.3929 -1.466 1.83, 2.3929 -1.4626 1.8214, 2.3968 -1.4606 1.8161, 2.3968 -1.466 1.83, 2.3929 -1.4606 1.8161, 2.3929 -1.4526 1.8047, 2.3968 -1.4526 1.8047, 2.3929 -1.4515 1.8035, 2.3968 -1.4515 1.8035, 2.3929 -1.4425 1.7957, 2.3968 -1.4425 1.7957, 2.3929 -1.4301 1.7893, 2.3968 -1.4301 1.7893, 2.3929 -1.4161 1.7859, 2.3968 -1.4161 1.7859, 2.3968 -1.2702 1.8027, 2.3968 -1.2702 1.7875, 2.3929 -1.2702 1.8027, 2.3929 -1.2702 1.7875, 2.3929 -1.3247 1.8027, 2.3968 -1.3247 1.8027, 2.3929 -1.2887 1.8027, 2.3968 -1.3247 1.8476, 2.3929 -1.3247 1.8476, 2.3968 -1.277 1.8476, 2.3929 -1.2887 1.8476, 2.3929 -1.277 1.8476, 2.3968 -1.277 1.8629, 2.3929 -1.277 1.8629, 2.3929 -1.3247 1.8629, 2.3968 -1.3247 1.8629, 2.3929 -1.2887 1.8629, 2.3968 -1.3247 1.9056, 2.3929 -1.3247 1.9056, 2.3929 -1.2732 1.9056, 2.3968 -1.2732 1.9056, 2.3929 -1.2887 1.9056, 2.3968 -1.2732 1.9209, 2.3929 -1.2732 1.9209, 2.3929 -1.342 1.9209, 2.3968 -1.342 1.9209, 2.3929 -1.2887 1.9209, 2.3968 -1.342 1.7875, 2.3929 -1.342 1.7875, 2.3929 -1.2887 1.7875, 2.3968 -1.1565 1.8062, 2.3968 -1.1703 1.8151, 2.3968 -1.1705 1.7962, 2.3968 -1.1789 1.8092, 2.3968 -1.1857 1.7902, 2.3968 -1.19 1.8049, 2.3968 -1.2083 1.7875, 2.3968 -1.2084 1.8027, 2.3968 -1.245 1.7875, 2.3968 -1.2278 1.8027, 2.3968 -1.245 1.9209, 2.3968 -1.2278 1.9056, 2.3968 -1.2069 1.9209, 2.3968 -1.2076 1.9056, 2.3968 -1.2065 1.9056, 2.3968 -1.1865 1.9187, 2.3968 -1.1893 1.9034, 2.3968 -1.1704 1.9128, 2.3968 -1.178 1.8991, 2.3968 -1.1565 1.9033, 2.3968 -1.1691 1.893, 2.3968 -1.1517 1.8986, 2.3968 -1.1653 1.8893, 2.3968 -1.1435 1.887, 2.3968 -1.1602 1.8818, 2.3968 -1.1386 1.8743, 2.3968 -1.1564 1.8721, 2.3968 -1.1363 1.8559, 2.3968 -1.1545 1.8554, 2.3968 -1.1367 1.8474, 2.3968 -1.155 1.8465, 2.3968 -1.14 1.8318, 2.3968 -1.1576 1.8344, 2.3968 -1.1466 1.818, 2.3968 -1.1623 1.8245, 2.3968 -1.1687 1.8166, 2.3929 -1.2083 1.7875, 2.3929 -1.245 1.7875, 2.3929 -1.1565 1.8062, 2.3929 -1.1857 1.7902, 2.3929 -1.1839 1.7909, 2.3929 -1.1705 1.7962, 2.3929 -1.1466 1.818, 2.3929 -1.14 1.8318, 2.3929 -1.1367 1.8474, 2.3929 -1.1363 1.8559, 2.3929 -1.1386 1.8743, 2.3929 -1.1435 1.887, 2.3929 -1.1517 1.8986, 2.3929 -1.1565 1.9033, 2.3929 -1.1704 1.9128, 2.3929 -1.1839 1.9177, 2.3929 -1.1865 1.9187, 2.3929 -1.2069 1.9209, 2.3929 -1.245 1.9209, 2.3929 -1.2076 1.9056, 2.3929 -1.2278 1.9056, 2.3929 -1.2278 1.8027, 2.3929 -1.2084 1.8027, 2.3929 -1.1687 1.8166, 2.3929 -1.1703 1.8151, 2.3929 -1.1789 1.8092, 2.3929 -1.19 1.8049, 2.3929 -1.1545 1.8554, 2.3929 -1.155 1.8465, 2.3929 -1.1576 1.8344, 2.3929 -1.1623 1.8245, 2.3929 -1.1691 1.893, 2.3929 -1.1653 1.8893, 2.3929 -1.1602 1.8818, 2.3929 -1.1564 1.8721, 2.3929 -1.2065 1.9056, 2.3929 -1.1893 1.9034, 2.3929 -1.178 1.8991
            ]
        }
        coordIndex [
            0,1,2,-1,2,1,3,-1,4,0,5,-1,5,0,2,-1,6,4,7,-1,7,4,5,-1,8,6,9,-1,9,6,7,-1,10,8,11,-1,11,8,9,-1,1,10,3,-1,3,10,11,-1,6,8,4,-1,4,8,10,-1,4,10,0,-1,0,10,1,-1,12,13,14,-1,12,14,15,-1,15,14,16,-1,15,16,17,-1,17,16,18,-1,17,18,19,-1,20,19,21,-1,21,19,18,-1,20,21,22,-1,20,22,23,-1,23,22,24,-1,23,24,25,-1,25,24,26,-1,25,26,27,-1,27,26,28,-1,27,28,29,-1,29,28,30,-1,29,30,31,-1,31,30,32,-1,31,32,33,-1,33,32,34,-1,33,34,35,-1,35,34,36,-1,35,36,37,-1,37,36,38,-1,37,38,39,-1,39,38,40,-1,39,40,41,-1,41,40,42,-1,41,42,43,-1,43,42,44,-1,43,44,45,-1,45,44,46,-1,45,46,47,-1,47,46,48,-1,47,48,49,-1,49,48,50,-1,49,50,51,-1,51,50,52,-1,51,52,53,-1,53,52,54,-1,53,54,55,-1,55,54,56,-1,55,56,57,-1,57,56,58,-1,57,58,59,-1,59,58,60,-1,59,60,61,-1,61,60,62,-1,61,62,63,-1,63,62,64,-1,63,64,65,-1,66,65,67,-1,67,65,64,-1,68,69,70,-1,70,69,71,-1,70,71,72,-1,72,71,66,-1,72,66,67,-1,69,68,73,-1,69,73,74,-1,73,75,74,-1,74,75,76,-1,74,76,77,-1,77,76,78,-1,77,78,79,-1,79,78,80,-1,79,80,81,-1,81,80,82,-1,83,84,82,-1,82,84,85,-1,82,85,81,-1,83,86,84,-1,84,86,87,-1,84,87,88,-1,88,87,89,-1,88,89,90,-1,90,89,91,-1,92,93,91,-1,91,93,94,-1,91,94,90,-1,92,95,93,-1,93,95,96,-1,93,96,97,-1,97,96,98,-1,97,98,99,-1,99,98,100,-1,99,100,101,-1,101,100,102,-1,101,102,103,-1,103,102,104,-1,103,104,105,-1,105,104,13,-1,105,13,12,-1,45,47,85,-1,85,47,81,-1,90,43,88,-1,88,43,45,-1,88,45,84,-1,84,45,85,-1,47,49,81,-1,81,49,51,-1,81,51,79,-1,79,51,53,-1,79,53,77,-1,77,53,74,-1,74,53,55,-1,74,55,69,-1,19,20,17,-1,17,20,23,-1,17,23,15,-1,15,23,25,-1,15,25,12,-1,12,25,27,-1,12,27,105,-1,105,27,29,-1,105,29,103,-1,103,29,31,-1,103,31,101,-1,101,31,33,-1,101,33,99,-1,99,33,35,-1,99,35,97,-1,97,35,37,-1,97,37,93,-1,93,37,94,-1,94,37,39,-1,94,39,90,-1,90,39,41,-1,90,41,43,-1,55,57,69,-1,69,57,59,-1,69,59,71,-1,71,59,61,-1,71,61,66,-1,66,61,63,-1,66,63,65,-1,106,107,108,-1,108,107,109,-1,110,111,112,-1,112,111,106,-1,112,106,108,-1,113,111,114,-1,114,111,110,-1,113,114,115,-1,115,114,116,-1,115,116,117,-1,118,115,119,-1,119,115,117,-1,120,121,122,-1,122,121,118,-1,122,118,119,-1,123,121,124,-1,124,121,120,-1,125,126,127,-1,127,126,123,-1,127,123,124,-1,128,126,129,-1,129,126,125,-1,130,131,132,-1,132,131,128,-1,132,128,129,-1,133,131,134,-1,134,131,130,-1,109,107,135,-1,135,107,133,-1,135,133,134,-1,133,107,106,-1,106,111,133,-1,133,111,113,-1,133,113,131,-1,126,128,123,-1,123,128,131,-1,123,131,121,-1,121,131,113,-1,121,113,118,-1,118,113,115,-1,136,137,138,-1,138,137,139,-1,138,139,140,-1,140,139,141,-1,140,141,142,-1,142,141,143,-1,142,143,144,-1,144,143,145,-1,144,145,146,-1,146,145,147,-1,146,147,148,-1,147,149,148,-1,148,149,150,-1,148,150,151,-1,151,150,152,-1,151,152,153,-1,153,152,154,-1,153,154,155,-1,155,154,156,-1,155,156,157,-1,157,156,158,-1,157,158,159,-1,159,158,160,-1,159,160,161,-1,161,160,162,-1,161,162,163,-1,163,162,164,-1,163,164,165,-1,165,164,166,-1,165,166,167,-1,167,166,168,-1,167,168,169,-1,169,168,170,-1,169,170,136,-1,136,170,171,-1,136,171,137,-1,142,144,172,-1,172,144,173,-1,174,136,138,-1,142,172,175,-1,142,175,140,-1,140,175,176,-1,140,176,138,-1,138,176,177,-1,138,177,174,-1,136,174,178,-1,136,178,169,-1,169,178,179,-1,169,179,167,-1,167,179,180,-1,167,180,165,-1,165,180,181,-1,165,181,163,-1,163,181,182,-1,163,182,161,-1,161,182,183,-1,161,183,159,-1,159,183,184,-1,159,184,157,-1,157,184,185,-1,157,185,155,-1,155,185,186,-1,187,151,186,-1,186,151,153,-1,186,153,155,-1,187,188,151,-1,151,188,189,-1,151,189,148,-1,146,148,190,-1,190,148,189,-1,144,146,173,-1,173,146,190,-1,149,147,191,-1,191,147,192,-1,147,145,192,-1,192,145,193,-1,145,143,193,-1,193,143,194,-1,171,195,196,-1,171,196,137,-1,137,196,197,-1,137,197,139,-1,139,197,198,-1,139,198,141,-1,141,198,194,-1,141,194,143,-1,164,199,200,-1,164,200,166,-1,166,200,201,-1,166,201,168,-1,168,201,202,-1,168,202,170,-1,170,202,195,-1,170,195,171,-1,156,203,204,-1,156,204,158,-1,158,204,205,-1,158,205,160,-1,160,205,206,-1,160,206,162,-1,162,206,199,-1,162,199,164,-1,149,191,207,-1,149,207,150,-1,150,207,208,-1,150,208,152,-1,152,208,209,-1,152,209,154,-1,154,209,203,-1,154,203,156,-1,
        ]
    }
}
Shape{
    appearance Appearance {
        material  Material 	{
            diffuseColor 0.25098039215686274 0.25098039215686274 0.25098039215686274
            specularColor 0.12549019607843137 0.12549019607843137 0.12549019607843137
            ambientIntensity 0.251
            transparency 0.0
            shininess 0.5
        }
    }
    geometry IndexedFaceSet {
        ccw TRUE
        solid FALSE
        coord DEF co Coordinate {
            point [
                2.3929 -1.1789 1.8092, 2.3929 -1.1703 1.8151, 2.3929 -1.2065 1.9056, 2.3929 -1.2278 1.9056, 2.3929 -1.2278 1.8027, 2.3929 -1.2076 1.9056, 2.3929 -1.2084 1.8027, 2.3929 -1.19 1.8049, 2.3929 -1.1687 1.8166, 2.3929 -1.1623 1.8245, 2.3929 -1.1576 1.8344, 2.3929 -1.1545 1.8554, 2.3929 -1.1691 1.893, 2.3929 -1.178 1.8991, 2.3929 -1.1564 1.8721, 2.3929 -1.1602 1.8818, 2.3929 -1.1653 1.8893, 2.3929 -1.155 1.8465, 2.3929 -1.1893 1.9034
            ]
        }
        coordIndex [
            0,1,2,-1,3,4,5,-1,5,4,6,-1,5,6,2,-1,2,6,7,-1,2,7,0,-1,1,8,2,-1,2,8,9,-1,2,9,10,-1,11,12,13,-1,14,15,11,-1,11,15,16,-1,11,16,12,-1,10,17,2,-1,2,17,11,-1,2,11,18,-1,18,11,13,-1,
        ]
    }
}
Shape{
    appearance Appearance {
        material  Material 	{
            diffuseColor 1.0 1.0 1.0
            specularColor 0.5019607843137255 0.5019607843137255 0.5019607843137255
            ambientIntensity 1.0
            transparency 0.0
            shininess 0.5
        }
    }
    geometry IndexedFaceSet {
        ccw TRUE
        solid FALSE
        coord DEF co Coordinate {
            point [
                2.3968 -1.0916 1.8391, 2.3968 -1.0971 1.824, 2.3968 -1.0468 1.8391, 2.3968 -1.0415 1.824, 2.3968 -1.0717 1.8945, 2.3968 -1.0781 1.9209, 2.3968 -1.1289 1.7875, 2.3968 -1.1099 1.7875, 2.3968 -1.0705 1.8985, 2.3968 -1.0695 1.9039, 2.3968 -1.0597 1.9209, 2.3968 -1.0691 1.9039, 2.3968 -1.068 1.8982, 2.3968 -1.067 1.8945, 2.3968 -1.0089 1.7875, 2.3968 -1.0279 1.7875, 2.3929 -1.0597 1.9209, 2.3929 -1.0089 1.7875, 2.3929 -1.0781 1.9209, 2.3929 -1.1289 1.7875, 2.3929 -1.0905 1.8885, 2.3929 -1.1099 1.7875, 2.3929 -1.0971 1.824, 2.3929 -1.0415 1.824, 2.3929 -1.0905 1.824, 2.3929 -1.0279 1.7875, 2.3929 -1.0916 1.8391, 2.3929 -1.0468 1.8391, 2.3929 -1.067 1.8945, 2.3929 -1.0691 1.9039, 2.3929 -1.068 1.8982, 2.3929 -1.0695 1.9039, 2.3929 -1.0717 1.8945, 2.3929 -1.0705 1.8985
            ]
        }
        coordIndex [
            0,1,2,-1,2,1,3,-1,4,5,0,-1,0,5,6,-1,0,6,1,-1,1,6,7,-1,4,8,5,-1,5,8,9,-1,5,9,10,-1,10,9,11,-1,10,11,12,-1,12,13,10,-1,10,13,2,-1,10,2,14,-1,14,2,3,-1,14,3,15,-1,10,14,16,-1,16,14,17,-1,5,10,18,-1,18,10,16,-1,19,6,20,-1,20,6,5,-1,20,5,18,-1,7,6,21,-1,21,6,19,-1,1,7,22,-1,22,7,21,-1,23,3,24,-1,24,3,1,-1,24,1,22,-1,15,3,25,-1,25,3,23,-1,14,15,17,-1,17,15,25,-1,0,2,26,-1,26,2,27,-1,2,13,27,-1,27,13,28,-1,11,29,30,-1,11,30,12,-1,12,30,28,-1,12,28,13,-1,11,9,29,-1,29,9,31,-1,4,32,33,-1,4,33,8,-1,8,33,31,-1,8,31,9,-1,4,0,32,-1,32,0,26,-1,
        ]
    }
}
Shape{
    appearance Appearance {
        material  Material 	{
            diffuseColor 0.25098039215686274 0.25098039215686274 0.25098039215686274
            specularColor 0.12549019607843137 0.12549019607843137 0.12549019607843137
            ambientIntensity 0.251
            transparency 0.0
            shininess 0.5
        }
    }
    geometry IndexedFaceSet {
        ccw TRUE
        solid FALSE
        coord DEF co Coordinate {
            point [
                2.3929 -1.0691 1.9039, 2.3929 -1.0695 1.9039, 2.3929 -1.068 1.8982, 2.3929 -1.0705 1.8985, 2.3929 -1.067 1.8945, 2.3929 -1.0717 1.8945, 2.3929 -1.0468 1.8391, 2.3929 -1.0916 1.8391
            ]
        }
        coordIndex [
            0,1,2,-1,2,1,3,-1,2,3,4,-1,4,3,5,-1,4,5,6,-1,6,5,7,-1,
        ]
    }
}
Shape{
    appearance Appearance {
        material  Material 	{
            diffuseColor 1.0 1.0 1.0
            specularColor 0.5019607843137255 0.5019607843137255 0.5019607843137255
            ambientIntensity 1.0
            transparency 0.0
            shininess 0.5
        }
    }
    geometry IndexedFaceSet {
        ccw TRUE
        solid FALSE
        coord DEF co Coordinate {
            point [
                2.3968 -1.4727 1.591, 2.3968 -1.4727 1.5758, 2.3929 -1.4727 1.591, 2.3929 -1.4727 1.5758, 2.3968 -1.5272 1.591, 2.3929 -1.5272 1.591, 2.3968 -1.5272 1.6359, 2.3929 -1.5272 1.6359, 2.3968 -1.4795 1.6359, 2.3929 -1.4795 1.6359, 2.3968 -1.4795 1.6512, 2.3929 -1.4795 1.6512, 2.3968 -1.5272 1.6512, 2.3929 -1.5272 1.6512, 2.3968 -1.5272 1.6939, 2.3929 -1.5272 1.6939, 2.3968 -1.4757 1.6939, 2.3929 -1.4757 1.6939, 2.3968 -1.4757 1.7092, 2.3929 -1.4757 1.7092, 2.3968 -1.5444 1.7092, 2.3929 -1.5444 1.7092, 2.3968 -1.5444 1.5758, 2.3929 -1.5444 1.5758, 2.3968 -1.3972 1.5905, 2.3968 -1.3968 1.5905, 2.3968 -1.3979 1.6059, 2.3968 -1.3968 1.6134, 2.3968 -1.3801 1.6371, 2.3968 -1.3968 1.6145, 2.3968 -1.3968 1.6236, 2.3968 -1.3968 1.5758, 2.3968 -1.3801 1.5758, 2.3968 -1.4396 1.6053, 2.3968 -1.4387 1.6092, 2.3968 -1.4531 1.6167, 2.3968 -1.4003 1.5999, 2.3968 -1.404 1.595, 2.3968 -1.3999 1.5864, 2.3968 -1.406 1.593, 2.3968 -1.4052 1.5808, 2.3968 -1.4108 1.5898, 2.3968 -1.411 1.577, 2.3968 -1.4158 1.588, 2.3968 -1.4178 1.5745, 2.3968 -1.4221 1.5873, 2.3968 -1.4264 1.5735, 2.3968 -1.4277 1.5879, 2.3968 -1.4364 1.5747, 2.3968 -1.4315 1.5893, 2.3968 -1.4428 1.5771, 2.3968 -1.4349 1.5916, 2.3968 -1.4485 1.581, 2.3968 -1.4363 1.593, 2.3968 -1.4497 1.6214, 2.3968 -1.4373 1.6123, 2.3968 -1.4445 1.6258, 2.3968 -1.4353 1.6147, 2.3968 -1.4373 1.6295, 2.3968 -1.4332 1.6163, 2.3968 -1.4294 1.6182, 2.3968 -1.425 1.6324, 2.3968 -1.4191 1.6206, 2.3968 -1.3968 1.6364, 2.3968 -1.4555 1.6108, 2.3968 -1.4566 1.6037, 2.3968 -1.4397 1.6027, 2.3968 -1.4567 1.6013, 2.3968 -1.4393 1.5988, 2.3968 -1.4558 1.5937, 2.3968 -1.4382 1.5958, 2.3968 -1.4538 1.588, 2.3968 -1.4503 1.5829, 2.3968 -1.4473 1.6644, 2.3968 -1.4473 1.6482, 2.3968 -1.4439 1.6664, 2.3968 -1.4374 1.6547, 2.3968 -1.4314 1.6712, 2.3968 -1.4269 1.6585, 2.3968 -1.4145 1.6733, 2.3968 -1.4161 1.6597, 2.3968 -1.4043 1.6723, 2.3968 -1.4104 1.6591, 2.3968 -1.3973 1.6702, 2.3968 -1.4066 1.6578, 2.3968 -1.3918 1.667, 2.3968 -1.4036 1.6558, 2.3968 -1.3873 1.6627, 2.3968 -1.4011 1.6532, 2.3968 -1.3839 1.6573, 2.3968 -1.3991 1.6497, 2.3968 -1.3813 1.6496, 2.3968 -1.3974 1.6438, 2.3929 -1.4145 1.6733, 2.3929 -1.4314 1.6712, 2.3929 -1.4439 1.6664, 2.3929 -1.4473 1.6644, 2.3929 -1.4473 1.6482, 2.3929 -1.4374 1.6547, 2.3929 -1.4269 1.6585, 2.3929 -1.4161 1.6597, 2.3929 -1.4104 1.6591, 2.3929 -1.4066 1.6578, 2.3929 -1.4036 1.6558, 2.3929 -1.4011 1.6532, 2.3929 -1.3991 1.6497, 2.3929 -1.3974 1.6438, 2.3929 -1.3968 1.6364, 2.3929 -1.425 1.6324, 2.3929 -1.4373 1.6295, 2.3929 -1.4445 1.6258, 2.3929 -1.4497 1.6214, 2.3929 -1.4531 1.6167, 2.3929 -1.4555 1.6108, 2.3929 -1.4566 1.6037, 2.3929 -1.4567 1.6013, 2.3929 -1.4558 1.5937, 2.3929 -1.4538 1.588, 2.3929 -1.4503 1.5829, 2.3929 -1.4485 1.581, 2.3929 -1.4264 1.5735, 2.3929 -1.4361 1.5747, 2.3929 -1.4364 1.5747, 2.3929 -1.4428 1.5771, 2.3929 -1.4178 1.5745, 2.3929 -1.4173 1.5747, 2.3929 -1.411 1.577, 2.3929 -1.4052 1.5808, 2.3929 -1.3999 1.5864, 2.3929 -1.3972 1.5905, 2.3929 -1.3968 1.5905, 2.3929 -1.3968 1.5758, 2.3929 -1.3801 1.5758, 2.3929 -1.3801 1.6371, 2.3929 -1.3813 1.6496, 2.3929 -1.3839 1.6573, 2.3929 -1.3873 1.6627, 2.3929 -1.3918 1.667, 2.3929 -1.3973 1.6702, 2.3929 -1.4043 1.6723, 2.3929 -1.4353 1.6147, 2.3929 -1.4332 1.6163, 2.3929 -1.4294 1.6182, 2.3929 -1.4191 1.6206, 2.3929 -1.4397 1.6027, 2.3929 -1.4396 1.6053, 2.3929 -1.4387 1.6092, 2.3929 -1.4373 1.6123, 2.3929 -1.4349 1.5916, 2.3929 -1.4363 1.593, 2.3929 -1.4382 1.5958, 2.3929 -1.4393 1.5988, 2.3929 -1.4221 1.5873, 2.3929 -1.4277 1.5879, 2.3929 -1.4315 1.5893, 2.3929 -1.404 1.595, 2.3929 -1.406 1.593, 2.3929 -1.4108 1.5898, 2.3929 -1.4158 1.588, 2.3929 -1.3968 1.6145, 2.3929 -1.3968 1.6134, 2.3929 -1.3979 1.6059, 2.3929 -1.4003 1.5999, 2.3929 -1.3968 1.6236
            ]
        }
        coordIndex [
            0,1,2,-1,2,1,3,-1,4,0,5,-1,5,0,2,-1,6,4,7,-1,7,4,5,-1,8,6,9,-1,9,6,7,-1,10,8,11,-1,11,8,9,-1,12,10,13,-1,13,10,11,-1,14,12,15,-1,15,12,13,-1,16,14,17,-1,17,14,15,-1,18,16,19,-1,19,16,17,-1,20,18,21,-1,21,18,19,-1,22,20,23,-1,23,20,21,-1,1,22,3,-1,3,22,23,-1,22,1,0,-1,0,4,22,-1,22,4,6,-1,22,6,20,-1,16,18,14,-1,14,18,20,-1,14,20,12,-1,12,20,6,-1,12,6,10,-1,10,6,8,-1,24,25,26,-1,27,28,29,-1,29,28,30,-1,31,32,25,-1,25,32,28,-1,25,28,26,-1,26,28,27,-1,33,34,35,-1,26,36,24,-1,24,36,37,-1,24,37,38,-1,38,37,39,-1,38,39,40,-1,40,39,41,-1,40,41,42,-1,42,41,43,-1,42,43,44,-1,44,43,45,-1,44,45,46,-1,46,45,47,-1,46,47,48,-1,48,47,49,-1,48,49,50,-1,50,49,51,-1,50,51,52,-1,52,51,53,-1,35,34,54,-1,54,34,55,-1,54,55,56,-1,56,55,57,-1,56,57,58,-1,57,59,58,-1,58,59,60,-1,58,60,61,-1,61,60,62,-1,61,62,63,-1,35,64,33,-1,33,64,65,-1,33,65,66,-1,66,65,67,-1,66,67,68,-1,68,67,69,-1,68,69,70,-1,70,69,71,-1,70,71,53,-1,53,71,72,-1,53,72,52,-1,73,74,75,-1,75,74,76,-1,75,76,77,-1,77,76,78,-1,77,78,79,-1,79,78,80,-1,79,80,81,-1,81,80,82,-1,81,82,83,-1,83,82,84,-1,83,84,85,-1,85,84,86,-1,85,86,87,-1,87,86,88,-1,87,88,89,-1,89,88,90,-1,89,90,91,-1,91,90,92,-1,91,92,28,-1,28,92,63,-1,28,63,30,-1,30,63,62,-1,79,93,94,-1,79,94,77,-1,77,94,95,-1,77,95,75,-1,75,95,96,-1,75,96,73,-1,74,73,97,-1,97,73,96,-1,74,97,98,-1,74,98,76,-1,76,98,99,-1,76,99,78,-1,78,99,100,-1,78,100,80,-1,80,100,101,-1,80,101,82,-1,82,101,102,-1,82,102,84,-1,84,102,103,-1,84,103,86,-1,86,103,104,-1,86,104,88,-1,88,104,105,-1,88,105,90,-1,90,105,106,-1,90,106,92,-1,92,106,107,-1,92,107,63,-1,61,63,108,-1,108,63,107,-1,61,108,109,-1,61,109,58,-1,58,109,110,-1,58,110,56,-1,56,110,111,-1,56,111,54,-1,54,111,112,-1,54,112,35,-1,35,112,113,-1,35,113,64,-1,64,113,114,-1,64,114,65,-1,65,114,115,-1,65,115,67,-1,67,115,116,-1,67,116,69,-1,69,116,117,-1,69,117,71,-1,71,117,118,-1,71,118,72,-1,72,118,119,-1,72,119,52,-1,120,46,121,-1,121,46,48,-1,121,48,122,-1,122,48,50,-1,122,50,123,-1,123,50,52,-1,123,52,119,-1,46,120,124,-1,46,124,44,-1,44,124,125,-1,44,125,42,-1,125,126,42,-1,42,126,127,-1,42,127,40,-1,40,127,128,-1,40,128,38,-1,38,128,129,-1,38,129,24,-1,25,24,130,-1,130,24,129,-1,31,25,131,-1,131,25,130,-1,32,31,132,-1,132,31,131,-1,28,32,133,-1,133,32,132,-1,28,133,134,-1,28,134,91,-1,91,134,135,-1,91,135,89,-1,89,135,136,-1,89,136,87,-1,87,136,137,-1,87,137,85,-1,85,137,138,-1,85,138,83,-1,83,138,139,-1,83,139,81,-1,81,139,93,-1,81,93,79,-1,57,140,141,-1,57,141,59,-1,59,141,142,-1,59,142,60,-1,60,142,143,-1,60,143,62,-1,66,144,145,-1,66,145,33,-1,33,145,146,-1,33,146,34,-1,34,146,147,-1,34,147,55,-1,55,147,140,-1,55,140,57,-1,51,148,149,-1,51,149,53,-1,53,149,150,-1,53,150,70,-1,70,150,151,-1,70,151,68,-1,68,151,144,-1,68,144,66,-1,45,152,153,-1,45,153,47,-1,47,153,154,-1,47,154,49,-1,49,154,148,-1,49,148,51,-1,37,155,156,-1,37,156,39,-1,39,156,157,-1,39,157,41,-1,41,157,158,-1,41,158,43,-1,43,158,152,-1,43,152,45,-1,29,159,160,-1,29,160,27,-1,27,160,161,-1,27,161,26,-1,26,161,162,-1,26,162,36,-1,36,162,155,-1,36,155,37,-1,29,30,159,-1,159,30,163,-1,30,62,163,-1,163,62,143,-1,
        ]
    }
}
Shape{
    appearance Appearance {
        material  Material 	{
            diffuseColor 0.25098039215686274 0.25098039215686274 0.25098039215686274
            specularColor 0.12549019607843137 0.12549019607843137 0.12549019607843137
            ambientIntensity 0.251
            transparency 0.0
            shininess 0.5
        }
    }
    geometry IndexedFaceSet {
        ccw TRUE
        solid FALSE
        coord DEF co Coordinate {
            point [
                2.3929 -1.3968 1.6134, 2.3929 -1.3968 1.6145, 2.3929 -1.4353 1.6147, 2.3929 -1.3968 1.6236, 2.3929 -1.4191 1.6206, 2.3929 -1.4294 1.6182, 2.3929 -1.4332 1.6163, 2.3929 -1.3979 1.6059, 2.3929 -1.4373 1.6123, 2.3929 -1.4003 1.5999, 2.3929 -1.4363 1.593, 2.3929 -1.4349 1.5916, 2.3929 -1.406 1.593, 2.3929 -1.4382 1.5958, 2.3929 -1.4108 1.5898, 2.3929 -1.4158 1.588, 2.3929 -1.4221 1.5873, 2.3929 -1.4387 1.6092, 2.3929 -1.4396 1.6053, 2.3929 -1.404 1.595, 2.3929 -1.4397 1.6027, 2.3929 -1.4393 1.5988, 2.3929 -1.4315 1.5893, 2.3929 -1.4277 1.5879
            ]
        }
        coordIndex [
            0,1,2,-1,1,3,4,-1,4,5,1,-1,1,5,6,-1,1,6,2,-1,0,2,7,-1,7,2,8,-1,7,8,9,-1,10,11,12,-1,10,12,13,-1,14,12,15,-1,15,12,16,-1,8,17,9,-1,9,17,18,-1,9,18,19,-1,19,18,20,-1,19,20,12,-1,12,20,21,-1,12,21,13,-1,11,22,12,-1,12,22,23,-1,12,23,16,-1,
        ]
    }
}
Shape{
    appearance Appearance {
        material  Material 	{
            diffuseColor 1.0 1.0 1.0
            specularColor 0.5019607843137255 0.5019607843137255 0.5019607843137255
            ambientIntensity 1.0
            transparency 0.0
            shininess 0.5
        }
    }
    geometry IndexedFaceSet {
        ccw TRUE
        solid FALSE
        coord DEF co Coordinate {
            point [
                2.3929 -1.3574 1.5964, 2.3968 -1.3574 1.5964, 2.3968 -1.3509 1.5923, 2.3968 -1.3299 1.5872, 2.3929 -1.3299 1.5872, 2.3929 -1.3404 1.5884, 2.3968 -1.3404 1.5884, 2.3929 -1.3497 1.5919, 2.3929 -1.3509 1.5923, 2.3968 -1.3574 1.5791, 2.3929 -1.3574 1.5791, 2.3968 -1.3471 1.5753, 2.3929 -1.3497 1.5763, 2.3929 -1.3316 1.5735, 2.3968 -1.3316 1.5735, 2.3929 -1.3413 1.5747, 2.3929 -1.3471 1.5753, 2.3929 -1.32 1.5747, 2.3968 -1.3188 1.5748, 2.3929 -1.3188 1.5748, 2.3929 -1.3094 1.5779, 2.3968 -1.3094 1.5779, 2.3929 -1.3038 1.5811, 2.3968 -1.3038 1.5811, 2.3929 -1.299 1.5853, 2.3968 -1.299 1.5853, 2.3929 -1.2959 1.5897, 2.3968 -1.2959 1.5897, 2.3929 -1.2938 1.595, 2.3968 -1.2938 1.595, 2.3929 -1.2931 1.6017, 2.3968 -1.2931 1.6017, 2.3929 -1.2937 1.6079, 2.3968 -1.2937 1.6079, 2.3929 -1.2955 1.6129, 2.3968 -1.2955 1.6129, 2.3929 -1.2986 1.6175, 2.3968 -1.2986 1.6175, 2.3929 -1.3026 1.621, 2.3968 -1.3026 1.621, 2.3929 -1.3137 1.6272, 2.3968 -1.3137 1.6272, 2.3929 -1.3202 1.6298, 2.3968 -1.3202 1.6298, 2.3929 -1.3306 1.6343, 2.3968 -1.3306 1.6343, 2.3929 -1.3364 1.638, 2.3968 -1.3364 1.638, 2.3929 -1.3381 1.6398, 2.3968 -1.3381 1.6398, 2.3929 -1.3393 1.6421, 2.3968 -1.3393 1.6421, 2.3929 -1.3399 1.6447, 2.3968 -1.3399 1.6447, 2.3929 -1.3401 1.6469, 2.3968 -1.3401 1.6469, 2.3929 -1.3398 1.6495, 2.3968 -1.3398 1.6495, 2.3929 -1.339 1.6518, 2.3968 -1.339 1.6518, 2.3929 -1.3375 1.6539, 2.3968 -1.3375 1.6539, 2.3929 -1.335 1.6562, 2.3968 -1.335 1.6562, 2.3929 -1.3313 1.6582, 2.3968 -1.3313 1.6582, 2.3929 -1.3268 1.6593, 2.3968 -1.3268 1.6593, 2.3929 -1.3218 1.6597, 2.3968 -1.3218 1.6597, 2.3929 -1.311 1.6585, 2.3968 -1.311 1.6585, 2.3929 -1.3015 1.6551, 2.3968 -1.3015 1.6551, 2.3929 -1.2976 1.6528, 2.3968 -1.2976 1.6528, 2.3968 -1.2976 1.6691, 2.3929 -1.2976 1.6691, 2.3929 -1.3086 1.6723, 2.3968 -1.3086 1.6723, 2.3929 -1.3202 1.6733, 2.3968 -1.3202 1.6733, 2.3929 -1.3321 1.672, 2.3968 -1.3321 1.672, 2.3929 -1.3413 1.6688, 2.3968 -1.3413 1.6688, 2.3929 -1.3466 1.6657, 2.3968 -1.3466 1.6657, 2.3968 -1.3516 1.6613, 2.3929 -1.3497 1.6629, 2.3929 -1.3516 1.6613, 2.3929 -1.3547 1.6567, 2.3968 -1.3547 1.6567, 2.3929 -1.3567 1.6514, 2.3968 -1.3567 1.6514, 2.3929 -1.3573 1.6454, 2.3968 -1.3573 1.6454, 2.3929 -1.3566 1.6389, 2.3968 -1.3566 1.6389, 2.3929 -1.3548 1.6338, 2.3968 -1.3548 1.6338, 2.3929 -1.3526 1.6303, 2.3968 -1.3526 1.6303, 2.3929 -1.332 1.6177, 2.3968 -1.332 1.6177, 2.3968 -1.342 1.6222, 2.3929 -1.3498 1.6274, 2.3968 -1.3498 1.6274, 2.3929 -1.3497 1.6273, 2.3929 -1.342 1.6222, 2.3929 -1.321 1.6131, 2.3968 -1.321 1.6131, 2.3929 -1.3145 1.6092, 2.3968 -1.3145 1.6092, 2.3929 -1.3124 1.607, 2.3968 -1.3124 1.607, 2.3929 -1.3111 1.6048, 2.3968 -1.3111 1.6048, 2.3929 -1.3104 1.6022, 2.3968 -1.3104 1.6022, 2.3929 -1.3102 1.6001, 2.3968 -1.3102 1.6001, 2.3929 -1.3106 1.5969, 2.3968 -1.3106 1.5969, 2.3929 -1.3114 1.5945, 2.3968 -1.3114 1.5945, 2.3929 -1.3129 1.5924, 2.3968 -1.3129 1.5924, 2.3929 -1.3148 1.5907, 2.3968 -1.3148 1.5907, 2.3929 -1.3163 1.5897, 2.3968 -1.3163 1.5897, 2.3929 -1.3206 1.5881, 2.3968 -1.3206 1.5881, 2.3929 -1.3292 1.5872, 2.3968 -1.3292 1.5872, 2.3968 -1.2102 1.6711, 2.3968 -1.1929 1.6711, 2.3929 -1.2102 1.6711, 2.3929 -1.1929 1.6711, 2.3968 -1.2362 1.5993, 2.3929 -1.2362 1.5993, 2.3929 -1.2375 1.5949, 2.3968 -1.2375 1.5949, 2.3929 -1.2383 1.5916, 2.3968 -1.2383 1.5916, 2.3968 -1.2387 1.5916, 2.3929 -1.2387 1.5916, 2.3968 -1.2408 1.5995, 2.3929 -1.2408 1.5995, 2.3929 -1.2657 1.6711, 2.3968 -1.2657 1.6711, 2.3929 -1.2576 1.6479, 2.3968 -1.2844 1.6711, 2.3929 -1.2844 1.6711, 2.3929 -1.247 1.576, 2.3968 -1.247 1.576, 2.3929 -1.2576 1.603, 2.3929 -1.2543 1.5587, 2.3968 -1.2543 1.5587, 2.3929 -1.2475 1.5747, 2.3929 -1.2576 1.5526, 2.3968 -1.2576 1.5526, 2.3929 -1.2576 1.5526, 2.3929 -1.2607 1.5491, 2.3968 -1.2607 1.5491, 2.3929 -1.2636 1.5471, 2.3968 -1.2636 1.5471, 2.3929 -1.2673 1.5457, 2.3968 -1.2673 1.5457, 2.3929 -1.2714 1.5452, 2.3968 -1.2714 1.5452, 2.3929 -1.2775 1.546, 2.3968 -1.2775 1.546, 2.3929 -1.2809 1.5471, 2.3968 -1.2809 1.5471, 2.3968 -1.2809 1.5323, 2.3929 -1.2809 1.5323, 2.3929 -1.2738 1.531, 2.3968 -1.2738 1.531, 2.3929 -1.2701 1.5309, 2.3968 -1.2701 1.5309, 2.3929 -1.2634 1.5317, 2.3968 -1.2634 1.5317, 2.3929 -1.2576 1.5339, 2.3968 -1.2568 1.5342, 2.3929 -1.2568 1.5342, 2.3929 -1.2509 1.5383, 2.3968 -1.2509 1.5383, 2.3929 -1.2498 1.5393, 2.3968 -1.2498 1.5393, 2.3929 -1.2437 1.5467, 2.3968 -1.2437 1.5467, 2.3929 -1.2361 1.5614, 2.3968 -1.2361 1.5614, 2.3929 -1.2309 1.5747, 2.3968 -1.1031 1.591, 2.3968 -1.1031 1.5758, 2.3929 -1.1031 1.591, 2.3929 -1.1031 1.5758, 2.3929 -1.1576 1.591, 2.3968 -1.1576 1.591, 2.3929 -1.1326 1.591, 2.3968 -1.1576 1.6359, 2.3929 -1.1576 1.6359, 2.3929 -1.1099 1.6359, 2.3968 -1.1099 1.6359, 2.3929 -1.1326 1.6359, 2.3968 -1.1099 1.6512, 2.3929 -1.1099 1.6512, 2.3929 -1.1576 1.6512, 2.3968 -1.1576 1.6512, 2.3929 -1.1326 1.6512, 2.3968 -1.1576 1.6939, 2.3929 -1.1576 1.6939, 2.3929 -1.1061 1.6939, 2.3968 -1.1061 1.6939, 2.3929 -1.1326 1.6939, 2.3968 -1.1061 1.7092, 2.3929 -1.1061 1.7092, 2.3929 -1.1749 1.7092, 2.3968 -1.1749 1.7092, 2.3929 -1.1326 1.7092, 2.3968 -1.1749 1.5758, 2.3929 -1.1749 1.5758, 2.3929 -1.1326 1.5758, 2.3968 -0.9893 1.5945, 2.3968 -1.0032 1.6034, 2.3968 -1.0033 1.5845, 2.3968 -1.0118 1.5975, 2.3968 -1.0186 1.5785, 2.3968 -1.0228 1.5932, 2.3968 -1.0412 1.5758, 2.3968 -1.0413 1.591, 2.3968 -1.0779 1.5758, 2.3968 -1.0606 1.591, 2.3968 -1.0779 1.7092, 2.3968 -1.0606 1.6939, 2.3968 -1.0398 1.7092, 2.3968 -1.0405 1.6939, 2.3968 -1.0394 1.6939, 2.3968 -1.0194 1.707, 2.3968 -1.0222 1.6917, 2.3968 -1.0033 1.7011, 2.3968 -1.0108 1.6874, 2.3968 -0.9893 1.6916, 2.3968 -1.002 1.6813, 2.3968 -0.9846 1.6869, 2.3968 -0.9982 1.6776, 2.3968 -0.9764 1.6753, 2.3968 -0.9931 1.6701, 2.3968 -0.9714 1.6626, 2.3968 -0.9893 1.6604, 2.3968 -0.9692 1.6442, 2.3968 -0.9873 1.6437, 2.3968 -0.9696 1.6357, 2.3968 -0.9878 1.6348, 2.3968 -0.9729 1.6201, 2.3968 -0.9905 1.6227, 2.3968 -0.9794 1.6063, 2.3968 -0.9952 1.6128, 2.3968 -1.0016 1.6049, 2.3929 -1.0412 1.5758, 2.3929 -1.0779 1.5758, 2.3929 -1.0186 1.5785, 2.3929 -1.0033 1.5845, 2.3929 -0.9893 1.5945, 2.3929 -0.9794 1.6063, 2.3929 -0.9729 1.6201, 2.3929 -0.9696 1.6357, 2.3929 -0.9692 1.6442, 2.3929 -0.9714 1.6626, 2.3929 -0.9764 1.6753, 2.3929 -0.9846 1.6869, 2.3929 -0.9893 1.6916, 2.3929 -1.0033 1.7011, 2.3929 -1.0194 1.707, 2.3929 -1.0398 1.7092, 2.3929 -1.0779 1.7092, 2.3929 -1.0405 1.6939, 2.3929 -1.0606 1.6939, 2.3929 -1.0606 1.591, 2.3929 -1.0413 1.591, 2.3929 -1.0016 1.6049, 2.3929 -1.0032 1.6034, 2.3929 -1.0118 1.5975, 2.3929 -1.0228 1.5932, 2.3929 -0.9873 1.6437, 2.3929 -0.9878 1.6348, 2.3929 -0.9905 1.6227, 2.3929 -0.9952 1.6128, 2.3929 -1.002 1.6813, 2.3929 -0.9982 1.6776, 2.3929 -0.9931 1.6701, 2.3929 -0.9893 1.6604, 2.3929 -1.0394 1.6939, 2.3929 -1.0222 1.6917, 2.3929 -1.0108 1.6874
            ]
        }
        coordIndex [
            0,1,2,-1,3,4,5,-1,3,5,6,-1,6,5,7,-1,6,7,2,-1,2,7,8,-1,2,8,0,-1,9,1,10,-1,10,1,0,-1,9,10,11,-1,11,10,12,-1,13,14,15,-1,15,14,11,-1,15,11,16,-1,16,11,12,-1,13,17,14,-1,14,17,18,-1,17,19,18,-1,18,19,20,-1,18,20,21,-1,21,20,22,-1,21,22,23,-1,23,22,24,-1,23,24,25,-1,25,24,26,-1,25,26,27,-1,27,26,28,-1,27,28,29,-1,29,28,30,-1,29,30,31,-1,31,30,32,-1,31,32,33,-1,33,32,34,-1,33,34,35,-1,35,34,36,-1,35,36,37,-1,37,36,38,-1,37,38,39,-1,39,38,40,-1,39,40,41,-1,41,40,42,-1,41,42,43,-1,43,42,44,-1,43,44,45,-1,45,44,46,-1,45,46,47,-1,47,46,48,-1,47,48,49,-1,49,48,50,-1,49,50,51,-1,51,50,52,-1,51,52,53,-1,53,52,54,-1,53,54,55,-1,55,54,56,-1,55,56,57,-1,57,56,58,-1,57,58,59,-1,59,58,60,-1,59,60,61,-1,61,60,62,-1,61,62,63,-1,63,62,64,-1,63,64,65,-1,65,64,66,-1,65,66,67,-1,67,66,68,-1,67,68,69,-1,69,68,70,-1,69,70,71,-1,71,70,72,-1,71,72,73,-1,73,72,74,-1,73,74,75,-1,76,75,77,-1,77,75,74,-1,76,77,78,-1,76,78,79,-1,79,78,80,-1,79,80,81,-1,81,80,82,-1,81,82,83,-1,83,82,84,-1,83,84,85,-1,85,84,86,-1,85,86,87,-1,87,86,88,-1,88,86,89,-1,89,90,88,-1,88,90,91,-1,88,91,92,-1,92,91,93,-1,92,93,94,-1,94,93,95,-1,94,95,96,-1,96,95,97,-1,96,97,98,-1,98,97,99,-1,98,99,100,-1,100,99,101,-1,100,101,102,-1,103,104,105,-1,102,101,106,-1,102,106,107,-1,107,106,108,-1,107,108,105,-1,105,108,109,-1,105,109,103,-1,104,103,110,-1,104,110,111,-1,111,110,112,-1,111,112,113,-1,113,112,114,-1,113,114,115,-1,115,114,116,-1,115,116,117,-1,117,116,118,-1,117,118,119,-1,119,118,120,-1,119,120,121,-1,121,120,122,-1,121,122,123,-1,123,122,124,-1,123,124,125,-1,125,124,126,-1,125,126,127,-1,127,126,128,-1,127,128,129,-1,129,128,130,-1,129,130,131,-1,131,130,132,-1,131,132,133,-1,133,132,134,-1,133,134,135,-1,135,134,4,-1,135,4,3,-1,61,63,85,-1,85,63,83,-1,45,104,43,-1,43,104,111,-1,43,111,41,-1,14,3,11,-1,11,3,6,-1,11,6,9,-1,9,6,2,-1,9,2,1,-1,63,65,83,-1,83,65,67,-1,83,67,81,-1,81,67,69,-1,81,69,79,-1,79,69,71,-1,79,71,76,-1,76,71,73,-1,76,73,75,-1,41,111,39,-1,39,111,113,-1,39,113,37,-1,37,113,115,-1,37,115,35,-1,35,115,117,-1,35,117,33,-1,33,117,119,-1,33,119,31,-1,31,119,121,-1,31,121,29,-1,29,121,123,-1,29,123,27,-1,27,123,125,-1,27,125,25,-1,25,125,127,-1,25,127,23,-1,23,127,129,-1,23,129,21,-1,21,129,131,-1,21,131,18,-1,18,131,133,-1,18,133,14,-1,14,133,135,-1,14,135,3,-1,85,87,61,-1,61,87,88,-1,61,88,59,-1,59,88,92,-1,59,92,57,-1,57,92,94,-1,57,94,55,-1,55,94,96,-1,55,96,53,-1,53,96,98,-1,53,98,51,-1,51,98,100,-1,51,100,49,-1,49,100,102,-1,49,102,47,-1,47,102,107,-1,47,107,45,-1,45,107,105,-1,45,105,104,-1,136,137,138,-1,138,137,139,-1,140,136,141,-1,141,136,138,-1,140,141,142,-1,140,142,143,-1,143,142,144,-1,143,144,145,-1,146,145,147,-1,147,145,144,-1,148,146,149,-1,149,146,147,-1,150,151,152,-1,152,151,148,-1,152,148,149,-1,153,151,154,-1,154,151,150,-1,155,156,157,-1,157,156,153,-1,157,153,154,-1,158,159,160,-1,160,159,156,-1,160,156,155,-1,158,161,159,-1,159,161,162,-1,161,163,162,-1,162,163,164,-1,162,164,165,-1,165,164,166,-1,165,166,167,-1,167,166,168,-1,167,168,169,-1,169,168,170,-1,169,170,171,-1,171,170,172,-1,171,172,173,-1,173,172,174,-1,173,174,175,-1,176,175,177,-1,177,175,174,-1,176,177,178,-1,176,178,179,-1,179,178,180,-1,179,180,181,-1,181,180,182,-1,181,182,183,-1,183,182,184,-1,183,184,185,-1,184,186,185,-1,185,186,187,-1,185,187,188,-1,188,187,189,-1,188,189,190,-1,190,189,191,-1,190,191,192,-1,192,191,193,-1,192,193,194,-1,139,137,195,-1,195,137,194,-1,195,194,193,-1,143,145,194,-1,137,136,194,-1,194,136,140,-1,194,140,143,-1,151,153,148,-1,148,153,156,-1,148,156,146,-1,175,176,173,-1,173,176,179,-1,173,179,171,-1,171,179,181,-1,171,181,169,-1,169,181,183,-1,169,183,167,-1,167,183,185,-1,167,185,165,-1,145,146,194,-1,194,146,156,-1,194,156,192,-1,156,159,192,-1,192,159,162,-1,192,162,190,-1,190,162,165,-1,190,165,188,-1,188,165,185,-1,196,197,198,-1,198,197,199,-1,200,201,202,-1,202,201,196,-1,202,196,198,-1,203,201,204,-1,204,201,200,-1,205,206,207,-1,207,206,203,-1,207,203,204,-1,208,206,209,-1,209,206,205,-1,210,211,212,-1,212,211,208,-1,212,208,209,-1,213,211,214,-1,214,211,210,-1,215,216,217,-1,217,216,213,-1,217,213,214,-1,218,216,219,-1,219,216,215,-1,220,221,222,-1,222,221,218,-1,222,218,219,-1,223,221,224,-1,224,221,220,-1,199,197,225,-1,225,197,223,-1,225,223,224,-1,197,196,223,-1,223,196,201,-1,206,208,203,-1,203,208,211,-1,216,218,213,-1,213,218,221,-1,213,221,211,-1,211,221,223,-1,211,223,203,-1,203,223,201,-1,226,227,228,-1,228,227,229,-1,228,229,230,-1,230,229,231,-1,230,231,232,-1,232,231,233,-1,232,233,234,-1,234,233,235,-1,234,235,236,-1,236,235,237,-1,236,237,238,-1,237,239,238,-1,238,239,240,-1,238,240,241,-1,241,240,242,-1,241,242,243,-1,243,242,244,-1,243,244,245,-1,245,244,246,-1,245,246,247,-1,247,246,248,-1,247,248,249,-1,249,248,250,-1,249,250,251,-1,251,250,252,-1,251,252,253,-1,253,252,254,-1,253,254,255,-1,255,254,256,-1,255,256,257,-1,257,256,258,-1,257,258,259,-1,259,258,260,-1,259,260,226,-1,226,260,261,-1,226,261,227,-1,232,234,262,-1,262,234,263,-1,232,262,264,-1,232,264,230,-1,230,264,265,-1,230,265,228,-1,228,265,266,-1,228,266,226,-1,226,266,267,-1,226,267,259,-1,259,267,268,-1,259,268,257,-1,257,268,269,-1,257,269,255,-1,255,269,270,-1,255,270,253,-1,253,270,271,-1,253,271,251,-1,251,271,272,-1,251,272,249,-1,249,272,273,-1,249,273,247,-1,247,273,274,-1,247,274,245,-1,245,274,275,-1,245,275,243,-1,243,275,276,-1,243,276,241,-1,241,276,277,-1,241,277,238,-1,236,238,278,-1,278,238,277,-1,234,236,263,-1,263,236,278,-1,239,237,279,-1,279,237,280,-1,237,235,280,-1,280,235,281,-1,235,233,281,-1,281,233,282,-1,261,283,284,-1,261,284,227,-1,227,284,285,-1,227,285,229,-1,229,285,286,-1,229,286,231,-1,231,286,282,-1,231,282,233,-1,254,287,288,-1,254,288,256,-1,256,288,289,-1,256,289,258,-1,258,289,290,-1,258,290,260,-1,260,290,283,-1,260,283,261,-1,246,291,292,-1,246,292,248,-1,248,292,293,-1,248,293,250,-1,250,293,294,-1,250,294,252,-1,252,294,287,-1,252,287,254,-1,239,279,295,-1,239,295,240,-1,240,295,296,-1,240,296,242,-1,242,296,297,-1,242,297,244,-1,244,297,291,-1,244,291,246,-1,
        ]
    }
}
Shape{
    appearance Appearance {
        material  Material 	{
            diffuseColor 0.25098039215686274 0.25098039215686274 0.25098039215686274
            specularColor 0.12549019607843137 0.12549019607843137 0.12549019607843137
            ambientIntensity 0.251
            transparency 0.0
            shininess 0.5
        }
    }
    geometry IndexedFaceSet {
        ccw TRUE
        solid FALSE
        coord DEF co Coordinate {
            point [
                2.3929 -1.0118 1.5975, 2.3929 -1.0032 1.6034, 2.3929 -1.0394 1.6939, 2.3929 -1.0606 1.6939, 2.3929 -1.0606 1.591, 2.3929 -1.0405 1.6939, 2.3929 -1.0413 1.591, 2.3929 -1.0228 1.5932, 2.3929 -1.0016 1.6049, 2.3929 -0.9952 1.6128, 2.3929 -0.9905 1.6227, 2.3929 -0.9873 1.6437, 2.3929 -1.002 1.6813, 2.3929 -1.0108 1.6874, 2.3929 -0.9893 1.6604, 2.3929 -0.9931 1.6701, 2.3929 -0.9982 1.6776, 2.3929 -0.9878 1.6348, 2.3929 -1.0222 1.6917
            ]
        }
        coordIndex [
            0,1,2,-1,3,4,5,-1,5,4,6,-1,5,6,2,-1,2,6,7,-1,2,7,0,-1,1,8,2,-1,2,8,9,-1,2,9,10,-1,11,12,13,-1,14,15,11,-1,11,15,16,-1,11,16,12,-1,10,17,2,-1,2,17,11,-1,2,11,18,-1,18,11,13,-1,
        ]
    }
}
Shape{
    appearance Appearance {
        material  Material 	{
            diffuseColor 1.0 1.0 1.0
            specularColor 0.5019607843137255 0.5019607843137255 0.5019607843137255
            ambientIntensity 1.0
            transparency 0.0
            shininess 0.5
        }
    }
    geometry IndexedFaceSet {
        ccw TRUE
        solid FALSE
        coord DEF co Coordinate {
            point [
                2.3968 -0.9245 1.6274, 2.3968 -0.93 1.6123, 2.3968 -0.8797 1.6274, 2.3968 -0.8744 1.6123, 2.3968 -0.9045 1.6828, 2.3968 -0.911 1.7092, 2.3968 -0.9618 1.5758, 2.3968 -0.9428 1.5758, 2.3968 -0.9034 1.6868, 2.3968 -0.9024 1.6922, 2.3968 -0.8926 1.7092, 2.3968 -0.9019 1.6922, 2.3968 -0.9009 1.6865, 2.3968 -0.8999 1.6828, 2.3968 -0.8417 1.5758, 2.3968 -0.8608 1.5758, 2.3929 -0.8926 1.7092, 2.3929 -0.8417 1.5758, 2.3929 -0.911 1.7092, 2.3929 -0.9618 1.5758, 2.3929 -0.9428 1.5758, 2.3929 -0.93 1.6123, 2.3929 -0.8744 1.6123, 2.3929 -0.8608 1.5758, 2.3929 -0.9245 1.6274, 2.3929 -0.8797 1.6274, 2.3929 -0.8999 1.6828, 2.3929 -0.9019 1.6922, 2.3929 -0.9009 1.6865, 2.3929 -0.9024 1.6922, 2.3929 -0.9045 1.6828, 2.3929 -0.9034 1.6868
            ]
        }
        coordIndex [
            0,1,2,-1,2,1,3,-1,4,5,0,-1,0,5,6,-1,0,6,1,-1,1,6,7,-1,4,8,5,-1,5,8,9,-1,5,9,10,-1,10,9,11,-1,10,11,12,-1,12,13,10,-1,10,13,2,-1,10,2,14,-1,14,2,3,-1,14,3,15,-1,10,14,16,-1,16,14,17,-1,5,10,18,-1,18,10,16,-1,6,5,19,-1,19,5,18,-1,7,6,20,-1,20,6,19,-1,1,7,21,-1,21,7,20,-1,3,1,22,-1,22,1,21,-1,15,3,23,-1,23,3,22,-1,14,15,17,-1,17,15,23,-1,0,2,24,-1,24,2,25,-1,2,13,25,-1,25,13,26,-1,11,27,28,-1,11,28,12,-1,12,28,26,-1,12,26,13,-1,11,9,27,-1,27,9,29,-1,4,30,31,-1,4,31,8,-1,8,31,29,-1,8,29,9,-1,4,0,30,-1,30,0,24,-1,
        ]
    }
}
Shape{
    appearance Appearance {
        material  Material 	{
            diffuseColor 0.25098039215686274 0.25098039215686274 0.25098039215686274
            specularColor 0.12549019607843137 0.12549019607843137 0.12549019607843137
            ambientIntensity 0.251
            transparency 0.0
            shininess 0.5
        }
    }
    geometry IndexedFaceSet {
        ccw TRUE
        solid FALSE
        coord DEF co Coordinate {
            point [
                2.3929 -0.9019 1.6922, 2.3929 -0.9024 1.6922, 2.3929 -0.9009 1.6865, 2.3929 -0.9034 1.6868, 2.3929 -0.8999 1.6828, 2.3929 -0.9045 1.6828, 2.3929 -0.8797 1.6274, 2.3929 -0.9245 1.6274
            ]
        }
        coordIndex [
            0,1,2,-1,2,1,3,-1,2,3,4,-1,4,3,5,-1,4,5,6,-1,6,5,7,-1,
        ]
    }
}
Shape{
    appearance Appearance {
        material  Material 	{
            diffuseColor 1.0 1.0 1.0
            specularColor 0.5019607843137255 0.5019607843137255 0.5019607843137255
            ambientIntensity 1.0
            transparency 0.0
            shininess 0.5
        }
    }
    geometry IndexedFaceSet {
        ccw TRUE
        solid FALSE
        coord DEF co Coordinate {
            point [
                2.3968 -2.1589 1.8057, 2.3968 -2.1377 1.8169, 2.3968 -2.1427 1.8753, 2.3968 -1.9756 1.5531, 2.3968 -1.9644 1.5743, 2.3968 -1.9588 1.5977, 2.3968 -2.0835 1.878, 2.3968 -2.0541 1.8087, 2.3968 -2.0396 1.8387, 2.3968 -2.0891 1.5946, 2.3968 -2.091 1.6034, 2.3968 -2.1424 1.6408, 2.3968 -2.1433 1.5772, 2.3968 -2.1553 1.5808, 2.3968 -2.163 1.6535, 2.3968 -2.1054 1.8799, 2.3968 -1.8255 1.6873, 2.3968 -1.8549 1.7376, 2.3968 -1.9583 1.6171, 2.3968 -1.982 1.6712, 2.3968 -1.9583 1.6076, 2.3968 -2.009 1.5237, 2.3968 -1.9901 1.5368, 2.3968 -2.0201 1.6212, 2.3968 -2.0176 1.6125, 2.3968 -2.0173 1.6033, 2.3968 -2.0193 1.5942, 2.3968 -2.0235 1.5859, 2.3968 -2.0853 1.5867, 2.3968 -2.1197 1.5394, 2.3968 -2.1338 1.5569, 2.3968 -1.7941 1.7812, 2.3968 -1.7866 1.7812, 2.3968 -1.7477 1.8325, 2.3968 -1.7685 1.779, 2.3968 -1.743 1.8309, 2.3968 -1.7519 1.7726, 2.3968 -1.7148 1.8169, 2.3968 -1.689 1.7951, 2.3968 -2.0641 1.9007, 2.3968 -2.0183 1.8642, 2.3968 -2.0418 1.9197, 2.3968 -1.9929 1.8828, 2.3968 -2.0154 1.9358, 2.3968 -2.1143 1.8225, 2.3968 -2.1044 1.823, 2.3968 -2.0944 1.8793, 2.3968 -2.0822 1.8202, 2.3968 -2.0609 1.8124, 2.3968 -2.0294 1.5791, 2.3968 -2.0367 1.574, 2.3968 -2.0302 1.5155, 2.3968 -2.0449 1.5708, 2.3968 -2.0532 1.5127, 2.3968 -2.0541 1.5696, 2.3968 -2.0568 1.5128, 2.3968 -2.0557 1.5697, 2.3968 -2.0792 1.5163, 2.3968 -2.0643 1.5711, 2.3968 -2.1011 1.5255, 2.3968 -2.0728 1.5747, 2.3968 -2.0801 1.5803, 2.3968 -1.6888 1.618, 2.3968 -1.7331 1.6557, 2.3968 -1.7146 1.5962, 2.3968 -1.7471 1.6442, 2.3968 -1.7436 1.582, 2.3968 -1.7638 1.6365, 2.3968 -1.7752 1.5753, 2.3968 -1.7809 1.6332, 2.3968 -1.8312 1.5753, 2.3968 -1.8236 1.6332, 2.3968 -1.8365 1.5762, 2.3968 -1.7372 1.7623, 2.3968 -1.7263 1.7501, 2.3968 -1.6697 1.7681, 2.3968 -1.7175 1.7338, 2.3968 -1.6581 1.7391, 2.3968 -1.713 1.7155, 2.3968 -1.6537 1.7082, 2.3968 -1.7125 1.7072, 2.3968 -1.6581 1.6743, 2.3968 -1.7148 1.6887, 2.3968 -1.67 1.6443, 2.3968 -1.7214 1.6718, 2.3968 -1.7318 1.657, 2.3968 -1.7989 1.9074, 2.3968 -1.836 1.8638, 2.3968 -1.7664 1.8695, 2.3968 -1.8146 1.8382, 2.3968 -1.8 1.8076, 2.3968 -2.1965 1.7511, 2.3968 -2.2588 1.7353, 2.3968 -2.1993 1.7281, 2.3968 -2.2591 1.7262, 2.3968 -2.1982 1.7135, 2.3968 -2.2545 1.689, 2.3968 -2.1913 1.6902, 2.3968 -2.2409 1.6537, 2.3968 -2.18 1.671, 2.3968 -2.2192 1.6228, 2.3968 -2.1896 1.5975, 2.3968 -2.0906 1.6127, 2.3968 -2.088 1.6217, 2.3968 -2.1319 1.6612, 2.3968 -2.0831 1.6296, 2.3968 -2.1162 1.6791, 2.3968 -2.079 1.634, 2.3968 -2.0968 1.6926, 2.3968 -2.0716 1.6393, 2.3968 -2.0758 1.7006, 2.3968 -2.0633 1.6425, 2.3968 -2.0532 1.7034, 2.3968 -2.0541 1.6436, 2.3968 -2.0416 1.7027, 2.3968 -2.0476 1.6431, 2.3968 -2.0187 1.697, 2.3968 -2.0387 1.6403, 2.3968 -1.9986 1.6863, 2.3968 -2.0309 1.6354, 2.3968 -2.0245 1.6288, 2.3968 -1.9714 1.9518, 2.3968 -1.9619 1.8953, 2.3968 -1.9279 1.9567, 2.3968 -1.927 1.8998, 2.3968 -1.8837 1.9515, 2.3968 -1.8948 1.8959, 2.3968 -1.8365 1.9334, 2.3968 -1.8651 1.8845, 2.3968 -1.8384 1.866, 2.3968 -2.1779 1.8616, 2.3968 -2.2081 1.8404, 2.3968 -2.1752 1.7911, 2.3968 -2.2145 1.8344, 2.3968 -2.1883 1.7722, 2.3968 -2.2373 1.8051, 2.3968 -2.2524 1.771, 2.3968 -1.8283 1.6341, 2.3968 -1.8511 1.5853, 2.3968 -1.8489 1.583, 2.3968 -1.8255 1.6335, 2.3968 -1.8428 1.5787, 2.3968 -1.8587 1.6047, 2.3968 -1.8578 1.5977, 2.3968 -1.8553 1.5912, 2.3968 -1.8366 1.6332, 2.3968 -1.8431 1.6306, 2.3968 -1.8584 1.6085, 2.3968 -1.8489 1.6265, 2.3968 -1.8529 1.6222, 2.3968 -1.8565 1.6157, 2.3968 -1.8293 1.6342, 2.3929 -1.6537 1.7082, 2.3929 -1.6581 1.7391, 2.3929 -1.6613 1.7472, 2.3929 -1.6697 1.7681, 2.3929 -1.689 1.7951, 2.3929 -1.7148 1.8169, 2.3929 -1.743 1.8309, 2.3929 -1.7477 1.8325, 2.3929 -1.7664 1.8695, 2.3929 -1.7989 1.9074, 2.3929 -1.8201 1.9221, 2.3929 -1.8365 1.9334, 2.3929 -1.8837 1.9515, 2.3929 -1.9279 1.9567, 2.3929 -1.9714 1.9518, 2.3929 -2.0154 1.9358, 2.3929 -2.038 1.9221, 2.3929 -2.0418 1.9197, 2.3929 -2.0641 1.9007, 2.3929 -2.0835 1.878, 2.3929 -2.0944 1.8793, 2.3929 -2.1054 1.8799, 2.3929 -2.1427 1.8753, 2.3929 -2.1779 1.8616, 2.3929 -2.2081 1.8404, 2.3929 -2.2145 1.8344, 2.3929 -2.2591 1.7262, 2.3929 -2.2373 1.8051, 2.3929 -2.2524 1.771, 2.3929 -2.2567 1.7472, 2.3929 -2.2588 1.7353, 2.3929 -2.2545 1.689, 2.3929 -2.2409 1.6537, 2.3929 -2.2192 1.6228, 2.3929 -2.1896 1.5975, 2.3929 -2.1553 1.5808, 2.3929 -2.1433 1.5772, 2.3929 -2.1421 1.5747, 2.3929 -2.1338 1.5569, 2.3929 -2.1197 1.5394, 2.3929 -2.1011 1.5255, 2.3929 -2.0924 1.5218, 2.3929 -2.0792 1.5163, 2.3929 -2.0568 1.5128, 2.3929 -2.0532 1.5127, 2.3929 -1.9583 1.6076, 2.3929 -2.0302 1.5155, 2.3929 -2.0139 1.5218, 2.3929 -2.009 1.5237, 2.3929 -1.9901 1.5368, 2.3929 -1.9756 1.5531, 2.3929 -1.9644 1.5743, 2.3929 -1.9643 1.5747, 2.3929 -1.9588 1.5977, 2.3929 -1.9583 1.6171, 2.3929 -1.8255 1.6873, 2.3929 -1.8549 1.7376, 2.3929 -1.982 1.6712, 2.3929 -1.9986 1.6863, 2.3929 -2.0187 1.697, 2.3929 -2.0416 1.7027, 2.3929 -2.0532 1.7034, 2.3929 -2.0758 1.7006, 2.3929 -2.0968 1.6926, 2.3929 -2.1162 1.6791, 2.3929 -2.1319 1.6612, 2.3929 -2.1424 1.6408, 2.3929 -2.163 1.6535, 2.3929 -2.18 1.671, 2.3929 -2.1913 1.6902, 2.3929 -2.1982 1.7135, 2.3929 -2.1993 1.7281, 2.3929 -2.1969 1.7472, 2.3929 -2.1965 1.7511, 2.3929 -2.1883 1.7722, 2.3929 -2.1752 1.7911, 2.3929 -2.1589 1.8057, 2.3929 -2.1377 1.8169, 2.3929 -2.1143 1.8225, 2.3929 -2.1044 1.823, 2.3929 -2.0822 1.8202, 2.3929 -2.0609 1.8124, 2.3929 -2.0541 1.8087, 2.3929 -2.0396 1.8387, 2.3929 -2.0183 1.8642, 2.3929 -1.9929 1.8828, 2.3929 -1.9619 1.8953, 2.3929 -1.927 1.8998, 2.3929 -1.8948 1.8959, 2.3929 -1.8651 1.8845, 2.3929 -1.8384 1.866, 2.3929 -1.836 1.8638, 2.3929 -1.8146 1.8382, 2.3929 -1.8 1.8076, 2.3929 -1.7941 1.7812, 2.3929 -1.7866 1.7812, 2.3929 -1.7685 1.779, 2.3929 -1.7519 1.7726, 2.3929 -1.7372 1.7623, 2.3929 -1.7263 1.7501, 2.3929 -1.7247 1.7472, 2.3929 -1.7175 1.7338, 2.3929 -1.713 1.7155, 2.3929 -1.7125 1.7072, 2.3929 -1.7148 1.6887, 2.3929 -1.7214 1.6718, 2.3929 -1.7318 1.657, 2.3929 -1.7331 1.6557, 2.3929 -1.7471 1.6442, 2.3929 -1.7638 1.6365, 2.3929 -1.7809 1.6332, 2.3929 -1.8236 1.6332, 2.3929 -1.8255 1.6335, 2.3929 -1.8283 1.6341, 2.3929 -1.8293 1.6342, 2.3929 -1.8366 1.6332, 2.3929 -1.8431 1.6306, 2.3929 -1.8489 1.6265, 2.3929 -1.8529 1.6222, 2.3929 -1.8565 1.6157, 2.3929 -1.8584 1.6085, 2.3929 -1.8587 1.6047, 2.3929 -1.8578 1.5977, 2.3929 -1.8553 1.5912, 2.3929 -1.8511 1.5853, 2.3929 -1.8489 1.583, 2.3929 -1.8428 1.5787, 2.3929 -1.8365 1.5762, 2.3929 -1.8312 1.5753, 2.3929 -1.7752 1.5753, 2.3929 -1.7436 1.582, 2.3929 -1.7146 1.5962, 2.3929 -1.6888 1.618, 2.3929 -1.67 1.6443, 2.3929 -1.6581 1.6743, 2.3929 -2.0541 1.6436, 2.3929 -2.0476 1.6431, 2.3929 -2.0387 1.6403, 2.3929 -2.0309 1.6354, 2.3929 -2.0245 1.6288, 2.3929 -2.0201 1.6212, 2.3929 -2.0176 1.6125, 2.3929 -2.0173 1.6033, 2.3929 -2.0193 1.5942, 2.3929 -2.0235 1.5859, 2.3929 -2.0294 1.5791, 2.3929 -2.0367 1.574, 2.3929 -2.0449 1.5708, 2.3929 -2.0541 1.5696, 2.3929 -2.0557 1.5697, 2.3929 -2.0643 1.5711, 2.3929 -2.0728 1.5747, 2.3929 -2.0801 1.5803, 2.3929 -2.0853 1.5867, 2.3929 -2.0891 1.5946, 2.3929 -2.091 1.6034, 2.3929 -2.0906 1.6127, 2.3929 -2.088 1.6217, 2.3929 -2.0831 1.6296, 2.3929 -2.079 1.634, 2.3929 -2.0716 1.6393, 2.3929 -2.0633 1.6425
            ]
        }
        coordIndex [
            0,1,2,-1,3,4,5,-1,6,7,8,-1,9,10,11,-1,12,11,13,-1,13,11,14,-1,2,1,15,-1,16,17,18,-1,18,17,19,-1,18,19,20,-1,20,19,21,-1,20,21,5,-1,5,21,22,-1,5,22,3,-1,23,24,19,-1,19,24,25,-1,19,25,21,-1,21,25,26,-1,21,26,27,-1,28,9,29,-1,29,9,11,-1,29,11,30,-1,30,11,12,-1,31,32,33,-1,33,32,34,-1,33,34,35,-1,35,34,36,-1,35,36,37,-1,37,36,38,-1,6,8,39,-1,39,8,40,-1,39,40,41,-1,41,40,42,-1,41,42,43,-1,1,44,15,-1,15,44,45,-1,15,45,46,-1,46,45,47,-1,46,47,6,-1,6,47,48,-1,6,48,7,-1,27,49,21,-1,21,49,50,-1,21,50,51,-1,51,50,52,-1,51,52,53,-1,53,52,54,-1,53,54,55,-1,55,54,56,-1,55,56,57,-1,57,56,58,-1,57,58,59,-1,59,58,60,-1,59,60,29,-1,29,60,61,-1,29,61,28,-1,62,63,64,-1,64,63,65,-1,64,65,66,-1,66,65,67,-1,66,67,68,-1,68,67,69,-1,68,69,70,-1,70,69,71,-1,70,71,72,-1,36,73,38,-1,38,73,74,-1,38,74,75,-1,75,74,76,-1,75,76,77,-1,77,76,78,-1,77,78,79,-1,79,78,80,-1,79,80,81,-1,81,80,82,-1,81,82,83,-1,83,82,84,-1,83,84,62,-1,62,84,85,-1,62,85,63,-1,86,87,88,-1,88,87,89,-1,88,89,33,-1,33,89,90,-1,33,90,31,-1,91,92,93,-1,93,92,94,-1,93,94,95,-1,95,94,96,-1,95,96,97,-1,97,96,98,-1,97,98,99,-1,99,98,100,-1,99,100,14,-1,14,100,101,-1,14,101,13,-1,10,102,11,-1,11,102,103,-1,11,103,104,-1,104,103,105,-1,104,105,106,-1,106,105,107,-1,106,107,108,-1,108,107,109,-1,108,109,110,-1,110,109,111,-1,110,111,112,-1,112,111,113,-1,112,113,114,-1,114,113,115,-1,114,115,116,-1,116,115,117,-1,116,117,118,-1,118,117,119,-1,118,119,19,-1,19,119,120,-1,19,120,23,-1,43,42,121,-1,121,42,122,-1,121,122,123,-1,123,122,124,-1,123,124,125,-1,125,124,126,-1,125,126,127,-1,127,126,128,-1,127,128,86,-1,86,128,129,-1,86,129,87,-1,2,130,0,-1,0,130,131,-1,0,131,132,-1,132,131,133,-1,132,133,134,-1,134,133,135,-1,134,135,91,-1,91,135,136,-1,91,136,92,-1,137,138,139,-1,71,140,72,-1,72,140,137,-1,72,137,141,-1,141,137,139,-1,142,143,137,-1,137,143,144,-1,137,144,138,-1,145,146,147,-1,146,148,147,-1,147,148,149,-1,147,149,150,-1,142,137,147,-1,147,137,151,-1,147,151,145,-1,79,152,153,-1,79,153,77,-1,77,153,154,-1,77,154,75,-1,154,155,75,-1,75,155,156,-1,75,156,38,-1,38,156,157,-1,38,157,37,-1,37,157,158,-1,37,158,35,-1,35,158,159,-1,35,159,33,-1,33,159,160,-1,33,160,88,-1,88,160,161,-1,88,161,86,-1,127,86,162,-1,162,86,161,-1,162,163,127,-1,127,163,164,-1,127,164,125,-1,125,164,165,-1,125,165,123,-1,123,165,166,-1,123,166,121,-1,121,166,167,-1,121,167,43,-1,43,167,41,-1,41,167,168,-1,41,168,169,-1,41,169,170,-1,41,170,39,-1,39,170,171,-1,39,171,6,-1,6,171,172,-1,6,172,46,-1,46,172,173,-1,46,173,15,-1,15,173,174,-1,15,174,2,-1,2,174,175,-1,2,175,130,-1,130,175,176,-1,130,176,131,-1,131,176,177,-1,131,177,133,-1,178,94,92,-1,133,177,179,-1,133,179,135,-1,135,179,180,-1,135,180,136,-1,136,180,181,-1,136,181,92,-1,92,181,182,-1,92,182,178,-1,94,178,183,-1,94,183,96,-1,96,183,184,-1,96,184,98,-1,98,184,185,-1,98,185,100,-1,100,185,186,-1,100,186,101,-1,101,186,187,-1,101,187,13,-1,13,187,188,-1,13,188,12,-1,12,188,189,-1,12,189,30,-1,189,190,30,-1,30,190,191,-1,30,191,29,-1,29,191,192,-1,29,192,59,-1,59,192,193,-1,59,193,57,-1,193,194,57,-1,57,194,195,-1,57,195,55,-1,55,195,196,-1,55,196,53,-1,197,20,5,-1,53,196,198,-1,199,21,198,-1,198,21,51,-1,198,51,53,-1,199,200,21,-1,21,200,201,-1,21,201,22,-1,22,201,202,-1,22,202,3,-1,3,202,203,-1,3,203,4,-1,4,203,204,-1,4,204,5,-1,5,204,205,-1,5,205,197,-1,18,20,206,-1,206,20,197,-1,16,18,207,-1,207,18,206,-1,17,16,208,-1,208,16,207,-1,19,17,209,-1,209,17,208,-1,19,209,210,-1,19,210,118,-1,118,210,211,-1,118,211,116,-1,116,211,212,-1,116,212,114,-1,114,212,213,-1,114,213,112,-1,112,213,214,-1,112,214,110,-1,110,214,215,-1,110,215,108,-1,108,215,216,-1,108,216,106,-1,106,216,217,-1,106,217,104,-1,104,217,218,-1,104,218,11,-1,11,218,219,-1,11,219,14,-1,14,219,220,-1,14,220,99,-1,99,220,221,-1,99,221,97,-1,97,221,222,-1,97,222,95,-1,95,222,223,-1,95,223,93,-1,93,223,91,-1,91,223,224,-1,224,225,91,-1,91,225,226,-1,91,226,134,-1,134,226,227,-1,134,227,132,-1,132,227,228,-1,132,228,0,-1,0,228,229,-1,0,229,1,-1,1,229,230,-1,1,230,44,-1,44,230,231,-1,44,231,45,-1,45,231,232,-1,45,232,47,-1,47,232,233,-1,47,233,48,-1,48,233,234,-1,48,234,7,-1,7,234,235,-1,7,235,8,-1,8,235,236,-1,8,236,40,-1,40,236,237,-1,40,237,42,-1,42,237,238,-1,42,238,122,-1,122,238,239,-1,122,239,124,-1,124,239,240,-1,124,240,126,-1,126,240,241,-1,126,241,128,-1,128,241,242,-1,128,242,129,-1,129,242,243,-1,129,243,87,-1,87,243,244,-1,87,244,89,-1,89,244,245,-1,89,245,90,-1,90,245,246,-1,90,246,31,-1,32,31,247,-1,247,31,246,-1,32,247,248,-1,32,248,34,-1,34,248,249,-1,34,249,36,-1,36,249,250,-1,36,250,73,-1,73,250,251,-1,73,251,74,-1,74,251,252,-1,74,252,76,-1,252,253,76,-1,76,253,254,-1,76,254,78,-1,78,254,255,-1,78,255,80,-1,80,255,256,-1,80,256,82,-1,82,256,257,-1,82,257,84,-1,84,257,258,-1,84,258,85,-1,85,258,259,-1,85,259,63,-1,63,259,260,-1,63,260,65,-1,65,260,261,-1,65,261,67,-1,67,261,262,-1,67,262,69,-1,71,69,263,-1,263,69,262,-1,71,263,264,-1,71,264,140,-1,140,264,265,-1,140,265,137,-1,137,265,266,-1,137,266,151,-1,151,266,267,-1,151,267,145,-1,145,267,268,-1,145,268,146,-1,146,268,269,-1,146,269,148,-1,148,269,270,-1,148,270,149,-1,149,270,271,-1,149,271,150,-1,150,271,272,-1,150,272,147,-1,147,272,273,-1,147,273,142,-1,142,273,274,-1,142,274,143,-1,143,274,275,-1,143,275,144,-1,144,275,276,-1,144,276,138,-1,138,276,277,-1,138,277,139,-1,139,277,278,-1,139,278,141,-1,141,278,279,-1,141,279,72,-1,72,279,280,-1,72,280,70,-1,68,70,281,-1,281,70,280,-1,68,281,282,-1,68,282,66,-1,66,282,283,-1,66,283,64,-1,64,283,284,-1,64,284,62,-1,62,284,285,-1,62,285,83,-1,83,285,286,-1,83,286,81,-1,81,286,152,-1,81,152,79,-1,113,287,288,-1,113,288,115,-1,115,288,289,-1,115,289,117,-1,117,289,290,-1,117,290,119,-1,119,290,291,-1,119,291,120,-1,120,291,292,-1,120,292,23,-1,23,292,293,-1,23,293,24,-1,24,293,294,-1,24,294,25,-1,25,294,295,-1,25,295,26,-1,26,295,296,-1,26,296,27,-1,27,296,297,-1,27,297,49,-1,49,297,298,-1,49,298,50,-1,50,298,299,-1,50,299,52,-1,52,299,300,-1,52,300,54,-1,54,300,301,-1,54,301,56,-1,56,301,302,-1,56,302,58,-1,58,302,303,-1,58,303,60,-1,60,303,304,-1,60,304,61,-1,61,304,305,-1,61,305,28,-1,28,305,306,-1,28,306,9,-1,9,306,307,-1,9,307,10,-1,10,307,308,-1,10,308,102,-1,102,308,309,-1,102,309,103,-1,103,309,310,-1,103,310,105,-1,105,310,311,-1,105,311,107,-1,107,311,312,-1,107,312,109,-1,109,312,313,-1,109,313,111,-1,111,313,287,-1,111,287,113,-1,
        ]
    }
}
Shape{
    appearance Appearance {
        material  Material 	{
            diffuseColor 0.25098039215686274 0.25098039215686274 0.25098039215686274
            specularColor 0.12549019607843137 0.12549019607843137 0.12549019607843137
            ambientIntensity 0.251
            transparency 0.0
            shininess 0.5
        }
    }
    geometry IndexedFaceSet {
        ccw TRUE
        solid FALSE
        coord DEF co Coordinate {
            point [
                2.3929 -2.0557 1.5697, 2.3929 -2.079 1.634, 2.3929 -2.0831 1.6296, 2.3929 -2.0541 1.6436, 2.3929 -2.0633 1.6425, 2.3929 -2.0716 1.6393, 2.3929 -2.0891 1.5946, 2.3929 -2.0853 1.5867, 2.3929 -2.0801 1.5803, 2.3929 -2.0476 1.6431, 2.3929 -2.0541 1.5696, 2.3929 -2.0449 1.5708, 2.3929 -2.0235 1.5859, 2.3929 -2.0201 1.6212, 2.3929 -2.0294 1.5791, 2.3929 -2.0245 1.6288, 2.3929 -2.0309 1.6354, 2.3929 -2.0367 1.574, 2.3929 -2.0387 1.6403, 2.3929 -2.088 1.6217, 2.3929 -2.0906 1.6127, 2.3929 -2.091 1.6034, 2.3929 -2.0728 1.5747, 2.3929 -2.0643 1.5711, 2.3929 -2.0193 1.5942, 2.3929 -2.0173 1.6033, 2.3929 -2.0176 1.6125
            ]
        }
        coordIndex [
            0,1,2,-1,3,4,0,-1,0,4,5,-1,0,5,1,-1,6,7,2,-1,2,7,8,-1,3,0,9,-1,9,0,10,-1,9,10,11,-1,12,13,14,-1,14,13,15,-1,14,15,16,-1,11,17,9,-1,9,17,14,-1,9,14,18,-1,18,14,16,-1,19,20,2,-1,2,20,21,-1,2,21,6,-1,8,22,2,-1,2,22,23,-1,2,23,0,-1,24,25,12,-1,12,25,26,-1,12,26,13,-1,
        ]
    }
}