#VRML V2.0 utf8
# 3D model generated by easyeda2kicad.py (https://github.com/uPesy/easyeda2kicad.py)

Shape{
    appearance Appearance {
        material  Material 	{
            diffuseColor 0.7019607843137254 0.6549019607843137 0.09411764705882353
            specularColor 0.050980392156862744 0.047058823529411764 0.00784313725490196
            ambientIntensity 0.8648
            transparency 0.0
            shininess 0.5
        }
    }
    geometry IndexedFaceSet {
        ccw TRUE
        solid FALSE
        coord DEF co Coordinate {
            point [
                -0.0699 7.4422 4.0158, -0.0699 7.3215 4.0158, -0.0157 7.3215 4.0158, 0.1438 7.0891 4.0158, 0.1405 7.0888 4.0158, 0.1735 7.0888 4.0158, 0.041 7.4423 4.0158, 0.0495 7.4433 4.0158, -0.004 7.4433 4.0158, 0.1735 7.3673 4.0158, 0.1367 7.3673 4.0158, 0.1735 7.3215 4.0158, 0.1367 7.3215 4.0158, 0.2052 7.4433 4.0158, 0.1735 7.4433 4.0158, 0.1893 7.4422 4.0158, 0.1735 7.4422 4.0158, 0.1893 7.4265 4.0158, 0.1924 7.3215 4.0158, 0.2052 7.3048 4.0158, 0.1924 7.306 4.0158, 0.1735 7.3048 4.0158, 0.1854 7.3673 4.0158, 0.1854 7.3829 4.0158, 0.1735 7.3829 4.0158, 0.1735 7.4265 4.0158, 0.1367 7.4265 4.0158, 0.1367 7.3829 4.0158, 0.1191 7.4422 4.0158, 0.1112 7.4433 4.0158, 0.1191 7.306 4.0158, 0.369 7.3432 4.0158, 0.3559 7.306 4.0158, 0.3758 7.3048 4.0158, 0.3327 7.3048 4.0158, 0.3365 7.306 4.0158, 0.3327 7.4433 4.0158, 0.3758 7.409 4.0158, 0.3758 7.4433 4.0158, 0.459 7.306 4.0158, 0.4396 7.306 4.0158, 0.3758 7.3432 4.0158, 0.4257 7.3432 4.0158, 3.7008 7.3048 4.0158, 3.7008 7.4433 4.0158, 0.4072 7.4422 4.0158, 0.3884 7.4422 4.0158, 0.0919 7.3285 4.0158, 0.0919 7.3116 4.0158, 0.1112 7.3048 4.0158, 0.0736 7.4433 4.0158, 0.0785 7.4429 4.0158, 0.0919 7.4389 4.0158, 0.0919 7.4205 4.0158, 0.0567 7.3193 4.0158, 0.0624 7.3195 4.0158, 0.0901 7.3107 4.0158, 0.0757 7.3058 4.0158, 0.0657 7.3048 4.0158, 0.1735 7.306 4.0158, 0.0779 7.3223 4.0158, 0.0215 7.4122 4.0158, 0.015 7.4026 4.0158, 0.0105 7.3908 4.0158, 0.077 7.4265 4.0158, 0.0598 7.4286 4.0158, 0.0537 7.4283 4.0158, 0.042 7.4259 4.0158, 0.0083 7.3725 4.0158, 0.0084 7.3713 4.0158, 0.0105 7.3545 4.0158, 0.025 7.3304 4.0158, 0.0341 7.3243 4.0158, 0.044 7.3207 4.0158, 0.0314 7.4208 4.0158, 0.0227 7.4135 4.0158, 0.0148 7.3434 4.0158, 0.0217 7.3337 4.0158, -0.004 7.8347 4.0158, 0.0596 7.4444 4.0158, 0.1112 7.8347 4.0158, 0.0608 7.4444 4.0158, -0.0005 7.4112 4.0158, 0.0096 7.4244 4.0158, 0.0133 7.4279 4.0158, 0.0266 7.437 4.0158, -0.0122 7.4433 4.0158, -0.0069 7.396 4.0158, -0.004 7.4028 4.0158, -0.004 7.3404 4.0158, -0.008 7.3515 4.0158, -0.0122 7.3048 4.0158, -0.0101 7.3715 4.0158, -0.0099 7.3781 4.0158, 0.0304 7.3074 4.0158, 0.0177 7.3136 4.0158, -0.004 7.3048 4.0158, 0.0074 7.3223 4.0158, 0.005 7.3249 4.0158, -0.0028 7.3368 4.0158, 0.042 7.3048 4.0158, -0.004 7.2649 4.0158, 0.045 7.3042 4.0158, 0.0542 7.3037 4.0158, 0.1112 7.2649 4.0158, 0.3255 7.3518 4.0158, 0.3189 7.3376 4.0158, 0.3084 7.325 4.0158, 0.2805 7.4433 4.0158, 0.2805 7.4389 4.0158, 0.2943 7.4338 4.0158, 0.2805 7.3097 4.0158, 0.2805 7.3048 4.0158, 0.292 7.3137 4.0158, 0.3054 7.3224 4.0158, 0.3084 7.4241 4.0158, 0.3136 7.419 4.0158, 0.3219 7.4071 4.0158, 0.3268 7.394 4.0158, 0.329 7.3758 4.0158, 0.3286 7.3679 4.0158, 0.2569 7.4422 4.0158, 0.2778 7.4398 4.0158, 0.2759 7.3081 4.0158, 0.2555 7.306 4.0158, 0.2181 7.306 4.0158, 0.2181 7.4422 4.0158, 0.0486 7.0911 4.0158, 0.0422 7.0888 4.0158, 0.0632 7.0899 4.0158, 0.009 7.1364 4.0158, 0.0116 7.1638 4.0158, 0.0056 7.1315 4.0158, 0.0032 7.1255 4.0158, 0.0547 7.0951 4.0158, 0.0227 7.0888 4.0158, 0.0162 7.0913 4.0158, -0.004 7.0888 4.0158, 0.005 7.1025 4.0158, 0.0029 7.1082 4.0158, 0.0116 7.1804 4.0158, 0.0151 7.1824 4.0158, 0.0625 7.1863 4.0158, 0.1062 7.1725 4.0158, 0.1093 7.1771 4.0158, 0.0143 7.1409 4.0158, 0.0216 7.1446 4.0158, 0.0225 7.1708 4.0158, 0.0344 7.1477 4.0158, 0.0493 7.175 4.0158, 0.0435 7.1756 4.0158, 0.0332 7.1745 4.0158, 0.0104 7.0953 4.0158, 0.0085 7.0972 4.0158, 0.0632 7.105 4.0158, 0.0627 7.105 4.0158, 0.0601 7.1009 4.0158, 0.0277 7.1873 4.0158, 0.0451 7.1894 4.0158, 0.0554 7.1885 4.0158, 0.0021 7.116 4.0158, 0.0021 7.1182 4.0158, 0.0682 7.1831 4.0158, 0.0728 7.1787 4.0158, 0.1041 7.167 4.0158, 0.0762 7.1732 4.0158, 0.0789 7.1654 4.0158, 0.0632 7.1518 4.0158, 0.0626 7.1593 4.0158, 0.0608 7.1654 4.0158, 0.0588 7.1689 4.0158, 0.1111 7.1426 4.0158, 0.1033 7.111 4.0158, 0.1112 7.1425 4.0158, 0.11 7.1068 4.0158, 0.1112 7.1064 4.0158, 0.1083 7.1456 4.0158, 0.1061 7.1491 4.0158, 0.0802 7.1525 4.0158, 0.1042 7.1543 4.0158, 0.1035 7.1609 4.0158, 0.0562 7.1716 4.0158, 0.0532 7.1736 4.0158, 0.0417 7.0886 4.0158, 0.1112 7.0348 4.0158, -0.004 7.0348 4.0158, 0.0329 7.0876 4.0158, 0.023 7.0888 4.0158, 0.2536 7.1872 4.0158, 0.2713 7.1872 4.0158, 0.2805 7.2649 4.0158, 0.2224 7.1141 4.0158, 0.2245 7.1061 4.0158, 0.2249 7.1061 4.0158, 0.2052 7.2649 4.0158, 0.2052 7.1635 4.0158, 0.227 7.114 4.0158, 0.2257 7.1094 4.0158, 0.1779 7.1872 4.0158, 0.1735 7.2649 4.0158, 0.2052 7.1177 4.0158, 0.197 7.1872 4.0158, 0.2052 7.0888 4.0158, 0.2155 7.0888 4.0158, 0.2161 7.0901 4.0158, 0.2052 7.0663 4.0158, 0.2052 7.0663 4.0158, 0.2086 7.0725 4.0158, 0.1735 7.0348 4.0158, 0.1814 7.0455 4.0158, 0.1814 7.0607 4.0158, 0.1911 7.0587 4.0158, 0.1952 7.0592 4.0158, 0.2052 7.0472 4.0158, 0.1993 7.0449 4.0158, 0.2052 7.0348 4.0158, 0.1924 7.0441 4.0158, 0.1887 7.0443 4.0158, 0.1989 7.0606 4.0158, 0.2021 7.0628 4.0158, 0.2271 7.0752 4.0158, 0.2194 7.0602 4.0158, 0.2805 7.0348 4.0158, 0.2325 7.0888 4.0158, 0.2132 7.0527 4.0158, 0.212 7.0516 4.0158, 0.2061 7.0475 4.0158, 0.1633 7.1325 4.0158, 0.1665 7.1278 4.0158, 0.1644 7.1685 4.0158, 0.1144 7.1817 4.0158, 0.1194 7.1847 4.0158, 0.1661 7.1041 4.0158, 0.163 7.0996 4.0158, 0.1112 7.1789 4.0158, 0.1683 7.1227 4.0158, 0.169 7.1164 4.0158, 0.1682 7.1095 4.0158, 0.1288 7.1881 4.0158, 0.1413 7.1894 4.0158, 0.1644 7.1851 4.0158, 0.1507 7.1888 4.0158, 0.1581 7.0954 4.0158, 0.1531 7.0924 4.0158, 0.1397 7.1756 4.0158, 0.1346 7.1752 4.0158, 0.121 7.1625 4.0158, 0.13 7.174 4.0158, 0.1262 7.1719 4.0158, 0.1212 7.1602 4.0158, 0.1219 7.1576 4.0158, 0.1231 7.1553 4.0158, 0.1248 7.1534 4.0158, 0.1308 7.1497 4.0158, 0.1509 7.1743 4.0158, 0.1413 7.1451 4.0158, 0.1605 7.1708 4.0158, 0.1479 7.1424 4.0158, 0.1593 7.1361 4.0158, 0.1236 7.1697 4.0158, 0.1222 7.1675 4.0158, 0.1213 7.1652 4.0158, 0.1207 7.1028 4.0158, 0.1293 7.1327 4.0158, 0.1191 7.1373 4.0158, 0.1314 7.1016 4.0158, 0.1322 7.1016 4.0158, 0.1405 7.128 4.0158, 0.1409 7.1025 4.0158, 0.1515 7.1147 4.0158, 0.1514 7.1168 4.0158, 0.1453 7.1042 4.0158, 0.1469 7.1051 4.0158, 0.1488 7.1068 4.0158, 0.1503 7.109 4.0158, 0.1512 7.1115 4.0158, 0.1506 7.1195 4.0158, 0.1493 7.1218 4.0158, 0.1471 7.124 4.0158, 0.1033 7.0933 4.0158, 0.0802 7.0899 4.0158, 0.1112 7.0906 4.0158, 0.1112 7.0888 4.0158, 0.1156 7.0891 4.0158, 0.1185 7.0888 4.0158, 0.1297 7.0876 4.0158, 0.1849 7.0595 4.0158, -0.2614 7.336 4.0158, -0.2352 7.3139 4.0158, -0.1433 7.4433 4.0158, -0.3903 7.4574 4.0158, -0.3694 7.4433 4.0158, -0.3472 7.4283 4.0158, -0.3152 7.3913 4.0158, -0.2949 7.3519 4.0158, -0.2903 7.3503 4.0158, -0.5268 7.4728 4.0158, -0.4788 7.4787 4.0158, -0.1433 7.8347 4.0158, -0.4389 7.4745 4.0158, -0.5714 7.4556 4.0158, -2.2588 7.8347 4.0158, -0.5912 7.4433 4.0158, -2.2588 7.4433 4.0158, -0.595 7.4409 4.0158, -0.6981 7.3955 4.0158, -0.6599 7.4003 4.0158, -0.6178 7.4214 4.0158, -0.6488 7.3997 4.0158, -0.6376 7.3983 4.0158, -0.7712 7.3538 4.0158, -0.7648 7.3599 4.0158, -0.734 7.3816 4.0158, -2.2588 7.3048 4.0158, -2.2588 7.2649 4.0158, -0.8143 7.2649 4.0158, -0.81 7.289 4.0158, -0.803 7.3048 4.0158, -0.7946 7.3238 4.0158, -0.711 7.0951 4.0158, -0.7459 7.1122 4.0158, -2.2588 7.0888 4.0158, -0.7761 7.1379 4.0158, -0.7981 7.1693 4.0158, -0.812 7.2054 4.0158, -0.8168 7.2434 4.0158, -0.8165 7.2526 4.0158, -0.6986 7.0914 4.0158, -0.6975 7.0888 4.0158, -0.6906 7.0735 4.0158, -0.6769 7.0553 4.0158, -0.6066 7.0256 4.0158, -2.2588 -0.2756 4.0158, -0.5831 7.0285 4.0158, -0.1433 -0.2756 4.0158, -0.5666 7.0348 4.0158, -0.6139 7.0258 4.0158, -0.6366 7.0302 4.0158, -2.2588 7.0348 4.0158, -0.6466 7.0348 4.0158, -0.6585 7.0403 4.0158, -0.516 7.0888 4.0158, -0.5161 7.0881 4.0158, -0.1433 7.0348 4.0158, -0.5277 7.0665 4.0158, -0.5422 7.0502 4.0158, -0.5615 7.0368 4.0158, -0.3923 7.1459 4.0158, -0.3856 7.1485 4.0158, -0.3743 7.2037 4.0158, -0.2348 7.133 4.0158, -0.2611 7.1108 4.0158, -0.1433 7.0888 4.0158, -0.534 7.1873 4.0158, -0.4043 7.255 4.0158, -0.5484 7.2008 4.0158, -0.5684 7.2124 4.0158, -0.3982 7.1417 4.0158, -0.2156 7.1599 4.0158, -0.2067 7.2649 4.0158, -0.2035 7.2568 4.0158, -0.1433 7.2649 4.0158, -0.199 7.225 4.0158, -0.2034 7.1906 4.0158, -0.3781 7.1495 4.0158, -0.3772 7.1494 4.0158, -0.3743 7.1488 4.0158, -0.7475 7.2064 4.0158, -0.7362 7.1872 4.0158, -0.687 7.177 4.0158, -0.7188 7.1693 4.0158, -0.6977 7.1563 4.0158, -0.6513 7.2091 4.0158, -0.7533 7.2649 4.0158, -0.6711 7.1953 4.0158, -0.7558 7.2453 4.0158, -0.7545 7.2301 4.0158, -0.6299 7.2173 4.0158, -0.6066 7.2202 4.0158, -0.5915 7.219 4.0158, -0.4082 7.1195 4.0158, -0.4079 7.1233 4.0158, -0.5098 7.1321 4.0158, -0.406 7.1307 4.0158, -0.4022 7.1373 4.0158, -0.3855 7.0903 4.0158, -0.3919 7.0929 4.0158, -0.3982 7.0973 4.0158, -0.4005 7.0996 4.0158, -0.4047 7.1057 4.0158, -0.4072 7.1123 4.0158, -0.5104 7.1119 4.0158, -0.5098 7.1224 4.0158, -0.2779 7.1738 4.0158, -0.2675 7.1891 4.0158, -0.2611 7.2064 4.0158, -0.259 7.224 4.0158, -0.2594 7.2315 4.0158, -0.2907 7.0963 4.0158, -0.323 7.0895 4.0158, -0.3801 7.0895 4.0158, -0.3723 7.1485 4.0158, -0.3288 7.1485 4.0158, -0.3151 7.1508 4.0158, -0.2976 7.1578 4.0158, -0.2827 7.1688 4.0158, -0.3346 7.2996 4.0158, -0.3423 7.2996 4.0158, -0.2714 7.2649 4.0158, -0.3172 7.2975 4.0158, -0.2637 7.2502 4.0158, -0.7528 7.2689 4.0158, -0.7445 7.2905 4.0158, -0.2725 7.2671 4.0158, -0.2851 7.281 4.0158, -0.3002 7.2913 4.0158, -0.3634 7.3581 4.0158, -0.3853 7.3841 4.0158, -0.6076 7.3276 4.0158, -0.3874 7.386 4.0158, -0.4146 7.4049 4.0158, -0.5928 7.3583 4.0158, -0.7345 7.3048 4.0158, -0.6141 7.3312 4.0158, -0.3435 7.3048 4.0158, -0.3484 7.3269 4.0158, -0.6358 7.3393 4.0158, -0.6589 7.3422 4.0158, -0.6694 7.3416 4.0158, -0.571 7.3843 4.0158, -0.4449 7.4165 4.0158, -0.5452 7.4031 4.0158, -0.4779 7.4206 4.0158, -0.5136 7.416 4.0158, -0.6933 7.3358 4.0158, -0.7148 7.3243 4.0158, -0.7311 7.3098 4.0158, -0.2154 7.2863 4.0158, -0.1433 7.3048 4.0158, -0.2287 7.3048 4.0158, 0.3327 7.1513 4.0158, 0.3072 7.1513 4.0158, 0.3327 7.1055 4.0158, 0.3072 7.1055 4.0158, 0.3598 7.2261 4.0158, 0.3598 7.2104 4.0158, 0.3758 7.2649 4.0158, 0.3629 7.1055 4.0158, 0.3758 7.0888 4.0158, 0.3629 7.0899 4.0158, 0.3327 7.0888 4.0158, 0.3559 7.1513 4.0158, 0.3559 7.1669 4.0158, 0.3327 7.1669 4.0158, 0.3327 7.2104 4.0158, 0.3072 7.2104 4.0158, 0.3072 7.1669 4.0158, 0.3327 7.0899 4.0158, 0.2897 7.0899 4.0158, 0.2805 7.0888 4.0158, 0.2897 7.2261 4.0158, 0.3327 7.2261 4.0158, 0.3327 7.2649 4.0158, 0.1735 7.8347 4.0158, 0.2052 7.8347 4.0158, 0.2805 7.8347 4.0158, 0.3327 7.8347 4.0158, 0.3758 7.8347 4.0158, 3.7008 7.8347 4.0158, -0.0122 7.8347 4.0158, -0.0875 7.306 4.0158, -0.0875 7.4422 4.0158, -0.0157 7.306 4.0158, -0.0122 7.2649 4.0158, 0.5265 7.0899 4.0158, 0.5071 7.0899 4.0158, 0.6102 7.0899 4.0158, 0.5963 7.1272 4.0158, 0.5396 7.1272 4.0158, 0.6296 7.0899 4.0158, 3.7008 7.0888 4.0158, 0.5777 7.2261 4.0158, 3.7008 7.2649 4.0158, 0.4974 7.1779 4.0158, 0.4995 7.1598 4.0158, 0.5589 7.2261 4.0158, 0.4992 7.1518 4.0158, 0.496 7.1358 4.0158, 0.4894 7.1216 4.0158, 0.479 7.109 4.0158, 0.4759 7.1064 4.0158, 0.4625 7.0977 4.0158, 0.3886 7.2261 4.0158, 0.3886 7.0899 4.0158, 0.4261 7.0899 4.0158, 0.4464 7.0921 4.0158, 0.479 7.2081 4.0158, 0.4841 7.203 4.0158, 0.4925 7.191 4.0158, 0.4275 7.2261 4.0158, 0.4484 7.2238 4.0158, 0.4648 7.2178 4.0158, -0.0122 7.0888 4.0158, -0.0875 7.0899 4.0158, -0.0142 7.0899 4.0158, -0.0142 7.1055 4.0158, -0.0173 7.2104 4.0158, -0.0875 7.2261 4.0158, -0.0173 7.2261 4.0158, -0.0699 7.1513 4.0158, -0.0699 7.1055 4.0158, -0.0212 7.1513 4.0158, -0.0212 7.1669 4.0158, -0.0699 7.1669 4.0158, -0.0699 7.2104 4.0158, 0.3327 7.0348 4.0158, 0.3758 7.0348 4.0158, 3.7008 7.0348 4.0158, -0.0122 7.0348 4.0158, -0.0122 -0.2756 4.0158, -0.004 -0.2756 4.0158, 0.1112 -0.2756 4.0158, 0.1735 -0.2756 4.0158, 0.2052 -0.2756 4.0158, 0.2805 -0.2756 4.0158, 0.3327 -0.2756 4.0158, 0.3758 -0.2756 4.0158, 3.7008 -0.2756 4.0158, -3.7008 7.8347 4.0158, -3.7008 7.4433 4.0158, -3.7008 7.3048 4.0158, -3.7008 7.2649 4.0158, -3.7008 7.0888 4.0158, -3.7008 7.0348 4.0158, -3.7008 -0.2756 4.0158, 4.0945 -0.2756 0.0, 3.8386 1.5788 0.0, 3.8386 2.13 0.0, 3.6024 2.13 0.0, -4.0945 7.8347 0.0, 4.0945 7.8347 0.0, 3.6024 1.5788 0.0, -1.8012 -2.4431 0.0, -1.6585 -2.3336 0.0, -1.6585 -1.3592 0.0, -1.8012 -1.2497 0.0, -3.6024 1.5788 0.0, -1.9673 -1.1809 0.0, -1.549 -2.1909 0.0, -1.4802 -2.0247 0.0, -1.4567 -1.8464 0.0, -2.4902 -2.4431 0.0, -2.7967 -2.8346 0.0, -2.6328 -2.3336 0.0, -2.8979 -2.8214 0.0, -1.4802 -1.6681 0.0, -1.549 -1.5019 0.0, -2.324 -2.5119 0.0, -2.1457 -2.5354 0.0, -1.9673 -2.5119 0.0, 2.324 -1.1809 0.0, 2.1457 -1.1574 0.0, -3.8386 1.5788 0.0, -4.0945 -0.2756 0.0, -3.8386 2.13 0.0, -3.6024 2.13 0.0, 1.549 -1.5019 0.0, 1.4802 -1.6681 0.0, 1.4567 -1.8464 0.0, 1.4802 -2.0247 0.0, 1.549 -2.1909 0.0, 1.6585 -2.3336 0.0, 2.1457 -2.5354 0.0, 2.7967 -2.8346 0.0, 1.9673 -2.5119 0.0, 1.8012 -2.4431 0.0, 3.0735 -2.7209 0.0, 2.6328 -2.3336 0.0, 3.374 -2.3818 0.0, 2.7423 -2.1909 0.0, 3.6273 -2.0062 0.0, 1.9673 -1.1809 0.0, 1.8012 -1.2497 0.0, 1.6585 -1.3592 0.0, -2.9922 -2.7826 0.0, -3.0735 -2.7209 0.0, -2.7423 -2.1909 0.0, -3.374 -2.3818 0.0, -2.8112 -2.0247 0.0, -3.6273 -2.0062 0.0, -2.8346 -1.8464 0.0, -3.829 -1.6005 0.0, -2.8112 -1.6681 0.0, -3.9756 -1.1718 0.0, -2.7423 -1.5019 0.0, -4.0646 -0.7276 0.0, -2.6328 -1.3592 0.0, -2.4902 -1.2497 0.0, -2.324 -1.1809 0.0, -2.1457 -1.1574 0.0, 2.324 -2.5119 0.0, 2.4902 -2.4431 0.0, 2.8979 -2.8214 0.0, 2.9922 -2.7826 0.0, 2.8112 -2.0247 0.0, 2.8346 -1.8464 0.0, 3.829 -1.6005 0.0, 2.8112 -1.6681 0.0, 2.4902 -1.2497 0.0, 2.6328 -1.3592 0.0, 2.7423 -1.5019 0.0, 4.0646 -0.7276 0.0, 3.9756 -1.1718 0.0
            ]
        }
        coordIndex [
            0,1,2,-1,3,4,5,-1,6,7,8,-1,9,10,11,-1,11,10,12,-1,13,14,15,-1,15,14,16,-1,15,17,13,-1,13,17,18,-1,13,18,19,-1,19,18,20,-1,19,20,21,-1,9,11,22,-1,22,11,18,-1,22,18,23,-1,23,18,17,-1,23,17,24,-1,17,25,24,-1,24,25,26,-1,24,26,27,-1,16,14,28,-1,28,14,29,-1,28,29,30,-1,31,32,33,-1,33,32,34,-1,34,32,35,-1,34,35,36,-1,36,35,37,-1,36,37,38,-1,39,40,33,-1,31,33,41,-1,41,33,40,-1,41,40,42,-1,43,44,45,-1,45,44,38,-1,45,38,46,-1,46,38,37,-1,47,48,49,-1,50,51,29,-1,29,51,52,-1,29,52,53,-1,54,55,53,-1,48,56,49,-1,49,56,57,-1,49,57,58,-1,20,59,21,-1,21,59,30,-1,21,30,49,-1,49,30,29,-1,49,29,47,-1,47,29,53,-1,47,53,60,-1,60,53,55,-1,61,62,53,-1,53,62,63,-1,64,65,53,-1,53,65,66,-1,53,66,67,-1,63,68,53,-1,53,68,69,-1,53,69,70,-1,71,72,53,-1,53,72,73,-1,53,73,54,-1,67,74,53,-1,53,74,75,-1,53,75,61,-1,70,76,53,-1,53,76,77,-1,53,77,71,-1,78,79,80,-1,80,79,81,-1,80,81,50,-1,8,82,83,-1,83,84,8,-1,8,84,85,-1,8,85,6,-1,86,87,8,-1,8,87,88,-1,8,88,82,-1,89,90,91,-1,91,90,92,-1,91,92,86,-1,86,92,93,-1,86,93,87,-1,94,95,96,-1,95,97,96,-1,96,97,98,-1,96,98,99,-1,94,96,100,-1,100,96,101,-1,100,101,102,-1,102,101,103,-1,103,101,104,-1,103,104,58,-1,105,106,34,-1,34,106,107,-1,108,109,36,-1,36,109,110,-1,111,112,113,-1,113,112,34,-1,113,34,114,-1,114,34,107,-1,110,115,36,-1,36,115,116,-1,36,116,117,-1,117,118,36,-1,36,118,119,-1,36,119,34,-1,34,119,120,-1,34,120,105,-1,13,121,108,-1,108,121,122,-1,108,122,109,-1,111,123,112,-1,112,123,124,-1,112,124,19,-1,19,124,125,-1,19,125,13,-1,13,125,126,-1,13,126,121,-1,127,128,129,-1,130,131,132,-1,132,131,133,-1,127,129,134,-1,135,136,137,-1,137,138,139,-1,101,140,141,-1,142,143,144,-1,130,145,131,-1,131,145,146,-1,131,146,147,-1,147,146,148,-1,149,150,148,-1,148,150,151,-1,148,151,147,-1,136,152,137,-1,137,152,153,-1,137,153,138,-1,154,155,129,-1,129,155,156,-1,129,156,134,-1,141,157,101,-1,101,157,158,-1,101,158,159,-1,139,160,137,-1,137,160,161,-1,137,161,101,-1,101,161,133,-1,101,133,140,-1,140,133,131,-1,142,162,143,-1,143,162,163,-1,143,163,164,-1,164,163,165,-1,164,165,166,-1,167,168,148,-1,148,168,169,-1,148,169,170,-1,171,172,173,-1,173,172,174,-1,173,174,175,-1,176,177,178,-1,178,177,179,-1,178,179,166,-1,166,179,180,-1,166,180,164,-1,170,181,148,-1,148,181,182,-1,148,182,149,-1,128,183,184,-1,184,183,185,-1,185,183,186,-1,185,186,187,-1,188,189,190,-1,191,192,193,-1,190,194,188,-1,188,194,195,-1,188,195,196,-1,196,195,191,-1,196,191,197,-1,197,191,193,-1,198,199,5,-1,198,5,200,-1,199,198,194,-1,194,198,201,-1,194,201,195,-1,5,202,200,-1,200,202,203,-1,200,203,204,-1,205,206,202,-1,202,206,207,-1,202,207,203,-1,208,209,210,-1,202,211,212,-1,213,214,215,-1,215,214,216,-1,215,216,208,-1,208,216,217,-1,208,217,209,-1,212,218,202,-1,202,218,219,-1,202,219,205,-1,220,221,222,-1,220,222,223,-1,221,224,222,-1,222,224,225,-1,222,225,215,-1,215,225,226,-1,215,226,213,-1,227,228,229,-1,230,231,104,-1,5,232,233,-1,159,142,101,-1,101,142,144,-1,101,144,104,-1,104,144,234,-1,104,234,230,-1,235,236,5,-1,5,236,237,-1,5,237,232,-1,231,238,104,-1,104,238,239,-1,104,239,199,-1,228,235,229,-1,229,235,5,-1,229,5,240,-1,240,5,199,-1,240,199,241,-1,241,199,239,-1,233,242,5,-1,5,242,243,-1,5,243,3,-1,244,245,246,-1,246,245,247,-1,246,247,248,-1,246,249,244,-1,244,249,250,-1,244,250,251,-1,251,252,244,-1,244,252,253,-1,244,253,254,-1,254,253,255,-1,254,255,256,-1,256,255,257,-1,256,257,229,-1,229,257,258,-1,229,258,227,-1,259,260,248,-1,248,260,261,-1,248,261,246,-1,262,263,175,-1,175,263,264,-1,175,264,173,-1,262,265,263,-1,263,265,266,-1,263,266,267,-1,267,266,268,-1,267,269,270,-1,268,271,267,-1,267,271,272,-1,267,272,273,-1,273,274,267,-1,267,274,275,-1,267,275,269,-1,270,276,267,-1,267,276,277,-1,267,277,278,-1,171,176,172,-1,172,176,178,-1,172,178,279,-1,279,178,280,-1,279,280,281,-1,281,280,282,-1,281,282,283,-1,283,282,284,-1,285,284,184,-1,184,284,282,-1,184,282,128,-1,128,282,280,-1,128,280,129,-1,285,184,4,-1,4,184,208,-1,4,208,5,-1,5,208,210,-1,5,210,202,-1,202,210,286,-1,202,286,211,-1,287,288,289,-1,290,291,289,-1,289,291,292,-1,289,292,293,-1,293,294,289,-1,289,294,295,-1,289,295,287,-1,296,297,298,-1,298,297,299,-1,298,299,290,-1,296,298,300,-1,300,298,301,-1,300,301,302,-1,302,301,303,-1,302,303,304,-1,303,305,304,-1,304,305,306,-1,304,306,307,-1,307,306,308,-1,307,308,309,-1,310,311,303,-1,303,311,312,-1,303,312,305,-1,313,314,315,-1,315,316,313,-1,313,316,317,-1,313,317,303,-1,303,317,318,-1,303,318,310,-1,319,320,321,-1,321,320,322,-1,321,322,323,-1,323,324,321,-1,321,324,325,-1,321,325,314,-1,314,325,326,-1,314,326,315,-1,327,319,328,-1,328,319,321,-1,328,321,329,-1,329,321,330,-1,331,332,333,-1,333,332,334,-1,333,334,335,-1,331,336,332,-1,332,336,337,-1,332,337,338,-1,338,337,339,-1,338,339,321,-1,321,339,340,-1,321,340,330,-1,341,342,343,-1,343,342,344,-1,344,345,343,-1,343,345,346,-1,343,346,335,-1,347,348,349,-1,350,351,352,-1,353,354,355,-1,355,354,356,-1,347,349,357,-1,350,352,358,-1,359,360,361,-1,361,360,362,-1,361,362,352,-1,352,362,363,-1,352,363,358,-1,348,364,349,-1,349,364,365,-1,349,365,366,-1,367,368,369,-1,369,368,370,-1,369,370,371,-1,372,373,374,-1,374,373,375,-1,374,375,369,-1,369,375,376,-1,369,376,367,-1,372,377,373,-1,373,377,378,-1,373,378,354,-1,354,378,379,-1,354,379,356,-1,380,381,382,-1,382,381,383,-1,382,383,349,-1,349,383,384,-1,349,384,357,-1,385,386,341,-1,341,386,387,-1,341,387,388,-1,388,389,341,-1,341,389,390,-1,341,390,391,-1,391,390,380,-1,391,380,392,-1,392,380,382,-1,393,394,349,-1,349,394,395,-1,349,395,354,-1,354,395,396,-1,354,396,397,-1,351,398,352,-1,352,398,399,-1,352,399,341,-1,341,399,400,-1,341,400,385,-1,366,401,349,-1,349,401,402,-1,349,402,403,-1,403,404,349,-1,349,404,405,-1,349,405,393,-1,406,407,408,-1,406,408,409,-1,397,410,354,-1,354,410,408,-1,354,408,373,-1,373,408,407,-1,373,407,411,-1,411,407,412,-1,413,414,408,-1,408,414,415,-1,408,415,409,-1,416,417,418,-1,417,419,418,-1,418,419,420,-1,418,420,421,-1,422,418,423,-1,412,407,422,-1,422,407,424,-1,422,424,418,-1,418,424,425,-1,418,425,416,-1,423,426,422,-1,422,426,427,-1,422,427,428,-1,421,420,429,-1,429,420,430,-1,429,430,431,-1,431,430,432,-1,431,432,433,-1,434,435,428,-1,428,435,436,-1,428,436,422,-1,359,361,437,-1,437,361,438,-1,437,438,439,-1,440,441,442,-1,442,441,443,-1,444,445,446,-1,446,445,447,-1,446,447,448,-1,448,447,449,-1,448,449,450,-1,440,442,451,-1,451,442,447,-1,451,447,452,-1,452,447,445,-1,452,445,453,-1,445,454,453,-1,453,454,455,-1,453,455,456,-1,449,457,450,-1,450,457,458,-1,450,458,459,-1,459,458,460,-1,444,446,461,-1,461,446,462,-1,461,462,460,-1,460,462,190,-1,460,190,459,-1,459,190,189,-1,459,189,223,-1,50,29,80,-1,80,29,14,-1,80,14,463,-1,463,14,13,-1,463,13,464,-1,464,13,108,-1,464,108,465,-1,465,108,36,-1,465,36,466,-1,466,36,38,-1,466,38,467,-1,467,38,44,-1,467,44,468,-1,290,289,298,-1,298,289,86,-1,298,86,469,-1,469,86,8,-1,469,8,78,-1,78,8,7,-1,78,7,79,-1,470,289,438,-1,438,289,288,-1,438,288,439,-1,470,471,289,-1,289,471,0,-1,289,0,86,-1,86,0,2,-1,86,2,91,-1,91,2,472,-1,58,104,49,-1,49,104,199,-1,49,199,21,-1,21,199,194,-1,21,194,19,-1,19,194,190,-1,19,190,112,-1,112,190,462,-1,112,462,34,-1,34,462,446,-1,34,446,33,-1,472,470,91,-1,91,470,438,-1,91,438,473,-1,473,438,361,-1,474,475,448,-1,476,477,478,-1,478,474,476,-1,476,474,448,-1,476,448,479,-1,479,448,480,-1,479,480,481,-1,481,480,482,-1,483,484,485,-1,485,484,486,-1,485,486,475,-1,475,486,487,-1,475,487,488,-1,488,489,475,-1,475,489,490,-1,475,490,491,-1,45,39,43,-1,43,39,33,-1,43,33,482,-1,482,33,446,-1,482,446,481,-1,481,446,485,-1,492,446,493,-1,493,446,448,-1,493,448,494,-1,494,448,475,-1,494,475,495,-1,495,475,491,-1,496,497,485,-1,485,497,498,-1,485,498,483,-1,492,499,446,-1,446,499,500,-1,446,500,485,-1,485,500,501,-1,485,501,496,-1,99,89,96,-1,96,89,91,-1,96,91,101,-1,101,91,473,-1,101,473,137,-1,137,473,502,-1,352,502,503,-1,503,502,504,-1,504,502,505,-1,505,502,473,-1,505,473,506,-1,352,503,361,-1,361,503,507,-1,361,507,473,-1,473,507,508,-1,473,508,506,-1,509,510,511,-1,511,510,505,-1,511,505,512,-1,512,505,506,-1,512,506,513,-1,513,506,514,-1,223,222,459,-1,459,222,515,-1,459,515,450,-1,450,515,516,-1,450,516,448,-1,448,516,517,-1,448,517,480,-1,341,343,352,-1,352,343,518,-1,352,518,502,-1,502,518,185,-1,502,185,137,-1,137,185,187,-1,137,187,135,-1,335,334,343,-1,343,334,519,-1,343,519,518,-1,518,519,520,-1,518,520,185,-1,185,520,521,-1,185,521,184,-1,184,521,522,-1,184,522,208,-1,208,522,523,-1,208,523,215,-1,215,523,524,-1,215,524,222,-1,222,524,525,-1,222,525,515,-1,515,525,526,-1,515,526,516,-1,516,526,527,-1,516,527,517,-1,301,528,303,-1,303,528,529,-1,303,529,313,-1,313,529,530,-1,313,530,314,-1,314,530,531,-1,314,531,321,-1,321,531,532,-1,321,532,338,-1,338,532,533,-1,338,533,332,-1,332,533,534,-1,535,536,537,-1,538,539,537,-1,537,539,540,-1,537,540,535,-1,541,542,543,-1,544,545,546,-1,546,545,547,-1,543,548,541,-1,541,548,549,-1,541,549,550,-1,551,552,553,-1,553,552,554,-1,550,555,541,-1,541,555,556,-1,541,556,538,-1,551,557,552,-1,552,557,558,-1,552,558,559,-1,541,560,561,-1,562,563,564,-1,564,563,539,-1,564,539,565,-1,565,539,538,-1,565,538,546,-1,546,538,556,-1,546,556,544,-1,566,567,542,-1,542,567,568,-1,542,568,559,-1,559,568,569,-1,559,569,552,-1,552,569,570,-1,552,570,571,-1,572,573,574,-1,574,573,552,-1,574,552,575,-1,575,552,571,-1,576,577,578,-1,578,577,579,-1,578,579,580,-1,561,581,541,-1,541,581,582,-1,541,582,542,-1,542,582,583,-1,542,583,566,-1,554,584,553,-1,553,584,585,-1,553,585,586,-1,586,585,587,-1,586,587,588,-1,588,587,589,-1,588,589,590,-1,590,589,591,-1,590,591,592,-1,592,591,593,-1,592,593,594,-1,594,593,595,-1,594,595,596,-1,596,595,563,-1,596,563,597,-1,597,563,562,-1,597,562,598,-1,598,562,546,-1,598,546,599,-1,599,546,547,-1,572,600,573,-1,573,600,601,-1,573,601,602,-1,602,601,577,-1,602,577,603,-1,603,577,576,-1,579,604,580,-1,580,604,605,-1,580,605,606,-1,606,605,607,-1,560,541,608,-1,608,541,536,-1,608,536,609,-1,609,536,535,-1,609,535,610,-1,610,535,611,-1,610,611,607,-1,607,611,612,-1,607,612,606,-1,
        ]
    }
}
Shape{
    appearance Appearance {
        material  Material 	{
            diffuseColor 0.6666666666666666 0.6666666666666666 0.6666666666666666
            specularColor 0.4666666666666667 0.4666666666666667 0.4666666666666667
            ambientIntensity 0.6667
            transparency 0.0
            shininess 0.5
        }
    }
    geometry IndexedFaceSet {
        ccw TRUE
        solid FALSE
        coord DEF co Coordinate {
            point [
                2.2244 -0.0393 3.0283, 2.2244 6.8504 3.0283, 2.2244 -0.0393 2.6325, 2.2244 7.0473 2.8307, 2.2244 7.0473 2.6325, 2.0669 6.8504 3.0283, 2.0669 -0.0393 3.0283, 2.0669 7.0473 2.8307, 2.0669 -0.0393 2.6325, 2.0669 7.0473 2.6325, 2.0669 -0.0393 1.0661, 2.0669 6.8504 1.0661, 2.0669 -0.0393 1.462, 2.0669 7.0473 1.2638, 2.0669 7.0473 1.462, 2.2244 6.8504 1.0661, 2.2244 -0.0393 1.0661, 2.2244 7.0473 1.2638, 2.2244 -0.0393 1.462, 2.2244 7.0473 1.462, 1.1646 -0.0393 2.126, 1.1646 6.8504 2.126, 1.5604 -0.0393 2.126, 1.3622 7.0473 2.126, 1.5604 7.0473 2.126, 1.1646 6.8504 1.9685, 1.1646 -0.0393 1.9685, 1.3622 7.0473 1.9685, 1.5604 -0.0393 1.9685, 1.5604 7.0473 1.9685, 3.1268 -0.0393 1.9685, 3.1268 6.8504 1.9685, 2.7309 -0.0393 1.9685, 2.9291 7.0473 1.9685, 2.7309 7.0473 1.9685, 3.1268 6.8504 2.126, 3.1268 -0.0393 2.126, 2.9291 7.0473 2.126, 2.7309 -0.0393 2.126, 2.7309 7.0473 2.126, 2.8956 7.0473 1.8074, 3.0831 6.8504 1.7474, 3.0808 6.8504 1.7424, 2.818 7.0473 1.6374, 2.9861 6.8504 1.5349, 2.9844 6.8504 1.5327, 2.7024 7.0473 1.4905, 2.8416 6.8504 1.3513, 2.6602 6.8504 1.2086, 2.5555 7.0473 1.3749, 2.4455 6.8504 1.1098, 2.3855 7.0473 1.2973, 2.4505 6.8504 1.1121, 2.658 6.8504 1.2068, 1.9058 7.0473 1.2973, 1.8458 6.8504 1.1098, 1.8408 6.8504 1.1121, 1.7358 7.0473 1.3749, 1.6333 6.8504 1.2068, 1.6312 6.8504 1.2086, 1.5889 7.0473 1.4905, 1.4497 6.8504 1.3513, 1.307 6.8504 1.5327, 1.4734 7.0473 1.6374, 1.2082 6.8504 1.7474, 1.3957 7.0473 1.8074, 1.2105 6.8504 1.7424, 1.3053 6.8504 1.5349, 1.3957 7.0473 2.2871, 1.2082 6.8504 2.3471, 1.2105 6.8504 2.3521, 1.4734 7.0473 2.4571, 1.3053 6.8504 2.5596, 1.307 6.8504 2.5617, 1.5889 7.0473 2.604, 1.4497 6.8504 2.7432, 1.6312 6.8504 2.8859, 1.7358 7.0473 2.7196, 1.8458 6.8504 2.9847, 1.9058 7.0473 2.7972, 1.8408 6.8504 2.9824, 1.6333 6.8504 2.8876, 2.3855 7.0473 2.7972, 2.4455 6.8504 2.9847, 2.4505 6.8504 2.9824, 2.5555 7.0473 2.7196, 2.658 6.8504 2.8876, 2.6602 6.8504 2.8859, 2.7024 7.0473 2.604, 2.8416 6.8504 2.7432, 2.9844 6.8504 2.5617, 2.818 7.0473 2.4571, 3.0831 6.8504 2.3471, 2.8956 7.0473 2.2871, 3.0808 6.8504 2.3521, 2.9861 6.8504 2.5596, 2.3726 7.0473 1.502, 2.3726 -0.0393 1.502, 2.5054 7.0473 1.5789, 2.5054 -0.0393 1.5789, 2.614 7.0473 1.6875, 2.614 -0.0393 1.6875, 2.6909 7.0473 1.8203, 2.6909 -0.0393 1.8203, 1.6005 7.0473 1.8203, 1.6005 -0.0393 1.8203, 1.6774 7.0473 1.6875, 1.6774 -0.0393 1.6875, 1.7859 7.0473 1.5789, 1.7859 -0.0393 1.5789, 1.9187 7.0473 1.502, 1.9187 -0.0393 1.502, 1.9187 7.0473 2.5925, 1.9187 -0.0393 2.5925, 1.7859 7.0473 2.5156, 1.7859 -0.0393 2.5156, 1.6774 7.0473 2.407, 1.6774 -0.0393 2.407, 1.6005 7.0473 2.2742, 1.6005 -0.0393 2.2742, 2.6909 7.0473 2.2742, 2.6909 -0.0393 2.2742, 2.614 7.0473 2.407, 2.614 -0.0393 2.407, 2.5054 7.0473 2.5156, 2.5054 -0.0393 2.5156, 2.3726 7.0473 2.5925, 2.3726 -0.0393 2.5925, 3.0814 -0.0393 1.7421, 2.9846 -0.0393 1.5325, 2.8416 -0.0393 1.3513, 2.6604 -0.0393 1.2083, 2.4508 -0.0393 1.1115, 1.8406 -0.0393 1.1115, 1.631 -0.0393 1.2083, 1.4497 -0.0393 1.3513, 1.3067 -0.0393 1.5325, 1.2099 -0.0393 1.7421, 1.2099 -0.0393 2.3524, 1.3067 -0.0393 2.5619, 1.4497 -0.0393 2.7432, 1.631 -0.0393 2.8862, 1.8406 -0.0393 2.983, 2.4508 -0.0393 2.983, 2.6604 -0.0393 2.8862, 2.8416 -0.0393 2.7432, 2.9846 -0.0393 2.5619, 3.0814 -0.0393 2.3524, -2.2244 7.0473 2.8307, -2.2244 7.0473 2.6325, -2.3855 7.0473 2.7972, -2.3726 7.0473 2.5925, -2.5555 7.0473 2.7196, -2.5054 7.0473 2.5156, -2.7309 7.0473 2.126, -2.9291 7.0473 2.126, -2.6909 7.0473 2.2742, -2.8956 7.0473 2.2871, -2.614 7.0473 2.407, -2.818 7.0473 2.4571, -2.7024 7.0473 2.604, -1.3622 7.0473 2.126, -1.5604 7.0473 2.126, -1.3957 7.0473 2.2871, -1.6005 7.0473 2.2742, -1.4734 7.0473 2.4571, -1.6774 7.0473 2.407, -2.0669 7.0473 2.6325, -2.0669 7.0473 2.8307, -1.9187 7.0473 2.5925, -1.9058 7.0473 2.7972, -1.7859 7.0473 2.5156, -1.7358 7.0473 2.7196, -1.5889 7.0473 2.604, -1.5604 7.0473 1.9685, -1.3622 7.0473 1.9685, -1.6005 7.0473 1.8203, -1.3957 7.0473 1.8074, -1.6774 7.0473 1.6875, -2.0669 7.0473 1.2638, -2.0669 7.0473 1.462, -1.9058 7.0473 1.2973, -1.9187 7.0473 1.502, -1.7358 7.0473 1.3749, -1.7859 7.0473 1.5789, -1.5889 7.0473 1.4905, -1.4734 7.0473 1.6374, -2.614 7.0473 1.6875, -2.818 7.0473 1.6374, -2.6909 7.0473 1.8203, -2.8956 7.0473 1.8074, -2.7309 7.0473 1.9685, -2.9291 7.0473 1.9685, -2.2244 7.0473 1.462, -2.2244 7.0473 1.2638, -2.3726 7.0473 1.502, -2.3855 7.0473 1.2973, -2.5054 7.0473 1.5789, -2.5555 7.0473 1.3749, -2.7024 7.0473 1.4905, -2.9844 6.8504 2.5617, -2.9861 6.8504 2.5596, -3.0814 -0.0393 2.3524, -3.0808 6.8504 2.3521, -3.1268 -0.0393 2.126, -3.0831 6.8504 2.3471, -3.1268 6.8504 2.126, -2.9846 -0.0393 2.5619, -2.8416 -0.0393 2.7432, -2.8416 6.8504 2.7432, -2.6604 -0.0393 2.8862, -2.6602 6.8504 2.8859, -2.658 6.8504 2.8876, -2.4508 -0.0393 2.983, -2.4505 6.8504 2.9824, -2.4455 6.8504 2.9847, -2.2244 -0.0393 3.0283, -2.2244 6.8504 3.0283, -1.6312 6.8504 2.8859, -1.6333 6.8504 2.8876, -1.8406 -0.0393 2.983, -1.8408 6.8504 2.9824, -2.0669 -0.0393 3.0283, -1.8458 6.8504 2.9847, -2.0669 6.8504 3.0283, -1.631 -0.0393 2.8862, -1.4497 -0.0393 2.7432, -1.4497 6.8504 2.7432, -1.3067 -0.0393 2.5619, -1.307 6.8504 2.5617, -1.3053 6.8504 2.5596, -1.2099 -0.0393 2.3524, -1.2105 6.8504 2.3521, -1.2082 6.8504 2.3471, -1.1646 -0.0393 2.126, -1.1646 6.8504 2.126, -1.307 6.8504 1.5327, -1.3053 6.8504 1.5349, -1.2099 -0.0393 1.7421, -1.2105 6.8504 1.7424, -1.1646 -0.0393 1.9685, -1.2082 6.8504 1.7474, -1.1646 6.8504 1.9685, -1.3067 -0.0393 1.5325, -1.4497 -0.0393 1.3513, -1.4497 6.8504 1.3513, -1.631 -0.0393 1.2083, -1.6312 6.8504 1.2086, -1.6333 6.8504 1.2068, -1.8406 -0.0393 1.1115, -1.8408 6.8504 1.1121, -1.8458 6.8504 1.1098, -2.0669 -0.0393 1.0661, -2.0669 6.8504 1.0661, -2.6602 6.8504 1.2086, -2.658 6.8504 1.2068, -2.4508 -0.0393 1.1115, -2.4505 6.8504 1.1121, -2.2244 -0.0393 1.0661, -2.4455 6.8504 1.1098, -2.2244 6.8504 1.0661, -2.6604 -0.0393 1.2083, -2.8416 -0.0393 1.3513, -2.8416 6.8504 1.3513, -2.9846 -0.0393 1.5325, -2.9844 6.8504 1.5327, -2.9861 6.8504 1.5349, -3.0814 -0.0393 1.7421, -3.0808 6.8504 1.7424, -3.0831 6.8504 1.7474, -3.1268 -0.0393 1.9685, -3.1268 6.8504 1.9685, -2.2244 -0.0393 2.6325, -2.3726 -0.0393 2.5925, -2.5054 -0.0393 2.5156, -2.614 -0.0393 2.407, -2.6909 -0.0393 2.2742, -2.7309 -0.0393 2.126, -1.5604 -0.0393 2.126, -1.6005 -0.0393 2.2742, -1.6774 -0.0393 2.407, -1.7859 -0.0393 2.5156, -1.9187 -0.0393 2.5925, -2.0669 -0.0393 2.6325, -2.0669 -0.0393 1.462, -1.9187 -0.0393 1.502, -1.7859 -0.0393 1.5789, -1.6774 -0.0393 1.6875, -1.6005 -0.0393 1.8203, -1.5604 -0.0393 1.9685, -2.7309 -0.0393 1.9685, -2.6909 -0.0393 1.8203, -2.614 -0.0393 1.6875, -2.5054 -0.0393 1.5789, -2.3726 -0.0393 1.502, -2.2244 -0.0393 1.462
            ]
        }
        coordIndex [
            0,1,2,-1,2,1,3,-1,2,3,4,-1,5,6,7,-1,7,6,8,-1,7,8,9,-1,10,11,12,-1,12,11,13,-1,12,13,14,-1,15,16,17,-1,17,16,18,-1,17,18,19,-1,20,21,22,-1,22,21,23,-1,22,23,24,-1,25,26,27,-1,27,26,28,-1,27,28,29,-1,30,31,32,-1,32,31,33,-1,32,33,34,-1,35,36,37,-1,37,36,38,-1,37,38,39,-1,40,33,31,-1,31,41,40,-1,40,41,42,-1,40,42,43,-1,42,44,43,-1,43,44,45,-1,43,45,46,-1,45,47,46,-1,46,47,48,-1,46,48,49,-1,15,17,50,-1,50,17,51,-1,50,51,52,-1,52,51,49,-1,52,49,53,-1,53,49,48,-1,54,13,11,-1,11,55,54,-1,54,55,56,-1,54,56,57,-1,56,58,57,-1,57,58,59,-1,57,59,60,-1,59,61,60,-1,60,61,62,-1,60,62,63,-1,25,27,64,-1,64,27,65,-1,64,65,66,-1,66,65,63,-1,66,63,67,-1,67,63,62,-1,68,23,21,-1,21,69,68,-1,68,69,70,-1,68,70,71,-1,70,72,71,-1,71,72,73,-1,71,73,74,-1,73,75,74,-1,74,75,76,-1,74,76,77,-1,5,7,78,-1,78,7,79,-1,78,79,80,-1,80,79,77,-1,80,77,81,-1,81,77,76,-1,82,3,1,-1,1,83,82,-1,82,83,84,-1,82,84,85,-1,84,86,85,-1,85,86,87,-1,85,87,88,-1,87,89,88,-1,88,89,90,-1,88,90,91,-1,35,37,92,-1,92,37,93,-1,92,93,94,-1,94,93,91,-1,94,91,95,-1,95,91,90,-1,19,18,96,-1,96,18,97,-1,96,97,98,-1,98,97,99,-1,98,99,100,-1,100,99,101,-1,100,101,102,-1,102,101,103,-1,102,103,34,-1,34,103,32,-1,29,28,104,-1,104,28,105,-1,104,105,106,-1,106,105,107,-1,106,107,108,-1,108,107,109,-1,108,109,110,-1,110,109,111,-1,110,111,14,-1,14,111,12,-1,9,8,112,-1,112,8,113,-1,112,113,114,-1,114,113,115,-1,114,115,116,-1,116,115,117,-1,116,117,118,-1,118,117,119,-1,118,119,24,-1,24,119,22,-1,39,38,120,-1,120,38,121,-1,120,121,122,-1,122,121,123,-1,122,123,124,-1,124,123,125,-1,124,125,126,-1,126,125,127,-1,126,127,4,-1,4,127,2,-1,45,44,128,-1,128,44,42,-1,128,42,30,-1,30,42,41,-1,30,41,31,-1,128,129,45,-1,45,129,130,-1,45,130,47,-1,47,130,131,-1,47,131,48,-1,48,131,53,-1,53,131,132,-1,53,132,52,-1,52,132,50,-1,50,132,16,-1,50,16,15,-1,59,58,133,-1,133,58,56,-1,133,56,10,-1,10,56,55,-1,10,55,11,-1,133,134,59,-1,59,134,135,-1,59,135,61,-1,61,135,136,-1,61,136,62,-1,62,136,67,-1,67,136,137,-1,67,137,66,-1,66,137,64,-1,64,137,26,-1,64,26,25,-1,73,72,138,-1,138,72,70,-1,138,70,20,-1,20,70,69,-1,20,69,21,-1,138,139,73,-1,73,139,140,-1,73,140,75,-1,75,140,141,-1,75,141,76,-1,76,141,81,-1,81,141,142,-1,81,142,80,-1,80,142,78,-1,78,142,6,-1,78,6,5,-1,87,86,143,-1,143,86,84,-1,143,84,0,-1,0,84,83,-1,0,83,1,-1,143,144,87,-1,87,144,145,-1,87,145,89,-1,89,145,146,-1,89,146,90,-1,90,146,95,-1,95,146,147,-1,95,147,94,-1,94,147,92,-1,92,147,36,-1,92,36,35,-1,17,19,51,-1,51,19,96,-1,51,96,49,-1,49,96,98,-1,34,33,102,-1,102,33,40,-1,102,40,100,-1,100,40,43,-1,100,43,98,-1,98,43,46,-1,98,46,49,-1,106,63,104,-1,104,63,65,-1,104,65,29,-1,29,65,27,-1,14,13,110,-1,110,13,54,-1,110,54,108,-1,108,54,57,-1,108,57,106,-1,106,57,60,-1,106,60,63,-1,7,9,79,-1,79,9,112,-1,79,112,77,-1,77,112,114,-1,24,23,118,-1,118,23,68,-1,118,68,116,-1,116,68,71,-1,116,71,114,-1,114,71,74,-1,114,74,77,-1,37,39,93,-1,93,39,120,-1,93,120,91,-1,91,120,122,-1,4,3,126,-1,126,3,82,-1,126,82,124,-1,124,82,85,-1,124,85,122,-1,122,85,88,-1,122,88,91,-1,148,149,150,-1,150,149,151,-1,150,151,152,-1,152,151,153,-1,154,155,156,-1,156,155,157,-1,156,157,158,-1,158,157,159,-1,158,159,153,-1,153,159,160,-1,153,160,152,-1,161,162,163,-1,163,162,164,-1,163,164,165,-1,165,164,166,-1,167,168,169,-1,169,168,170,-1,169,170,171,-1,171,170,172,-1,171,172,166,-1,166,172,173,-1,166,173,165,-1,174,175,176,-1,176,175,177,-1,176,177,178,-1,179,180,181,-1,181,180,182,-1,181,182,183,-1,183,182,184,-1,183,184,185,-1,185,184,178,-1,185,178,186,-1,186,178,177,-1,187,188,189,-1,189,188,190,-1,189,190,191,-1,191,190,192,-1,193,194,195,-1,195,194,196,-1,195,196,197,-1,197,196,198,-1,197,198,187,-1,187,198,199,-1,187,199,188,-1,200,201,202,-1,202,201,203,-1,202,203,204,-1,204,203,205,-1,204,205,206,-1,202,207,200,-1,200,207,208,-1,200,208,209,-1,209,208,210,-1,209,210,211,-1,211,210,212,-1,212,210,213,-1,212,213,214,-1,214,213,215,-1,215,213,216,-1,215,216,217,-1,218,219,220,-1,220,219,221,-1,220,221,222,-1,222,221,223,-1,222,223,224,-1,220,225,218,-1,218,225,226,-1,218,226,227,-1,227,226,228,-1,227,228,229,-1,229,228,230,-1,230,228,231,-1,230,231,232,-1,232,231,233,-1,233,231,234,-1,233,234,235,-1,236,237,238,-1,238,237,239,-1,238,239,240,-1,240,239,241,-1,240,241,242,-1,238,243,236,-1,236,243,244,-1,236,244,245,-1,245,244,246,-1,245,246,247,-1,247,246,248,-1,248,246,249,-1,248,249,250,-1,250,249,251,-1,251,249,252,-1,251,252,253,-1,254,255,256,-1,256,255,257,-1,256,257,258,-1,258,257,259,-1,258,259,260,-1,256,261,254,-1,254,261,262,-1,254,262,263,-1,263,262,264,-1,263,264,265,-1,265,264,266,-1,266,264,267,-1,266,267,268,-1,268,267,269,-1,269,267,270,-1,269,270,271,-1,149,272,151,-1,151,272,273,-1,151,273,153,-1,153,273,274,-1,153,274,158,-1,158,274,275,-1,158,275,156,-1,156,275,276,-1,156,276,154,-1,154,276,277,-1,162,278,164,-1,164,278,279,-1,164,279,166,-1,166,279,280,-1,166,280,171,-1,171,280,281,-1,171,281,169,-1,169,281,282,-1,169,282,167,-1,167,282,283,-1,180,284,182,-1,182,284,285,-1,182,285,184,-1,184,285,286,-1,184,286,178,-1,178,286,287,-1,178,287,176,-1,176,287,288,-1,176,288,174,-1,174,288,289,-1,191,290,189,-1,189,290,291,-1,189,291,187,-1,187,291,292,-1,187,292,197,-1,197,292,293,-1,197,293,195,-1,195,293,294,-1,195,294,193,-1,193,294,295,-1,157,155,206,-1,206,205,157,-1,157,205,203,-1,157,203,159,-1,203,201,159,-1,159,201,200,-1,159,200,160,-1,200,209,160,-1,160,209,211,-1,160,211,152,-1,217,148,215,-1,215,148,150,-1,215,150,214,-1,214,150,152,-1,214,152,212,-1,212,152,211,-1,170,168,224,-1,224,223,170,-1,170,223,221,-1,170,221,172,-1,221,219,172,-1,172,219,218,-1,172,218,173,-1,218,227,173,-1,173,227,229,-1,173,229,165,-1,235,161,233,-1,233,161,163,-1,233,163,232,-1,232,163,165,-1,232,165,230,-1,230,165,229,-1,177,175,242,-1,242,241,177,-1,177,241,239,-1,177,239,186,-1,239,237,186,-1,186,237,236,-1,186,236,185,-1,236,245,185,-1,185,245,247,-1,185,247,183,-1,253,179,251,-1,251,179,181,-1,251,181,250,-1,250,181,183,-1,250,183,248,-1,248,183,247,-1,196,194,260,-1,260,259,196,-1,196,259,257,-1,196,257,198,-1,257,255,198,-1,198,255,254,-1,198,254,199,-1,254,263,199,-1,199,263,265,-1,199,265,188,-1,271,192,269,-1,269,192,190,-1,269,190,268,-1,268,190,188,-1,268,188,266,-1,266,188,265,-1,
        ]
    }
}
Shape{
    appearance Appearance {
        material  Material 	{
            diffuseColor 0.7019607843137254 0.6549019607843137 0.09411764705882353
            specularColor 0.050980392156862744 0.047058823529411764 0.00784313725490196
            ambientIntensity 0.8648
            transparency 0.0
            shininess 0.5
        }
    }
    geometry IndexedFaceSet {
        ccw TRUE
        solid FALSE
        coord DEF co Coordinate {
            point [
                3.7008 7.8347 4.0158, 3.4252 7.8347 3.7402, -2.7953 7.8347 3.7402, -4.0945 7.8347 3.622, -4.0811 7.8347 3.7239, -3.8976 7.8347 3.963, -3.8027 7.8347 4.0023, -3.7008 7.8347 4.0158, -4.0417 7.8347 3.8189, -3.9792 7.8347 3.9004, -3.8189 7.8347 2.8812, -3.8189 7.8347 1.2133, -4.0945 7.8347 0.0, -2.7953 7.8347 0.3543, 4.0945 7.8347 0.0, 3.4252 7.8347 0.3543, 3.5128 7.8347 0.3642, 3.596 7.8347 0.3933, 3.6707 7.8347 0.4402, 3.733 7.8347 0.5026, 3.7799 7.8347 0.5772, 3.6707 7.8347 3.6543, 3.8976 7.8347 3.963, 3.9792 7.8347 3.9004, 3.733 7.8347 3.5919, 3.8027 7.8347 4.0023, 3.596 7.8347 3.7012, 3.5128 7.8347 3.7303, 4.0417 7.8347 3.8189, 4.0811 7.8347 3.7239, 3.7799 7.8347 3.5173, 4.0945 7.8347 3.622, 3.809 7.8347 3.4341, 3.809 7.8347 0.6604, 3.8189 7.8347 0.748, 3.8189 7.8347 3.3465, 3.374 -2.3818 0.0, 3.3636 -2.3951 2.6797, 3.2766 -2.5018 2.543, 3.0735 -2.7209 2.1696, 3.0735 -2.7209 0.0, 3.132 -2.6616 2.2882, 3.1928 -2.5969 2.4006, 3.6273 -2.0062 0.0, 3.627 -2.006 3.05, 3.6192 -2.0199 3.0399, 3.5411 -2.1464 2.9348, 3.4522 -2.2767 2.8104, 3.3737 -2.3816 2.6946, 3.7004 -1.8739 3.1455, 3.829 -1.6005 0.0, 3.7759 -1.7211 3.241, 3.9131 -1.3777 3.4088, 3.9756 -1.1718 0.0, 3.9634 -1.216 3.4689, 3.9748 -1.1716 3.4824, 3.9069 -1.3957 3.4014, 3.8449 -1.5617 3.3262, 3.8283 -1.6002 3.3056, 4.0058 -1.0516 3.5189, 4.0646 -0.7276 0.0, 4.0402 -0.8844 3.5591, 4.0945 -0.2756 0.0, 4.0945 -0.2756 3.622, 4.0904 -0.4432 3.6173, 4.0782 -0.6103 3.6032, 4.0664 -0.7141 3.5896, 4.0643 -0.7276 3.5872, -4.0945 -0.2756 3.622, -4.0945 -0.2756 0.0, -4.0904 -0.4432 3.6173, -4.0402 -0.8844 3.5591, -4.0643 -0.7276 3.5872, -4.0646 -0.7276 0.0, -4.0664 -0.7141 3.5896, -4.0782 -0.6103 3.6032, -3.7759 -1.7211 3.241, -3.8283 -1.6002 3.3056, -3.829 -1.6005 0.0, -3.8449 -1.5617 3.3262, -3.9756 -1.1718 0.0, -3.9069 -1.3957 3.4014, -3.9131 -1.3777 3.4088, -3.9634 -1.216 3.4689, -3.9748 -1.1716 3.4824, -4.0058 -1.0516 3.5189, -3.5411 -2.1464 2.9348, -3.6192 -2.0199 3.0399, -3.6273 -2.0062 0.0, -3.627 -2.006 3.05, -3.7004 -1.8739 3.1455, -3.374 -2.3818 0.0, -3.3737 -2.3816 2.6946, -3.4522 -2.2767 2.8104, -3.0735 -2.7209 0.0, -3.0735 -2.7209 2.1696, -3.132 -2.6616 2.2882, -3.1928 -2.5969 2.4006, -3.2766 -2.5018 2.543, -3.3636 -2.3951 2.6797, 2.7967 -2.8346 2.1696, -2.7967 -2.8346 2.1696, 2.7967 -2.8346 0.0, -2.7967 -2.8346 0.0, 3.4798 -1.6061 3.6701, 3.5305 -1.4476 3.7513, -3.4187 -1.7709 3.5706, 3.2107 -2.2109 3.2129, 3.2613 -2.1153 3.3026, -3.1321 -2.3457 3.0676, -2.7967 -2.8052 2.319, 2.7967 -2.8052 2.319, -2.8485 -2.7439 2.4575, 2.8485 -2.7439 2.4575, -2.9023 -2.6769 2.5888, -2.9426 -2.6235 2.6791, -3.1022 -2.3923 3.0095, -3.0536 -2.4682 2.9149, 3.1022 -2.3923 3.0095, -2.9765 -2.5786 2.7551, 3.0536 -2.4682 2.9149, 2.9023 -2.6769 2.5888, 2.9426 -2.6235 2.6791, 2.9765 -2.5786 2.7551, -3.2107 -2.2109 3.2129, 3.1321 -2.3457 3.0676, 3.2799 -2.0801 3.3356, -3.2799 -2.0801 3.3356, -3.2613 -2.1153 3.3026, -3.4072 -1.798 3.5515, -3.3519 -1.929 3.4591, 3.4072 -1.798 3.5515, 3.3519 -1.929 3.4591, 3.4187 -1.7709 3.5706, -3.6222 -1.0784 3.8952, -3.5847 -1.2484 3.8368, 3.5402 -1.4157 3.7667, -3.5402 -1.4157 3.7667, -3.5347 -1.4343 3.758, 3.5347 -1.4343 3.758, -3.5305 -1.4476 3.7513, -3.4798 -1.6061 3.6701, -3.6234 -1.0715 3.8971, 3.5847 -1.2484 3.8368, 3.6222 -1.0784 3.8952, 3.6234 -1.0715 3.8971, 3.6527 -0.9054 3.9422, -3.6527 -0.9054 3.9422, 3.6759 -0.7292 3.9778, -3.6759 -0.7292 3.9778, -3.7008 -0.2756 4.0158, -3.6972 -0.449 4.0102, 3.7008 -0.2756 4.0158, -3.6863 -0.6219 3.9937, 3.6972 -0.449 4.0102, -3.6809 -0.6778 3.9854, 3.6809 -0.6778 3.9854, 3.6863 -0.6219 3.9937, -3.8027 -0.2756 4.0023, -3.8976 -0.2756 3.963, -3.9792 -0.2756 3.9004, -4.0417 -0.2756 3.8189, -4.0811 -0.2756 3.7239, -2.8978 -2.8213 2.1696, -2.8984 -2.8212 2.1696, -2.9922 -2.7826 0.0, -2.9922 -2.7825 2.1696, -2.9933 -2.782 2.1696, -2.8979 -2.8214 0.0, -3.787 -0.6299 3.9794, -4.0236 -0.9043 3.6558, -3.7505 -0.9191 3.9259, -3.943 -1.2444 3.5587, -3.6236 -1.4547 3.7362, -3.7484 -1.7573 3.3159, -3.4999 -1.792 3.5452, -3.5876 -2.0574 3.1037, -3.3532 -2.099 3.3081, -3.328 -2.4308 2.727, -2.8487 -2.8091 2.299, -2.9025 -2.7495 2.4354, -2.8944 -2.8059 2.2788, -2.9553 -2.7472 2.4101, -2.8998 -2.8056 2.2764, -2.9487 -2.7947 2.2517, -3.0057 -2.737 2.382, -2.9582 -2.791 2.2462, -3.0526 -2.719 2.3519, -2.9911 -2.7781 2.2273, -3.095 -2.6937 2.3204, -3.0364 -2.7519 2.1977, -2.9946 -2.7767 2.2253, -3.156 -2.63 2.4369, -3.1131 -2.6558 2.4723, -3.065 -2.6737 2.506, -3.013 -2.6834 2.5372, -2.9584 -2.6844 2.565, -3.0355 -2.5886 2.7295, -3.2403 -2.5362 2.5847, -3.1967 -2.5627 2.6253, -3.1472 -2.5806 2.6637, -3.093 -2.5893 2.6987, -3.284 -2.4578 2.7728, -3.2329 -2.4755 2.8157, -3.1763 -2.4832 2.8545, -3.1159 -2.4808 2.8879, -3.1979 -2.3607 3.0399, -3.4177 -2.3133 2.8633, -3.3733 -2.3408 2.9144, -3.3207 -2.3582 2.9619, -3.2615 -2.3649 3.0042, -3.5079 -2.1836 2.9935, -3.4634 -2.2113 3.0499, -3.4092 -2.2283 3.1019, -3.3474 -2.234 3.1475, -3.2804 -2.2281 3.185, -3.5431 -2.085 3.1649, -3.4876 -2.1015 3.2209, -3.4234 -2.1062 3.2693, -3.6708 -1.9111 3.215, -3.6265 -1.9382 3.2813, -3.5696 -1.954 3.3414, -3.5028 -1.9578 3.3926, -3.4291 -1.9493 3.4324, -3.7045 -1.7835 3.3871, -3.6464 -1.7984 3.4511, -3.5771 -1.8013 3.5047, -3.8197 -1.5962 3.4064, -3.7764 -1.6211 3.4823, -3.7172 -1.6349 3.5499, -3.6455 -1.637 3.6056, -3.5649 -1.6272 3.6464, -3.8841 -1.4277 3.4866, -3.8415 -1.4506 3.5669, -3.7814 -1.4631 3.6378, -3.7074 -1.4645 3.6953, -3.8905 -1.4093 3.4945, -3.848 -1.432 3.5752, -3.7878 -1.4443 3.6465, -3.7136 -1.4457 3.7042, -3.6294 -1.4359 3.745, -3.9012 -1.2647 3.6432, -3.8403 -1.2756 3.7172, -3.7641 -1.2764 3.7763, -3.6772 -1.2672 3.817, -3.9875 -1.0761 3.6125, -3.9463 -1.0935 3.7002, -3.8849 -1.1028 3.7766, -3.807 -1.1032 3.8369, -3.7176 -1.0949 3.8773, -3.9831 -0.9184 3.7463, -3.9212 -0.9259 3.8246, -3.842 -0.9261 3.8858, -4.0513 -0.7289 3.6888, -4.0114 -0.7393 3.7814, -3.9492 -0.7448 3.8613, -3.8688 -0.7448 3.9231, -3.7757 -0.7395 3.9629, -4.0638 -0.6217 3.7035, -4.0241 -0.6298 3.7971, -3.9617 -0.634 3.8777, -3.8809 -0.634 3.9398, -4.0767 -0.449 3.7188, -4.0373 -0.4531 3.8134, -3.9748 -0.4552 3.8947, -3.8934 -0.4552 3.9572, -3.7987 -0.4531 3.9966, -2.7967 -2.8271 2.2458, -2.7967 -2.8271 2.2462, -2.8965 -2.814 2.2462, 2.8979 -2.8214 0.0, 2.8978 -2.8213 2.1696, 2.8984 -2.8212 2.1696, 2.9922 -2.7826 0.0, 2.9922 -2.7825 2.1696, 2.9933 -2.782 2.1696, 2.7967 -2.8271 2.2462, 2.7967 -2.8271 2.2458, 2.8487 -2.8091 2.299, 2.8965 -2.814 2.2462, 2.8944 -2.8059 2.2788, 2.9582 -2.791 2.2462, 2.9487 -2.7947 2.2517, 2.8998 -2.8056 2.2764, 3.0364 -2.7519 2.1977, 2.9946 -2.7767 2.2253, 2.9911 -2.7781 2.2273, 3.8027 -0.2756 4.0023, 3.8976 -0.2756 3.963, 3.9792 -0.2756 3.9004, 4.0417 -0.2756 3.8189, 4.0811 -0.2756 3.7239, 3.7757 -0.7395 3.9629, 4.0513 -0.7289 3.6888, 3.7176 -1.0949 3.8773, 3.9875 -1.0761 3.6125, 3.5649 -1.6272 3.6464, 3.8197 -1.5962 3.4064, 3.4291 -1.9493 3.4324, 3.6708 -1.9111 3.215, 3.2804 -2.2281 3.185, 3.1159 -2.4808 2.8879, 3.4177 -2.3133 2.8633, 2.9584 -2.6844 2.565, 2.9025 -2.7495 2.4354, 3.0526 -2.719 2.3519, 3.095 -2.6937 2.3204, 3.0057 -2.737 2.382, 2.9553 -2.7472 2.4101, 3.013 -2.6834 2.5372, 3.065 -2.6737 2.506, 3.1131 -2.6558 2.4723, 3.156 -2.63 2.4369, 3.0355 -2.5886 2.7295, 3.093 -2.5893 2.6987, 3.1472 -2.5806 2.6637, 3.1967 -2.5627 2.6253, 3.2403 -2.5362 2.5847, 3.1763 -2.4832 2.8545, 3.2329 -2.4755 2.8157, 3.284 -2.4578 2.7728, 3.328 -2.4308 2.727, 3.1979 -2.3607 3.0399, 3.2615 -2.3649 3.0042, 3.3207 -2.3582 2.9619, 3.3733 -2.3408 2.9144, 3.3474 -2.234 3.1475, 3.4092 -2.2283 3.1019, 3.4634 -2.2113 3.0499, 3.5079 -2.1836 2.9935, 3.3532 -2.099 3.3081, 3.4234 -2.1062 3.2693, 3.4876 -2.1015 3.2209, 3.5431 -2.085 3.1649, 3.5876 -2.0574 3.1037, 3.5028 -1.9578 3.3926, 3.5696 -1.954 3.3414, 3.6265 -1.9382 3.2813, 3.4999 -1.792 3.5452, 3.5771 -1.8013 3.5047, 3.6464 -1.7984 3.4511, 3.7045 -1.7835 3.3871, 3.7484 -1.7573 3.3159, 3.6455 -1.637 3.6056, 3.7172 -1.6349 3.5499, 3.7764 -1.6211 3.4823, 3.6236 -1.4547 3.7362, 3.7074 -1.4645 3.6953, 3.7814 -1.4631 3.6378, 3.8415 -1.4506 3.5669, 3.8841 -1.4277 3.4866, 3.6294 -1.4359 3.745, 3.7136 -1.4457 3.7042, 3.7878 -1.4443 3.6465, 3.848 -1.432 3.5752, 3.8905 -1.4093 3.4945, 3.6772 -1.2672 3.817, 3.7641 -1.2764 3.7763, 3.8403 -1.2756 3.7172, 3.9012 -1.2647 3.6432, 3.943 -1.2444 3.5587, 3.807 -1.1032 3.8369, 3.8849 -1.1028 3.7766, 3.9463 -1.0935 3.7002, 3.7505 -0.9191 3.9259, 3.842 -0.9261 3.8858, 3.9212 -0.9259 3.8246, 3.9831 -0.9184 3.7463, 4.0236 -0.9043 3.6558, 3.8688 -0.7448 3.9231, 3.9492 -0.7448 3.8613, 4.0114 -0.7393 3.7814, 3.787 -0.6299 3.9794, 3.8809 -0.634 3.9398, 3.9617 -0.634 3.8777, 4.0241 -0.6298 3.7971, 4.0638 -0.6217 3.7035, 3.7987 -0.4531 3.9966, 3.8934 -0.4552 3.9572, 3.9748 -0.4552 3.8947, 4.0373 -0.4531 3.8134, 4.0767 -0.449 3.7188, 3.8189 -0.0393 0.748, 3.8146 -0.0393 0.7102, 3.4252 -0.0393 0.3543, 3.5128 -0.0393 0.3642, 3.596 -0.0393 0.3933, 3.6707 -0.0393 0.4402, 3.733 -0.0393 0.5026, 3.7799 -0.0393 0.5772, 3.809 -0.0393 0.6604, 3.8189 -0.0393 3.3465, 3.8189 -0.0393 2.0472, 3.4252 -0.0393 3.7402, 3.5128 -0.0393 3.7303, 3.596 -0.0393 3.7012, 3.6707 -0.0393 3.6543, 3.733 -0.0393 3.5919, 3.7799 -0.0393 3.5173, 3.809 -0.0393 3.4341, -2.1457 -0.0393 3.7402, -2.7953 -0.0393 3.7402, 2.1457 -0.0393 3.7402, 0.0 -0.0393 3.7402, -3.8189 -0.0393 2.8812, -3.4728 -0.0393 3.1716, -3.8189 -0.0393 1.2133, -3.8189 -0.0393 2.0472, -2.7953 -0.0393 0.3543, -3.2194 -0.0393 0.7102, -3.4728 -0.0393 0.9229, -2.1457 -0.0393 0.3543, 2.1457 -0.0393 0.3543, 0.0 -0.0393 0.3543, -2.2244 -0.0393 3.0283, -2.1457 -0.0393 2.0472, 3.1268 -0.0393 2.126, 2.1457 -0.0393 2.0472, 2.2244 -0.0393 2.6325, 2.3726 -0.0393 2.5925, 2.5054 -0.0393 2.5156, 2.614 -0.0393 2.407, 2.2244 -0.0393 3.0283, 2.4508 -0.0393 2.983, 2.6604 -0.0393 2.8862, 2.6909 -0.0393 2.2742, 2.7309 -0.0393 2.126, 2.8416 -0.0393 2.7432, 3.0814 -0.0393 2.3524, 2.9846 -0.0393 2.5619, -2.9846 -0.0393 2.5619, -3.0814 -0.0393 2.3524, -3.4728 -0.0393 2.0472, -2.614 -0.0393 2.407, -2.5054 -0.0393 2.5156, -2.4508 -0.0393 2.983, -2.6604 -0.0393 2.8862, -2.8416 -0.0393 2.7432, -2.3726 -0.0393 2.5925, -2.2244 -0.0393 2.6325, -3.1268 -0.0393 2.126, -2.7309 -0.0393 2.126, -2.6909 -0.0393 2.2742, -2.7309 -0.0393 1.9685, -3.1268 -0.0393 1.9685, -3.0814 -0.0393 1.7421, -2.5054 -0.0393 1.5789, -2.3726 -0.0393 1.502, -2.2244 -0.0393 1.462, -2.614 -0.0393 1.6875, -2.6909 -0.0393 1.8203, -2.9846 -0.0393 1.5325, -2.8416 -0.0393 1.3513, -2.2244 -0.0393 1.0661, -2.1457 -0.0393 0.7102, -2.4508 -0.0393 1.1115, -2.6604 -0.0393 1.2083, 2.2244 -0.0393 1.462, 2.2244 -0.0393 1.0661, 2.1457 -0.0393 0.7102, 2.4508 -0.0393 1.1115, 2.6909 -0.0393 1.8203, 2.614 -0.0393 1.6875, 2.5054 -0.0393 1.5789, 2.3726 -0.0393 1.502, 2.6604 -0.0393 1.2083, 2.8416 -0.0393 1.3513, 2.9846 -0.0393 1.5325, 3.0814 -0.0393 1.7421, 3.1268 -0.0393 1.9685, 2.7309 -0.0393 1.9685, 1.1646 -0.0393 2.126, 0.0 -0.0393 2.0472, 1.2099 -0.0393 2.3524, 1.3067 -0.0393 2.5619, 1.4497 -0.0393 2.7432, 1.9187 -0.0393 2.5925, 2.0669 -0.0393 2.6325, 2.0669 -0.0393 3.0283, 1.8406 -0.0393 2.983, 1.631 -0.0393 2.8862, 1.5604 -0.0393 2.126, 1.6005 -0.0393 2.2742, 1.6774 -0.0393 2.407, 1.7859 -0.0393 2.5156, 1.1646 -0.0393 1.9685, 0.0 -0.0393 0.7102, 1.2099 -0.0393 1.7421, 1.3067 -0.0393 1.5325, 2.0669 -0.0393 1.462, 2.0669 -0.0393 1.0661, 1.9187 -0.0393 1.502, 1.7859 -0.0393 1.5789, 1.6774 -0.0393 1.6875, 1.6005 -0.0393 1.8203, 1.5604 -0.0393 1.9685, 1.4497 -0.0393 1.3513, 1.631 -0.0393 1.2083, 1.8406 -0.0393 1.1115, -1.1646 -0.0393 2.126, -1.7859 -0.0393 2.5156, -1.6774 -0.0393 2.407, -1.2099 -0.0393 2.3524, -1.3067 -0.0393 2.5619, -1.4497 -0.0393 2.7432, -1.631 -0.0393 2.8862, -1.9187 -0.0393 2.5925, -1.6005 -0.0393 2.2742, -1.5604 -0.0393 2.126, -1.8406 -0.0393 2.983, -2.0669 -0.0393 3.0283, -2.0669 -0.0393 2.6325, -1.9187 -0.0393 1.502, -2.0669 -0.0393 1.462, -1.4497 -0.0393 1.3513, -1.3067 -0.0393 1.5325, -1.2099 -0.0393 1.7421, -1.1646 -0.0393 1.9685, -1.5604 -0.0393 1.9685, -1.6005 -0.0393 1.8203, -1.6774 -0.0393 1.6875, -1.7859 -0.0393 1.5789, -2.0669 -0.0393 1.0661, -1.8406 -0.0393 1.1115, -1.631 -0.0393 1.2083
            ]
        }
        coordIndex [
            0,1,2,-1,3,4,2,-1,5,6,2,-1,2,6,7,-1,2,7,0,-1,4,8,2,-1,2,8,9,-1,2,9,5,-1,2,10,3,-1,3,10,11,-1,3,11,12,-1,12,11,13,-1,12,13,14,-1,13,15,14,-1,14,15,16,-1,14,16,17,-1,17,18,14,-1,14,18,19,-1,14,19,20,-1,21,22,23,-1,21,23,24,-1,22,21,25,-1,25,21,26,-1,25,26,0,-1,0,26,27,-1,0,27,1,-1,23,28,24,-1,24,28,29,-1,24,29,30,-1,30,29,31,-1,30,31,32,-1,20,33,14,-1,14,33,34,-1,14,34,31,-1,31,34,35,-1,31,35,32,-1,36,37,38,-1,39,40,41,-1,41,40,36,-1,41,36,42,-1,42,36,38,-1,43,44,45,-1,45,46,43,-1,43,46,47,-1,43,47,36,-1,36,47,48,-1,36,48,37,-1,44,43,49,-1,49,43,50,-1,49,50,51,-1,52,53,54,-1,54,53,55,-1,52,56,53,-1,53,56,57,-1,53,57,50,-1,50,57,58,-1,50,58,51,-1,55,53,59,-1,59,53,60,-1,59,60,61,-1,62,63,64,-1,64,65,62,-1,62,65,66,-1,62,66,60,-1,60,66,67,-1,60,67,61,-1,63,62,31,-1,31,62,14,-1,3,12,68,-1,68,12,69,-1,70,68,69,-1,71,72,73,-1,73,72,74,-1,73,74,69,-1,69,74,75,-1,69,75,70,-1,76,77,78,-1,78,77,79,-1,78,79,80,-1,80,79,81,-1,80,81,82,-1,82,83,80,-1,80,83,84,-1,80,84,73,-1,73,84,85,-1,73,85,71,-1,86,87,88,-1,88,87,89,-1,88,89,78,-1,78,89,90,-1,78,90,76,-1,91,92,88,-1,88,92,93,-1,88,93,86,-1,94,95,91,-1,91,95,96,-1,91,96,97,-1,97,98,91,-1,91,98,99,-1,91,99,92,-1,100,101,102,-1,102,101,103,-1,104,105,106,-1,107,108,109,-1,110,111,112,-1,112,111,113,-1,112,113,114,-1,114,113,115,-1,116,117,118,-1,118,117,119,-1,118,119,120,-1,113,121,115,-1,115,121,122,-1,115,122,119,-1,119,122,123,-1,119,123,120,-1,109,108,124,-1,116,118,109,-1,109,118,125,-1,109,125,107,-1,126,127,108,-1,108,127,128,-1,108,128,124,-1,129,130,131,-1,131,130,127,-1,131,127,132,-1,132,127,126,-1,129,131,106,-1,106,131,133,-1,106,133,104,-1,134,135,136,-1,135,137,136,-1,136,137,138,-1,136,138,139,-1,139,138,140,-1,139,140,105,-1,105,140,141,-1,105,141,106,-1,134,136,142,-1,142,136,143,-1,142,143,144,-1,144,145,142,-1,142,145,146,-1,142,146,147,-1,147,146,148,-1,147,148,149,-1,150,151,152,-1,152,151,153,-1,152,153,154,-1,149,148,155,-1,155,148,156,-1,155,156,153,-1,153,156,157,-1,153,157,154,-1,150,7,6,-1,150,6,158,-1,158,6,5,-1,158,5,159,-1,159,5,9,-1,159,9,160,-1,160,9,8,-1,160,8,161,-1,161,8,4,-1,161,4,162,-1,162,4,3,-1,162,3,68,-1,163,164,165,-1,165,164,166,-1,165,166,94,-1,94,166,167,-1,94,167,95,-1,165,168,163,-1,163,168,103,-1,163,103,101,-1,155,153,169,-1,72,71,170,-1,142,147,171,-1,84,83,172,-1,140,138,173,-1,77,76,174,-1,129,106,175,-1,89,87,176,-1,128,127,177,-1,92,99,178,-1,179,180,181,-1,181,180,182,-1,181,182,183,-1,183,182,184,-1,184,182,185,-1,184,185,186,-1,186,185,187,-1,186,187,188,-1,96,95,189,-1,189,95,190,-1,189,190,187,-1,187,190,191,-1,187,191,188,-1,97,96,192,-1,192,96,189,-1,192,189,193,-1,193,189,187,-1,193,187,194,-1,194,187,185,-1,194,185,195,-1,195,185,182,-1,195,182,196,-1,196,182,180,-1,114,115,197,-1,98,97,198,-1,198,97,192,-1,198,192,199,-1,199,192,193,-1,199,193,200,-1,200,193,194,-1,200,194,201,-1,201,194,195,-1,201,195,197,-1,197,195,196,-1,197,196,114,-1,114,196,180,-1,114,180,112,-1,112,180,179,-1,112,179,110,-1,99,98,178,-1,178,98,198,-1,178,198,202,-1,202,198,199,-1,202,199,203,-1,203,199,200,-1,203,200,204,-1,204,200,201,-1,204,201,205,-1,205,201,197,-1,117,116,206,-1,93,92,207,-1,207,92,178,-1,207,178,208,-1,208,178,202,-1,208,202,209,-1,209,202,203,-1,209,203,210,-1,210,203,204,-1,210,204,206,-1,206,204,205,-1,206,205,117,-1,117,205,197,-1,117,197,119,-1,119,197,115,-1,86,93,211,-1,211,93,207,-1,211,207,212,-1,212,207,208,-1,212,208,213,-1,213,208,209,-1,213,209,214,-1,214,209,210,-1,214,210,215,-1,215,210,206,-1,128,177,124,-1,87,86,176,-1,176,86,211,-1,176,211,216,-1,216,211,212,-1,216,212,217,-1,217,212,213,-1,217,213,218,-1,218,213,214,-1,218,214,177,-1,177,214,215,-1,177,215,124,-1,124,215,206,-1,124,206,109,-1,109,206,116,-1,90,89,219,-1,219,89,176,-1,219,176,220,-1,220,176,216,-1,220,216,221,-1,221,216,217,-1,221,217,222,-1,222,217,218,-1,222,218,223,-1,223,218,177,-1,223,177,130,-1,130,177,127,-1,76,90,174,-1,174,90,219,-1,174,219,224,-1,224,219,220,-1,224,220,225,-1,225,220,221,-1,225,221,226,-1,226,221,222,-1,226,222,175,-1,175,222,223,-1,175,223,129,-1,129,223,130,-1,79,77,227,-1,227,77,174,-1,227,174,228,-1,228,174,224,-1,228,224,229,-1,229,224,225,-1,229,225,230,-1,230,225,226,-1,230,226,231,-1,231,226,175,-1,231,175,141,-1,141,175,106,-1,81,79,232,-1,232,79,227,-1,232,227,233,-1,233,227,228,-1,233,228,234,-1,234,228,229,-1,234,229,235,-1,235,229,230,-1,235,230,173,-1,173,230,231,-1,173,231,140,-1,140,231,141,-1,82,81,236,-1,236,81,232,-1,236,232,237,-1,237,232,233,-1,237,233,238,-1,238,233,234,-1,238,234,239,-1,239,234,235,-1,239,235,240,-1,240,235,173,-1,240,173,137,-1,137,173,138,-1,83,82,172,-1,172,82,236,-1,172,236,241,-1,241,236,237,-1,241,237,242,-1,242,237,238,-1,242,238,243,-1,243,238,239,-1,243,239,244,-1,244,239,240,-1,244,240,135,-1,135,240,137,-1,85,84,245,-1,245,84,172,-1,245,172,246,-1,246,172,241,-1,246,241,247,-1,247,241,242,-1,247,242,248,-1,248,242,243,-1,248,243,249,-1,249,243,244,-1,249,244,134,-1,134,244,135,-1,71,85,170,-1,170,85,245,-1,170,245,250,-1,250,245,246,-1,250,246,251,-1,251,246,247,-1,251,247,252,-1,252,247,248,-1,252,248,171,-1,171,248,249,-1,171,249,142,-1,142,249,134,-1,74,72,253,-1,253,72,170,-1,253,170,254,-1,254,170,250,-1,254,250,255,-1,255,250,251,-1,255,251,256,-1,256,251,252,-1,256,252,257,-1,257,252,171,-1,257,171,149,-1,149,171,147,-1,75,74,258,-1,258,74,253,-1,258,253,259,-1,259,253,254,-1,259,254,260,-1,260,254,255,-1,260,255,261,-1,261,255,256,-1,261,256,169,-1,169,256,257,-1,169,257,155,-1,155,257,149,-1,70,75,262,-1,262,75,258,-1,262,258,263,-1,263,258,259,-1,263,259,264,-1,264,259,260,-1,264,260,265,-1,265,260,261,-1,265,261,266,-1,266,261,169,-1,266,169,151,-1,151,169,153,-1,68,70,162,-1,162,70,262,-1,162,262,161,-1,161,262,263,-1,161,263,160,-1,160,263,264,-1,160,264,159,-1,159,264,265,-1,159,265,158,-1,158,265,266,-1,158,266,150,-1,150,266,151,-1,267,268,269,-1,190,95,167,-1,181,183,269,-1,269,183,184,-1,269,184,186,-1,181,269,179,-1,179,269,268,-1,179,268,110,-1,101,267,163,-1,163,267,269,-1,163,269,164,-1,164,269,186,-1,164,186,166,-1,166,186,188,-1,166,188,167,-1,167,188,191,-1,167,191,190,-1,102,270,100,-1,100,270,271,-1,271,270,272,-1,272,270,273,-1,272,273,274,-1,274,273,275,-1,275,273,40,-1,275,40,39,-1,111,110,276,-1,276,110,268,-1,276,268,277,-1,268,267,277,-1,277,267,101,-1,277,101,100,-1,111,276,278,-1,278,276,279,-1,278,279,280,-1,281,282,279,-1,279,282,283,-1,279,283,280,-1,275,39,284,-1,277,100,271,-1,284,285,275,-1,275,285,286,-1,275,286,274,-1,274,286,281,-1,274,281,272,-1,272,281,279,-1,272,279,271,-1,271,279,276,-1,271,276,277,-1,0,152,287,-1,0,287,25,-1,25,287,288,-1,25,288,22,-1,22,288,289,-1,22,289,23,-1,23,289,290,-1,23,290,28,-1,28,290,291,-1,28,291,29,-1,29,291,63,-1,29,63,31,-1,156,148,292,-1,67,66,293,-1,145,144,294,-1,55,59,295,-1,105,104,296,-1,58,57,297,-1,131,132,298,-1,44,49,299,-1,108,107,300,-1,118,120,301,-1,48,47,302,-1,122,121,303,-1,304,113,111,-1,305,285,306,-1,306,285,284,-1,306,284,41,-1,41,284,39,-1,307,281,305,-1,305,281,286,-1,305,286,285,-1,111,278,304,-1,304,278,280,-1,304,280,308,-1,308,280,283,-1,308,283,307,-1,307,283,282,-1,307,282,281,-1,121,113,303,-1,303,113,304,-1,303,304,309,-1,309,304,308,-1,309,308,310,-1,310,308,307,-1,310,307,311,-1,311,307,305,-1,311,305,312,-1,312,305,306,-1,312,306,42,-1,42,306,41,-1,123,122,313,-1,313,122,303,-1,313,303,314,-1,314,303,309,-1,314,309,315,-1,315,309,310,-1,315,310,316,-1,316,310,311,-1,316,311,317,-1,317,311,312,-1,317,312,38,-1,38,312,42,-1,120,123,301,-1,301,123,313,-1,301,313,318,-1,318,313,314,-1,318,314,319,-1,319,314,315,-1,319,315,320,-1,320,315,316,-1,320,316,321,-1,321,316,317,-1,321,317,37,-1,37,317,38,-1,125,118,322,-1,322,118,301,-1,322,301,323,-1,323,301,318,-1,323,318,324,-1,324,318,319,-1,324,319,325,-1,325,319,320,-1,325,320,302,-1,302,320,321,-1,302,321,48,-1,48,321,37,-1,107,125,300,-1,300,125,322,-1,300,322,326,-1,326,322,323,-1,326,323,327,-1,327,323,324,-1,327,324,328,-1,328,324,325,-1,328,325,329,-1,329,325,302,-1,329,302,46,-1,46,302,47,-1,126,108,330,-1,330,108,300,-1,330,300,331,-1,331,300,326,-1,331,326,332,-1,332,326,327,-1,332,327,333,-1,333,327,328,-1,333,328,334,-1,334,328,329,-1,334,329,45,-1,45,329,46,-1,132,126,298,-1,298,126,330,-1,298,330,335,-1,335,330,331,-1,335,331,336,-1,336,331,332,-1,336,332,337,-1,337,332,333,-1,337,333,299,-1,299,333,334,-1,299,334,44,-1,44,334,45,-1,133,131,338,-1,338,131,298,-1,338,298,339,-1,339,298,335,-1,339,335,340,-1,340,335,336,-1,340,336,341,-1,341,336,337,-1,341,337,342,-1,342,337,299,-1,342,299,51,-1,51,299,49,-1,104,133,296,-1,296,133,338,-1,296,338,343,-1,343,338,339,-1,343,339,344,-1,344,339,340,-1,344,340,345,-1,345,340,341,-1,345,341,297,-1,297,341,342,-1,297,342,58,-1,58,342,51,-1,139,105,346,-1,346,105,296,-1,346,296,347,-1,347,296,343,-1,347,343,348,-1,348,343,344,-1,348,344,349,-1,349,344,345,-1,349,345,350,-1,350,345,297,-1,350,297,56,-1,56,297,57,-1,136,139,351,-1,351,139,346,-1,351,346,352,-1,352,346,347,-1,352,347,353,-1,353,347,348,-1,353,348,354,-1,354,348,349,-1,354,349,355,-1,355,349,350,-1,355,350,52,-1,52,350,56,-1,143,136,356,-1,356,136,351,-1,356,351,357,-1,357,351,352,-1,357,352,358,-1,358,352,353,-1,358,353,359,-1,359,353,354,-1,359,354,360,-1,360,354,355,-1,360,355,54,-1,54,355,52,-1,144,143,294,-1,294,143,356,-1,294,356,361,-1,361,356,357,-1,361,357,362,-1,362,357,358,-1,362,358,363,-1,363,358,359,-1,363,359,295,-1,295,359,360,-1,295,360,55,-1,55,360,54,-1,146,145,364,-1,364,145,294,-1,364,294,365,-1,365,294,361,-1,365,361,366,-1,366,361,362,-1,366,362,367,-1,367,362,363,-1,367,363,368,-1,368,363,295,-1,368,295,61,-1,61,295,59,-1,148,146,292,-1,292,146,364,-1,292,364,369,-1,369,364,365,-1,369,365,370,-1,370,365,366,-1,370,366,371,-1,371,366,367,-1,371,367,293,-1,293,367,368,-1,293,368,67,-1,67,368,61,-1,157,156,372,-1,372,156,292,-1,372,292,373,-1,373,292,369,-1,373,369,374,-1,374,369,370,-1,374,370,375,-1,375,370,371,-1,375,371,376,-1,376,371,293,-1,376,293,65,-1,65,293,66,-1,154,157,377,-1,377,157,372,-1,377,372,378,-1,378,372,373,-1,378,373,379,-1,379,373,374,-1,379,374,380,-1,380,374,375,-1,380,375,381,-1,381,375,376,-1,381,376,64,-1,64,376,65,-1,152,154,287,-1,287,154,377,-1,287,377,288,-1,288,377,378,-1,288,378,289,-1,289,378,379,-1,289,379,290,-1,290,379,380,-1,290,380,291,-1,291,380,381,-1,291,381,63,-1,63,381,64,-1,382,34,383,-1,383,34,33,-1,15,384,16,-1,16,384,385,-1,16,385,17,-1,17,385,386,-1,17,386,18,-1,18,386,387,-1,18,387,19,-1,19,387,388,-1,19,388,20,-1,20,388,389,-1,20,389,33,-1,33,389,390,-1,33,390,383,-1,391,35,392,-1,392,35,34,-1,392,34,382,-1,393,1,394,-1,394,1,27,-1,394,27,395,-1,395,27,26,-1,395,26,396,-1,396,26,21,-1,396,21,397,-1,397,21,24,-1,397,24,398,-1,398,24,30,-1,398,30,399,-1,399,30,32,-1,399,32,391,-1,391,32,35,-1,400,401,2,-1,1,393,402,-1,1,402,2,-1,2,402,403,-1,2,403,400,-1,404,10,405,-1,405,10,2,-1,405,2,401,-1,406,11,407,-1,407,11,10,-1,407,10,404,-1,408,13,409,-1,409,13,11,-1,409,11,410,-1,410,11,406,-1,13,408,411,-1,384,15,412,-1,412,15,13,-1,412,13,413,-1,413,13,411,-1,414,400,415,-1,416,392,417,-1,392,416,391,-1,418,419,417,-1,417,419,420,-1,417,420,421,-1,418,417,422,-1,422,417,402,-1,422,402,423,-1,423,402,393,-1,423,393,424,-1,421,425,417,-1,417,425,426,-1,417,426,416,-1,397,427,396,-1,396,427,395,-1,416,428,391,-1,391,428,429,-1,391,429,399,-1,399,429,427,-1,399,427,398,-1,398,427,397,-1,424,393,427,-1,427,393,394,-1,427,394,395,-1,400,414,401,-1,430,431,405,-1,405,431,432,-1,433,434,415,-1,414,435,401,-1,401,435,436,-1,401,436,405,-1,405,436,437,-1,405,437,430,-1,434,438,415,-1,415,438,439,-1,415,439,414,-1,431,440,432,-1,432,440,441,-1,432,441,415,-1,415,441,442,-1,415,442,433,-1,404,405,407,-1,407,405,432,-1,407,432,406,-1,406,432,410,-1,415,443,432,-1,432,443,444,-1,432,444,410,-1,410,444,445,-1,446,415,447,-1,447,415,448,-1,446,449,415,-1,415,449,450,-1,415,450,443,-1,445,451,410,-1,410,451,452,-1,410,452,409,-1,453,454,455,-1,455,454,409,-1,455,409,456,-1,456,409,452,-1,384,390,389,-1,389,388,384,-1,384,388,387,-1,384,387,385,-1,385,387,386,-1,457,458,459,-1,459,458,460,-1,459,460,383,-1,461,462,417,-1,417,462,463,-1,417,463,464,-1,460,465,383,-1,383,465,466,-1,383,466,382,-1,466,467,382,-1,382,467,468,-1,382,468,392,-1,392,468,469,-1,392,469,417,-1,417,469,470,-1,417,470,461,-1,471,472,473,-1,473,472,403,-1,473,403,474,-1,474,403,475,-1,476,477,417,-1,417,477,478,-1,417,478,402,-1,402,478,479,-1,402,479,403,-1,403,479,480,-1,403,480,475,-1,471,481,417,-1,417,481,482,-1,482,483,417,-1,417,483,484,-1,417,484,476,-1,471,417,472,-1,472,417,485,-1,472,485,486,-1,486,485,487,-1,486,487,488,-1,464,457,417,-1,417,457,459,-1,417,459,489,-1,489,459,490,-1,489,491,417,-1,417,491,492,-1,417,492,493,-1,493,494,417,-1,417,494,495,-1,417,495,485,-1,488,496,486,-1,486,496,497,-1,486,497,459,-1,459,497,498,-1,459,498,490,-1,499,472,415,-1,500,501,415,-1,472,499,403,-1,403,499,502,-1,403,502,503,-1,503,504,403,-1,403,504,505,-1,403,505,400,-1,500,415,506,-1,501,507,415,-1,415,507,508,-1,415,508,499,-1,505,509,400,-1,400,509,510,-1,400,510,415,-1,415,510,511,-1,415,511,506,-1,512,513,415,-1,415,513,454,-1,415,454,448,-1,448,454,453,-1,514,515,486,-1,486,515,516,-1,486,516,472,-1,472,516,517,-1,472,517,415,-1,415,517,518,-1,415,518,519,-1,519,520,415,-1,415,520,521,-1,415,521,512,-1,513,522,454,-1,454,522,523,-1,454,523,486,-1,486,523,524,-1,486,524,514,-1,408,409,411,-1,411,409,454,-1,411,454,413,-1,413,454,486,-1,413,486,412,-1,412,486,459,-1,412,459,384,-1,384,459,383,-1,384,383,390,-1,
        ]
    }
}
Shape{
    appearance Appearance {
        material  Material 	{
            diffuseColor 0.6666666666666666 0.6666666666666666 0.6666666666666666
            specularColor 0.4666666666666667 0.4666666666666667 0.4666666666666667
            ambientIntensity 0.6667
            transparency 0.0
            shininess 0.5
        }
    }
    geometry IndexedFaceSet {
        ccw TRUE
        solid FALSE
        coord DEF co Coordinate {
            point [
                -2.2244 6.8504 3.0283, -2.2244 -0.0393 3.0283, -2.2244 7.0473 2.8307, -2.2244 -0.0393 2.6325, -2.2244 7.0473 2.6325, -2.0669 -0.0393 3.0283, -2.0669 6.8504 3.0283, -2.0669 -0.0393 2.6325, -2.0669 7.0473 2.8307, -2.0669 7.0473 2.6325, -2.0669 6.8504 1.0661, -2.0669 -0.0393 1.0661, -2.0669 7.0473 1.2638, -2.0669 -0.0393 1.462, -2.0669 7.0473 1.462, -2.2244 -0.0393 1.0661, -2.2244 6.8504 1.0661, -2.2244 -0.0393 1.462, -2.2244 7.0473 1.2638, -2.2244 7.0473 1.462, -1.1646 6.8504 2.126, -1.1646 -0.0393 2.126, -1.3622 7.0473 2.126, -1.5604 -0.0393 2.126, -1.5604 7.0473 2.126, -1.1646 -0.0393 1.9685, -1.1646 6.8504 1.9685, -1.5604 -0.0393 1.9685, -1.3622 7.0473 1.9685, -1.5604 7.0473 1.9685, -3.1268 6.8504 1.9685, -3.1268 -0.0393 1.9685, -2.9291 7.0473 1.9685, -2.7309 -0.0393 1.9685, -2.7309 7.0473 1.9685, -3.1268 -0.0393 2.126, -3.1268 6.8504 2.126, -2.7309 -0.0393 2.126, -2.9291 7.0473 2.126, -2.7309 7.0473 2.126
            ]
        }
        coordIndex [
            0,1,2,-1,2,1,3,-1,2,3,4,-1,5,6,7,-1,7,6,8,-1,7,8,9,-1,10,11,12,-1,12,11,13,-1,12,13,14,-1,15,16,17,-1,17,16,18,-1,17,18,19,-1,20,21,22,-1,22,21,23,-1,22,23,24,-1,25,26,27,-1,27,26,28,-1,27,28,29,-1,30,31,32,-1,32,31,33,-1,32,33,34,-1,35,36,37,-1,37,36,38,-1,37,38,39,-1,
        ]
    }
}
Shape{
    appearance Appearance {
        material  Material 	{
            diffuseColor 0.7019607843137254 0.6549019607843137 0.09411764705882353
            specularColor 0.050980392156862744 0.047058823529411764 0.00784313725490196
            ambientIntensity 0.8648
            transparency 0.0
            shininess 0.5
        }
    }
    geometry IndexedFaceSet {
        ccw TRUE
        solid FALSE
        coord DEF co Coordinate {
            point [
                -1.4567 -1.8464 0.0, -1.4802 -1.6681 -0.9842, -1.4802 -1.6681 0.0, -1.549 -1.5019 -0.9842, -1.549 -1.5019 0.0, -1.6585 -1.3592 -0.9842, -1.6585 -1.3592 0.0, -1.8012 -1.2497 -0.9842, -1.8012 -1.2497 0.0, -1.9673 -1.1809 -0.9842, -1.9673 -1.1809 0.0, -2.1457 -1.1574 -0.9842, -2.1457 -1.1574 0.0, -2.324 -1.1809 -0.9842, -2.324 -1.1809 0.0, -2.4902 -1.2497 -0.9842, -2.4902 -1.2497 0.0, -2.6328 -1.3592 -0.9842, -2.6328 -1.3592 0.0, -2.7423 -1.5019 -0.9842, -2.7423 -1.5019 0.0, -2.8112 -1.6681 -0.9842, -2.8112 -1.6681 0.0, -2.8346 -1.8464 -0.9842, -2.8346 -1.8464 0.0, -2.8112 -2.0247 -0.9842, -2.8112 -2.0247 0.0, -2.7423 -2.1909 -0.9842, -2.7423 -2.1909 0.0, -2.6328 -2.3336 -0.9842, -2.6328 -2.3336 0.0, -2.4902 -2.4431 -0.9842, -2.4902 -2.4431 0.0, -2.324 -2.5119 -0.9842, -2.324 -2.5119 0.0, -2.1457 -2.5354 -0.9842, -2.1457 -2.5354 0.0, -1.9673 -2.5119 -0.9842, -1.9673 -2.5119 0.0, -1.8012 -2.4431 -0.9842, -1.8012 -2.4431 0.0, -1.6585 -2.3336 -0.9842, -1.6585 -2.3336 0.0, -1.549 -2.1909 -0.9842, -1.549 -2.1909 0.0, -1.4802 -2.0247 -0.9842, -1.4802 -2.0247 0.0, -1.4567 -1.8464 -0.9842, -2.5719 -2.0925 -1.1811, -2.621 -1.9738 -1.1811, -2.1457 -1.8464 -1.1811, -2.6378 -1.8464 -1.1811, -2.621 -1.719 -1.1811, -2.273 -2.3218 -1.1811, -2.3917 -2.2726 -1.1811, -2.4937 -2.1944 -1.1811, -1.8996 -2.2726 -1.1811, -2.0183 -2.3218 -1.1811, -2.1457 -2.3385 -1.1811, -1.6703 -1.9738 -1.1811, -1.7195 -2.0925 -1.1811, -1.7977 -2.1944 -1.1811, -1.7195 -1.6004 -1.1811, -1.6703 -1.719 -1.1811, -1.6535 -1.8464 -1.1811, -2.0183 -1.3711 -1.1811, -1.8996 -1.4202 -1.1811, -1.7977 -1.4984 -1.1811, -2.3917 -1.4202 -1.1811, -2.273 -1.3711 -1.1811, -2.1457 -1.3543 -1.1811, -2.5719 -1.6004 -1.1811, -2.4937 -1.4984 -1.1811, 1.4567 -1.8464 0.0, 1.4802 -2.0247 -0.9842, 1.4802 -2.0247 0.0, 1.549 -2.1909 -0.9842, 1.549 -2.1909 0.0, 1.6585 -2.3336 -0.9842, 1.6585 -2.3336 0.0, 1.8012 -2.4431 -0.9842, 1.8012 -2.4431 0.0, 1.9673 -2.5119 -0.9842, 1.9673 -2.5119 0.0, 2.1457 -2.5354 -0.9842, 2.1457 -2.5354 0.0, 2.324 -2.5119 -0.9842, 2.324 -2.5119 0.0, 2.4902 -2.4431 -0.9842, 2.4902 -2.4431 0.0, 2.6328 -2.3336 -0.9842, 2.6328 -2.3336 0.0, 2.7423 -2.1909 -0.9842, 2.7423 -2.1909 0.0, 2.8112 -2.0247 -0.9842, 2.8112 -2.0247 0.0, 2.8346 -1.8464 -0.9842, 2.8346 -1.8464 0.0, 2.8112 -1.6681 -0.9842, 2.8112 -1.6681 0.0, 2.7423 -1.5019 -0.9842, 2.7423 -1.5019 0.0, 2.6328 -1.3592 -0.9842, 2.6328 -1.3592 0.0, 2.4902 -1.2497 -0.9842, 2.4902 -1.2497 0.0, 2.324 -1.1809 -0.9842, 2.324 -1.1809 0.0, 2.1457 -1.1574 -0.9842, 2.1457 -1.1574 0.0, 1.9673 -1.1809 -0.9842, 1.9673 -1.1809 0.0, 1.8012 -1.2497 -0.9842, 1.8012 -1.2497 0.0, 1.6585 -1.3592 -0.9842, 1.6585 -1.3592 0.0, 1.549 -1.5019 -0.9842, 1.549 -1.5019 0.0, 1.4802 -1.6681 -0.9842, 1.4802 -1.6681 0.0, 1.4567 -1.8464 -0.9842, 2.5719 -1.6004 -1.1811, 2.621 -1.719 -1.1811, 2.1457 -1.8464 -1.1811, 2.6378 -1.8464 -1.1811, 2.621 -1.9738 -1.1811, 2.273 -1.3711 -1.1811, 2.3917 -1.4202 -1.1811, 2.4937 -1.4984 -1.1811, 1.8996 -1.4202 -1.1811, 2.0183 -1.3711 -1.1811, 2.1457 -1.3543 -1.1811, 1.6703 -1.719 -1.1811, 1.7195 -1.6004 -1.1811, 1.7977 -1.4984 -1.1811, 1.7195 -2.0925 -1.1811, 1.6703 -1.9738 -1.1811, 1.6535 -1.8464 -1.1811, 2.0183 -2.3218 -1.1811, 1.8996 -2.2726 -1.1811, 1.7977 -2.1944 -1.1811, 2.3917 -2.2726 -1.1811, 2.273 -2.3218 -1.1811, 2.1457 -2.3385 -1.1811, 2.5719 -2.0925 -1.1811, 2.4937 -2.1944 -1.1811
            ]
        }
        coordIndex [
            0,1,2,-1,2,1,3,-1,2,3,4,-1,4,3,5,-1,4,5,6,-1,6,5,7,-1,6,7,8,-1,8,7,9,-1,8,9,10,-1,10,9,11,-1,10,11,12,-1,12,11,13,-1,12,13,14,-1,14,13,15,-1,14,15,16,-1,16,15,17,-1,16,17,18,-1,18,17,19,-1,18,19,20,-1,20,19,21,-1,20,21,22,-1,22,21,23,-1,22,23,24,-1,24,23,25,-1,24,25,26,-1,26,25,27,-1,26,27,28,-1,28,27,29,-1,28,29,30,-1,30,29,31,-1,30,31,32,-1,32,31,33,-1,32,33,34,-1,34,33,35,-1,34,35,36,-1,36,35,37,-1,36,37,38,-1,38,37,39,-1,38,39,40,-1,40,39,41,-1,40,41,42,-1,42,41,43,-1,42,43,44,-1,44,43,45,-1,44,45,46,-1,46,45,47,-1,46,47,0,-1,0,47,1,-1,48,49,50,-1,50,49,51,-1,50,51,52,-1,53,54,50,-1,50,54,55,-1,50,55,48,-1,56,57,50,-1,50,57,58,-1,50,58,53,-1,59,60,50,-1,50,60,61,-1,50,61,56,-1,62,63,50,-1,50,63,64,-1,50,64,59,-1,65,66,50,-1,50,66,67,-1,50,67,62,-1,68,69,50,-1,50,69,70,-1,50,70,65,-1,52,71,50,-1,50,71,72,-1,50,72,68,-1,47,63,1,-1,1,63,62,-1,1,62,3,-1,3,62,67,-1,3,67,5,-1,5,67,66,-1,5,66,7,-1,7,66,65,-1,7,65,9,-1,9,65,70,-1,9,70,11,-1,11,70,69,-1,11,69,13,-1,13,69,68,-1,13,68,15,-1,15,68,72,-1,15,72,17,-1,17,72,71,-1,17,71,19,-1,19,71,52,-1,19,52,21,-1,21,52,51,-1,21,51,23,-1,23,51,49,-1,23,49,25,-1,25,49,48,-1,25,48,27,-1,27,48,55,-1,27,55,29,-1,29,55,54,-1,29,54,31,-1,31,54,53,-1,31,53,33,-1,33,53,58,-1,33,58,35,-1,35,58,57,-1,35,57,37,-1,37,57,56,-1,37,56,39,-1,39,56,61,-1,39,61,41,-1,41,61,60,-1,41,60,43,-1,43,60,59,-1,43,59,45,-1,45,59,64,-1,45,64,47,-1,47,64,63,-1,73,74,75,-1,75,74,76,-1,75,76,77,-1,77,76,78,-1,77,78,79,-1,79,78,80,-1,79,80,81,-1,81,80,82,-1,81,82,83,-1,83,82,84,-1,83,84,85,-1,85,84,86,-1,85,86,87,-1,87,86,88,-1,87,88,89,-1,89,88,90,-1,89,90,91,-1,91,90,92,-1,91,92,93,-1,93,92,94,-1,93,94,95,-1,95,94,96,-1,95,96,97,-1,97,96,98,-1,97,98,99,-1,99,98,100,-1,99,100,101,-1,101,100,102,-1,101,102,103,-1,103,102,104,-1,103,104,105,-1,105,104,106,-1,105,106,107,-1,107,106,108,-1,107,108,109,-1,109,108,110,-1,109,110,111,-1,111,110,112,-1,111,112,113,-1,113,112,114,-1,113,114,115,-1,115,114,116,-1,115,116,117,-1,117,116,118,-1,117,118,119,-1,119,118,120,-1,119,120,73,-1,73,120,74,-1,121,122,123,-1,123,122,124,-1,123,124,125,-1,126,127,123,-1,123,127,128,-1,123,128,121,-1,129,130,123,-1,123,130,131,-1,123,131,126,-1,132,133,123,-1,123,133,134,-1,123,134,129,-1,135,136,123,-1,123,136,137,-1,123,137,132,-1,138,139,123,-1,123,139,140,-1,123,140,135,-1,141,142,123,-1,123,142,143,-1,123,143,138,-1,125,144,123,-1,123,144,145,-1,123,145,141,-1,120,136,74,-1,74,136,135,-1,74,135,76,-1,76,135,140,-1,76,140,78,-1,78,140,139,-1,78,139,80,-1,80,139,138,-1,80,138,82,-1,82,138,143,-1,82,143,84,-1,84,143,142,-1,84,142,86,-1,86,142,141,-1,86,141,88,-1,88,141,145,-1,88,145,90,-1,90,145,144,-1,90,144,92,-1,92,144,125,-1,92,125,94,-1,94,125,124,-1,94,124,96,-1,96,124,122,-1,96,122,98,-1,98,122,121,-1,98,121,100,-1,100,121,128,-1,100,128,102,-1,102,128,127,-1,102,127,104,-1,104,127,126,-1,104,126,106,-1,106,126,131,-1,106,131,108,-1,108,131,130,-1,108,130,110,-1,110,130,129,-1,110,129,112,-1,112,129,134,-1,112,134,114,-1,114,134,133,-1,114,133,116,-1,116,133,132,-1,116,132,118,-1,118,132,137,-1,118,137,120,-1,120,137,136,-1,
        ]
    }
}
Shape{
    appearance Appearance {
        material  Material 	{
            diffuseColor 0.6666666666666666 0.6666666666666666 0.6666666666666666
            specularColor 0.4666666666666667 0.4666666666666667 0.4666666666666667
            ambientIntensity 0.6667
            transparency 0.0
            shininess 0.5
        }
    }
    geometry IndexedFaceSet {
        ccw TRUE
        solid FALSE
        coord DEF co Coordinate {
            point [
                -3.6024 1.5788 -1.1811, -3.6024 2.13 -1.1811, -3.6024 1.5788 0.0, -3.6024 2.13 0.0, -3.8386 1.5788 -1.1811, -3.8386 1.5788 0.0, -3.8386 2.13 -1.1811, -3.8386 2.13 0.0, 3.6024 2.13 -1.1811, 3.6024 1.5788 -1.1811, 3.6024 2.13 0.0, 3.6024 1.5788 0.0, 3.8386 2.13 -1.1811, 3.8386 2.13 0.0, 3.8386 1.5788 -1.1811, 3.8386 1.5788 0.0
            ]
        }
        coordIndex [
            0,1,2,-1,2,1,3,-1,4,0,5,-1,5,0,2,-1,6,4,7,-1,7,4,5,-1,1,6,3,-1,3,6,7,-1,4,6,0,-1,0,6,1,-1,8,9,10,-1,10,9,11,-1,12,8,13,-1,13,8,10,-1,14,12,15,-1,15,12,13,-1,9,14,11,-1,11,14,15,-1,12,14,8,-1,8,14,9,-1,
        ]
    }
}
Shape{
    appearance Appearance {
        material  Material 	{
            diffuseColor 0.0 0.0 0.0
            specularColor 0.0 0.0 0.0
            ambientIntensity 0.0
            transparency 0.0
            shininess 0.5
        }
    }
    geometry IndexedFaceSet {
        ccw TRUE
        solid FALSE
        coord DEF co Coordinate {
            point [
                0.4706 7.1931 4.0197, 0.4841 7.203 4.0197, 0.4661 7.1976 4.0197, 0.479 7.2081 4.0197, 0.4556 7.2045 4.0197, 0.4648 7.2178 4.0197, 0.4437 7.2087 4.0197, 0.4484 7.2238 4.0197, 0.4268 7.2104 4.0197, 0.4275 7.2261 4.0197, 0.4062 7.2104 4.0197, 0.3886 7.2261 4.0197, 0.4062 7.1055 4.0197, 0.3886 7.0899 4.0197, 0.426 7.1055 4.0197, 0.4261 7.0899 4.0197, 0.4443 7.1076 4.0197, 0.4464 7.0921 4.0197, 0.4557 7.1119 4.0197, 0.4625 7.0977 4.0197, 0.4646 7.1179 4.0197, 0.4759 7.1064 4.0197, 0.4665 7.1197 4.0197, 0.479 7.109 4.0197, 0.4736 7.1286 4.0197, 0.4894 7.1216 4.0197, 0.4781 7.1389 4.0197, 0.496 7.1358 4.0197, 0.4807 7.1515 4.0197, 0.4992 7.1518 4.0197, 0.481 7.1593 4.0197, 0.4995 7.1598 4.0197, 0.4793 7.175 4.0197, 0.4974 7.1779 4.0197, 0.4757 7.1853 4.0197, 0.4925 7.191 4.0197, 0.479 7.109 4.0158, 0.4894 7.1216 4.0158, 0.496 7.1358 4.0158, 0.4992 7.1518 4.0158, 0.4995 7.1598 4.0158, 0.4974 7.1779 4.0158, 0.4925 7.191 4.0158, 0.4841 7.203 4.0158, 0.479 7.2081 4.0158, 0.4648 7.2178 4.0158, 0.4484 7.2238 4.0158, 0.4275 7.2261 4.0158, 0.3886 7.2261 4.0158, 0.3886 7.0899 4.0158, 0.4261 7.0899 4.0158, 0.4464 7.0921 4.0158, 0.4625 7.0977 4.0158, 0.4759 7.1064 4.0158, 0.4661 7.1976 4.0158, 0.4706 7.1931 4.0158, 0.4757 7.1853 4.0158, 0.4793 7.175 4.0158, 0.481 7.1593 4.0158, 0.4268 7.2104 4.0158, 0.4437 7.2087 4.0158, 0.4556 7.2045 4.0158, 0.4062 7.2104 4.0158, 0.4062 7.1055 4.0158, 0.426 7.1055 4.0158, 0.4665 7.1197 4.0158, 0.4646 7.1179 4.0158, 0.4557 7.1119 4.0158, 0.4443 7.1076 4.0158, 0.4807 7.1515 4.0158, 0.4781 7.1389 4.0158, 0.4736 7.1286 4.0158
            ]
        }
        coordIndex [
            0,1,2,-1,2,1,3,-1,2,3,4,-1,4,3,5,-1,4,5,6,-1,6,5,7,-1,6,7,8,-1,8,7,9,-1,8,9,10,-1,10,9,11,-1,10,11,12,-1,12,11,13,-1,12,13,14,-1,14,13,15,-1,14,15,16,-1,16,15,17,-1,16,17,18,-1,18,17,19,-1,18,19,20,-1,20,19,21,-1,20,21,22,-1,22,21,23,-1,22,23,24,-1,24,23,25,-1,24,25,26,-1,26,25,27,-1,26,27,28,-1,28,27,29,-1,28,29,30,-1,30,29,31,-1,30,31,32,-1,32,31,33,-1,32,33,34,-1,34,33,35,-1,34,35,0,-1,0,35,1,-1,23,36,37,-1,23,37,25,-1,25,37,38,-1,25,38,27,-1,27,38,39,-1,27,39,29,-1,29,39,40,-1,29,40,31,-1,31,40,41,-1,31,41,33,-1,33,41,42,-1,33,42,35,-1,35,42,43,-1,35,43,1,-1,1,43,44,-1,1,44,3,-1,3,44,45,-1,3,45,5,-1,5,45,46,-1,5,46,7,-1,7,46,47,-1,7,47,9,-1,11,9,48,-1,48,9,47,-1,13,11,49,-1,49,11,48,-1,15,13,50,-1,50,13,49,-1,15,50,51,-1,15,51,17,-1,17,51,52,-1,17,52,19,-1,19,52,53,-1,19,53,21,-1,21,53,36,-1,21,36,23,-1,2,54,55,-1,2,55,0,-1,0,55,56,-1,0,56,34,-1,34,56,57,-1,34,57,32,-1,32,57,58,-1,32,58,30,-1,8,59,60,-1,8,60,6,-1,6,60,61,-1,6,61,4,-1,4,61,54,-1,4,54,2,-1,8,10,59,-1,59,10,62,-1,10,12,62,-1,62,12,63,-1,12,14,63,-1,63,14,64,-1,22,65,66,-1,22,66,20,-1,20,66,67,-1,20,67,18,-1,18,67,68,-1,18,68,16,-1,16,68,64,-1,16,64,14,-1,30,58,69,-1,30,69,28,-1,28,69,70,-1,28,70,26,-1,26,70,71,-1,26,71,24,-1,24,71,65,-1,24,65,22,-1,
        ]
    }
}
Shape{
    appearance Appearance {
        material  Material 	{
            diffuseColor 0.7019607843137254 0.6549019607843137 0.09411764705882353
            specularColor 0.050980392156862744 0.047058823529411764 0.00784313725490196
            ambientIntensity 0.8648
            transparency 0.0
            shininess 0.5
        }
    }
    geometry IndexedFaceSet {
        ccw TRUE
        solid FALSE
        coord DEF co Coordinate {
            point [
                0.4062 7.2104 4.0158, 0.4062 7.1055 4.0158, 0.4268 7.2104 4.0158, 0.426 7.1055 4.0158, 0.4443 7.1076 4.0158, 0.4557 7.1119 4.0158, 0.4646 7.1179 4.0158, 0.4665 7.1197 4.0158, 0.4736 7.1286 4.0158, 0.4781 7.1389 4.0158, 0.4807 7.1515 4.0158, 0.481 7.1593 4.0158, 0.4793 7.175 4.0158, 0.4757 7.1853 4.0158, 0.4706 7.1931 4.0158, 0.4661 7.1976 4.0158, 0.4437 7.2087 4.0158, 0.4556 7.2045 4.0158
            ]
        }
        coordIndex [
            0,1,2,-1,2,1,3,-1,2,3,4,-1,4,5,2,-1,2,5,6,-1,2,6,7,-1,7,8,2,-1,2,8,9,-1,2,9,10,-1,10,11,2,-1,2,11,12,-1,2,12,13,-1,13,14,2,-1,2,14,15,-1,2,15,16,-1,16,15,17,-1,
        ]
    }
}
Shape{
    appearance Appearance {
        material  Material 	{
            diffuseColor 0.0 0.0 0.0
            specularColor 0.0 0.0 0.0
            ambientIntensity 0.0
            transparency 0.0
            shininess 0.5
        }
    }
    geometry IndexedFaceSet {
        ccw TRUE
        solid FALSE
        coord DEF co Coordinate {
            point [
                0.227 7.114 4.0197, 0.227 7.114 4.0158, 0.2257 7.1094 4.0158, 0.2257 7.1094 4.0197, 0.2249 7.1061 4.0158, 0.2249 7.1061 4.0197, 0.2245 7.1061 4.0197, 0.2245 7.1061 4.0158, 0.2224 7.1141 4.0197, 0.2224 7.1141 4.0158, 0.197 7.1872 4.0158, 0.197 7.1872 4.0197, 0.2052 7.1635 4.0158, 0.1779 7.1872 4.0197, 0.1779 7.1872 4.0158, 0.2161 7.0901 4.0158, 0.2161 7.0901 4.0197, 0.2052 7.1177 4.0158, 0.2086 7.0725 4.0158, 0.2086 7.0725 4.0197, 0.2155 7.0888 4.0158, 0.2052 7.0663 4.0158, 0.2052 7.0663 4.0197, 0.2052 7.0663 4.0158, 0.2021 7.0628 4.0197, 0.2021 7.0628 4.0158, 0.1989 7.0606 4.0158, 0.1989 7.0606 4.0197, 0.1952 7.0592 4.0158, 0.1952 7.0592 4.0197, 0.1911 7.0587 4.0158, 0.1911 7.0587 4.0197, 0.1849 7.0595 4.0158, 0.1849 7.0595 4.0197, 0.1814 7.0607 4.0158, 0.1814 7.0607 4.0197, 0.1814 7.0455 4.0197, 0.1814 7.0455 4.0158, 0.1887 7.0443 4.0158, 0.1887 7.0443 4.0197, 0.1924 7.0441 4.0158, 0.1924 7.0441 4.0197, 0.1993 7.0449 4.0158, 0.1993 7.0449 4.0197, 0.2052 7.0472 4.0158, 0.2061 7.0475 4.0197, 0.2061 7.0475 4.0158, 0.212 7.0516 4.0158, 0.212 7.0516 4.0197, 0.2132 7.0527 4.0158, 0.2132 7.0527 4.0197, 0.2194 7.0602 4.0158, 0.2194 7.0602 4.0197, 0.2271 7.0752 4.0158, 0.2271 7.0752 4.0197, 0.2713 7.1872 4.0158, 0.2713 7.1872 4.0197, 0.2325 7.0888 4.0158, 0.2536 7.1872 4.0197, 0.2536 7.1872 4.0158, 0.1297 7.0876 4.0197, 0.1297 7.0876 4.0158, 0.1438 7.0891 4.0197, 0.1405 7.0888 4.0158, 0.1438 7.0891 4.0158, 0.1531 7.0924 4.0158, 0.1531 7.0924 4.0197, 0.1581 7.0954 4.0158, 0.1581 7.0954 4.0197, 0.163 7.0996 4.0158, 0.163 7.0996 4.0197, 0.1661 7.1041 4.0158, 0.1661 7.1041 4.0197, 0.1682 7.1095 4.0158, 0.1682 7.1095 4.0197, 0.169 7.1164 4.0158, 0.169 7.1164 4.0197, 0.1683 7.1227 4.0158, 0.1683 7.1227 4.0197, 0.1665 7.1278 4.0158, 0.1665 7.1278 4.0197, 0.1633 7.1325 4.0158, 0.1633 7.1325 4.0197, 0.1593 7.1361 4.0158, 0.1593 7.1361 4.0197, 0.1479 7.1424 4.0158, 0.1479 7.1424 4.0197, 0.1413 7.1451 4.0158, 0.1413 7.1451 4.0197, 0.1308 7.1497 4.0158, 0.1308 7.1497 4.0197, 0.1248 7.1534 4.0158, 0.1248 7.1534 4.0197, 0.1231 7.1553 4.0158, 0.1231 7.1553 4.0197, 0.1219 7.1576 4.0158, 0.1219 7.1576 4.0197, 0.1212 7.1602 4.0158, 0.1212 7.1602 4.0197, 0.121 7.1625 4.0158, 0.121 7.1625 4.0197, 0.1213 7.1652 4.0158, 0.1213 7.1652 4.0197, 0.1222 7.1675 4.0158, 0.1222 7.1675 4.0197, 0.1236 7.1697 4.0158, 0.1236 7.1697 4.0197, 0.1262 7.1719 4.0158, 0.1262 7.1719 4.0197, 0.13 7.174 4.0158, 0.13 7.174 4.0197, 0.1346 7.1752 4.0158, 0.1346 7.1752 4.0197, 0.1397 7.1756 4.0158, 0.1397 7.1756 4.0197, 0.1509 7.1743 4.0158, 0.1509 7.1743 4.0197, 0.1605 7.1708 4.0158, 0.1605 7.1708 4.0197, 0.1644 7.1685 4.0158, 0.1644 7.1685 4.0197, 0.1644 7.1851 4.0197, 0.1644 7.1851 4.0158, 0.1507 7.1888 4.0158, 0.1507 7.1888 4.0197, 0.1413 7.1894 4.0158, 0.1413 7.1894 4.0197, 0.1288 7.1881 4.0158, 0.1288 7.1881 4.0197, 0.1194 7.1847 4.0158, 0.1194 7.1847 4.0197, 0.1144 7.1817 4.0158, 0.1144 7.1817 4.0197, 0.1093 7.1771 4.0197, 0.1112 7.1789 4.0158, 0.1093 7.1771 4.0158, 0.1062 7.1725 4.0158, 0.1062 7.1725 4.0197, 0.1041 7.167 4.0158, 0.1041 7.167 4.0197, 0.1035 7.1609 4.0158, 0.1035 7.1609 4.0197, 0.1042 7.1543 4.0158, 0.1042 7.1543 4.0197, 0.1061 7.1491 4.0158, 0.1061 7.1491 4.0197, 0.1083 7.1456 4.0158, 0.1083 7.1456 4.0197, 0.1293 7.1327 4.0158, 0.1293 7.1327 4.0197, 0.1191 7.1373 4.0197, 0.1111 7.1426 4.0158, 0.1111 7.1426 4.0197, 0.1112 7.1425 4.0158, 0.1191 7.1373 4.0158, 0.1405 7.128 4.0158, 0.1405 7.128 4.0197, 0.1471 7.124 4.0158, 0.1471 7.124 4.0197, 0.1493 7.1218 4.0158, 0.1493 7.1218 4.0197, 0.1506 7.1195 4.0158, 0.1506 7.1195 4.0197, 0.1514 7.1168 4.0158, 0.1514 7.1168 4.0197, 0.1515 7.1147 4.0158, 0.1515 7.1147 4.0197, 0.1512 7.1115 4.0158, 0.1512 7.1115 4.0197, 0.1503 7.109 4.0158, 0.1503 7.109 4.0197, 0.1488 7.1068 4.0158, 0.1488 7.1068 4.0197, 0.1469 7.1051 4.0158, 0.1469 7.1051 4.0197, 0.1453 7.1042 4.0158, 0.1453 7.1042 4.0197, 0.1409 7.1025 4.0158, 0.1409 7.1025 4.0197, 0.1322 7.1016 4.0158, 0.1322 7.1016 4.0197, 0.1314 7.1016 4.0158, 0.1314 7.1016 4.0197, 0.1033 7.111 4.0158, 0.1033 7.111 4.0197, 0.11 7.1068 4.0197, 0.1207 7.1028 4.0158, 0.1207 7.1028 4.0197, 0.1112 7.1064 4.0158, 0.11 7.1068 4.0158, 0.1033 7.0933 4.0197, 0.1033 7.0933 4.0158, 0.1156 7.0891 4.0197, 0.1112 7.0906 4.0158, 0.1185 7.0888 4.0158, 0.1156 7.0891 4.0158, 0.0632 7.0899 4.0197, 0.0802 7.0899 4.0197, 0.0632 7.105 4.0197, 0.0802 7.1525 4.0197, 0.0632 7.1518 4.0197, 0.0266 7.1317 4.0197, 0.031 7.1336 4.0197, 0.0404 7.1357 4.0197, 0.0632 7.1387 4.0197, 0.0632 7.1294 4.0197, 0.0627 7.105 4.0197, 0.0537 7.1075 4.0197, 0.0601 7.1009 4.0197, 0.0489 7.1042 4.0197, 0.0632 7.1283 4.0197, 0.0621 7.1207 4.0197, 0.0596 7.1146 4.0197, 0.0559 7.1096 4.0197, 0.0626 7.1593 4.0197, 0.0789 7.1654 4.0197, 0.0608 7.1654 4.0197, 0.0762 7.1732 4.0197, 0.0588 7.1689 4.0197, 0.0728 7.1787 4.0197, 0.0562 7.1716 4.0197, 0.0682 7.1831 4.0197, 0.0532 7.1736 4.0197, 0.0625 7.1863 4.0197, 0.0493 7.175 4.0197, 0.0554 7.1885 4.0197, 0.0435 7.1756 4.0197, 0.0451 7.1894 4.0197, 0.0332 7.1745 4.0197, 0.0277 7.1873 4.0197, 0.0225 7.1708 4.0197, 0.0151 7.1824 4.0197, 0.0116 7.1638 4.0197, 0.0116 7.1804 4.0197, 0.0229 7.1075 4.0197, 0.0104 7.0953 4.0197, 0.0243 7.106 4.0197, 0.0162 7.0913 4.0197, 0.0277 7.1037 4.0197, 0.0227 7.0888 4.0197, 0.0316 7.1023 4.0197, 0.0329 7.0876 4.0197, 0.0373 7.1016 4.0197, 0.0417 7.0886 4.0197, 0.0437 7.1023 4.0197, 0.0486 7.0911 4.0197, 0.0547 7.0951 4.0197, 0.0195 7.1201 4.0197, 0.0021 7.1182 4.0197, 0.0194 7.1174 4.0197, 0.0021 7.116 4.0197, 0.0198 7.1134 4.0197, 0.0029 7.1082 4.0197, 0.0209 7.1103 4.0197, 0.005 7.1025 4.0197, 0.0085 7.0972 4.0197, 0.0344 7.1477 4.0197, 0.0216 7.1446 4.0197, 0.0239 7.1297 4.0197, 0.0143 7.1409 4.0197, 0.0219 7.1272 4.0197, 0.009 7.1364 4.0197, 0.0204 7.124 4.0197, 0.0056 7.1315 4.0197, 0.0032 7.1255 4.0197, 0.0435 7.1756 4.0158, 0.0493 7.175 4.0158, 0.0532 7.1736 4.0158, 0.0562 7.1716 4.0158, 0.0588 7.1689 4.0158, 0.0608 7.1654 4.0158, 0.0626 7.1593 4.0158, 0.0632 7.1518 4.0158, 0.0344 7.1477 4.0158, 0.0216 7.1446 4.0158, 0.0143 7.1409 4.0158, 0.009 7.1364 4.0158, 0.0056 7.1315 4.0158, 0.0032 7.1255 4.0158, 0.0021 7.1182 4.0158, 0.0021 7.116 4.0158, 0.0029 7.1082 4.0158, 0.005 7.1025 4.0158, 0.0085 7.0972 4.0158, 0.0104 7.0953 4.0158, 0.0329 7.0876 4.0158, 0.023 7.0888 4.0158, 0.0227 7.0888 4.0158, 0.0162 7.0913 4.0158, 0.0417 7.0886 4.0158, 0.0422 7.0888 4.0158, 0.0486 7.0911 4.0158, 0.0547 7.0951 4.0158, 0.0601 7.1009 4.0158, 0.0627 7.105 4.0158, 0.0632 7.105 4.0158, 0.0632 7.0899 4.0158, 0.0802 7.0899 4.0158, 0.0802 7.1525 4.0158, 0.0789 7.1654 4.0158, 0.0762 7.1732 4.0158, 0.0728 7.1787 4.0158, 0.0682 7.1831 4.0158, 0.0625 7.1863 4.0158, 0.0554 7.1885 4.0158, 0.0451 7.1894 4.0158, 0.0277 7.1873 4.0158, 0.0151 7.1824 4.0158, 0.0116 7.1804 4.0158, 0.0116 7.1638 4.0158, 0.0225 7.1708 4.0158, 0.0332 7.1745 4.0158, 0.0559 7.1096 4.0158, 0.0537 7.1075 4.0158, 0.0489 7.1042 4.0158, 0.0437 7.1023 4.0158, 0.0373 7.1016 4.0158, 0.0632 7.1294 4.0158, 0.0632 7.1283 4.0158, 0.0621 7.1207 4.0158, 0.0596 7.1146 4.0158, 0.0632 7.1387 4.0158, 0.0404 7.1357 4.0158, 0.0239 7.1297 4.0158, 0.0266 7.1317 4.0158, 0.031 7.1336 4.0158, 0.0194 7.1174 4.0158, 0.0195 7.1201 4.0158, 0.0204 7.124 4.0158, 0.0219 7.1272 4.0158, 0.0243 7.106 4.0158, 0.0229 7.1075 4.0158, 0.0209 7.1103 4.0158, 0.0198 7.1134 4.0158, 0.0316 7.1023 4.0158, 0.0277 7.1037 4.0158
            ]
        }
        coordIndex [
            0,1,2,-1,0,2,3,-1,3,2,4,-1,3,4,5,-1,6,5,7,-1,7,5,4,-1,8,6,9,-1,9,6,7,-1,10,11,12,-1,12,11,8,-1,12,8,9,-1,13,11,14,-1,14,11,10,-1,15,16,17,-1,17,16,13,-1,17,13,14,-1,18,19,20,-1,20,19,16,-1,20,16,15,-1,19,18,21,-1,19,21,22,-1,22,21,23,-1,22,23,24,-1,23,25,24,-1,24,25,26,-1,24,26,27,-1,27,26,28,-1,27,28,29,-1,29,28,30,-1,29,30,31,-1,31,30,32,-1,31,32,33,-1,33,32,34,-1,33,34,35,-1,36,35,37,-1,37,35,34,-1,36,37,38,-1,36,38,39,-1,39,38,40,-1,39,40,41,-1,41,40,42,-1,41,42,43,-1,43,42,44,-1,43,44,45,-1,44,46,45,-1,45,46,47,-1,45,47,48,-1,48,47,49,-1,48,49,50,-1,50,49,51,-1,50,51,52,-1,52,51,53,-1,52,53,54,-1,55,56,57,-1,57,56,54,-1,57,54,53,-1,58,56,59,-1,59,56,55,-1,0,58,1,-1,1,58,59,-1,3,5,54,-1,56,58,54,-1,54,58,0,-1,54,0,3,-1,11,13,8,-1,8,13,16,-1,8,16,6,-1,52,22,50,-1,50,22,24,-1,35,36,33,-1,33,36,39,-1,33,39,31,-1,31,39,41,-1,31,41,29,-1,29,41,43,-1,29,43,27,-1,27,43,45,-1,27,45,24,-1,24,45,48,-1,24,48,50,-1,5,6,54,-1,54,6,16,-1,54,16,52,-1,52,16,19,-1,52,19,22,-1,60,61,62,-1,62,61,63,-1,63,64,62,-1,62,64,65,-1,62,65,66,-1,66,65,67,-1,66,67,68,-1,68,67,69,-1,68,69,70,-1,70,69,71,-1,70,71,72,-1,72,71,73,-1,72,73,74,-1,74,73,75,-1,74,75,76,-1,76,75,77,-1,76,77,78,-1,78,77,79,-1,78,79,80,-1,80,79,81,-1,80,81,82,-1,82,81,83,-1,82,83,84,-1,84,83,85,-1,84,85,86,-1,86,85,87,-1,86,87,88,-1,88,87,89,-1,88,89,90,-1,90,89,91,-1,90,91,92,-1,92,91,93,-1,92,93,94,-1,94,93,95,-1,94,95,96,-1,96,95,97,-1,96,97,98,-1,98,97,99,-1,98,99,100,-1,100,99,101,-1,100,101,102,-1,102,101,103,-1,102,103,104,-1,104,103,105,-1,104,105,106,-1,106,105,107,-1,106,107,108,-1,108,107,109,-1,108,109,110,-1,110,109,111,-1,110,111,112,-1,112,111,113,-1,112,113,114,-1,114,113,115,-1,114,115,116,-1,116,115,117,-1,116,117,118,-1,118,117,119,-1,118,119,120,-1,121,120,122,-1,122,120,119,-1,121,122,123,-1,121,123,124,-1,124,123,125,-1,124,125,126,-1,126,125,127,-1,126,127,128,-1,128,127,129,-1,128,129,130,-1,130,129,131,-1,130,131,132,-1,132,131,133,-1,133,131,134,-1,134,135,133,-1,133,135,136,-1,133,136,137,-1,137,136,138,-1,137,138,139,-1,139,138,140,-1,139,140,141,-1,141,140,142,-1,141,142,143,-1,143,142,144,-1,143,144,145,-1,145,144,146,-1,145,146,147,-1,148,149,150,-1,147,146,151,-1,147,151,152,-1,152,151,153,-1,152,153,150,-1,150,153,154,-1,150,154,148,-1,149,148,155,-1,149,155,156,-1,156,155,157,-1,156,157,158,-1,158,157,159,-1,158,159,160,-1,160,159,161,-1,160,161,162,-1,162,161,163,-1,162,163,164,-1,164,163,165,-1,164,165,166,-1,166,165,167,-1,166,167,168,-1,168,167,169,-1,168,169,170,-1,170,169,171,-1,170,171,172,-1,172,171,173,-1,172,173,174,-1,174,173,175,-1,174,175,176,-1,176,175,177,-1,176,177,178,-1,178,177,179,-1,178,179,180,-1,180,179,181,-1,180,181,182,-1,183,184,185,-1,182,181,186,-1,182,186,187,-1,187,186,188,-1,187,188,185,-1,185,188,189,-1,185,189,183,-1,190,184,191,-1,191,184,183,-1,190,191,192,-1,192,191,193,-1,61,60,194,-1,194,60,192,-1,194,192,195,-1,195,192,193,-1,106,108,130,-1,130,108,128,-1,156,88,149,-1,149,88,90,-1,66,68,172,-1,172,68,70,-1,172,70,170,-1,170,70,72,-1,170,72,168,-1,168,72,74,-1,168,74,166,-1,166,74,76,-1,166,76,164,-1,164,76,78,-1,164,78,162,-1,162,78,80,-1,162,80,160,-1,160,80,82,-1,160,82,158,-1,158,82,84,-1,158,84,156,-1,156,84,86,-1,156,86,88,-1,60,182,192,-1,192,182,187,-1,192,187,190,-1,190,187,185,-1,190,185,184,-1,108,110,128,-1,128,110,112,-1,128,112,126,-1,126,112,114,-1,126,114,124,-1,124,114,116,-1,124,116,121,-1,121,116,118,-1,121,118,120,-1,172,174,66,-1,66,174,176,-1,66,176,62,-1,62,176,178,-1,62,178,60,-1,60,178,180,-1,60,180,182,-1,130,132,106,-1,106,132,133,-1,106,133,104,-1,104,133,137,-1,104,137,102,-1,102,137,139,-1,102,139,100,-1,100,139,141,-1,100,141,98,-1,98,141,143,-1,98,143,96,-1,96,143,145,-1,96,145,94,-1,94,145,147,-1,94,147,92,-1,92,147,152,-1,92,152,90,-1,90,152,150,-1,90,150,149,-1,196,197,198,-1,198,197,199,-1,200,201,202,-1,203,204,199,-1,199,204,205,-1,206,207,208,-1,208,207,209,-1,205,210,199,-1,199,210,211,-1,199,211,198,-1,198,211,212,-1,198,212,206,-1,206,212,213,-1,206,213,207,-1,202,203,200,-1,200,203,199,-1,200,199,214,-1,214,199,215,-1,214,215,216,-1,216,215,217,-1,216,217,218,-1,218,217,219,-1,218,219,220,-1,220,219,221,-1,220,221,222,-1,222,221,223,-1,222,223,224,-1,224,223,225,-1,224,225,226,-1,226,225,227,-1,226,227,228,-1,228,227,229,-1,228,229,230,-1,230,229,231,-1,230,231,232,-1,232,231,233,-1,234,235,236,-1,236,235,237,-1,236,237,238,-1,238,237,239,-1,238,239,240,-1,240,239,241,-1,240,241,242,-1,242,241,243,-1,242,243,244,-1,244,243,245,-1,244,245,209,-1,209,245,246,-1,209,246,208,-1,247,248,249,-1,249,248,250,-1,249,250,251,-1,251,250,252,-1,251,252,253,-1,253,252,254,-1,253,254,234,-1,234,254,255,-1,234,255,235,-1,200,256,201,-1,201,256,257,-1,201,257,258,-1,258,257,259,-1,258,259,260,-1,260,259,261,-1,260,261,262,-1,262,261,263,-1,262,263,247,-1,247,263,264,-1,247,264,248,-1,226,265,266,-1,226,266,224,-1,224,266,267,-1,224,267,222,-1,222,267,268,-1,222,268,220,-1,220,268,269,-1,220,269,218,-1,218,269,270,-1,218,270,216,-1,216,270,271,-1,216,271,214,-1,214,271,272,-1,214,272,200,-1,256,200,273,-1,273,200,272,-1,256,273,274,-1,256,274,257,-1,257,274,275,-1,257,275,259,-1,259,275,276,-1,259,276,261,-1,261,276,277,-1,261,277,263,-1,263,277,278,-1,263,278,264,-1,264,278,279,-1,264,279,248,-1,248,279,280,-1,248,280,250,-1,250,280,281,-1,250,281,252,-1,252,281,282,-1,252,282,254,-1,254,282,283,-1,254,283,255,-1,255,283,284,-1,255,284,235,-1,285,241,286,-1,286,241,239,-1,286,239,287,-1,287,239,237,-1,287,237,288,-1,288,237,235,-1,288,235,284,-1,241,285,289,-1,241,289,243,-1,243,289,290,-1,243,290,245,-1,290,291,245,-1,245,291,292,-1,245,292,246,-1,246,292,293,-1,246,293,208,-1,208,293,294,-1,208,294,206,-1,198,206,295,-1,295,206,294,-1,196,198,296,-1,296,198,295,-1,197,196,297,-1,297,196,296,-1,199,197,298,-1,298,197,297,-1,199,298,299,-1,199,299,215,-1,215,299,300,-1,215,300,217,-1,217,300,301,-1,217,301,219,-1,219,301,302,-1,219,302,221,-1,221,302,303,-1,221,303,223,-1,223,303,304,-1,223,304,225,-1,225,304,305,-1,225,305,227,-1,227,305,306,-1,227,306,229,-1,229,306,307,-1,229,307,231,-1,231,307,308,-1,231,308,233,-1,232,233,309,-1,309,233,308,-1,232,309,310,-1,232,310,230,-1,230,310,311,-1,230,311,228,-1,228,311,265,-1,228,265,226,-1,213,312,313,-1,213,313,207,-1,207,313,314,-1,207,314,209,-1,209,314,315,-1,209,315,244,-1,244,315,316,-1,244,316,242,-1,205,317,318,-1,205,318,210,-1,210,318,319,-1,210,319,211,-1,211,319,320,-1,211,320,212,-1,212,320,312,-1,212,312,213,-1,205,204,317,-1,317,204,321,-1,204,203,321,-1,321,203,322,-1,258,323,324,-1,258,324,201,-1,201,324,325,-1,201,325,202,-1,202,325,322,-1,202,322,203,-1,249,326,327,-1,249,327,247,-1,247,327,328,-1,247,328,262,-1,262,328,329,-1,262,329,260,-1,260,329,323,-1,260,323,258,-1,236,330,331,-1,236,331,234,-1,234,331,332,-1,234,332,253,-1,253,332,333,-1,253,333,251,-1,251,333,326,-1,251,326,249,-1,242,316,334,-1,242,334,240,-1,240,334,335,-1,240,335,238,-1,238,335,330,-1,238,330,236,-1,
        ]
    }
}
Shape{
    appearance Appearance {
        material  Material 	{
            diffuseColor 0.7019607843137254 0.6549019607843137 0.09411764705882353
            specularColor 0.050980392156862744 0.047058823529411764 0.00784313725490196
            ambientIntensity 0.8648
            transparency 0.0
            shininess 0.5
        }
    }
    geometry IndexedFaceSet {
        ccw TRUE
        solid FALSE
        coord DEF co Coordinate {
            point [
                0.0632 7.1387 4.0158, 0.0404 7.1357 4.0158, 0.0632 7.1294 4.0158, 0.031 7.1336 4.0158, 0.0266 7.1317 4.0158, 0.0239 7.1297 4.0158, 0.0632 7.1283 4.0158, 0.0621 7.1207 4.0158, 0.0219 7.1272 4.0158, 0.0596 7.1146 4.0158, 0.0229 7.1075 4.0158, 0.0243 7.106 4.0158, 0.0537 7.1075 4.0158, 0.0209 7.1103 4.0158, 0.0489 7.1042 4.0158, 0.0437 7.1023 4.0158, 0.0373 7.1016 4.0158, 0.0204 7.124 4.0158, 0.0195 7.1201 4.0158, 0.0559 7.1096 4.0158, 0.0194 7.1174 4.0158, 0.0198 7.1134 4.0158, 0.0277 7.1037 4.0158, 0.0316 7.1023 4.0158
            ]
        }
        coordIndex [
            0,1,2,-1,2,1,3,-1,3,4,2,-1,2,4,5,-1,2,5,6,-1,6,5,7,-1,7,5,8,-1,7,8,9,-1,10,11,12,-1,10,12,13,-1,14,12,15,-1,15,12,16,-1,8,17,9,-1,9,17,18,-1,9,18,19,-1,19,18,20,-1,19,20,12,-1,12,20,21,-1,12,21,13,-1,11,22,12,-1,12,22,23,-1,12,23,16,-1,
        ]
    }
}
Shape{
    appearance Appearance {
        material  Material 	{
            diffuseColor 0.0 0.0 0.0
            specularColor 0.0 0.0 0.0
            ambientIntensity 0.0
            transparency 0.0
            shininess 0.5
        }
    }
    geometry IndexedFaceSet {
        ccw TRUE
        solid FALSE
        coord DEF co Coordinate {
            point [
                -0.7148 7.3243 4.0197, -0.6933 7.3358 4.0197, -0.6981 7.3955 4.0197, -0.6376 7.3983 4.0197, -0.6076 7.3276 4.0197, -0.5928 7.3583 4.0197, -0.6585 7.0403 4.0197, -0.6977 7.1563 4.0197, -0.6769 7.0553 4.0197, -0.6906 7.0735 4.0197, -0.3002 7.2913 4.0197, -0.2851 7.281 4.0197, -0.2352 7.3139 4.0197, -0.7188 7.1693 4.0197, -0.711 7.0951 4.0197, -0.6986 7.0914 4.0197, -0.6599 7.4003 4.0197, -0.5996 7.1583 4.0197, -0.5906 7.1551 4.0197, -0.5098 7.1321 4.0197, -0.5828 7.1498 4.0197, -0.5765 7.1429 4.0197, -0.3743 7.2037 4.0197, -0.4043 7.255 4.0197, -0.534 7.1873 4.0197, -0.6076 7.1592 4.0197, -0.6171 7.158 4.0197, -0.6299 7.2173 4.0197, -0.6255 7.1546 4.0197, -0.6513 7.2091 4.0197, -0.6331 7.1492 4.0197, -0.6711 7.1953 4.0197, -0.6369 7.1452 4.0197, -0.687 7.177 4.0197, -0.6419 7.1372 4.0197, -0.6448 7.1281 4.0197, -0.6453 7.1186 4.0197, -0.5684 7.2124 4.0197, -0.5915 7.219 4.0197, -0.6066 7.2202 4.0197, -0.5723 7.1349 4.0197, -0.5701 7.1259 4.0197, -0.5098 7.1224 4.0197, -0.5701 7.1171 4.0197, -0.2154 7.2863 4.0197, -0.2725 7.2671 4.0197, -0.2035 7.2568 4.0197, -0.2637 7.2502 4.0197, -0.199 7.225 4.0197, -0.6178 7.4214 4.0197, -0.571 7.3843 4.0197, -0.595 7.4409 4.0197, -0.5452 7.4031 4.0197, -0.5714 7.4556 4.0197, -0.6694 7.3416 4.0197, -0.6589 7.3422 4.0197, -0.6488 7.3997 4.0197, -0.6358 7.3393 4.0197, -0.6141 7.3312 4.0197, -0.5484 7.2008 4.0197, -0.3423 7.2996 4.0197, -0.3346 7.2996 4.0197, -0.2949 7.3519 4.0197, -0.3172 7.2975 4.0197, -0.2903 7.3503 4.0197, -0.2614 7.336 4.0197, -0.2348 7.133 4.0197, -0.2827 7.1688 4.0197, -0.2611 7.1108 4.0197, -0.2976 7.1578 4.0197, -0.2907 7.0963 4.0197, -0.3151 7.1508 4.0197, -0.323 7.0895 4.0197, -0.3288 7.1485 4.0197, -0.3801 7.0895 4.0197, -0.3723 7.1485 4.0197, -0.3855 7.0903 4.0197, -0.2594 7.2315 4.0197, -0.259 7.224 4.0197, -0.2034 7.1906 4.0197, -0.2611 7.2064 4.0197, -0.2156 7.1599 4.0197, -0.2675 7.1891 4.0197, -0.2779 7.1738 4.0197, -0.3472 7.4283 4.0197, -0.3853 7.3841 4.0197, -0.3152 7.3913 4.0197, -0.3634 7.3581 4.0197, -0.3484 7.3269 4.0197, -0.7528 7.2689 4.0197, -0.8165 7.2526 4.0197, -0.7558 7.2453 4.0197, -0.8168 7.2434 4.0197, -0.7545 7.2301 4.0197, -0.812 7.2054 4.0197, -0.7475 7.2064 4.0197, -0.7981 7.1693 4.0197, -0.7362 7.1872 4.0197, -0.7761 7.1379 4.0197, -0.7459 7.1122 4.0197, -0.734 7.3816 4.0197, -0.7648 7.3599 4.0197, -0.7311 7.3098 4.0197, -0.7712 7.3538 4.0197, -0.7445 7.2905 4.0197, -0.7946 7.3238 4.0197, -0.81 7.289 4.0197, -0.6267 7.0889 4.0197, -0.618 7.0851 4.0197, -0.6366 7.0302 4.0197, -0.6093 7.0837 4.0197, -0.6139 7.0258 4.0197, -0.6076 7.0837 4.0197, -0.6066 7.0256 4.0197, -0.5979 7.0849 4.0197, -0.5831 7.0285 4.0197, -0.5895 7.0883 4.0197, -0.5615 7.0368 4.0197, -0.5822 7.0935 4.0197, -0.5422 7.0502 4.0197, -0.5769 7.0995 4.0197, -0.5277 7.0665 4.0197, -0.5724 7.1078 4.0197, -0.5161 7.0881 4.0197, -0.5104 7.1119 4.0197, -0.5268 7.4728 4.0197, -0.5136 7.416 4.0197, -0.4788 7.4787 4.0197, -0.4779 7.4206 4.0197, -0.4389 7.4745 4.0197, -0.4449 7.4165 4.0197, -0.3903 7.4574 4.0197, -0.4146 7.4049 4.0197, -0.3874 7.386 4.0197, -0.6341 7.0945 4.0197, -0.6396 7.1014 4.0197, -0.6435 7.1096 4.0197, -0.3772 7.1494 4.0197, -0.4005 7.0996 4.0197, -0.3982 7.0973 4.0197, -0.3743 7.1488 4.0197, -0.3919 7.0929 4.0197, -0.4082 7.1195 4.0197, -0.4072 7.1123 4.0197, -0.4047 7.1057 4.0197, -0.3856 7.1485 4.0197, -0.3923 7.1459 4.0197, -0.4079 7.1233 4.0197, -0.3982 7.1417 4.0197, -0.4022 7.1373 4.0197, -0.406 7.1307 4.0197, -0.3781 7.1495 4.0197, -0.2287 7.3048 4.0158, -0.2154 7.2863 4.0158, -0.2067 7.2649 4.0158, -0.2035 7.2568 4.0158, -0.199 7.225 4.0158, -0.2352 7.3139 4.0158, -0.2614 7.336 4.0158, -0.2903 7.3503 4.0158, -0.2949 7.3519 4.0158, -0.3152 7.3913 4.0158, -0.3472 7.4283 4.0158, -0.3694 7.4433 4.0158, -0.3903 7.4574 4.0158, -0.4389 7.4745 4.0158, -0.4788 7.4787 4.0158, -0.5268 7.4728 4.0158, -0.5714 7.4556 4.0158, -0.5912 7.4433 4.0158, -0.595 7.4409 4.0158, -0.6178 7.4214 4.0158, -0.6376 7.3983 4.0158, -0.6488 7.3997 4.0158, -0.6599 7.4003 4.0158, -0.6981 7.3955 4.0158, -0.734 7.3816 4.0158, -0.7648 7.3599 4.0158, -0.7712 7.3538 4.0158, -0.8168 7.2434 4.0158, -0.7946 7.3238 4.0158, -0.803 7.3048 4.0158, -0.81 7.289 4.0158, -0.8143 7.2649 4.0158, -0.8165 7.2526 4.0158, -0.812 7.2054 4.0158, -0.7981 7.1693 4.0158, -0.7761 7.1379 4.0158, -0.7459 7.1122 4.0158, -0.711 7.0951 4.0158, -0.6986 7.0914 4.0158, -0.6975 7.0888 4.0158, -0.6906 7.0735 4.0158, -0.6769 7.0553 4.0158, -0.6585 7.0403 4.0158, -0.6466 7.0348 4.0158, -0.6366 7.0302 4.0158, -0.6139 7.0258 4.0158, -0.6066 7.0256 4.0158, -0.5098 7.1224 4.0158, -0.5831 7.0285 4.0158, -0.5666 7.0348 4.0158, -0.5615 7.0368 4.0158, -0.5422 7.0502 4.0158, -0.5277 7.0665 4.0158, -0.5161 7.0881 4.0158, -0.516 7.0888 4.0158, -0.5104 7.1119 4.0158, -0.5098 7.1321 4.0158, -0.3743 7.2037 4.0158, -0.4043 7.255 4.0158, -0.534 7.1873 4.0158, -0.5484 7.2008 4.0158, -0.5684 7.2124 4.0158, -0.5915 7.219 4.0158, -0.6066 7.2202 4.0158, -0.6299 7.2173 4.0158, -0.6513 7.2091 4.0158, -0.6711 7.1953 4.0158, -0.687 7.177 4.0158, -0.6977 7.1563 4.0158, -0.7188 7.1693 4.0158, -0.7362 7.1872 4.0158, -0.7475 7.2064 4.0158, -0.7545 7.2301 4.0158, -0.7558 7.2453 4.0158, -0.7533 7.2649 4.0158, -0.7528 7.2689 4.0158, -0.7445 7.2905 4.0158, -0.7345 7.3048 4.0158, -0.7311 7.3098 4.0158, -0.7148 7.3243 4.0158, -0.6933 7.3358 4.0158, -0.6694 7.3416 4.0158, -0.6589 7.3422 4.0158, -0.6358 7.3393 4.0158, -0.6141 7.3312 4.0158, -0.6076 7.3276 4.0158, -0.5928 7.3583 4.0158, -0.571 7.3843 4.0158, -0.5452 7.4031 4.0158, -0.5136 7.416 4.0158, -0.4779 7.4206 4.0158, -0.4449 7.4165 4.0158, -0.4146 7.4049 4.0158, -0.3874 7.386 4.0158, -0.3853 7.3841 4.0158, -0.3634 7.3581 4.0158, -0.3484 7.3269 4.0158, -0.3435 7.3048 4.0158, -0.3423 7.2996 4.0158, -0.3346 7.2996 4.0158, -0.3172 7.2975 4.0158, -0.3002 7.2913 4.0158, -0.2851 7.281 4.0158, -0.2725 7.2671 4.0158, -0.2714 7.2649 4.0158, -0.2637 7.2502 4.0158, -0.2594 7.2315 4.0158, -0.259 7.224 4.0158, -0.2611 7.2064 4.0158, -0.2675 7.1891 4.0158, -0.2779 7.1738 4.0158, -0.2827 7.1688 4.0158, -0.2976 7.1578 4.0158, -0.3151 7.1508 4.0158, -0.3288 7.1485 4.0158, -0.3723 7.1485 4.0158, -0.3743 7.1488 4.0158, -0.3772 7.1494 4.0158, -0.3781 7.1495 4.0158, -0.3856 7.1485 4.0158, -0.3923 7.1459 4.0158, -0.3982 7.1417 4.0158, -0.4022 7.1373 4.0158, -0.406 7.1307 4.0158, -0.4079 7.1233 4.0158, -0.4082 7.1195 4.0158, -0.4072 7.1123 4.0158, -0.4047 7.1057 4.0158, -0.4005 7.0996 4.0158, -0.3982 7.0973 4.0158, -0.3919 7.0929 4.0158, -0.3855 7.0903 4.0158, -0.3801 7.0895 4.0158, -0.323 7.0895 4.0158, -0.2907 7.0963 4.0158, -0.2611 7.1108 4.0158, -0.2348 7.133 4.0158, -0.2156 7.1599 4.0158, -0.2034 7.1906 4.0158, -0.6076 7.1592 4.0158, -0.5996 7.1583 4.0158, -0.5906 7.1551 4.0158, -0.5828 7.1498 4.0158, -0.5765 7.1429 4.0158, -0.5723 7.1349 4.0158, -0.5701 7.1259 4.0158, -0.5701 7.1171 4.0158, -0.5724 7.1078 4.0158, -0.5769 7.0995 4.0158, -0.5822 7.0935 4.0158, -0.5895 7.0883 4.0158, -0.5979 7.0849 4.0158, -0.6076 7.0837 4.0158, -0.6093 7.0837 4.0158, -0.618 7.0851 4.0158, -0.6267 7.0889 4.0158, -0.6341 7.0945 4.0158, -0.6396 7.1014 4.0158, -0.6435 7.1096 4.0158, -0.6453 7.1186 4.0158, -0.6448 7.1281 4.0158, -0.6419 7.1372 4.0158, -0.6369 7.1452 4.0158, -0.6331 7.1492 4.0158, -0.6255 7.1546 4.0158, -0.6171 7.158 4.0158
            ]
        }
        coordIndex [
            0,1,2,-1,3,4,5,-1,6,7,8,-1,8,7,9,-1,10,11,12,-1,13,14,7,-1,7,14,15,-1,7,15,9,-1,2,1,16,-1,17,18,19,-1,19,18,20,-1,19,20,21,-1,22,23,19,-1,19,23,24,-1,19,24,17,-1,17,24,25,-1,26,27,28,-1,28,27,29,-1,28,29,30,-1,30,29,31,-1,30,31,32,-1,32,31,33,-1,32,33,34,-1,34,33,7,-1,34,7,35,-1,35,7,36,-1,37,38,26,-1,26,38,39,-1,26,39,27,-1,21,40,19,-1,19,40,41,-1,19,41,42,-1,42,41,43,-1,12,11,44,-1,44,11,45,-1,44,45,46,-1,46,45,47,-1,46,47,48,-1,3,5,49,-1,49,5,50,-1,49,50,51,-1,51,50,52,-1,51,52,53,-1,1,54,16,-1,16,54,55,-1,16,55,56,-1,56,55,57,-1,56,57,3,-1,3,57,58,-1,3,58,4,-1,25,24,26,-1,26,24,59,-1,26,59,37,-1,60,61,62,-1,62,61,63,-1,62,63,64,-1,64,63,10,-1,64,10,65,-1,65,10,12,-1,66,67,68,-1,68,67,69,-1,68,69,70,-1,70,69,71,-1,70,71,72,-1,72,71,73,-1,72,73,74,-1,74,73,75,-1,74,75,76,-1,47,77,48,-1,48,77,78,-1,48,78,79,-1,79,78,80,-1,79,80,81,-1,81,80,82,-1,81,82,66,-1,66,82,83,-1,66,83,67,-1,84,85,86,-1,86,85,87,-1,86,87,62,-1,62,87,88,-1,62,88,60,-1,89,90,91,-1,91,90,92,-1,91,92,93,-1,93,92,94,-1,93,94,95,-1,95,94,96,-1,95,96,97,-1,97,96,98,-1,97,98,13,-1,13,98,99,-1,13,99,14,-1,2,100,0,-1,0,100,101,-1,0,101,102,-1,102,101,103,-1,102,103,104,-1,104,103,105,-1,104,105,89,-1,89,105,106,-1,89,106,90,-1,107,6,108,-1,108,6,109,-1,108,109,110,-1,110,109,111,-1,110,111,112,-1,112,111,113,-1,112,113,114,-1,114,113,115,-1,114,115,116,-1,116,115,117,-1,116,117,118,-1,118,117,119,-1,118,119,120,-1,120,119,121,-1,120,121,122,-1,122,121,123,-1,122,123,43,-1,43,123,124,-1,43,124,42,-1,53,52,125,-1,125,52,126,-1,125,126,127,-1,127,126,128,-1,127,128,129,-1,129,128,130,-1,129,130,131,-1,131,130,132,-1,131,132,84,-1,84,132,133,-1,84,133,85,-1,107,134,6,-1,6,134,135,-1,6,135,7,-1,7,135,136,-1,7,136,36,-1,137,138,139,-1,75,140,76,-1,76,140,137,-1,76,137,141,-1,141,137,139,-1,142,143,137,-1,137,143,144,-1,137,144,138,-1,145,146,147,-1,146,148,147,-1,147,148,149,-1,147,149,150,-1,142,137,147,-1,147,137,151,-1,147,151,145,-1,152,12,153,-1,153,12,44,-1,153,44,154,-1,154,44,46,-1,154,46,155,-1,155,46,48,-1,155,48,156,-1,152,157,12,-1,12,157,158,-1,12,158,65,-1,65,158,159,-1,65,159,64,-1,64,159,160,-1,64,160,62,-1,62,160,161,-1,62,161,86,-1,86,161,162,-1,86,162,84,-1,131,84,163,-1,163,84,162,-1,163,164,131,-1,131,164,165,-1,131,165,129,-1,129,165,166,-1,129,166,127,-1,127,166,167,-1,127,167,125,-1,125,167,168,-1,125,168,53,-1,53,168,51,-1,51,168,169,-1,51,169,170,-1,51,170,171,-1,51,171,49,-1,49,171,172,-1,49,172,3,-1,3,172,173,-1,3,173,56,-1,56,173,174,-1,56,174,16,-1,16,174,175,-1,16,175,2,-1,2,175,176,-1,2,176,100,-1,100,176,177,-1,100,177,101,-1,101,177,178,-1,101,178,103,-1,179,92,90,-1,103,178,180,-1,103,180,105,-1,105,180,181,-1,105,181,106,-1,181,182,106,-1,106,182,183,-1,106,183,90,-1,90,183,184,-1,90,184,179,-1,92,179,185,-1,92,185,94,-1,94,185,186,-1,94,186,96,-1,96,186,187,-1,96,187,98,-1,98,187,188,-1,98,188,99,-1,99,188,189,-1,99,189,14,-1,14,189,190,-1,14,190,15,-1,15,190,191,-1,15,191,9,-1,191,192,9,-1,9,192,193,-1,9,193,8,-1,8,193,194,-1,195,109,194,-1,194,109,6,-1,194,6,8,-1,195,196,109,-1,109,196,197,-1,109,197,111,-1,111,197,198,-1,111,198,113,-1,199,42,124,-1,113,198,200,-1,201,117,200,-1,200,117,115,-1,200,115,113,-1,201,202,117,-1,117,202,203,-1,117,203,119,-1,119,203,204,-1,119,204,121,-1,121,204,205,-1,121,205,123,-1,123,205,206,-1,123,206,124,-1,124,206,207,-1,124,207,199,-1,19,42,208,-1,208,42,199,-1,22,19,209,-1,209,19,208,-1,23,22,210,-1,210,22,209,-1,24,23,211,-1,211,23,210,-1,24,211,212,-1,24,212,59,-1,59,212,213,-1,59,213,37,-1,37,213,214,-1,37,214,38,-1,38,214,215,-1,38,215,39,-1,39,215,216,-1,39,216,27,-1,27,216,217,-1,27,217,29,-1,29,217,218,-1,29,218,31,-1,31,218,219,-1,31,219,33,-1,33,219,220,-1,33,220,7,-1,7,220,221,-1,7,221,13,-1,13,221,222,-1,13,222,97,-1,97,222,223,-1,97,223,95,-1,95,223,224,-1,95,224,93,-1,93,224,225,-1,93,225,91,-1,89,91,225,-1,225,226,89,-1,89,226,227,-1,89,227,228,-1,229,102,228,-1,228,102,104,-1,228,104,89,-1,229,230,102,-1,102,230,231,-1,102,231,0,-1,0,231,232,-1,0,232,1,-1,1,232,233,-1,1,233,54,-1,54,233,234,-1,54,234,55,-1,55,234,235,-1,55,235,57,-1,57,235,236,-1,57,236,58,-1,58,236,237,-1,58,237,4,-1,4,237,238,-1,4,238,5,-1,5,238,239,-1,5,239,50,-1,50,239,240,-1,50,240,52,-1,52,240,241,-1,52,241,126,-1,126,241,242,-1,126,242,128,-1,128,242,243,-1,128,243,130,-1,130,243,244,-1,130,244,132,-1,132,244,245,-1,132,245,133,-1,133,245,246,-1,133,246,85,-1,85,246,247,-1,85,247,87,-1,87,247,248,-1,87,248,88,-1,88,248,60,-1,60,248,249,-1,60,249,250,-1,61,60,251,-1,251,60,250,-1,61,251,252,-1,61,252,63,-1,63,252,253,-1,63,253,10,-1,10,253,254,-1,10,254,11,-1,11,254,255,-1,11,255,45,-1,45,255,256,-1,45,256,47,-1,256,257,47,-1,47,257,258,-1,47,258,77,-1,77,258,259,-1,77,259,78,-1,78,259,260,-1,78,260,80,-1,80,260,261,-1,80,261,82,-1,82,261,262,-1,82,262,83,-1,83,262,263,-1,83,263,67,-1,67,263,264,-1,67,264,69,-1,69,264,265,-1,69,265,71,-1,71,265,266,-1,71,266,73,-1,75,73,267,-1,267,73,266,-1,75,267,268,-1,75,268,140,-1,140,268,269,-1,140,269,137,-1,137,269,270,-1,137,270,151,-1,151,270,271,-1,151,271,145,-1,145,271,272,-1,145,272,146,-1,146,272,273,-1,146,273,148,-1,148,273,274,-1,148,274,149,-1,149,274,275,-1,149,275,150,-1,150,275,276,-1,150,276,147,-1,147,276,277,-1,147,277,142,-1,142,277,278,-1,142,278,143,-1,143,278,279,-1,143,279,144,-1,144,279,280,-1,144,280,138,-1,138,280,281,-1,138,281,139,-1,139,281,282,-1,139,282,141,-1,141,282,283,-1,141,283,76,-1,76,283,284,-1,76,284,74,-1,72,74,285,-1,285,74,284,-1,72,285,286,-1,72,286,70,-1,70,286,287,-1,70,287,68,-1,68,287,288,-1,68,288,66,-1,66,288,289,-1,66,289,81,-1,81,289,290,-1,81,290,79,-1,79,290,156,-1,79,156,48,-1,25,291,292,-1,25,292,17,-1,17,292,293,-1,17,293,18,-1,18,293,294,-1,18,294,20,-1,20,294,295,-1,20,295,21,-1,21,295,296,-1,21,296,40,-1,40,296,297,-1,40,297,41,-1,41,297,298,-1,41,298,43,-1,43,298,299,-1,43,299,122,-1,122,299,300,-1,122,300,120,-1,120,300,301,-1,120,301,118,-1,118,301,302,-1,118,302,116,-1,116,302,303,-1,116,303,114,-1,114,303,304,-1,114,304,112,-1,112,304,305,-1,112,305,110,-1,110,305,306,-1,110,306,108,-1,108,306,307,-1,108,307,107,-1,107,307,308,-1,107,308,134,-1,134,308,309,-1,134,309,135,-1,135,309,310,-1,135,310,136,-1,136,310,311,-1,136,311,36,-1,36,311,312,-1,36,312,35,-1,35,312,313,-1,35,313,34,-1,34,313,314,-1,34,314,32,-1,32,314,315,-1,32,315,30,-1,30,315,316,-1,30,316,28,-1,28,316,317,-1,28,317,26,-1,26,317,291,-1,26,291,25,-1,
        ]
    }
}
Shape{
    appearance Appearance {
        material  Material 	{
            diffuseColor 0.7019607843137254 0.6549019607843137 0.09411764705882353
            specularColor 0.050980392156862744 0.047058823529411764 0.00784313725490196
            ambientIntensity 0.8648
            transparency 0.0
            shininess 0.5
        }
    }
    geometry IndexedFaceSet {
        ccw TRUE
        solid FALSE
        coord DEF co Coordinate {
            point [
                -0.6093 7.0837 4.0158, -0.6331 7.1492 4.0158, -0.6369 7.1452 4.0158, -0.5979 7.0849 4.0158, -0.5895 7.0883 4.0158, -0.5996 7.1583 4.0158, -0.6076 7.1592 4.0158, -0.6171 7.158 4.0158, -0.6255 7.1546 4.0158, -0.6435 7.1096 4.0158, -0.6396 7.1014 4.0158, -0.6341 7.0945 4.0158, -0.6076 7.0837 4.0158, -0.6419 7.1372 4.0158, -0.6448 7.1281 4.0158, -0.6453 7.1186 4.0158, -0.6267 7.0889 4.0158, -0.618 7.0851 4.0158, -0.5822 7.0935 4.0158, -0.5769 7.0995 4.0158, -0.5724 7.1078 4.0158, -0.5701 7.1171 4.0158, -0.5701 7.1259 4.0158, -0.5723 7.1349 4.0158, -0.5765 7.1429 4.0158, -0.5828 7.1498 4.0158, -0.5906 7.1551 4.0158
            ]
        }
        coordIndex [
            0,1,2,-1,3,4,5,-1,6,7,0,-1,0,7,8,-1,0,8,1,-1,9,10,2,-1,2,10,11,-1,6,0,5,-1,5,0,12,-1,5,12,3,-1,13,14,2,-1,2,14,15,-1,2,15,9,-1,11,16,2,-1,2,16,17,-1,2,17,0,-1,4,18,5,-1,5,18,19,-1,5,19,20,-1,20,21,5,-1,5,21,22,-1,5,22,23,-1,23,24,5,-1,5,24,25,-1,5,25,26,-1,
        ]
    }
}
Shape{
    appearance Appearance {
        material  Material 	{
            diffuseColor 0.0 0.0 0.0
            specularColor 0.0 0.0 0.0
            ambientIntensity 0.0
            transparency 0.0
            shininess 0.5
        }
    }
    geometry IndexedFaceSet {
        ccw TRUE
        solid FALSE
        coord DEF co Coordinate {
            point [
                0.3 7.4091 4.0197, 0.3136 7.419 4.0197, 0.2955 7.4137 4.0197, 0.3084 7.4241 4.0197, 0.2851 7.4205 4.0197, 0.2943 7.4338 4.0197, 0.2731 7.4247 4.0197, 0.2778 7.4398 4.0197, 0.2562 7.4265 4.0197, 0.2569 7.4422 4.0197, 0.2357 7.4265 4.0197, 0.2181 7.4422 4.0197, 0.2357 7.3215 4.0197, 0.2181 7.306 4.0197, 0.2554 7.3215 4.0197, 0.2555 7.306 4.0197, 0.2738 7.3236 4.0197, 0.2759 7.3081 4.0197, 0.2852 7.3279 4.0197, 0.292 7.3137 4.0197, 0.294 7.3339 4.0197, 0.3054 7.3224 4.0197, 0.2959 7.3357 4.0197, 0.3084 7.325 4.0197, 0.303 7.3447 4.0197, 0.3189 7.3376 4.0197, 0.3076 7.3549 4.0197, 0.3255 7.3518 4.0197, 0.3101 7.3676 4.0197, 0.3286 7.3679 4.0197, 0.3105 7.3753 4.0197, 0.329 7.3758 4.0197, 0.3088 7.391 4.0197, 0.3268 7.394 4.0197, 0.3051 7.4013 4.0197, 0.3219 7.4071 4.0197, 0.3084 7.325 4.0158, 0.3189 7.3376 4.0158, 0.3255 7.3518 4.0158, 0.3286 7.3679 4.0158, 0.329 7.3758 4.0158, 0.3268 7.394 4.0158, 0.3219 7.4071 4.0158, 0.3136 7.419 4.0158, 0.3084 7.4241 4.0158, 0.2943 7.4338 4.0158, 0.2805 7.4389 4.0158, 0.2778 7.4398 4.0158, 0.2569 7.4422 4.0158, 0.2181 7.4422 4.0158, 0.2181 7.306 4.0158, 0.2555 7.306 4.0158, 0.2759 7.3081 4.0158, 0.2805 7.3097 4.0158, 0.292 7.3137 4.0158, 0.3054 7.3224 4.0158, 0.2955 7.4137 4.0158, 0.3 7.4091 4.0158, 0.3051 7.4013 4.0158, 0.3088 7.391 4.0158, 0.3105 7.3753 4.0158, 0.2562 7.4265 4.0158, 0.2731 7.4247 4.0158, 0.2851 7.4205 4.0158, 0.2357 7.4265 4.0158, 0.2357 7.3215 4.0158, 0.2554 7.3215 4.0158, 0.2959 7.3357 4.0158, 0.294 7.3339 4.0158, 0.2852 7.3279 4.0158, 0.2738 7.3236 4.0158, 0.3101 7.3676 4.0158, 0.3076 7.3549 4.0158, 0.303 7.3447 4.0158
            ]
        }
        coordIndex [
            0,1,2,-1,2,1,3,-1,2,3,4,-1,4,3,5,-1,4,5,6,-1,6,5,7,-1,6,7,8,-1,8,7,9,-1,8,9,10,-1,10,9,11,-1,10,11,12,-1,12,11,13,-1,12,13,14,-1,14,13,15,-1,14,15,16,-1,16,15,17,-1,16,17,18,-1,18,17,19,-1,18,19,20,-1,20,19,21,-1,20,21,22,-1,22,21,23,-1,22,23,24,-1,24,23,25,-1,24,25,26,-1,26,25,27,-1,26,27,28,-1,28,27,29,-1,28,29,30,-1,30,29,31,-1,30,31,32,-1,32,31,33,-1,32,33,34,-1,34,33,35,-1,34,35,0,-1,0,35,1,-1,23,36,37,-1,23,37,25,-1,25,37,38,-1,25,38,27,-1,27,38,39,-1,27,39,29,-1,29,39,40,-1,29,40,31,-1,31,40,41,-1,31,41,33,-1,33,41,42,-1,33,42,35,-1,35,42,43,-1,35,43,1,-1,1,43,44,-1,1,44,3,-1,3,44,45,-1,46,7,45,-1,45,7,5,-1,45,5,3,-1,46,47,7,-1,7,47,48,-1,7,48,9,-1,11,9,49,-1,49,9,48,-1,13,11,50,-1,50,11,49,-1,15,13,51,-1,51,13,50,-1,15,51,52,-1,15,52,17,-1,17,52,53,-1,17,53,19,-1,53,54,19,-1,19,54,55,-1,19,55,21,-1,21,55,36,-1,21,36,23,-1,2,56,57,-1,2,57,0,-1,0,57,58,-1,0,58,34,-1,34,58,59,-1,34,59,32,-1,32,59,60,-1,32,60,30,-1,8,61,62,-1,8,62,6,-1,6,62,63,-1,6,63,4,-1,4,63,56,-1,4,56,2,-1,8,10,61,-1,61,10,64,-1,10,12,64,-1,64,12,65,-1,12,14,65,-1,65,14,66,-1,22,67,68,-1,22,68,20,-1,20,68,69,-1,20,69,18,-1,18,69,70,-1,18,70,16,-1,16,70,66,-1,16,66,14,-1,30,60,71,-1,30,71,28,-1,28,71,72,-1,28,72,26,-1,26,72,73,-1,26,73,24,-1,24,73,67,-1,24,67,22,-1,
        ]
    }
}
Shape{
    appearance Appearance {
        material  Material 	{
            diffuseColor 0.7019607843137254 0.6549019607843137 0.09411764705882353
            specularColor 0.050980392156862744 0.047058823529411764 0.00784313725490196
            ambientIntensity 0.8648
            transparency 0.0
            shininess 0.5
        }
    }
    geometry IndexedFaceSet {
        ccw TRUE
        solid FALSE
        coord DEF co Coordinate {
            point [
                0.2357 7.4265 4.0158, 0.2357 7.3215 4.0158, 0.2562 7.4265 4.0158, 0.2554 7.3215 4.0158, 0.2738 7.3236 4.0158, 0.2852 7.3279 4.0158, 0.294 7.3339 4.0158, 0.2959 7.3357 4.0158, 0.303 7.3447 4.0158, 0.3076 7.3549 4.0158, 0.3101 7.3676 4.0158, 0.3105 7.3753 4.0158, 0.3088 7.391 4.0158, 0.3051 7.4013 4.0158, 0.3 7.4091 4.0158, 0.2955 7.4137 4.0158, 0.2731 7.4247 4.0158, 0.2851 7.4205 4.0158
            ]
        }
        coordIndex [
            0,1,2,-1,2,1,3,-1,2,3,4,-1,4,5,2,-1,2,5,6,-1,2,6,7,-1,7,8,2,-1,2,8,9,-1,2,9,10,-1,10,11,2,-1,2,11,12,-1,2,12,13,-1,13,14,2,-1,2,14,15,-1,2,15,16,-1,16,15,17,-1,
        ]
    }
}
Shape{
    appearance Appearance {
        material  Material 	{
            diffuseColor 0.0 0.0 0.0
            specularColor 0.0 0.0 0.0
            ambientIntensity 0.0
            transparency 0.0
            shininess 0.5
        }
    }
    geometry IndexedFaceSet {
        ccw TRUE
        solid FALSE
        coord DEF co Coordinate {
            point [
                0.0567 7.3193 4.0197, 0.0567 7.3193 4.0158, 0.044 7.3207 4.0158, 0.044 7.3207 4.0197, 0.0341 7.3243 4.0158, 0.0341 7.3243 4.0197, 0.025 7.3304 4.0158, 0.025 7.3304 4.0197, 0.0217 7.3337 4.0158, 0.0217 7.3337 4.0197, 0.0148 7.3434 4.0158, 0.0148 7.3434 4.0197, 0.0105 7.3545 4.0158, 0.0105 7.3545 4.0197, 0.0084 7.3713 4.0158, 0.0084 7.3713 4.0197, 0.0083 7.3725 4.0158, 0.0083 7.3725 4.0197, 0.0105 7.3908 4.0158, 0.0105 7.3908 4.0197, 0.015 7.4026 4.0158, 0.015 7.4026 4.0197, 0.0215 7.4122 4.0158, 0.0215 7.4122 4.0197, 0.0227 7.4135 4.0158, 0.0227 7.4135 4.0197, 0.0314 7.4208 4.0158, 0.0314 7.4208 4.0197, 0.042 7.4259 4.0158, 0.042 7.4259 4.0197, 0.0537 7.4283 4.0158, 0.0537 7.4283 4.0197, 0.0598 7.4286 4.0158, 0.0598 7.4286 4.0197, 0.077 7.4265 4.0158, 0.077 7.4265 4.0197, 0.0919 7.4205 4.0158, 0.0919 7.4205 4.0197, 0.0919 7.4389 4.0197, 0.0919 7.4389 4.0158, 0.0596 7.4444 4.0158, 0.0596 7.4444 4.0197, 0.0608 7.4444 4.0197, 0.0785 7.4429 4.0158, 0.0785 7.4429 4.0197, 0.0736 7.4433 4.0158, 0.0608 7.4444 4.0158, 0.041 7.4423 4.0197, 0.0495 7.4433 4.0158, 0.041 7.4423 4.0158, 0.0266 7.437 4.0158, 0.0266 7.437 4.0197, 0.0133 7.4279 4.0158, 0.0133 7.4279 4.0197, 0.0096 7.4244 4.0158, 0.0096 7.4244 4.0197, -0.0005 7.4112 4.0158, -0.004 7.4028 4.0158, -0.0069 7.396 4.0197, -0.0005 7.4112 4.0197, -0.0069 7.396 4.0158, -0.0099 7.3781 4.0158, -0.0099 7.3781 4.0197, -0.0101 7.3715 4.0158, -0.0101 7.3715 4.0197, -0.008 7.3515 4.0158, -0.004 7.3404 4.0158, -0.0028 7.3368 4.0197, -0.008 7.3515 4.0197, -0.0028 7.3368 4.0158, 0.005 7.3249 4.0158, 0.005 7.3249 4.0197, 0.0074 7.3223 4.0158, 0.0074 7.3223 4.0197, 0.0304 7.3074 4.0158, 0.0177 7.3136 4.0197, 0.0177 7.3136 4.0158, 0.042 7.3048 4.0158, 0.045 7.3042 4.0197, 0.0304 7.3074 4.0197, 0.045 7.3042 4.0158, 0.0542 7.3037 4.0158, 0.0542 7.3037 4.0197, 0.0757 7.3058 4.0197, 0.0657 7.3048 4.0158, 0.0757 7.3058 4.0158, 0.0901 7.3107 4.0158, 0.0901 7.3107 4.0197, 0.0919 7.3116 4.0158, 0.0919 7.3116 4.0197, 0.0919 7.3285 4.0197, 0.0919 7.3285 4.0158, 0.0779 7.3223 4.0158, 0.0779 7.3223 4.0197, 0.0624 7.3195 4.0158, 0.0624 7.3195 4.0197, 0.5451 7.1426 4.0197, 0.5396 7.1272 4.0197, 0.5908 7.1426 4.0197, 0.5963 7.1272 4.0197, 0.5655 7.1992 4.0197, 0.5589 7.2261 4.0197, 0.5071 7.0899 4.0197, 0.5265 7.0899 4.0197, 0.5667 7.2032 4.0197, 0.5677 7.2087 4.0197, 0.5777 7.2261 4.0197, 0.5681 7.2087 4.0197, 0.5692 7.2029 4.0197, 0.5703 7.1992 4.0197, 0.6296 7.0899 4.0197, 0.6102 7.0899 4.0197, 0.5589 7.2261 4.0158, 0.5777 7.2261 4.0158, 0.5071 7.0899 4.0158, 0.5265 7.0899 4.0158, 0.5396 7.1272 4.0158, 0.5963 7.1272 4.0158, 0.6102 7.0899 4.0158, 0.6296 7.0899 4.0158, 0.5655 7.1992 4.0158, 0.5667 7.2032 4.0158, 0.5677 7.2087 4.0158, 0.5451 7.1426 4.0158, 0.5908 7.1426 4.0158, 0.5703 7.1992 4.0158, 0.5681 7.2087 4.0158, 0.5692 7.2029 4.0158
            ]
        }
        coordIndex [
            0,1,2,-1,0,2,3,-1,3,2,4,-1,3,4,5,-1,5,4,6,-1,5,6,7,-1,7,6,8,-1,7,8,9,-1,9,8,10,-1,9,10,11,-1,11,10,12,-1,11,12,13,-1,13,12,14,-1,13,14,15,-1,15,14,16,-1,15,16,17,-1,17,16,18,-1,17,18,19,-1,19,18,20,-1,19,20,21,-1,21,20,22,-1,21,22,23,-1,23,22,24,-1,23,24,25,-1,25,24,26,-1,25,26,27,-1,27,26,28,-1,27,28,29,-1,29,28,30,-1,29,30,31,-1,31,30,32,-1,31,32,33,-1,33,32,34,-1,33,34,35,-1,35,34,36,-1,35,36,37,-1,38,37,39,-1,39,37,36,-1,40,41,42,-1,38,39,43,-1,38,43,44,-1,44,43,45,-1,44,45,42,-1,42,45,46,-1,42,46,40,-1,41,40,47,-1,47,40,48,-1,48,49,47,-1,47,49,50,-1,47,50,51,-1,51,50,52,-1,51,52,53,-1,53,52,54,-1,53,54,55,-1,55,54,56,-1,57,58,56,-1,56,58,59,-1,56,59,55,-1,57,60,58,-1,58,60,61,-1,58,61,62,-1,62,61,63,-1,62,63,64,-1,64,63,65,-1,66,67,65,-1,65,67,68,-1,65,68,64,-1,66,69,67,-1,67,69,70,-1,67,70,71,-1,71,70,72,-1,71,72,73,-1,74,75,76,-1,76,75,73,-1,76,73,72,-1,77,78,74,-1,74,78,79,-1,74,79,75,-1,77,80,78,-1,78,80,81,-1,78,81,82,-1,82,81,83,-1,83,81,84,-1,84,85,83,-1,83,85,86,-1,83,86,87,-1,87,86,88,-1,87,88,89,-1,90,89,91,-1,91,89,88,-1,90,91,92,-1,90,92,93,-1,93,92,94,-1,93,94,95,-1,95,94,1,-1,95,1,0,-1,11,13,68,-1,37,38,35,-1,35,38,44,-1,35,44,33,-1,33,44,42,-1,33,42,31,-1,31,42,41,-1,31,41,29,-1,29,41,47,-1,29,47,27,-1,68,13,64,-1,55,25,53,-1,53,25,27,-1,53,27,51,-1,51,27,47,-1,89,90,87,-1,87,90,93,-1,87,93,83,-1,83,93,82,-1,13,15,64,-1,64,15,17,-1,64,17,62,-1,62,17,19,-1,62,19,58,-1,58,19,59,-1,59,19,21,-1,59,21,55,-1,55,21,23,-1,55,23,25,-1,68,67,11,-1,11,67,71,-1,11,71,9,-1,9,71,73,-1,9,73,7,-1,7,73,75,-1,7,75,5,-1,5,75,79,-1,5,79,3,-1,3,79,78,-1,3,78,0,-1,0,78,82,-1,0,82,95,-1,95,82,93,-1,96,97,98,-1,98,97,99,-1,100,101,96,-1,96,101,102,-1,96,102,97,-1,97,102,103,-1,100,104,101,-1,101,104,105,-1,101,105,106,-1,106,105,107,-1,106,107,108,-1,108,109,106,-1,106,109,98,-1,106,98,110,-1,110,98,99,-1,110,99,111,-1,101,106,112,-1,112,106,113,-1,102,101,114,-1,114,101,112,-1,103,102,115,-1,115,102,114,-1,97,103,116,-1,116,103,115,-1,99,97,117,-1,117,97,116,-1,111,99,118,-1,118,99,117,-1,110,111,119,-1,119,111,118,-1,106,110,113,-1,113,110,119,-1,100,120,121,-1,100,121,104,-1,104,121,122,-1,104,122,105,-1,100,96,120,-1,120,96,123,-1,96,98,123,-1,123,98,124,-1,98,109,124,-1,124,109,125,-1,107,126,127,-1,107,127,108,-1,108,127,125,-1,108,125,109,-1,107,105,126,-1,126,105,122,-1,
        ]
    }
}
Shape{
    appearance Appearance {
        material  Material 	{
            diffuseColor 0.7019607843137254 0.6549019607843137 0.09411764705882353
            specularColor 0.050980392156862744 0.047058823529411764 0.00784313725490196
            ambientIntensity 0.8648
            transparency 0.0
            shininess 0.5
        }
    }
    geometry IndexedFaceSet {
        ccw TRUE
        solid FALSE
        coord DEF co Coordinate {
            point [
                0.5681 7.2087 4.0158, 0.5677 7.2087 4.0158, 0.5692 7.2029 4.0158, 0.5667 7.2032 4.0158, 0.5703 7.1992 4.0158, 0.5655 7.1992 4.0158, 0.5908 7.1426 4.0158, 0.5451 7.1426 4.0158
            ]
        }
        coordIndex [
            0,1,2,-1,2,1,3,-1,2,3,4,-1,4,3,5,-1,4,5,6,-1,6,5,7,-1,
        ]
    }
}
Shape{
    appearance Appearance {
        material  Material 	{
            diffuseColor 0.0 0.0 0.0
            specularColor 0.0 0.0 0.0
            ambientIntensity 0.0
            transparency 0.0
            shininess 0.5
        }
    }
    geometry IndexedFaceSet {
        ccw TRUE
        solid FALSE
        coord DEF co Coordinate {
            point [
                0.3072 7.1055 4.0158, 0.3072 7.1055 4.0197, 0.3327 7.1055 4.0158, 0.3629 7.1055 4.0197, 0.3629 7.1055 4.0158, 0.3072 7.1513 4.0197, 0.3072 7.1513 4.0158, 0.3559 7.1513 4.0158, 0.3559 7.1513 4.0197, 0.3327 7.1513 4.0158, 0.3559 7.1669 4.0197, 0.3559 7.1669 4.0158, 0.3072 7.1669 4.0158, 0.3072 7.1669 4.0197, 0.3327 7.1669 4.0158, 0.3072 7.2104 4.0197, 0.3072 7.2104 4.0158, 0.3598 7.2104 4.0158, 0.3598 7.2104 4.0197, 0.3327 7.2104 4.0158, 0.3598 7.2261 4.0197, 0.3598 7.2261 4.0158, 0.2897 7.2261 4.0158, 0.2897 7.2261 4.0197, 0.3327 7.2261 4.0158, 0.2897 7.0899 4.0197, 0.2897 7.0899 4.0158, 0.3629 7.0899 4.0158, 0.3629 7.0899 4.0197, 0.3327 7.0899 4.0158, -0.0699 7.1055 4.0197, -0.0142 7.1055 4.0197, -0.0699 7.1055 4.0158, -0.0142 7.1055 4.0158, -0.0699 7.1513 4.0197, -0.0699 7.1513 4.0158, -0.0212 7.1513 4.0197, -0.0212 7.1513 4.0158, -0.0212 7.1669 4.0197, -0.0212 7.1669 4.0158, -0.0699 7.1669 4.0197, -0.0699 7.1669 4.0158, -0.0699 7.2104 4.0197, -0.0699 7.2104 4.0158, -0.0173 7.2104 4.0197, -0.0173 7.2104 4.0158, -0.0173 7.2261 4.0197, -0.0173 7.2261 4.0158, -0.0875 7.2261 4.0197, -0.0875 7.2261 4.0158, -0.0875 7.0899 4.0197, -0.0875 7.0899 4.0158, -0.0142 7.0899 4.0197, -0.0142 7.0899 4.0158, 0.3746 7.3586 4.0197, 0.369 7.3432 4.0197, 0.4203 7.3586 4.0197, 0.4257 7.3432 4.0197, 0.395 7.4152 4.0197, 0.3884 7.4422 4.0197, 0.3365 7.306 4.0197, 0.3559 7.306 4.0197, 0.3961 7.4193 4.0197, 0.3972 7.4247 4.0197, 0.4072 7.4422 4.0197, 0.3976 7.4247 4.0197, 0.3987 7.419 4.0197, 0.3997 7.4152 4.0197, 0.459 7.306 4.0197, 0.4396 7.306 4.0197, 0.3884 7.4422 4.0158, 0.4072 7.4422 4.0158, 0.3365 7.306 4.0158, 0.3758 7.409 4.0158, 0.3559 7.306 4.0158, 0.369 7.3432 4.0158, 0.4257 7.3432 4.0158, 0.3758 7.3432 4.0158, 0.4396 7.306 4.0158, 0.459 7.306 4.0158, 0.395 7.4152 4.0158, 0.3961 7.4193 4.0158, 0.3972 7.4247 4.0158, 0.3746 7.3586 4.0158, 0.4203 7.3586 4.0158, 0.3997 7.4152 4.0158, 0.3976 7.4247 4.0158, 0.3987 7.419 4.0158
            ]
        }
        coordIndex [
            0,1,2,-1,2,1,3,-1,2,3,4,-1,5,1,6,-1,6,1,0,-1,7,8,9,-1,9,8,5,-1,9,5,6,-1,10,8,11,-1,11,8,7,-1,12,13,14,-1,14,13,10,-1,14,10,11,-1,15,13,16,-1,16,13,12,-1,17,18,19,-1,19,18,15,-1,19,15,16,-1,20,18,21,-1,21,18,17,-1,22,23,24,-1,24,23,20,-1,24,20,21,-1,25,23,26,-1,26,23,22,-1,27,28,29,-1,29,28,25,-1,29,25,26,-1,3,28,4,-1,4,28,27,-1,25,28,3,-1,3,1,25,-1,25,1,5,-1,25,5,23,-1,18,20,15,-1,15,20,23,-1,15,23,13,-1,13,23,5,-1,13,5,10,-1,10,5,8,-1,30,31,32,-1,32,31,33,-1,34,30,35,-1,35,30,32,-1,36,34,37,-1,37,34,35,-1,38,36,39,-1,39,36,37,-1,40,38,41,-1,41,38,39,-1,42,40,43,-1,43,40,41,-1,44,42,45,-1,45,42,43,-1,46,44,47,-1,47,44,45,-1,48,46,49,-1,49,46,47,-1,50,48,51,-1,51,48,49,-1,52,50,53,-1,53,50,51,-1,31,52,33,-1,33,52,53,-1,50,52,31,-1,31,30,50,-1,50,30,34,-1,50,34,48,-1,44,46,42,-1,42,46,48,-1,42,48,40,-1,40,48,34,-1,40,34,38,-1,38,34,36,-1,54,55,56,-1,56,55,57,-1,58,59,54,-1,54,59,60,-1,54,60,55,-1,55,60,61,-1,58,62,59,-1,59,62,63,-1,59,63,64,-1,64,63,65,-1,64,65,66,-1,66,67,64,-1,64,67,56,-1,64,56,68,-1,68,56,57,-1,68,57,69,-1,59,64,70,-1,70,64,71,-1,72,60,73,-1,73,60,59,-1,73,59,70,-1,61,60,74,-1,74,60,72,-1,55,61,75,-1,75,61,74,-1,76,57,77,-1,77,57,55,-1,77,55,75,-1,69,57,78,-1,78,57,76,-1,68,69,79,-1,79,69,78,-1,64,68,71,-1,71,68,79,-1,58,80,81,-1,58,81,62,-1,62,81,82,-1,62,82,63,-1,58,54,80,-1,80,54,83,-1,54,56,83,-1,83,56,84,-1,56,67,84,-1,84,67,85,-1,65,86,87,-1,65,87,66,-1,66,87,85,-1,66,85,67,-1,65,63,86,-1,86,63,82,-1,
        ]
    }
}
Shape{
    appearance Appearance {
        material  Material 	{
            diffuseColor 0.7019607843137254 0.6549019607843137 0.09411764705882353
            specularColor 0.050980392156862744 0.047058823529411764 0.00784313725490196
            ambientIntensity 0.8648
            transparency 0.0
            shininess 0.5
        }
    }
    geometry IndexedFaceSet {
        ccw TRUE
        solid FALSE
        coord DEF co Coordinate {
            point [
                0.3976 7.4247 4.0158, 0.3972 7.4247 4.0158, 0.3987 7.419 4.0158, 0.3961 7.4193 4.0158, 0.3997 7.4152 4.0158, 0.395 7.4152 4.0158, 0.4203 7.3586 4.0158, 0.3746 7.3586 4.0158
            ]
        }
        coordIndex [
            0,1,2,-1,2,1,3,-1,2,3,4,-1,4,3,5,-1,4,5,6,-1,6,5,7,-1,
        ]
    }
}
Shape{
    appearance Appearance {
        material  Material 	{
            diffuseColor 0.0 0.0 0.0
            specularColor 0.0 0.0 0.0
            ambientIntensity 0.0
            transparency 0.0
            shininess 0.5
        }
    }
    geometry IndexedFaceSet {
        ccw TRUE
        solid FALSE
        coord DEF co Coordinate {
            point [
                0.1367 7.3215 4.0158, 0.1367 7.3215 4.0197, 0.1735 7.3215 4.0158, 0.1924 7.3215 4.0197, 0.1924 7.3215 4.0158, 0.1367 7.3673 4.0197, 0.1367 7.3673 4.0158, 0.1854 7.3673 4.0197, 0.1735 7.3673 4.0158, 0.1854 7.3673 4.0158, 0.1854 7.3829 4.0197, 0.1854 7.3829 4.0158, 0.1367 7.3829 4.0158, 0.1367 7.3829 4.0197, 0.1735 7.3829 4.0158, 0.1367 7.4265 4.0197, 0.1367 7.4265 4.0158, 0.1893 7.4265 4.0158, 0.1893 7.4265 4.0197, 0.1735 7.4265 4.0158, 0.1893 7.4422 4.0197, 0.1893 7.4422 4.0158, 0.1191 7.4422 4.0158, 0.1191 7.4422 4.0197, 0.1735 7.4422 4.0158, 0.1191 7.306 4.0197, 0.1191 7.306 4.0158, 0.1924 7.306 4.0158, 0.1924 7.306 4.0197, 0.1735 7.306 4.0158, -0.0699 7.3215 4.0197, -0.0157 7.3215 4.0197, -0.0699 7.3215 4.0158, -0.0157 7.3215 4.0158, -0.0699 7.4422 4.0197, -0.0699 7.4422 4.0158, -0.0875 7.4422 4.0197, -0.0875 7.4422 4.0158, -0.0875 7.306 4.0197, -0.0875 7.306 4.0158, -0.0157 7.306 4.0197, -0.0157 7.306 4.0158
            ]
        }
        coordIndex [
            0,1,2,-1,2,1,3,-1,2,3,4,-1,5,1,6,-1,6,1,0,-1,5,6,7,-1,7,6,8,-1,7,8,9,-1,10,7,11,-1,11,7,9,-1,12,13,14,-1,14,13,10,-1,14,10,11,-1,15,13,16,-1,16,13,12,-1,17,18,19,-1,19,18,15,-1,19,15,16,-1,20,18,21,-1,21,18,17,-1,22,23,24,-1,24,23,20,-1,24,20,21,-1,25,23,26,-1,26,23,22,-1,27,28,29,-1,29,28,25,-1,29,25,26,-1,3,28,4,-1,4,28,27,-1,25,28,3,-1,3,1,25,-1,25,1,5,-1,25,5,23,-1,18,20,15,-1,15,20,23,-1,15,23,13,-1,13,23,5,-1,13,5,10,-1,10,5,7,-1,30,31,32,-1,32,31,33,-1,34,30,35,-1,35,30,32,-1,36,34,37,-1,37,34,35,-1,38,36,39,-1,39,36,37,-1,40,38,41,-1,41,38,39,-1,31,40,33,-1,33,40,41,-1,34,36,30,-1,30,36,38,-1,30,38,31,-1,31,38,40,-1,
        ]
    }
}