#VRML V2.0 utf8
# 3D model generated by easyeda2kicad.py (https://github.com/uPesy/easyeda2kicad.py)

Shape{
    appearance Appearance {
        material  Material 	{
            diffuseColor 0.7529411764705882 0.7529411764705882 0.7529411764705882
            specularColor 0.3764705882352941 0.3764705882352941 0.3764705882352941
            ambientIntensity 0.7529
            transparency 0.0
            shininess 0.5
        }
    }
    geometry IndexedFaceSet {
        ccw TRUE
        solid FALSE
        coord DEF co Coordinate {
            point [
                -0.5672 0.0615 2.1378, -1.0063 0.1356 2.1378, -1.0157 -0.0027 2.1378, -0.5693 -0.0447 2.1378, -1.0063 -0.141 2.1378, -0.5517 -0.1495 2.1378, -0.9781 -0.2768 2.1378, -0.5149 -0.2492 2.1378, 0.4563 -0.3458 2.1378, 0.8679 -0.5305 2.1378, 0.5119 -0.2553 2.1378, 0.9317 -0.4074 2.1378, 0.5499 -0.1561 2.1378, 0.9781 -0.2768 2.1378, 0.5688 -0.0515 2.1378, -0.3057 -0.4848 2.1378, -0.4673 -0.9046 2.1378, -0.2111 -0.5331 2.1378, -0.3402 -0.9598 2.1378, -0.1091 -0.563 2.1378, -0.2067 -0.9972 2.1378, -0.0034 -0.5736 2.1378, -0.9317 -0.4074 2.1378, -0.8679 -0.5305 2.1378, -0.4603 -0.3403 2.1378, -0.7879 -0.6437 2.1378, -0.3898 -0.4198 2.1378, -0.6933 -0.7451 2.1378, -0.5858 -0.8325 2.1378, 1.0063 -0.141 2.1378, 1.0157 -0.0027 2.1378, 0.568 0.0548 2.1378, 1.0063 0.1356 2.1378, 0.5475 0.159 2.1378, 0.9781 0.2713 2.1378, 0.508 0.2577 2.1378, 0.2047 -0.5356 2.1378, 0.4673 -0.9046 2.1378, 0.3 -0.4884 2.1378, 0.5858 -0.8325 2.1378, 0.3848 -0.4244 2.1378, 0.6933 -0.7451 2.1378, 0.7879 -0.6437 2.1378, -0.0693 -1.0161 2.1378, 0.0693 -1.0161 2.1378, 0.1024 -0.5643 2.1378, 0.2067 -0.9972 2.1378, 0.3402 -0.9598 2.1378, -0.9781 0.2713 2.1378, -0.5455 0.1655 2.1378, -0.9317 0.402 2.1378, 0.6933 0.7396 2.1378, 0.3525 0.4531 2.1378, 0.3864 0.4186 2.1378, 0.1347 0.5806 2.1378, 0.1368 0.5798 2.1378, 0.2067 0.9918 2.1378, 0.3402 0.9544 2.1378, -0.4977 0.2771 2.1378, -0.8679 0.5251 2.1378, -0.4984 0.2756 2.1378, -0.5049 0.2637 2.1378, -0.4427 0.3751 2.1378, -0.416 0.4099 2.1378, -0.7879 0.6383 2.1378, -0.4126 0.4143 2.1378, -0.6933 0.7396 2.1378, -0.3141 0.507 2.1378, -0.3134 0.5073 2.1378, -0.5858 0.8271 2.1378, -0.4673 0.8992 2.1378, 0.0205 0.5956 2.1378, 0.0693 1.0107 2.1378, -0.0145 0.5953 2.1378, -0.0693 1.0107 2.1378, -0.0299 0.5952 2.1378, -0.3795 0.4506 2.1378, -0.3624 0.4663 2.1378, -0.3434 0.4838 2.1378, -0.2249 0.5521 2.1378, -0.3402 0.9544 2.1378, -0.2458 0.5426 2.1378, -0.2711 0.5311 2.1378, 0.0662 0.5921 2.1378, 0.0705 0.5918 2.1378, 0.1201 0.5838 2.1378, 0.2271 0.5414 2.1378, 0.4673 0.8992 2.1378, 0.2098 0.5496 2.1378, 0.182 0.5628 2.1378, 0.9317 0.402 2.1378, 0.8679 0.5251 2.1378, 0.451 0.3473 2.1378, 0.7879 0.6383 2.1378, 0.3923 0.412 2.1378, 0.3898 0.4148 2.1378, -0.477 0.3196 2.1378, -0.4612 0.346 2.1378, -0.4518 0.3617 2.1378, -0.129 0.5819 2.1378, -0.2067 0.9918 2.1378, -0.1726 0.5703 2.1378, -0.1775 0.569 2.1378, -0.0948 0.588 2.1378, -0.0898 0.5889 2.1378, -0.0805 0.5905 2.1378, 0.3356 0.4674 2.1378, 0.5858 0.8271 2.1378, 0.3154 0.4846 2.1378, 0.2699 0.5166 2.1378, 0.2762 0.5122 2.1378, 0.3101 0.4887 2.1378, 0.4831 -0.3068 -0.5906, 0.5807 -0.4391 -0.5906, 0.4185 -0.391 -0.5906, 0.5032 -0.5266 -0.5906, 0.3393 -0.4618 -0.5906, 0.4126 -0.6005 -0.5906, 0.2484 -0.5167 -0.5906, 0.3114 -0.659 -0.5906, 0.1489 -0.5538 -0.5906, 0.2021 -0.7004 -0.5906, 0.0442 -0.5719 -0.5906, 0.0876 -0.7238 -0.5906, -0.0619 -0.5702 -0.5906, -0.724 0.0557 -0.5906, -0.5913 0.0082 -0.5906, -0.7264 -0.0027 -0.5906, -0.5902 -0.0117 -0.5906, -0.724 -0.0612 -0.5906, -0.5355 -0.2036 -0.5906, -0.6683 -0.2874 -0.5906, -0.555 -0.159 -0.5906, -0.7053 -0.1765 -0.5906, -0.5613 -0.1403 -0.5906, -0.5707 -0.1126 -0.5906, 0.4207 0.3832 -0.5906, 0.5807 0.4337 -0.5906, 0.4849 0.2986 -0.5906, 0.6432 0.3349 -0.5906, 0.5323 0.2036 -0.5906, 0.689 0.2273 -0.5906, 0.5613 0.1014 -0.5906, 0.717 0.1138 -0.5906, 0.5709 -0.0043 -0.5906, 0.7264 -0.0027 -0.5906, 0.5607 -0.11 -0.5906, 0.717 -0.1192 -0.5906, 0.5311 -0.212 -0.5906, 0.689 -0.2327 -0.5906, 0.6432 -0.3403 -0.5906, -0.0292 -0.7285 -0.5906, -0.1453 -0.7144 -0.5906, -0.166 -0.5489 -0.5906, -0.2576 -0.6819 -0.5906, -0.2643 -0.5087 -0.5906, -0.3632 -0.6318 -0.5906, -0.3534 -0.451 -0.5906, -0.4594 -0.5654 -0.5906, -0.4303 -0.3778 -0.5906, -0.5437 -0.4844 -0.5906, -0.4924 -0.2916 -0.5906, -0.6139 -0.3909 -0.5906, -0.5307 -0.2131 -0.5906, -0.5316 -0.2113 -0.5906, -0.5833 -0.0598 -0.5906, -0.5817 -0.0665 -0.5906, -0.5722 -0.1073 -0.5906, -0.0587 0.5651 -0.5906, -0.0292 0.7231 -0.5906, 0.0475 0.5662 -0.5906, 0.0876 0.7184 -0.5906, 0.152 0.5475 -0.5906, 0.2021 0.695 -0.5906, 0.2513 0.5099 -0.5906, 0.3114 0.6535 -0.5906, 0.3419 0.4544 -0.5906, 0.4126 0.5951 -0.5906, 0.5032 0.5212 -0.5906, -0.592 0.0867 -0.5906, -0.592 0.085 -0.5906, -0.593 0.0371 -0.5906, -0.1453 0.709 -0.5906, -0.1502 0.5559 -0.5906, -0.2576 0.6765 -0.5906, -0.1508 0.5558 -0.5906, -0.1983 0.5456 -0.5906, -0.2255 0.5372 -0.5906, -0.2451 0.5312 -0.5906, -0.3632 0.6264 -0.5906, -0.2905 0.5127 -0.5906, -0.5902 0.0974 -0.5906, -0.7053 0.1711 -0.5906, -0.5802 0.1444 -0.5906, -0.0717 0.5636 -0.5906, -0.0739 0.5635 -0.5906, -0.1202 0.5602 -0.5906, -0.2962 0.5098 -0.5906, -0.3281 0.4939 -0.5906, -0.4594 0.5599 -0.5906, -0.3633 0.4732 -0.5906, -0.3638 0.4727 -0.5906, -0.4371 0.4064 -0.5906, -0.5437 0.479 -0.5906, -0.4227 0.4205 -0.5906, -0.4011 0.4417 -0.5906, -0.4687 0.3697 -0.5906, -0.4755 0.3604 -0.5906, -0.6139 0.3855 -0.5906, -0.4986 0.3287 -0.5906, -0.515 0.3016 -0.5906, -0.5202 0.2931 -0.5906, -0.5247 0.2856 -0.5906, -0.6683 0.282 -0.5906, -0.547 0.2406 -0.5906, -0.555 0.2203 -0.5906, -0.5651 0.1949 -0.5906, -0.5798 0.1466 -0.5906, -0.0127 0.4893 -0.4992, -0.0249 0.4881 -0.4983, -0.0249 0.4871 -0.5118, -0.4353 0.2269 1.4534, -0.4298 0.2358 1.4527, -0.4294 0.2356 1.5019, -0.4173 0.2581 1.5002, -0.1432 0.4681 1.4288, -0.1231 0.4728 1.4275, -0.1231 0.473 1.4767, 0.3847 0.3042 1.3914, 0.403 0.2778 1.3892, 0.4038 0.2783 1.4385, 0.4052 0.2766 1.4383, 0.4822 0.0955 1.4253, 0.482 0.0963 1.4253, 0.481 0.0961 1.3762, 0.456 -0.1878 1.3582, 0.4517 -0.1965 1.3575, 0.4513 -0.1964 1.4067, -0.0044 -0.4948 1.3206, -0.0249 -0.4933 1.3192, -0.0249 -0.4935 1.3684, -0.037 -0.4934 1.3676, 0.0273 -0.4941 1.1258, -0.0249 -0.4934 1.1224, -0.0249 -0.4932 1.1716, -0.0666 -0.4903 1.1688, -0.0761 0.4835 1.0307, -0.0249 0.488 1.0272, -0.0249 0.4877 1.0765, 0.0152 0.4892 1.0738, -0.0415 0.4877 0.8315, -0.0249 0.4879 0.8304, -0.0249 0.4886 0.8796, -0.0215 0.4889 0.8794, 0.4067 -0.2798 0.7607, 0.4037 -0.2837 0.7604, 0.4033 -0.2835 0.8096, 0.3962 -0.2947 0.8087, -0.4323 0.2324 0.6655, -0.4301 0.236 0.6653, -0.4297 0.2358 0.7145, -0.4245 0.2462 0.7137, 0.4049 -0.2824 0.3668, 0.4038 -0.2838 0.3667, 0.4036 -0.2836 0.4159, 0.4002 -0.289 0.4154, -0.4308 0.2352 0.2716, -0.4302 0.2361 0.2716, -0.43 0.236 0.3208, -0.428 0.2401 0.3205, -0.4295 0.2357 -0.5118, -0.4347 0.2279 -0.466, -0.4564 0.1813 -0.5118, -0.4618 0.1674 -0.4616, -0.4145 -0.2681 -0.4329, -0.4217 -0.2564 -0.483, -0.4293 -0.241 -0.4349, -0.4295 -0.2411 -0.4841, -0.4464 -0.2098 -0.4373, -0.4521 -0.1972 -0.4874, -0.4694 -0.15 -0.4415, -0.4688 -0.1498 -0.4907, -0.4702 -0.1481 -0.4417, -0.474 -0.135 -0.4918, -0.4852 -0.0848 -0.4458, -0.4873 -0.0714 -0.4959, -0.4886 -0.0524 -0.4478, -0.4887 -0.0524 -0.497, -0.4918 -0.0216 -0.4497, -0.4921 -0.0083 -0.4997, -0.4902 0.0411 -0.4534, -0.4892 0.0471 -0.503, -0.4892 0.047 -0.4538, -0.4888 0.0546 -0.5034, -0.4803 0.1045 -0.4574, -0.477 0.1182 -0.5075, -0.4686 0.1443 -0.4601, -0.4685 0.1443 -0.5093, -0.4566 0.1808 -0.5118, 0.0744 0.483 -0.1113, 0.0744 0.4832 -0.1605, 0.1253 0.4732 -0.1147, 0.1305 0.4718 -0.1642, 0.1707 0.458 -0.1177, 0.1706 0.4579 -0.1669, 0.1867 0.4526 -0.1187, 0.1917 0.4505 -0.1683, 0.2435 0.425 -0.1225, 0.2481 0.4223 -0.172, 0.2598 0.4142 -0.1237, 0.2599 0.4143 -0.1729, 0.2961 0.3904 -0.1263, 0.3005 0.387 -0.1758, 0.3387 0.3536 -0.1298, 0.3386 0.3534 -0.179, 0.345 0.3482 -0.1303, 0.3491 0.3441 -0.1799, 0.3887 0.2991 -0.1346, 0.3924 0.2943 -0.1843, 0.403 0.2778 -0.1363, 0.4031 0.2779 -0.1856, 0.4258 0.244 -0.1391, 0.4289 0.2387 -0.1887, 0.4518 0.1912 -0.143, 0.4516 0.191 -0.1922, 0.4552 0.1844 -0.1435, 0.4575 0.1786 -0.1931, 0.4761 0.122 -0.1478, 0.4776 0.116 -0.1974, 0.481 0.0962 -0.1494, 0.4812 0.0962 -0.1986, 0.4883 0.0585 -0.1518, 0.489 0.0524 -0.2014, 0.492 -0.0027 -0.1555, 0.4917 -0.0027 -0.2047, 0.4921 -0.0043 -0.1556, 0.4921 -0.0105 -0.2052, 0.4879 -0.0673 -0.1594, 0.487 -0.0736 -0.209, 0.481 -0.1016 -0.1616, 0.481 -0.1016 -0.2108, 0.4752 -0.1308 -0.1635, 0.4734 -0.1372 -0.2131, 0.4538 -0.1931 -0.1678, 0.4521 -0.1967 -0.2173, 0.452 -0.1967 -0.168, 0.4511 -0.1994 -0.2174, 0.4241 -0.2524 -0.1722, 0.4205 -0.2584 -0.2219, 0.403 -0.2832 -0.1747, 0.403 -0.2832 -0.2239, 0.3866 -0.3072 -0.1766, 0.3822 -0.3127 -0.2263, 0.3426 -0.356 -0.1809, 0.339 -0.3593 -0.2304, 0.3389 -0.3592 -0.1812, 0.3375 -0.3609 -0.2306, 0.2934 -0.3978 -0.1849, 0.2877 -0.402 -0.2346, 0.2598 -0.4196 -0.1873, 0.2598 -0.4195 -0.2365, 0.2406 -0.432 -0.1887, 0.2345 -0.4354 -0.2383, 0.1836 -0.4593 -0.1925, 0.1768 -0.462 -0.2421, 0.1707 -0.4635 -0.1933, 0.1708 -0.4638 -0.2425, 0.122 -0.4795 -0.1966, 0.1147 -0.4813 -0.2463, 0.0744 -0.4883 -0.1998, 0.0743 -0.4881 -0.249, 0.0572 -0.4915 -0.2009, 0.0495 -0.4923 -0.2506, -0.0092 -0.4948 -0.2053, -0.017 -0.4945 -0.2551, -0.0249 -0.4934 -0.2064, -0.0249 -0.4937 -0.2556, -0.0753 -0.489 -0.2097, -0.0831 -0.4878 -0.2595, -0.1232 -0.4783 -0.2129, -0.1231 -0.4781 -0.2621, -0.1394 -0.4747 -0.214, -0.1469 -0.4724 -0.2637, -0.1999 -0.4524 -0.218, -0.207 -0.4492 -0.2677, -0.2163 -0.4438 -0.2191, -0.2165 -0.444 -0.2684, -0.2555 -0.4233 -0.2218, -0.2621 -0.4192 -0.2714, -0.301 -0.3915 -0.2251, -0.3008 -0.3912 -0.2743, -0.3074 -0.387 -0.2256, -0.3137 -0.3819 -0.2753, -0.3553 -0.3432 -0.2297, -0.361 -0.3371 -0.2795, -0.3726 -0.3226 -0.2315, -0.3727 -0.3227 -0.2807, -0.3977 -0.2926 -0.234, -0.4027 -0.2857 -0.2838, -0.43 -0.2413 -0.2381, -0.4296 -0.2411 -0.2873, -0.4331 -0.2364 -0.2385, -0.4372 -0.2287 -0.2883, -0.4606 -0.176 -0.2429, -0.4636 -0.1678 -0.2927, -0.4685 -0.1497 -0.2447, -0.4687 -0.1498 -0.2939, -0.4796 -0.1132 -0.2471, -0.4814 -0.1048 -0.2969, -0.4894 -0.0525 -0.251, -0.489 -0.0524 -0.3002, -0.4899 -0.0498 -0.2511, -0.4906 -0.0412 -0.3009, -0.4919 0.0129 -0.2548, -0.4915 0.0215 -0.3046, -0.4886 0.047 -0.2569, -0.4886 0.047 -0.3061, -0.4858 0.0761 -0.2587, -0.4843 0.0849 -0.3085, -0.4711 0.1394 -0.2628, -0.4693 0.1446 -0.3124, -0.4692 0.1445 -0.2632, -0.4684 0.1482 -0.3127, -0.4479 0.2012 -0.2672, -0.4439 0.2098 -0.317, -0.4293 0.2356 -0.2698, -0.4293 0.2356 -0.319, -0.4163 0.2597 -0.2716, -0.4111 0.2677 -0.3215, -0.3773 0.3133 -0.276, -0.3732 0.3177 -0.3256, -0.3731 0.3176 -0.2764, -0.371 0.3206 -0.3258, -0.3319 0.3606 -0.2803, -0.3249 0.367 -0.3301, -0.3006 0.3857 -0.2827, -0.3006 0.3856 -0.332, -0.2818 0.4007 -0.2842, -0.2741 0.406 -0.334, -0.2283 0.4333 -0.2879, -0.2199 0.4375 -0.3377, -0.2165 0.4385 -0.2887, -0.2166 0.4389 -0.3379, -0.1701 0.4591 -0.2918, -0.1609 0.4624 -0.3416, -0.1231 0.4729 -0.2949, -0.1231 0.4727 -0.3442, -0.1077 0.4775 -0.296, -0.0978 0.4796 -0.3458, -0.0424 0.4876 -0.3003, -0.0321 0.4884 -0.3502, -0.0249 0.4879 -0.3015, -0.0249 0.4883 -0.3507, 0.0241 0.4888 -0.3048, 0.0345 0.4882 -0.3547, 0.0744 0.4829 -0.3081, 0.0744 0.4827 -0.3573, 0.0899 0.4811 -0.3091, 0.1001 0.4791 -0.359, 0.1533 0.4649 -0.3134, 0.1631 0.4616 -0.3632, 0.1706 0.458 -0.3145, 0.1707 0.4583 -0.3637, 0.2128 0.441 -0.3173, 0.2219 0.4366 -0.3672, 0.2601 0.4145 -0.3205, 0.2599 0.4142 -0.3697, 0.2674 0.4105 -0.321, 0.2759 0.4048 -0.3708, 0.3185 0.3724 -0.3249, 0.3266 0.3655 -0.3748, 0.3383 0.3532 -0.3267, 0.3385 0.3534 -0.3759, 0.3653 0.327 -0.3291, 0.3726 0.3188 -0.379, 0.4037 0.2783 -0.3332, 0.4033 0.2779 -0.3824, 0.4062 0.2751 -0.3335, 0.4124 0.2658 -0.3834, 0.44 0.2178 -0.3379, 0.4449 0.2077 -0.3879, 0.4512 0.1909 -0.3398, 0.4514 0.191 -0.389, 0.4656 0.1567 -0.3423, 0.4691 0.146 -0.3922, 0.4819 0.0963 -0.3463, 0.4813 0.0962 -0.3955, 0.4826 0.0936 -0.3465, 0.4847 0.0827 -0.3964, 0.491 0.0302 -0.3504, 0.4916 0.0193 -0.4003, 0.4911 -0.0027 -0.3524, 0.4912 -0.0027 -0.4016, 0.4912 -0.0324 -0.3541, 0.4904 -0.0434 -0.404, 0.4833 -0.0957 -0.358, 0.4817 -0.1017 -0.4076, 0.4817 -0.1017 -0.3584, 0.481 -0.107 -0.408, 0.4667 -0.1589 -0.3622, 0.4628 -0.17 -0.4122, 0.4513 -0.1964 -0.3649, 0.4512 -0.1963 -0.4141, 0.4415 -0.2201 -0.3666, 0.4361 -0.2308 -0.4166, 0.4082 -0.2776 -0.371, 0.4037 -0.2837 -0.4207, 0.4036 -0.2836 -0.3715, 0.4013 -0.2876 -0.421, 0.3676 -0.3299 -0.3754, 0.3595 -0.3388 -0.4254, 0.3383 -0.3587 -0.378, 0.3383 -0.3586 -0.4272, 0.3211 -0.3757 -0.3796, 0.3119 -0.3833 -0.4296, 0.2701 -0.4141 -0.3835, 0.2603 -0.4203 -0.4334, 0.26 -0.4198 -0.3842, 0.2602 -0.4204 -0.4334, 0.2157 -0.445 -0.3872, 0.2049 -0.4501 -0.4371, 0.1706 -0.4635 -0.3902, 0.1706 -0.4632 -0.4394, 0.1565 -0.4693 -0.3911, 0.1448 -0.4731 -0.4411, 0.0933 -0.4859 -0.3954, 0.0808 -0.4882 -0.4454, 0.0744 -0.4883 -0.3966, 0.0745 -0.4888 -0.4458, 0.0275 -0.4941 -0.3997, 0.0147 -0.4946 -0.4498, -0.0249 -0.4935 -0.4032, -0.0249 -0.4931 -0.4524, -0.0389 -0.4933 -0.4042, -0.0518 -0.4921 -0.4542, -0.1044 -0.4836 -0.4085, -0.1169 -0.4807 -0.4586, -0.1231 -0.4783 -0.4098, -0.1232 -0.4788 -0.459, -0.167 -0.4656 -0.4127, -0.1789 -0.4612 -0.4627, -0.2165 -0.4441 -0.416, -0.2163 -0.4437 -0.4652, -0.2254 -0.4402 -0.4166, -0.2364 -0.4343 -0.4665, -0.2791 -0.408 -0.4203, -0.2895 -0.4007 -0.4703, -0.3006 -0.3911 -0.422, -0.3008 -0.3913 -0.4712, -0.3294 -0.3683 -0.4243, -0.3391 -0.3594 -0.4743, -0.3733 -0.3232 -0.4283, -0.3728 -0.3227 -0.4775, -0.375 -0.3213 -0.4285, -0.3836 -0.3109 -0.4786, 0.339 -0.3594 0.1633, 0.2902 -0.4002 0.1593, 0.288 -0.4018 0.2083, 0.0659 0.485 -0.1599, 0.0606 0.4857 -0.1103, -0.0004 0.4894 -0.1555, -0.0057 0.4894 -0.1059, -0.0249 0.4877 -0.1539, -0.0249 0.4879 -0.1046, -0.0668 0.4849 -0.1511, -0.0719 0.4841 -0.1015, -0.1233 0.4732 -0.1473, -0.1232 0.473 -0.0981, -0.1313 0.4716 -0.1468, -0.1361 0.4702 -0.0972, -0.1924 0.4502 -0.1427, -0.1968 0.4484 -0.0932, -0.2163 0.4382 -0.1411, -0.2163 0.4383 -0.0919, -0.2487 0.4219 -0.1389, -0.2527 0.4196 -0.0895, -0.3011 0.3865 -0.1351, -0.3011 0.3862 -0.0859, -0.3012 0.3864 -0.1351, -0.3047 0.3837 -0.0856, -0.3497 0.3435 -0.131, -0.3529 0.3403 -0.0815, -0.3726 0.3171 -0.1287, -0.3726 0.3171 -0.0795, -0.3929 0.2936 -0.1267, -0.3956 0.29 -0.0772, -0.4293 0.2379 -0.1223, -0.4302 0.236 -0.0729, -0.4302 0.2361 -0.1221, -0.4314 0.2341 -0.0728, -0.4578 0.1779 -0.1179, -0.4593 0.1739 -0.0684, -0.4685 0.1443 -0.1156, -0.4685 0.1443 -0.0664, -0.4778 0.1152 -0.1136, -0.4788 0.1112 -0.0641, -0.4891 0.0516 -0.1095, -0.4895 0.0477 -0.0601, -0.4893 0.0471 -0.1093, -0.4896 0.0471 -0.06, -0.4921 -0.0113 -0.1058, -0.492 -0.015 -0.0564, -0.4887 -0.0524 -0.1033, -0.4886 -0.0524 -0.0541, -0.4869 -0.0744 -0.102, -0.4863 -0.0782 -0.0525, -0.4732 -0.138 -0.0979, -0.4721 -0.1415 -0.0484, -0.4689 -0.1498 -0.097, -0.4691 -0.1499 -0.0478, -0.4508 -0.2001 -0.0935, -0.4493 -0.2035 -0.0441, -0.4294 -0.2411 -0.0904, -0.4294 -0.2411 -0.0412, -0.42 -0.2591 -0.0891, -0.4182 -0.2622 -0.0396, -0.3817 -0.3134 -0.0847, -0.3795 -0.316 -0.0352, -0.3729 -0.3228 -0.0838, -0.373 -0.3229 -0.0346, -0.3369 -0.3615 -0.0804, -0.3345 -0.3637 -0.031, -0.3007 -0.3912 -0.0775, -0.3007 -0.3912 -0.0283, -0.2871 -0.4024 -0.0764, -0.2845 -0.4042 -0.027, -0.2338 -0.4357 -0.0727, -0.2312 -0.4371 -0.0233, -0.2164 -0.4438 -0.0715, -0.2164 -0.4438 -0.0223, -0.1761 -0.4623 -0.0688, -0.1733 -0.4633 -0.0194, -0.1232 -0.4786 -0.0653, -0.1232 -0.4785 -0.0161, -0.1139 -0.4815 -0.0647, -0.1111 -0.4821 -0.0153, -0.0487 -0.4924 -0.0603, -0.0459 -0.4927 -0.0109, -0.0249 -0.4932 -0.0587, -0.0249 -0.4932 -0.0095, 0.0179 -0.4945 -0.0559, 0.0206 -0.4944 -0.0065, 0.0745 -0.4886 -0.0521, 0.0744 -0.4885 -0.0029, 0.0839 -0.4876 -0.0515, 0.0865 -0.4872 -0.0021, 0.1477 -0.4722 -0.0472, 0.15 -0.4714 0.0021, 0.1706 -0.4633 -0.0457, 0.1706 -0.4633 0.0035, 0.2077 -0.4489 -0.0432, 0.2097 -0.4479 0.0061, 0.2602 -0.4202 -0.0397, 0.2602 -0.4201 0.0095, 0.2627 -0.4188 -0.0395, 0.2646 -0.4177 0.0098, 0.3143 -0.3814 -0.0357, 0.3159 -0.38 0.0137, 0.3383 -0.3586 -0.0335, 0.3383 -0.3586 0.0157, 0.3616 -0.3365 -0.0315, 0.363 -0.335 0.0179, 0.4031 -0.285 -0.0271, 0.4039 -0.2838 0.0222, 0.4038 -0.2838 -0.027, 0.4043 -0.2834 0.0222, 0.4375 -0.228 -0.0227, 0.4384 -0.2263 0.0266, 0.4512 -0.1963 -0.0204, 0.4512 -0.1963 0.0288, 0.4639 -0.1671 -0.0183, 0.4644 -0.1654 0.031, 0.4816 -0.104 -0.0141, 0.4819 -0.1024 0.0352, 0.4819 -0.1018 -0.0139, 0.482 -0.1018 0.0353, 0.4907 -0.0404 -0.0101, 0.4908 -0.039 0.0392, 0.4912 -0.0027 -0.0079, 0.4912 -0.0027 0.0413, 0.4915 0.0222 -0.0064, 0.4914 0.0236 0.0429, 0.4841 0.0857 -0.0025, 0.4839 0.087 0.0468, 0.4815 0.0962 -0.0018, 0.4815 0.0962 0.0474, 0.4682 0.149 0.0017, 0.4678 0.1502 0.051, 0.4513 0.191 0.0047, 0.4513 0.191 0.0539, 0.4435 0.2105 0.0061, 0.443 0.2115 0.0553, 0.4107 0.2684 0.0105, 0.4101 0.2693 0.0598, 0.4034 0.278 0.0113, 0.4034 0.278 0.0605, 0.3705 0.3212 0.0149, 0.3699 0.3219 0.0642, 0.3384 0.3533 0.0178, 0.3384 0.3533 0.067, 0.3242 0.3675 0.0191, 0.3237 0.368 0.0684, 0.2734 0.4065 0.023, 0.2729 0.4068 0.0723, 0.2599 0.4143 0.024, 0.26 0.4143 0.0732, 0.2192 0.4379 0.0267, 0.2187 0.4381 0.076, 0.1707 0.4582 0.03, 0.1707 0.4582 0.0792, 0.1602 0.4626 0.0307, 0.1597 0.4628 0.0799, 0.097 0.4798 0.0349, 0.0967 0.4798 0.0841, 0.0744 0.4827 0.0364, 0.0744 0.4827 0.0856, 0.0313 0.4884 0.0393, 0.031 0.4884 0.0885, -0.0249 0.4882 0.043, -0.0249 0.4882 0.0922, -0.0353 0.4881 0.0437, -0.0354 0.4881 0.0929, -0.1009 0.479 0.0481, -0.101 0.4789 0.0973, -0.1231 0.4727 0.0495, -0.1231 0.4728 0.0988, -0.1638 0.4613 0.0523, -0.1638 0.4614 0.1015, -0.2166 0.4388 0.0558, -0.2166 0.4388 0.105, -0.2226 0.4362 0.0562, -0.2224 0.4363 0.1054, -0.2766 0.4044 0.0599, -0.2764 0.4045 0.1091, -0.3006 0.3856 0.0617, -0.3006 0.3856 0.111, -0.3271 0.3649 0.0638, -0.3269 0.3652 0.113, -0.3731 0.3182 0.0681, -0.3728 0.3186 0.1172, -0.3734 0.3178 0.0681, -0.3734 0.3178 0.1173, -0.4129 0.2651 0.0724, -0.4126 0.2656 0.1216, -0.4293 0.2356 0.0747, -0.4293 0.2356 0.1239, -0.4452 0.2069 0.0769, -0.4449 0.2075 0.1261, -0.4693 0.1453 0.0812, -0.4691 0.146 0.1304, -0.4695 0.1446 0.0813, -0.4695 0.1446 0.1305, -0.4848 0.0819 0.0854, -0.4847 0.0827 0.1346, -0.4886 0.047 0.0876, -0.4886 0.047 0.1368, -0.4917 0.0185 0.0893, -0.4916 0.0194 0.1385, -0.4904 -0.0442 0.093, -0.4905 -0.0431 0.1422, -0.4891 -0.0524 0.0935, -0.4891 -0.0524 0.1427, -0.4808 -0.1078 0.097, -0.481 -0.1066 0.1461, -0.4686 -0.1498 0.0998, -0.4687 -0.1498 0.149, -0.4625 -0.1708 0.1012, -0.463 -0.1696 0.1504, -0.4357 -0.2315 0.1056, -0.4364 -0.2303 0.1548, -0.4297 -0.2412 0.1064, -0.4297 -0.2412 0.1556, -0.4008 -0.2882 0.1101, -0.4017 -0.287 0.1592, -0.3726 -0.3226 0.113, -0.3727 -0.3227 0.1622, -0.3589 -0.3394 0.1144, -0.36 -0.3382 0.1635, -0.3113 -0.3839 0.1186, -0.3126 -0.3828 0.1677, -0.3008 -0.3913 0.1194, -0.3008 -0.3913 0.1686, -0.2596 -0.4208 0.1224, -0.261 -0.4199 0.1716, -0.2164 -0.4439 0.1253, -0.2164 -0.444 0.1745, -0.2042 -0.4505 0.1261, -0.2059 -0.4497 0.1752, -0.144 -0.4733 0.1302, -0.1459 -0.4727 0.1792, -0.1231 -0.4782 0.1316, -0.1231 -0.4782 0.1808, -0.08 -0.4883 0.1344, -0.0821 -0.4879 0.1835, -0.0249 -0.4936 0.1381, -0.0249 -0.4937 0.1873, -0.0139 -0.4946 0.1388, -0.0162 -0.4946 0.1879, 0.0526 -0.492 0.1433, 0.0503 -0.4923 0.1923, 0.0744 -0.4882 0.1447, 0.0743 -0.4881 0.1939, 0.1177 -0.4806 0.1476, 0.1153 -0.4811 0.1967, 0.1708 -0.4637 0.1511, 0.1708 -0.4638 0.2004, 0.1797 -0.4609 0.1517, 0.1773 -0.4618 0.2008, 0.2371 -0.4339 0.1556, 0.2349 -0.4352 0.2046, 0.2598 -0.4195 0.1572, 0.2598 -0.4195 0.2064, 0.3376 -0.3608 0.2124, 0.339 -0.3593 0.2125, 0.3397 -0.3588 0.1633, 0.3823 -0.3126 0.2166, 0.3842 -0.3103 0.1676, 0.4221 -0.2557 0.172, 0.4511 -0.1994 0.2255, 0.4522 -0.1968 0.1764, 0.4521 -0.1967 0.2257, 0.4524 -0.1965 0.1765, 0.403 -0.2832 0.1698, 0.403 -0.2832 0.219, 0.4205 -0.2584 0.221, 0.4742 -0.1342 0.1808, 0.4733 -0.1374 0.2298, 0.481 -0.1016 0.1829, 0.481 -0.1016 0.2321, 0.4874 -0.0706 0.1849, 0.4869 -0.0739 0.2339, 0.4921 -0.0075 0.1887, 0.4921 -0.0109 0.2377, 0.4918 -0.0027 0.189, 0.4917 -0.0027 0.2382, 0.4887 0.0554 0.1924, 0.4891 0.0519 0.2414, 0.4811 0.0962 0.1951, 0.4812 0.0962 0.2443, 0.4768 0.119 0.1965, 0.4777 0.1154 0.2455, 0.4563 0.1816 0.2008, 0.4578 0.178 0.2498, 0.4517 0.1911 0.2015, 0.4516 0.191 0.2507, 0.4273 0.2414 0.2052, 0.4293 0.2379 0.2542, 0.4031 0.2779 0.2081, 0.4032 0.2779 0.2574, 0.3905 0.2968 0.2097, 0.393 0.2935 0.2586, 0.347 0.3463 0.214, 0.3499 0.3434 0.2629, 0.3387 0.3535 0.2147, 0.3386 0.3534 0.2639, 0.2981 0.3889 0.2181, 0.3014 0.3863 0.267, 0.2599 0.4143 0.2208, 0.2599 0.4144 0.27, 0.2455 0.4238 0.2218, 0.2491 0.4217 0.2708, 0.1889 0.4517 0.2256, 0.1929 0.45 0.2745, 0.1706 0.4579 0.2268, 0.1706 0.4579 0.276, 0.1275 0.4726 0.2297, 0.1319 0.4714 0.2786, 0.0744 0.4831 0.2332, 0.0744 0.4833 0.2824, 0.0628 0.4854 0.234, 0.0675 0.4848 0.2829, -0.0036 0.4894 0.2384, 0.0013 0.4894 0.2873, -0.0249 0.4878 0.2398, -0.0249 0.4877 0.2891, -0.0699 0.4844 0.2428, -0.065 0.4851 0.2917, -0.1232 0.4731 0.2464, -0.1233 0.4733 0.2956, -0.1343 0.4707 0.2471, -0.1295 0.4721 0.296, -0.1952 0.449 0.2512, -0.1906 0.451 0.3001, -0.2163 0.4383 0.2526, -0.2163 0.4382 0.3018, -0.2513 0.4204 0.2549, -0.247 0.4229 0.3039, -0.3011 0.3863 0.2586, -0.2994 0.3878 0.3076, -0.3011 0.3863 0.3078, -0.3035 0.3847 0.2588, -0.3481 0.3452 0.3117, -0.3914 0.2956 0.316, -0.3948 0.2911 0.2672, -0.3726 0.3171 0.3142, -0.3726 0.3171 0.265, -0.3519 0.3413 0.2629, -0.4589 0.175 0.276, -0.4568 0.1803 0.3249, -0.4685 0.1443 0.2781, -0.4685 0.1443 0.3273, -0.4785 0.1122 0.2803, -0.4771 0.1178 0.3292, -0.4894 0.0486 0.2844, -0.4888 0.0543 0.3332, -0.4895 0.0471 0.2844, -0.4892 0.0471 0.3336, -0.492 -0.0142 0.2881, -0.4921 -0.0085 0.3369, -0.4886 -0.0524 0.2904, -0.4887 -0.0524 0.3396, -0.4864 -0.0774 0.2919, -0.4873 -0.0715 0.3407, -0.4723 -0.1409 0.296, -0.474 -0.135 0.3449, -0.469 -0.1498 0.2967, -0.4688 -0.1498 0.3459, -0.4495 -0.203 0.3004, -0.4521 -0.1971 0.3492, -0.4294 -0.2411 0.3033, -0.4295 -0.2412 0.3525, -0.4184 -0.2618 0.3048, -0.4218 -0.2562 0.3536, -0.3797 -0.3158 0.3092, -0.3839 -0.3107 0.358, -0.373 -0.3229 0.3099, -0.3728 -0.3227 0.3591, -0.3346 -0.3636 0.3135, -0.3394 -0.359 0.3623, -0.3007 -0.3912 0.3162, -0.3008 -0.3913 0.3654, -0.2846 -0.4042 0.3175, -0.29 -0.4003 0.3663, -0.2312 -0.4371 0.3212, -0.237 -0.434 0.37, -0.2164 -0.4438 0.3222, -0.2163 -0.4437 0.3714, -0.1732 -0.4633 0.3251, -0.1796 -0.4609 0.3739, -0.1232 -0.4785 0.3284, -0.1232 -0.4788 0.3776, -0.1109 -0.4822 0.3292, -0.1177 -0.4805 0.378, -0.0455 -0.4927 0.3336, -0.0528 -0.492 0.3823, -0.0249 -0.4932 0.335, -0.0249 -0.4931 0.3842, 0.021 -0.4944 0.338, 0.0136 -0.4946 0.3867, 0.0744 -0.4885 0.3416, 0.0745 -0.4888 0.3908, 0.087 -0.4871 0.3424, 0.0796 -0.4883 0.3911, 0.1506 -0.4712 0.3467, 0.1435 -0.4734 0.3954, 0.1706 -0.4633 0.348, 0.1705 -0.4632 0.3972, 0.2104 -0.4476 0.3506, 0.2037 -0.4507 0.3994, 0.2602 -0.4201 0.354, 0.259 -0.4212 0.4031, 0.2603 -0.4203 0.4032, 0.2652 -0.4172 0.3543, 0.3107 -0.3843 0.407, 0.3583 -0.3401 0.4111, 0.3637 -0.3342 0.3624, 0.3383 -0.3586 0.4094, 0.3383 -0.3586 0.3602, 0.3166 -0.3795 0.3582, 0.4649 -0.1641 0.3756, 0.4805 -0.109 0.4285, 0.482 -0.1018 0.3798, 0.4816 -0.1017 0.429, 0.4822 -0.101 0.3798, 0.439 -0.2252 0.3712, 0.4352 -0.2325 0.4199, 0.4512 -0.1963 0.3733, 0.4513 -0.1963 0.4225, 0.4621 -0.1719 0.4243, -0.1667 0.4603 0.4462, -0.2165 0.4392 0.4987, -0.2165 0.4386 0.4495, -0.2167 0.4391 0.4987, -0.2252 0.4349 0.4501, 0.4909 -0.0374 0.3838, 0.4903 -0.0456 0.4325, 0.4911 -0.0027 0.3858, 0.4913 -0.0027 0.435, 0.4913 0.0252 0.3875, 0.4917 0.017 0.4362, 0.4836 0.0887 0.3914, 0.4851 0.0803 0.4401, 0.4816 0.0962 0.3919, 0.4813 0.0962 0.4411, 0.4672 0.152 0.3956, 0.4699 0.1436 0.4442, 0.4513 0.191 0.3984, 0.4515 0.1911 0.4476, 0.4422 0.2133 0.4, 0.446 0.2052 0.4486, 0.409 0.2711 0.4044, 0.4139 0.2635 0.453, 0.4035 0.2781 0.405, 0.4032 0.2779 0.4542, 0.3685 0.3235 0.4088, 0.3744 0.3166 0.4574, 0.3384 0.3533 0.4115, 0.3385 0.3535 0.4607, 0.3219 0.3695 0.413, 0.3287 0.3635 0.4616, 0.2709 0.4081 0.4169, 0.2784 0.4031 0.4656, 0.26 0.4144 0.4177, 0.2599 0.4142 0.4669, 0.2165 0.4392 0.4206, 0.2246 0.4352 0.4693, 0.1706 0.4581 0.4237, 0.1708 0.4585 0.4729, 0.1573 0.4636 0.4246, 0.1661 0.4605 0.4732, 0.094 0.4804 0.4288, 0.1034 0.4784 0.4774, 0.0744 0.4828 0.4301, 0.0744 0.4827 0.4793, 0.0282 0.4886 0.4332, 0.038 0.4879 0.4817, -0.0249 0.4881 0.4367, -0.0249 0.4886 0.4859, -0.0384 0.4879 0.4376, -0.0285 0.4886 0.4862, -0.1039 0.4783 0.442, -0.0942 0.4803 0.4905, -0.1231 0.4728 0.4432, -0.1231 0.4727 0.4925, -0.1574 0.4636 0.4947, -0.279 0.4027 0.4537, -0.2709 0.4082 0.5024, -0.3006 0.3856 0.4554, -0.3006 0.3856 0.5047, -0.3294 0.3629 0.4577, -0.3218 0.3696 0.5063, -0.3733 0.3177 0.4618, -0.3682 0.3238 0.5105, -0.373 0.3176 0.511, -0.3751 0.3158 0.462, -0.4087 0.2714 0.5149, -0.4146 0.2625 0.4664, -0.4466 0.2041 0.4708, -0.467 0.1526 0.5237, -0.4694 0.1446 0.475, -0.4691 0.1445 0.5242, -0.4703 0.1423 0.4752, -0.4293 0.2356 0.4684, -0.4294 0.2356 0.5176, -0.4419 0.2138 0.5193, -0.4853 0.0789 0.4793, -0.4834 0.0894 0.5279, -0.4886 0.047 0.4813, -0.4887 0.047 0.5305, -0.4918 0.0155 0.4832, -0.4913 0.026 0.5318, -0.4901 -0.0472 0.4869, -0.491 -0.0365 0.5355, -0.4893 -0.0524 0.4872, -0.4888 -0.0524 0.5364, -0.4801 -0.1108 0.4909, -0.4824 -0.1 0.5394, -0.4686 -0.1497 0.4935, -0.4689 -0.1498 0.5427, -0.4615 -0.1737 0.4951, -0.4653 -0.163 0.5436, -0.4342 -0.2343 0.4996, -0.4395 -0.2241 0.548, -0.4299 -0.2413 0.5001, -0.4295 -0.2411 0.5493, -0.399 -0.2908 0.504, -0.4057 -0.2813 0.5524, -0.3726 -0.3226 0.5067, -0.3728 -0.3228 0.5559, -0.3568 -0.3417 0.5083, -0.3647 -0.3331 0.5568, -0.309 -0.3858 0.5125, -0.3178 -0.3785 0.561, -0.3009 -0.3914 0.5131, -0.3007 -0.3911 0.5623, -0.257 -0.4224 0.5163, -0.2666 -0.4164 0.5649, -0.2164 -0.4438 0.519, -0.2166 -0.4443 0.5682, -0.2119 -0.4469 0.5685, -0.2015 -0.4517 0.52, -0.1524 -0.4706 0.5725, -0.141 -0.4742 0.5241, -0.1232 -0.4783 0.5253, -0.1231 -0.4781 0.5745, -0.0769 -0.4888 0.5283, -0.089 -0.4867 0.5767, -0.0249 -0.4935 0.5318, -0.0249 -0.4941 0.581, -0.0107 -0.4947 0.5327, -0.0231 -0.4943 0.5811, 0.0557 -0.4917 0.5372, 0.0433 -0.4929 0.5856, 0.0744 -0.4883 0.5384, 0.0743 -0.4881 0.5876, 0.1207 -0.4798 0.5415, 0.1086 -0.4827 0.5899, 0.1707 -0.4636 0.5448, 0.1709 -0.4642 0.5941, 0.1825 -0.4598 0.5456, 0.171 -0.4642 0.5941, 0.2397 -0.4325 0.5494, 0.2291 -0.4383 0.598, 0.2598 -0.4196 0.5509, 0.2598 -0.4195 0.6001, 0.2926 -0.3984 0.5532, 0.2826 -0.4056 0.6016, 0.3389 -0.3592 0.557, 0.3326 -0.3654 0.6056, 0.3387 -0.3591 0.6062, 0.3419 -0.3567 0.5572, 0.3779 -0.318 0.6099, 0.3861 -0.3079 0.5615, 0.4237 -0.253 0.5659, 0.4483 -0.2058 0.6187, 0.452 -0.1967 0.5701, 0.4517 -0.1966 0.6194, 0.4536 -0.1936 0.5704, 0.403 -0.2832 0.5635, 0.4031 -0.2832 0.6127, 0.4168 -0.2643 0.6143, 0.4914 -0.0027 0.6319, 0.4921 -0.0046 0.5826, 0.4919 -0.0174 0.631, 0.4878 -0.0676 0.5788, 0.4751 -0.1312 0.5747, 0.4714 -0.144 0.623, 0.481 -0.1016 0.5766, 0.4811 -0.1016 0.6258, 0.4859 -0.0806 0.6272, -0.0249 0.4879 0.6335, -0.0067 0.4894 0.6323, 0.0744 0.4838 0.6761, 0.0597 0.4858 0.6279, 0.0745 0.4837 0.6761, 0.0744 0.483 0.6269, 0.1385 0.4695 0.6719, 0.1245 0.4734 0.6236, 0.1706 0.4578 0.6697, 0.1707 0.458 0.6205, 0.199 0.4474 0.6678, 0.1861 0.4529 0.6195, 0.2547 0.4184 0.6641, 0.243 0.4252 0.6157, 0.2601 0.4146 0.6637, 0.2598 0.4142 0.6145, 0.3067 0.3822 0.6603, 0.2957 0.3907 0.6119, 0.3384 0.3533 0.6576, 0.3388 0.3536 0.6084, 0.3547 0.3385 0.6562, 0.3448 0.3485 0.6079, 0.3971 0.288 0.6518, 0.3886 0.2993 0.6036, 0.4034 0.2781 0.6511, 0.403 0.2778 0.6018, 0.4326 0.2318 0.6474, 0.4257 0.2441 0.5991, 0.4514 0.191 0.6444, 0.4518 0.1912 0.5952, 0.4603 0.1715 0.643, 0.4551 0.1845 0.5947, 0.4793 0.1087 0.6388, 0.4761 0.122 0.5904, 0.4814 0.0962 0.638, 0.481 0.0962 0.5888, 0.4898 0.0453 0.6347, 0.4883 0.0584 0.5863, 0.492 -0.0027 0.5827, -0.073 0.484 0.6368, -0.1229 0.4738 0.6893, -0.1232 0.473 0.6401, -0.1233 0.4737 0.6893, -0.1373 0.4699 0.641, 0.0082 0.4893 0.6806, -0.0249 0.4877 0.6828, -0.0581 0.486 0.685, -0.198 0.4478 0.6451, -0.1844 0.4535 0.6934, -0.2163 0.4383 0.6463, -0.2163 0.4382 0.6955, -0.2538 0.4189 0.6488, -0.2414 0.4261 0.6972, -0.301 0.3862 0.6523, -0.2941 0.3919 0.7009, -0.3009 0.3861 0.7015, -0.3059 0.3828 0.6526, -0.3432 0.35 0.705, -0.3872 0.3011 0.7093, -0.3966 0.2886 0.6611, -0.3727 0.3172 0.7079, -0.3726 0.3171 0.6587, -0.354 0.3391 0.6568, -0.4792 0.1092 0.6742, -0.488 0.0609 0.7265, -0.4895 0.0471 0.6781, -0.4889 0.047 0.7273, -0.4897 0.0456 0.6782, -0.4601 0.172 0.6699, -0.4542 0.1868 0.7181, -0.4685 0.1443 0.6718, -0.4686 0.1443 0.721, -0.4754 0.1244 0.7224, -0.4167 -0.2645 0.6987, -0.3882 -0.3052 0.7512, -0.3777 -0.3182 0.7031, -0.3727 -0.3226 0.7528, -0.3731 -0.323 0.7036, -0.4919 -0.0172 0.6819, -0.4921 -0.002 0.7303, -0.4886 -0.0524 0.6841, -0.489 -0.0525 0.7333, -0.4859 -0.0804 0.6858, -0.4882 -0.0649 0.734, -0.4714 -0.1439 0.6899, -0.4758 -0.1283 0.7381, -0.4692 -0.1499 0.6904, -0.4686 -0.1497 0.7396, -0.4482 -0.2059 0.6943, -0.4548 -0.1907 0.7424, -0.4293 -0.241 0.697, -0.4298 -0.2413 0.7462, -0.4253 -0.2502 0.7468, -0.3324 -0.3657 0.7074, -0.3443 -0.3543 0.7555, -0.3006 -0.3911 0.7099, -0.301 -0.3915 0.7591, -0.2822 -0.4059 0.7114, -0.2953 -0.3964 0.7596, -0.2286 -0.4385 0.7151, -0.2427 -0.4308 0.7633, -0.2165 -0.4439 0.7159, -0.2163 -0.4436 0.7651, -0.1704 -0.4644 0.719, -0.1859 -0.4584 0.7671, -0.1231 -0.4784 0.7221, -0.1244 -0.4789 0.7712, -0.1233 -0.4791 0.7713, -0.1078 -0.4829 0.7231, -0.0597 -0.4912 0.7756, -0.0424 -0.493 0.7275, 0.0241 -0.4942 0.7319, 0.0728 -0.4894 0.7844, 0.0744 -0.4884 0.7353, 0.0745 -0.4891 0.7845, 0.0901 -0.4865 0.7363, -0.0249 -0.4933 0.7287, -0.0249 -0.4931 0.7779, 0.0067 -0.4948 0.78, 0.1536 -0.4703 0.7406, 0.137 -0.4754 0.7887, 0.1706 -0.4634 0.7417, 0.1706 -0.4632 0.7909, 0.2131 -0.4463 0.7445, 0.1976 -0.4534 0.7927, 0.2601 -0.4199 0.7477, 0.2534 -0.4246 0.7964, 0.2601 -0.42 0.7969, 0.2677 -0.4156 0.7482, 0.3055 -0.3886 0.8002, 0.3536 -0.345 0.8044, 0.3658 -0.3319 0.7563, 0.3384 -0.3587 0.8031, 0.3383 -0.3586 0.7539, 0.319 -0.3775 0.7521, 0.4659 -0.1612 0.7695, 0.479 -0.1157 0.8218, 0.4818 -0.1017 0.7735, 0.4813 -0.1017 0.8227, 0.4828 -0.098 0.7737, 0.4404 -0.2224 0.7651, 0.4319 -0.2386 0.8131, 0.4512 -0.1964 0.767, 0.4514 -0.1964 0.8162, 0.4597 -0.1784 0.8175, 0.4911 -0.0345 0.7777, 0.4896 -0.0522 0.8258, 0.4911 -0.0027 0.7795, 0.4915 -0.0027 0.8287, 0.4912 0.0282 0.7813, 0.4919 0.0105 0.8295, 0.483 0.0917 0.7853, 0.4862 0.0737 0.8333, 0.4818 0.0963 0.7856, 0.4811 0.0961 0.8348, 0.4662 0.1549 0.7895, 0.4719 0.137 0.8375, 0.4512 0.1909 0.7921, 0.4518 0.1912 0.8413, 0.4489 0.1989 0.8418, 0.4408 0.2162 0.7939, 0.4177 0.2576 0.8463, 0.4072 0.2737 0.7983, 0.3196 0.3715 0.8069, 0.2838 0.3993 0.8589, 0.2684 0.4098 0.8108, 0.2598 0.4141 0.8606, 0.2601 0.4145 0.8114, 0.4036 0.2782 0.7987, 0.4031 0.2778 0.8479, 0.3664 0.3259 0.8027, 0.3789 0.3114 0.8506, 0.3383 0.3532 0.8052, 0.3387 0.3537 0.8544, 0.3338 0.3589 0.8549, 0.2138 0.4405 0.8145, 0.2304 0.4321 0.8626, 0.1706 0.458 0.8174, 0.1725 0.4582 0.8665, 0.1709 0.4587 0.8666, 0.1544 0.4646 0.8185, 0.1101 0.4769 0.8706, 0.0449 0.4874 0.875, 0.025 0.4888 0.8271, 0.0743 0.4827 0.873, 0.0744 0.4829 0.8238, 0.0909 0.4809 0.8227, -0.1696 0.4593 0.84, -0.2106 0.4421 0.892, -0.2165 0.4385 0.8432, -0.2165 0.4388 0.8924, -0.2279 0.4335 0.8439, -0.107 0.4776 0.8359, -0.0874 0.4816 0.8838, -0.1231 0.4729 0.8369, -0.1231 0.4727 0.8862, -0.1509 0.4657 0.888, -0.2815 0.401 0.8476, -0.2653 0.4118 0.8957, -0.3006 0.3857 0.8491, -0.3007 0.3857 0.8984, -0.3317 0.3608 0.8516, -0.3166 0.374 0.8996, -0.3732 0.3176 0.8555, -0.3636 0.3289 0.9037, -0.3728 0.3174 0.9047, -0.3771 0.3135 0.8559, -0.4048 0.2772 0.9081, -0.4163 0.2598 0.8603, -0.4479 0.2012 0.8647, -0.4648 0.1591 0.9169, -0.4692 0.1445 0.8687, -0.4688 0.1444 0.9179, -0.4712 0.1393 0.8691, -0.4293 0.2356 0.8621, -0.4295 0.2357 0.9113, -0.4388 0.22 0.9125, -0.4858 0.0759 0.8732, -0.4821 0.096 0.9211, -0.4886 0.047 0.875, -0.4889 0.047 0.9242, -0.4919 0.0126 0.8771, -0.4909 0.0326 0.9251, -0.4898 -0.0502 0.8808, -0.4914 -0.03 0.9288, -0.4895 -0.0525 0.8809, -0.4887 -0.0524 0.9301, -0.4794 -0.1138 0.8848, -0.4837 -0.0933 0.9327, -0.4685 -0.1497 0.8872, -0.4692 -0.1499 0.9364, -0.4675 -0.1565 0.9369, -0.4604 -0.1767 0.8891, -0.4426 -0.2178 0.9412, -0.4327 -0.2371 0.8935, -0.3546 -0.3439 0.9022, -0.3229 -0.374 0.9542, -0.3066 -0.3877 0.9064, -0.3006 -0.3911 0.956, -0.301 -0.3916 0.9068, -0.43 -0.2414 0.8938, -0.4294 -0.241 0.943, -0.3972 -0.2933 0.8979, -0.4096 -0.2755 0.9457, -0.3726 -0.3226 0.9004, -0.3731 -0.323 0.9496, -0.3693 -0.328 0.95, -0.2545 -0.4239 0.9102, -0.2721 -0.4128 0.9582, -0.2163 -0.4438 0.9127, -0.2179 -0.444 0.9619, -0.2167 -0.4445 0.9619, -0.1987 -0.4529 0.9139, -0.1588 -0.4685 0.9658, -0.1381 -0.4751 0.918, -0.1232 -0.4784 0.919, -0.1231 -0.4781 0.9682, -0.0738 -0.4893 0.9222, -0.0957 -0.4854 0.97, -0.0249 -0.4933 0.9255, 0.1237 -0.479 0.9354, 0.0744 -0.4884 0.9321, 0.0744 -0.4881 0.9813, 0.0589 -0.4913 0.9311, 0.0364 -0.4935 0.9788, -0.0076 -0.4948 0.9267, -0.0249 -0.4939 0.9747, -0.0301 -0.4939 0.9744, 0.1019 -0.4842 0.9832, 0.1647 -0.4665 0.9874, 0.1707 -0.4635 0.9385, 0.1708 -0.4638 0.9878, 0.1853 -0.4586 0.9395, 0.2423 -0.4311 0.9433, 0.2233 -0.4413 0.9913, 0.2598 -0.4196 0.9446, 0.2599 -0.4196 0.9938, 0.295 -0.3966 0.9471, 0.2771 -0.4094 0.9949, 0.3388 -0.3591 0.9507, 0.3276 -0.37 0.9989, 0.3385 -0.3588 0.9999, 0.3441 -0.3545 0.9511, 0.3734 -0.3233 1.0031, 0.388 -0.3054 0.9554, 0.4253 -0.2503 0.9599, 0.4454 -0.2121 1.0119, 0.4519 -0.1966 0.9638, 0.4515 -0.1965 1.013, 0.4548 -0.1907 0.9643, 0.403 -0.2832 0.9572, 0.4033 -0.2833 1.0064, 0.4131 -0.2702 1.0075, 0.4759 -0.1282 0.9686, 0.4694 -0.1505 1.0163, 0.481 -0.1016 0.9703, 0.4813 -0.1016 1.0195, 0.4882 -0.0646 0.9727, 0.4848 -0.0872 1.0205, 0.4917 -0.024 1.0243, 0.4921 -0.0027 0.9764, 0.4912 -0.0027 1.0256, 0.4921 -0.0017 0.9764, 0.4879 0.0614 0.9802, 0.4904 0.0386 1.028, 0.481 0.0961 0.9825, 0.4817 0.0963 1.0317, 0.4808 0.1021 1.032, 0.4753 0.1249 0.9843, 0.4627 0.165 1.0363, 0.4539 0.1874 0.9886, 0.3866 0.3017 0.9975, 0.3594 0.3335 1.0494, 0.3425 0.3506 1.0018, 0.3383 0.3532 1.0513, 0.3389 0.3538 1.0021, 0.452 0.1912 0.9889, 0.4512 0.1909 1.0381, 0.4242 0.2468 0.9931, 0.4359 0.2257 1.0407, 0.403 0.2778 0.9955, 0.4037 0.2783 1.0448, 0.4012 0.2823 1.0451, 0.2933 0.3925 1.0058, 0.3119 0.378 1.0536, 0.2598 0.4141 1.0082, 0.2603 0.4149 1.0574, 0.2404 0.4267 1.0096, 0.2603 0.415 1.0574, 0.1833 0.454 1.0134, 0.2051 0.4446 1.0611, 0.1707 0.4581 1.0142, 0.1706 0.4578 1.0634, 0.1215 0.4742 1.0175, 0.145 0.4676 1.0651, 0.0744 0.4829 1.0206, 0.0812 0.4827 1.0694, 0.0745 0.4833 1.0698, 0.0566 0.4861 1.0218, -0.0099 0.4893 1.0262, -0.0512 0.4867 1.0782, -0.1162 0.4755 1.0826, -0.1232 0.4729 1.0338, -0.1232 0.4733 1.083, -0.1402 0.469 1.0349, -0.1782 0.456 1.0867, -0.2007 0.4466 1.039, -0.2163 0.4383 1.0892, -0.2164 0.4384 1.04, -0.2563 0.4174 1.0427, -0.2357 0.4293 1.0905, -0.3009 0.386 1.046, -0.2887 0.3958 1.0942, -0.3007 0.3859 1.0952, -0.3083 0.3809 1.0465, -0.3383 0.3547 1.0983, -0.3562 0.3369 1.0507, -0.3726 0.3172 1.0524, -0.3728 0.3173 1.1016, -0.3829 0.3065 1.1025, -0.3985 0.2861 1.055, -0.421 0.2522 1.1069, -0.4299 0.2359 1.059, -0.4295 0.2357 1.1082, -0.4338 0.2297 1.0594, -0.4799 0.1062 1.0681, -0.4871 0.0676 1.1198, -0.4893 0.047 1.0718, -0.4887 0.047 1.121, -0.49 0.0426 1.0721, -0.4612 0.1691 1.0639, -0.4515 0.1931 1.1114, -0.4686 0.1443 1.0655, -0.4689 0.1444 1.1147, -0.4736 0.131 1.1157, -0.4918 -0.0201 1.0758, -0.4921 0.0045 1.1236, -0.4886 -0.0524 1.0778, -0.4893 -0.0525 1.127, -0.489 -0.0582 1.1273, -0.4855 -0.0835 1.0797, -0.4775 -0.1217 1.1314, -0.4705 -0.1469 1.0838, -0.415 -0.2671 1.0926, -0.3924 -0.2997 1.1445, -0.3757 -0.3206 1.097, -0.3726 -0.3226 1.1465, -0.3732 -0.3231 1.0973, -0.4694 -0.15 1.0841, -0.4685 -0.1497 1.1333, -0.4469 -0.2087 1.0882, -0.4574 -0.1843 1.1357, -0.4293 -0.241 1.0907, -0.4301 -0.2415 1.1399, -0.4288 -0.2442 1.1401, -0.3301 -0.3677 1.1013, -0.3492 -0.3495 1.1488, -0.3006 -0.3911 1.1036, -0.3012 -0.3918 1.1528, -0.2797 -0.4076 1.1053, -0.3007 -0.3923 1.1529, -0.226 -0.4399 1.109, -0.2483 -0.4276 1.1567, -0.2165 -0.444 1.1096, -0.2163 -0.4437 1.1588, -0.1675 -0.4655 1.1128, -0.192 -0.4558 1.1604, -0.1231 -0.4783 1.1158, -0.131 -0.4771 1.1645, -0.1233 -0.4787 1.165, -0.1048 -0.4836 1.117, -0.0393 -0.4933 1.1214, -0.0003 -0.4948 1.1732, 0.0659 -0.4904 1.1776, 0.0744 -0.4883 1.129, 0.0744 -0.4887 1.1782, 0.0931 -0.4859 1.1302, 0.1304 -0.4772 1.1819, 0.1565 -0.4693 1.1344, 0.1706 -0.4633 1.1846, 0.1706 -0.4635 1.1354, 0.2158 -0.445 1.1384, 0.1915 -0.4561 1.186, 0.26 -0.4198 1.1414, 0.2478 -0.4279 1.1898, 0.2599 -0.4198 1.1906, 0.2702 -0.414 1.1421, 0.3002 -0.3927 1.1935, 0.3213 -0.3755 1.146, 0.3384 -0.3587 1.1476, 0.3386 -0.3589 1.1968, 0.3488 -0.3499 1.1976, 0.3679 -0.3296 1.1502, 0.392 -0.3002 1.2019, 0.4035 -0.2836 1.1541, 0.4031 -0.2833 1.2033, 0.4085 -0.2772 1.1546, 0.4669 -0.1582 1.1634, 0.4774 -0.1223 1.215, 0.4817 -0.1017 1.1672, 0.4811 -0.1016 1.2164, 0.4834 -0.095 1.1676, 0.4418 -0.2196 1.159, 0.4285 -0.2447 1.2063, 0.4513 -0.1964 1.1607, 0.4516 -0.1965 1.2099, 0.4572 -0.1849 1.2108, 0.4913 -0.0315 1.1715, 0.4889 -0.0588 1.2191, 0.4911 -0.0027 1.1732, 0.4917 -0.0027 1.2224, 0.4921 0.004 1.2228, 0.491 0.0312 1.1752, 0.4872 0.067 1.2266, 0.4824 0.0947 1.1792, 0.4819 0.0963 1.1793, 0.481 0.0961 1.2285, 0.4652 0.1579 1.1834, 0.4738 0.1304 1.2307, 0.4512 0.1909 1.1858, 0.4522 0.1913 1.235, 0.4517 0.1926 1.2351, 0.4394 0.219 1.1878, 0.4213 0.2516 1.2395, 0.4054 0.2763 1.1922, 0.3173 0.3735 1.2008, 0.2892 0.3955 1.2522, 0.2659 0.4114 1.2047, 0.2598 0.4141 1.2543, 0.2601 0.4146 1.2051, 0.4038 0.2783 1.1924, 0.403 0.2778 1.2416, 0.3643 0.3282 1.1966, 0.3833 0.306 1.2439, 0.3383 0.3532 1.1989, 0.339 0.354 1.2481, 0.3387 0.3543 1.2482, 0.2111 0.4418 1.2084, 0.2362 0.429 1.2559, 0.1706 0.4579 1.2111, 0.1788 0.4558 1.2597, 0.1708 0.4583 1.2603, 0.1514 0.4655 1.2123, 0.1168 0.4753 1.2639, 0.0878 0.4815 1.2166, 0.0744 0.483 1.2175, -0.1724 0.4582 1.2339, -0.1231 0.473 1.2307, -0.1231 0.4728 1.2799, -0.11 0.477 1.2298, -0.0806 0.4828 1.277, -0.0447 0.4874 1.2254, -0.0249 0.4882 1.2733, -0.0249 0.4878 1.2241, -0.0146 0.4892 1.2726, 0.0219 0.4889 1.221, 0.0518 0.4867 1.2682, 0.0743 0.4828 1.2667, -0.1444 0.4677 1.2813, -0.2046 0.4449 1.2853, -0.2164 0.4384 1.2369, -0.2164 0.4385 1.2861, -0.2305 0.4321 1.2378, -0.2839 0.3992 1.2415, -0.2598 0.4153 1.289, -0.3006 0.3857 1.2428, -0.3008 0.3859 1.2921, -0.3114 0.3783 1.2928, -0.334 0.3587 1.2455, -0.359 0.3339 1.297, -0.373 0.3175 1.2492, -0.3726 0.3172 1.2984, -0.3791 0.311 1.2498, -0.4008 0.2828 1.3013, -0.4179 0.2571 1.2542, -0.4492 0.1984 1.2586, -0.4624 0.1656 1.3102, -0.4691 0.1444 1.2624, -0.4686 0.1443 1.3116, -0.4721 0.1364 1.263, -0.4294 0.2356 1.2558, -0.4298 0.2358 1.305, -0.4356 0.2262 1.3058, -0.4863 0.0729 1.2671, -0.4807 0.1027 1.3144, -0.4886 0.047 1.2687, -0.4892 0.047 1.3179, -0.492 0.0096 1.2709, -0.4903 0.0392 1.3184, -0.4896 -0.0525 1.2746, -0.4917 -0.0234 1.3221, -0.4886 -0.0524 1.3239, -0.4895 -0.0532 1.2747, -0.4849 -0.0866 1.326, -0.4787 -0.1168 1.2787, -0.4685 -0.1497 1.2809, -0.4696 -0.1499 1.3301, -0.4696 -0.15 1.3301, -0.4592 -0.1796 1.283, -0.4312 -0.2398 1.2874, -0.4456 -0.2115 1.3345, -0.4302 -0.2415 1.2875, -0.4293 -0.241 1.3367, -0.3953 -0.2958 1.2918, -0.4134 -0.2697 1.3389, -0.3726 -0.3226 1.2941, -0.3738 -0.3228 1.3433, -0.3734 -0.3232 1.3433, -0.3525 -0.3461 1.2961, -0.328 -0.3696 1.3475, -0.3042 -0.3896 1.3003, -0.3006 -0.3911 1.3497, -0.3011 -0.3917 1.3005, -0.252 -0.4254 1.3041, -0.2776 -0.4091 1.3515, -0.2163 -0.4437 1.3064, -0.2238 -0.441 1.3552, -0.2166 -0.4441 1.3556, -0.196 -0.4541 1.3078, -0.1351 -0.4759 1.3119, -0.1652 -0.4663 1.3591, -0.1232 -0.4785 1.3127, -0.1231 -0.4782 1.3619, -0.1025 -0.484 1.3632, -0.0707 -0.4897 1.3162, 0.0744 -0.4882 1.375, 0.0744 -0.4885 1.3258, 0.062 -0.4909 1.325, 0.0295 -0.494 1.372, 0.1267 -0.4782 1.3293, 0.0951 -0.4856 1.3764, 0.1706 -0.4634 1.3322, 0.1583 -0.4687 1.3806, 0.1707 -0.4636 1.3815, 0.1881 -0.4575 1.3334, 0.2174 -0.4442 1.3846, 0.2448 -0.4296 1.3372, 0.26 -0.4198 1.3875, 0.2599 -0.4197 1.3383, 0.2716 -0.4131 1.3882, 0.2974 -0.3948 1.341, 0.3387 -0.359 1.3444, 0.3225 -0.3744 1.3922, 0.3384 -0.3587 1.3936, 0.3463 -0.3523 1.345, 0.39 -0.3029 1.3493, 0.3689 -0.3285 1.3964, 0.4031 -0.2833 1.3509, 0.4035 -0.2835 1.4001, 0.4269 -0.2476 1.3538, 0.4093 -0.276 1.4008, 0.4424 -0.2184 1.4052, 0.4816 -0.1017 1.4132, 0.4811 -0.1016 1.364, 0.4766 -0.1252 1.3625, 0.4673 -0.1571 1.4096, 0.4886 -0.0616 1.3666, 0.4836 -0.0939 1.4137, 0.4919 -0.0027 1.3701, 0.4913 -0.0305 1.4177, 0.4911 -0.0027 1.4193, 0.4909 0.032 1.4213, 0.4875 0.0644 1.3741, 0.4921 0.0013 1.3703, 0.4391 0.2195 1.4339, 0.4226 0.2496 1.387, 0.4512 0.1909 1.4318, 0.4522 0.1913 1.3826, 0.465 0.1585 1.4295, 0.4527 0.1902 1.3825, 0.4745 0.1279 1.3782, 0.3383 0.3532 1.445, 0.339 0.3539 1.3958, 0.3403 0.3528 1.3957, 0.364 0.3284 1.4427, 0.2908 0.3943 1.3997, 0.3171 0.3736 1.4469, 0.2598 0.4141 1.4019, 0.2658 0.4114 1.4507, 0.2601 0.4146 1.4511, 0.2378 0.4281 1.4034, 0.1805 0.4551 1.4073, 0.2111 0.4418 1.4544, 0.1707 0.4582 1.4079, 0.1706 0.4579 1.4571, 0.1515 0.4655 1.4584, 0.1185 0.4749 1.4114, 0.0744 0.4828 1.4143, 0.088 0.4815 1.4626, 0.0744 0.483 1.4635, 0.0535 0.4865 1.4157, -0.013 0.4892 1.4202, 0.0222 0.4889 1.467, -0.0249 0.4881 1.4209, -0.0249 0.4879 1.4702, -0.0792 0.483 1.4246, -0.0443 0.4874 1.4715, -0.1095 0.4771 1.4758, -0.2164 0.4385 1.4829, -0.2164 0.4385 1.4337, -0.2035 0.4454 1.4329, -0.1719 0.4584 1.48, -0.2589 0.4158 1.4366, -0.2299 0.4324 1.4838, -0.3009 0.3859 1.4397, -0.2833 0.3997 1.4875, -0.3006 0.3857 1.4889, -0.3107 0.379 1.4404, -0.3583 0.3346 1.4446, -0.3333 0.3593 1.4915, -0.3726 0.3172 1.4461, -0.3731 0.3175 1.4953, -0.3785 0.3118 1.4958, -0.4003 0.2835 1.4489, -0.4691 0.1445 1.5085, -0.4686 0.1443 1.4592, -0.4622 0.1662 1.4578, -0.4487 0.1995 1.5046, -0.4806 0.1032 1.462, -0.4717 0.1376 1.5089, -0.4892 0.047 1.4655, -0.4861 0.0742 1.5131, -0.4886 0.047 1.5147, -0.4903 0.0396 1.466, -0.4917 -0.0231 1.4697, -0.4919 0.0111 1.5169, -0.4886 -0.0524 1.4715, -0.4897 -0.0516 1.5206, -0.4895 -0.0525 1.5207, -0.4849 -0.0865 1.4736, -0.4791 -0.1151 1.5246, -0.4696 -0.1499 1.4778, -0.4685 -0.1497 1.527, -0.4695 -0.15 1.4778, -0.4599 -0.1778 1.5289, -0.4456 -0.2116 1.4821, -0.4322 -0.2381 1.5333, -0.4293 -0.241 1.4844, -0.4301 -0.2414 1.5336, -0.4133 -0.2698 1.4866, -0.3965 -0.2942 1.5377, -0.3737 -0.323 1.4909, -0.3726 -0.3226 1.5402, -0.3734 -0.3233 1.491, -0.354 -0.3446 1.5421, -0.3278 -0.3698 1.4952, -0.3059 -0.3882 1.5462, -0.3006 -0.3911 1.4973, -0.301 -0.3916 1.5465, -0.2772 -0.4093 1.4991, -0.2539 -0.4243 1.55, -0.2233 -0.4413 1.5028, -0.2163 -0.4438 1.5525, -0.2166 -0.4442 1.5033, -0.1982 -0.4532 1.5537, -0.1646 -0.4665 1.5067, -0.1376 -0.4752 1.5578, -0.1231 -0.4782 1.5095, -0.1232 -0.4784 1.5587, -0.1017 -0.4842 1.5109, -0.0734 -0.4893 1.562, -0.0361 -0.4935 1.5153, -0.0249 -0.4933 1.5653, -0.0249 -0.4936 1.5161, -0.0073 -0.4948 1.5664, 0.0304 -0.4939 1.5197, 0.0591 -0.4913 1.5709, 0.0744 -0.4882 1.5227, 0.0744 -0.4884 1.5719, 0.0962 -0.4853 1.5241, 0.1238 -0.479 1.5752, 0.1594 -0.4683 1.5283, 0.1707 -0.4635 1.5783, 0.1707 -0.4636 1.5291, 0.1853 -0.4586 1.5793, 0.2185 -0.4437 1.5323, 0.2422 -0.4311 1.5831, 0.26 -0.4197 1.5351, 0.2598 -0.4196 1.5843, 0.2727 -0.4124 1.536, 0.2948 -0.3967 1.5868, 0.3236 -0.3735 1.5399, 0.3388 -0.3591 1.5905, 0.3384 -0.3587 1.5413, 0.3439 -0.3547 1.5909, 0.3699 -0.3273 1.5441, 0.3878 -0.3057 1.5952, 0.4034 -0.2835 1.5478, 0.403 -0.2832 1.597, 0.4102 -0.2746 1.5485, 0.425 -0.2508 1.5996, 0.4432 -0.2167 1.5529, 0.4519 -0.1966 1.6036, 0.4513 -0.1964 1.5544, 0.4546 -0.1913 1.604, 0.4679 -0.1553 1.5573, 0.4757 -0.1289 1.6083, 0.4815 -0.1016 1.5609, 0.481 -0.1016 1.6101, 0.484 -0.0919 1.5615, 0.4881 -0.0655 1.6124, 0.4914 -0.0285 1.5654, 0.4921 -0.0027 1.6161, 0.4912 -0.0027 1.5669, 0.4921 -0.0026 1.6162, 0.4907 0.0342 1.5691, 0.4881 0.0604 1.6199, 0.482 0.0963 1.573, 0.481 0.0962 1.6222, 0.4818 0.0977 1.5731, 0.4756 0.1238 1.624, 0.4642 0.1608 1.5773, 0.4544 0.1862 1.6283, 0.4512 0.1909 1.5795, 0.4519 0.1912 1.6287, 0.4379 0.2218 1.5817, 0.4249 0.2456 1.6327, 0.4039 0.2784 1.5861, 0.403 0.2778 1.6353, 0.4036 0.2788 1.5861, 0.3876 0.3006 1.6371, 0.3622 0.3305 1.5905, 0.3437 0.3495 1.6414, 0.3383 0.3532 1.5926, 0.3388 0.3537 1.6418, 0.3149 0.3754 1.5947, 0.2946 0.3915 1.6455, 0.2634 0.413 1.5986, 0.2598 0.4142 1.648, 0.2602 0.4147 1.5988, 0.2419 0.4259 1.6492, 0.2084 0.4431 1.6022, 0.185 0.4533 1.653, 0.1706 0.4579 1.6048, 0.1707 0.4581 1.654, 0.1485 0.4665 1.6062, 0.1235 0.4737 1.6571, 0.0848 0.4821 1.6105, 0.0744 0.4829 1.6604, 0.0745 0.4832 1.6112, 0.0587 0.4859 1.6614, 0.0187 0.4891 1.6149, -0.0076 0.4894 1.6659, -0.0249 0.4878 1.6178, -0.0249 0.4879 1.667, -0.0478 0.4871 1.6193, -0.0738 0.4839 1.6703, -0.113 0.4763 1.6237, -0.1232 0.4729 1.6736, -0.1232 0.4731 1.6244, -0.1379 0.4697 1.6745, -0.1753 0.4571 1.6278, -0.1985 0.4476 1.6786, -0.2164 0.4384 1.6306, -0.2163 0.4383 1.6798, -0.2331 0.4307 1.6317, -0.2542 0.4187 1.6823, -0.2864 0.3975 1.6354, -0.301 0.3861 1.6857, -0.3007 0.3858 1.6365, -0.3062 0.3826 1.6861, -0.3362 0.3566 1.6394, -0.3542 0.3389 1.6902, -0.3729 0.3174 1.6429, -0.3726 0.3171 1.6921, -0.3811 0.3086 1.6437, -0.3967 0.2885 1.6946, -0.4196 0.2545 1.6481, -0.4301 0.236 1.6987, -0.4294 0.2357 1.6495, -0.4323 0.2324 1.699, -0.4504 0.1955 1.6525, -0.46 0.1721 1.7034, -0.4689 0.1444 1.6561, -0.4685 0.1443 1.7053, -0.4729 0.1334 1.6569, -0.4792 0.1093 1.7077, -0.4867 0.0699 1.661, -0.4895 0.0471 1.7116, -0.4887 0.047 1.6624, -0.4897 0.0458 1.7117, -0.492 0.0067 1.6648, -0.4919 -0.0168 1.7154, -0.4894 -0.0525 1.6683, -0.4886 -0.0524 1.7176, -0.4892 -0.0562 1.6685, -0.486 -0.08 1.7192, -0.478 -0.1198 1.6726, -0.4716 -0.1434 1.7234, -0.4685 -0.1497 1.6746, -0.4692 -0.1499 1.7238, -0.4581 -0.1825 1.6769, -0.4485 -0.2052 1.7277, -0.4302 -0.2415 1.6812, -0.4293 -0.241 1.7304, -0.4297 -0.2426 1.6813, -0.4171 -0.2638 1.7321, -0.3934 -0.2984 1.6857, -0.3783 -0.3175 1.7365, -0.3726 -0.3225 1.6878, -0.3731 -0.323 1.737, -0.3503 -0.3483 1.69, -0.3331 -0.365 1.7408, -0.3018 -0.3914 1.6941, -0.3006 -0.3911 1.7434, -0.3012 -0.3918 1.6942, -0.283 -0.4053 1.7448, -0.1228 0.4716 2.0591, -0.1161 0.4755 2.0176, -0.0751 0.4836 2.0591, -0.0509 0.4868 2.0132, -0.0248 0.4875 2.0591, -0.0249 0.4877 2.0115, 0.0 0.4894 2.0591, 0.0156 0.4892 2.0088, 0.0656 0.485 2.0547, 0.0745 0.4833 2.0049, 0.0744 0.4832 2.0541, 0.0817 0.4826 2.0044, 0.1301 0.4719 2.0504, 0.1456 0.4674 2.0001, 0.1706 0.4579 2.0477, 0.1706 0.4578 1.9985, 0.1912 0.4508 2.0463, 0.2057 0.4444 1.9961, 0.2475 0.4226 2.0426, 0.2603 0.4149 1.9925, 0.2599 0.4143 2.0417, 0.2609 0.4145 1.9924, 0.2999 0.3875 2.0388, 0.3126 0.3774 1.9886, 0.3386 0.3535 2.0355, 0.3383 0.3532 1.9863, 0.3485 0.3447 2.0347, 0.3601 0.3327 1.9844, 0.3918 0.2951 2.0304, 0.4018 0.2814 1.98, 0.4031 0.2779 2.029, 0.4037 0.2783 1.9798, 0.4283 0.2396 2.026, 0.4365 0.2246 1.9756, 0.4516 0.1911 2.0224, 0.4512 0.1909 1.9732, 0.457 0.1798 2.0215, 0.4631 0.1638 1.9712, 0.4773 0.1172 2.0173, 0.4811 0.1007 1.967, 0.4811 0.0962 2.0159, 0.4818 0.0963 1.9667, 0.4889 0.0537 2.0132, 0.4905 0.0372 1.963, 0.4918 -0.0027 2.0099, 0.4912 -0.0027 1.9606, 0.4921 -0.0091 2.0095, 0.4916 -0.0255 1.9593, 0.4872 -0.0721 2.0057, 0.4845 -0.0889 1.9554, 0.481 -0.1016 2.0038, 0.4814 -0.1016 1.9546, 0.4739 -0.1355 2.0016, 0.4688 -0.1523 1.9512, 0.4522 -0.1968 1.9973, 0.4514 -0.1965 1.9481, 0.4519 -0.1977 1.9972, 0.4445 -0.2139 1.9469, 0.4215 -0.2568 1.9928, 0.4119 -0.272 1.9424, 0.403 -0.2832 1.9907, 0.4033 -0.2834 1.9415, 0.3835 -0.3112 1.9884, 0.372 -0.3249 1.938, 0.3391 -0.3594 1.9841, 0.3384 -0.3588 1.9349, 0.339 -0.3595 1.9841, 0.3259 -0.3715 1.9338, 0.2895 -0.4007 1.9801, 0.2752 -0.4107 1.9298, 0.2598 -0.4195 1.978, 0.2599 -0.4197 1.9288, 0.2365 -0.4343 1.9764, 0.2211 -0.4424 1.9262, 0.1791 -0.4611 1.9726, 0.1707 -0.4637 1.9228, 0.1708 -0.4637 1.972, 0.1623 -0.4673 1.9222, 0.1172 -0.4807 1.9684, 0.0992 -0.4847 1.918, 0.0743 -0.4882 1.9656, 0.0744 -0.4881 1.9164, 0.0522 -0.4921 1.9641, 0.0336 -0.4937 1.9137, -0.0142 -0.4946 1.9597, -0.0249 -0.4937 1.9098, -0.0249 -0.4936 1.959, -0.033 -0.4937 1.9092, -0.0803 -0.4882 1.9553, -0.0987 -0.4848 1.9048, -0.1231 -0.4782 1.9524, -0.1231 -0.4781 1.9032, -0.1441 -0.4733 1.951, -0.1617 -0.4675 1.9006, -0.2043 -0.4504 1.947, -0.2166 -0.4443 1.897, -0.2164 -0.4439 1.9462, -0.2207 -0.4426 1.8967, -0.2595 -0.4209 1.9433, -0.2748 -0.411 1.893, -0.3009 -0.3913 1.9402, -0.3006 -0.391 1.891, -0.3112 -0.384 1.9395, -0.3255 -0.3718 1.8891, -0.3587 -0.3396 1.9353, -0.3716 -0.3253 1.8848, -0.3726 -0.3226 1.9339, -0.3733 -0.3232 1.8847, -0.4006 -0.2885 1.931, -0.4116 -0.2724 1.8805, -0.4298 -0.2412 1.9273, -0.4293 -0.241 1.8781, -0.4355 -0.232 1.9265, -0.4443 -0.2144 1.876, -0.4623 -0.1714 1.9221, -0.4687 -0.1528 1.8717, -0.4686 -0.1498 1.9207, -0.4694 -0.15 1.8715, -0.4806 -0.1084 1.9179, -0.4844 -0.0895 1.8675, -0.4892 -0.0524 1.9144, -0.4886 -0.0524 1.8652, -0.4903 -0.045 1.9139, -0.4916 -0.0261 1.8636, -0.4917 0.0176 1.9102, -0.4906 0.0366 1.8599, -0.4886 0.047 1.9084, -0.489 0.047 1.8592, -0.485 0.0809 1.9064, -0.4813 0.1002 1.8559, -0.4697 0.1442 1.9022, -0.4687 0.1444 1.8529, -0.4695 0.1446 1.9022, -0.4633 0.1632 1.8517, -0.4458 0.2058 1.8978, -0.4368 0.2241 1.8473, -0.4293 0.2356 1.8956, -0.4297 0.2357 1.8464, -0.4136 0.264 1.8934, -0.4021 0.281 1.8428, -0.374 0.3171 1.889, -0.3727 0.3173 1.8398, -0.3734 0.3178 1.889, -0.3605 0.3323 1.8385, -0.3283 0.3639 1.8848, -0.313 0.377 1.8343, -0.3006 0.3856 1.8826, -0.3008 0.3858 1.8334, -0.2779 0.4035 1.8808, -0.2614 0.4143 1.8304, -0.2241 0.4354 1.8771, -0.2164 0.4386 1.8274, -0.2165 0.4387 1.8766, -0.2062 0.4441 1.8267, -0.1656 0.4607 1.8732, -0.1461 0.4672 1.8227, -0.1231 0.4728 1.8704, -0.1231 0.4727 1.8212, -0.1028 0.4786 1.8691, -0.0822 0.4825 1.8185, -0.0374 0.488 1.8647, -0.0249 0.4883 1.8147, -0.0249 0.4881 1.8639, -0.0162 0.4891 1.8141, 0.0291 0.4886 1.8603, 0.0504 0.4868 1.8096, 0.0744 0.4828 1.8572, 0.0743 0.4827 1.808, 0.0948 0.4802 1.8559, 0.1155 0.4757 1.8053, 0.158 0.4634 1.8517, 0.1708 0.4584 1.8016, 0.1706 0.4581 1.8508, 0.1776 0.4562 1.8012, 0.2171 0.439 1.8477, 0.2352 0.4295 1.7973, 0.26 0.4144 1.8448, 0.2598 0.4141 1.7956, 0.2713 0.4078 1.8441, 0.2884 0.3961 1.7936, 0.3222 0.3692 1.8401, 0.3381 0.3549 1.7896, 0.3384 0.3533 1.8387, 0.339 0.3539 1.7895, 0.3687 0.3233 1.8359, 0.3827 0.3066 1.7853, 0.4035 0.2781 1.8322, 0.403 0.2778 1.7829, 0.4091 0.2709 1.8316, 0.4209 0.2523 1.7809, 0.4422 0.2133 1.8271, 0.4515 0.1931 1.7764, 0.4513 0.191 1.8255, 0.4521 0.1913 1.7763, 0.4672 0.152 1.8228, 0.4736 0.1309 1.7721, 0.4816 0.0962 1.8191, 0.481 0.0961 1.7699, 0.4835 0.0888 1.8186, 0.4871 0.0674 1.768, 0.4913 0.0254 1.8146, 0.4921 0.0042 1.7642, 0.4911 -0.0027 1.813, 0.4917 -0.0027 1.7638, 0.4909 -0.0371 1.811, 0.4889 -0.0586 1.7604, 0.4823 -0.1005 1.807, 0.4811 -0.1016 1.7577, 0.482 -0.1018 1.8069, 0.4774 -0.1222 1.7564, 0.4651 -0.1636 1.8028, 0.4572 -0.1849 1.7521, 0.4512 -0.1964 1.8004, 0.4516 -0.1965 1.7512, 0.4393 -0.2246 1.7984, 0.4284 -0.2448 1.7477, 0.4053 -0.2818 1.794, 0.4031 -0.2833 1.7446, 0.4038 -0.2837 1.7938, 0.3919 -0.3004 1.7433, 0.3643 -0.3336 1.7896, 0.3485 -0.3502 1.7389, 0.3383 -0.3586 1.7873, 0.3386 -0.3589 1.7381, 0.3174 -0.3788 1.7855, 0.2998 -0.393 1.7348, 0.2661 -0.4167 1.7816, 0.2599 -0.4197 1.732, 0.2601 -0.42 1.7812, 0.2474 -0.4281 1.7311, 0.2114 -0.4471 1.7779, 0.1909 -0.4563 1.7273, 0.1706 -0.4634 1.7752, 0.1706 -0.4633 1.7259, 0.1518 -0.4708 1.7739, 0.1297 -0.4774 1.7232, 0.0883 -0.4868 1.7697, 0.0744 -0.4886 1.7195, 0.0744 -0.4884 1.7687, 0.0651 -0.4905 1.7189, 0.0225 -0.4943 1.7653, -0.0013 -0.4948 1.7145, -0.0249 -0.4933 1.7621, -0.0249 -0.4932 1.7129, -0.0439 -0.4929 1.7609, -0.0676 -0.4902 1.7101, -0.1092 -0.4826 1.7565, -0.1232 -0.4786 1.7064, -0.1231 -0.4784 1.7556, -0.1321 -0.4768 1.7058, -0.1716 -0.464 1.7523, -0.1932 -0.4553 1.7017, -0.2164 -0.4439 1.7494, -0.2163 -0.4437 1.7001, -0.2296 -0.438 1.7485, -0.2495 -0.4269 1.6979, -0.3002 0.385 2.0591, -0.2888 0.3957 2.0293, -0.2471 0.4229 2.0591, -0.2357 0.4293 2.0256, -0.2159 0.4373 2.0591, -0.2163 0.4383 2.0243, -0.164 0.4613 2.0591, -0.1781 0.456 2.0217, -0.1232 0.4733 2.0181, -0.4296 0.2356 2.0591, -0.4212 0.2518 2.042, -0.3851 0.3036 2.0591, -0.3831 0.3062 2.0376, -0.3724 0.3169 2.0591, -0.3728 0.3173 2.0366, -0.3217 0.3697 2.0591, -0.3385 0.3545 2.0333, -0.3007 0.3859 2.0302, -0.4921 -0.0027 2.0591, -0.4921 0.0037 2.0587, -0.4893 0.0471 2.0591, -0.4887 0.047 2.0561, -0.489 0.0527 2.0591, -0.4872 0.0668 2.0549, -0.4703 0.1423 2.0591, -0.4738 0.1304 2.0508, -0.4694 0.1445 2.0591, -0.4688 0.1444 2.0498, -0.4352 0.227 2.0591, -0.4517 0.1926 2.0464, -0.4295 0.2357 2.0432, -0.1404 0.469 -0.5118, -0.2029 0.4457 -0.4865, -0.2164 0.4384 -0.5118, -0.2164 0.4385 -0.4856, -0.2253 0.4348 -0.5118, -0.2582 0.4162 -0.4828, -0.3012 0.3863 -0.5118, -0.3009 0.386 -0.4796, -0.3025 0.3855 -0.5118, -0.31 0.3795 -0.4789, -0.3691 0.3227 -0.5118, -0.3577 0.3353 -0.4748, -0.373 0.3175 -0.5118, -0.3726 0.3172 -0.4732, -0.423 0.2487 -0.5118, -0.3997 0.2844 -0.4704, -0.4298 0.2358 -0.4666, -0.0506 0.4868 -0.5118, -0.0787 0.4831 -0.4948, -0.1231 0.4724 -0.5118, -0.1231 0.4728 -0.4918, -0.1426 0.4683 -0.4905, 0.0537 0.4865 -0.5036, 0.0409 0.4877 -0.5118, 0.0744 0.4828 -0.505, 0.0742 0.4818 -0.5118, 0.1187 0.4749 -0.5079, 0.1311 0.4716 -0.5118, 0.1708 0.4584 -0.5114, 0.1708 0.4585 -0.5118, 0.1772 0.4564 -0.5118, 0.5009 0.2565 2.1309, 0.5017 0.2545 2.1308, 0.5535 -0.0226 2.1208, 0.5504 -0.0499 2.1199, 0.3697 -0.3938 2.1051, 0.3623 -0.3998 2.1048, 0.131 -0.5147 2.0954, 0.0945 -0.5209 2.094, -0.3225 -0.3977 2.0768, -0.347 -0.374 2.0755, -0.4465 0.3347 2.1271, -0.4694 0.3111 2.1316, -0.3903 0.3842 2.1169, -0.4179 0.3622 2.1217, -0.4354 0.3463 2.1249, -0.4369 0.3448 2.1252, -0.3797 0.3926 2.1151, -0.3624 0.4041 2.1123, -0.2959 0.4432 2.1021, -0.3302 0.4245 2.1072, -0.3391 0.4197 2.1086, -0.3555 0.4087 2.1112, -0.2698 0.4552 2.0985, -0.2684 0.4558 2.0983, -0.1826 0.4836 2.0863, -0.2041 0.4777 2.0894, -0.2267 0.4715 2.0925, -0.2666 0.4565 2.098, -0.0769 0.4949 2.0709, -0.0906 0.4951 2.073, -0.1369 0.4915 2.0798, -0.1373 0.4915 2.0798, -0.1725 0.4853 2.0849, -0.0007 0.4895 2.0592, -0.0453 0.4944 2.0661, -0.0683 0.4948 2.0696, -0.4916 -0.039 2.0604, -0.4924 -0.0116 2.0594, -0.4816 -0.1239 2.0638, -0.4857 -0.1035 2.0629, -0.4909 -0.0594 2.0612, -0.4911 -0.0577 2.0611, -0.4673 -0.1782 2.0661, -0.4635 -0.188 2.0665, -0.4796 -0.1339 2.0642, -0.4803 -0.1305 2.064, -0.4367 -0.2502 2.0693, -0.4508 -0.2213 2.068, -0.4517 -0.2189 2.0679, -0.4015 -0.3085 2.0721, -0.4067 -0.3011 2.0717, -0.4125 -0.2929 2.0713, -0.4304 -0.263 2.0699, -0.3559 -0.3653 2.075, -0.3591 -0.3616 2.0748, -0.3859 -0.3304 2.0732, -0.2573 -0.4463 2.0798, -0.274 -0.4348 2.0791, -0.2933 -0.4215 2.0782, -0.3104 -0.4076 2.0774, -0.1905 -0.4813 2.0826, -0.1992 -0.4774 2.0822, -0.2152 -0.4702 2.0816, -0.2555 -0.4475 2.0799, -0.1359 -0.5023 2.0848, -0.1395 -0.5013 2.0847, -0.1726 -0.4894 2.0833, -0.0682 -0.5183 2.0875, -0.0942 -0.5137 2.0865, -0.0992 -0.5123 2.0863, 0.002 -0.526 2.0903, -0.0007 -0.526 2.0902, -0.0031 -0.5258 2.0901, -0.0479 -0.5219 2.0883, 0.0846 -0.5225 2.0936, 0.0729 -0.5234 2.0931, 0.0379 -0.5262 2.0918, 0.2091 -0.4911 2.0984, 0.1902 -0.4978 2.0977, 0.1769 -0.5026 2.0972, 0.1425 -0.5117 2.0959, 0.2805 -0.4568 2.1012, 0.2709 -0.4623 2.1008, 0.2591 -0.469 2.1004, 0.2164 -0.4885 2.0987, 0.3392 -0.4187 2.1037, 0.3291 -0.4256 2.1032, 0.3 -0.4457 2.102, 0.4043 -0.3607 2.1069, 0.3837 -0.3804 2.1058, 0.5077 -0.2065 2.114, 0.489 -0.244 2.1124, 0.488 -0.2459 2.1123, 0.4863 -0.2493 2.1122, 0.4753 -0.2673 2.1114, 0.4643 -0.2855 2.1106, 0.4358 -0.3245 2.1087, 0.4333 -0.3275 2.1086, 0.4327 -0.3281 2.1085, 0.5338 -0.1328 2.1169, 0.5287 -0.1502 2.1162, 0.5253 -0.1619 2.1158, 0.5095 -0.202 2.1142, 0.549 -0.0621 2.1195, 0.5481 -0.0702 2.1192, 0.5389 -0.1155 2.1175, 0.5518 0.0738 2.124, 0.5531 0.0533 2.1233, 0.5547 0.0254 2.1224, 0.5543 0.0085 2.1218, 0.5368 0.1559 2.127, 0.5375 0.1526 2.1269, 0.5456 0.117 2.1256, 0.5509 0.08 2.1242, 0.5144 0.2243 2.1296, 0.5199 0.2111 2.1291, 0.5348 0.1646 2.1273, 0.4482 0.3452 2.1347, 0.4548 0.3365 2.1343, 0.4807 0.2952 2.1325, 0.4817 0.2933 2.1324, 0.4253 0.3755 2.1361, 0.4393 0.357 2.1352, -0.4974 0.2769 2.1376, -0.4258 -0.3723 -0.5836, -0.425 -0.3731 -0.5835, -0.2742 -0.4879 -0.577, -0.2575 -0.4957 -0.5763, 0.1382 -0.5265 -0.5614, 0.1412 -0.5255 -0.5613, 0.2272 -0.4907 -0.5579, 0.234 -0.4869 -0.5577, 0.4285 -0.3117 -0.548, 0.4457 -0.2832 -0.5467, 0.5162 -0.0212 -0.5362, 0.5154 -0.0042 -0.5356, 0.2172 0.4402 -0.5135, 0.1909 0.4515 -0.5124, 0.1805 0.4552 -0.5119, 0.2935 0.3982 -0.5167, 0.2724 0.4119 -0.5158, 0.2389 0.4302 -0.5144, 0.2325 0.4336 -0.5141, 0.3356 0.3667 -0.5188, 0.345 0.3581 -0.5193, 0.2989 0.3947 -0.517, 0.2978 0.3954 -0.5169, 0.3921 0.3106 -0.522, 0.3696 0.3355 -0.5206, 0.3691 0.3359 -0.5206, 0.433 0.2564 -0.5248, 0.4283 0.2635 -0.5244, 0.4206 0.2754 -0.5239, 0.4008 0.3009 -0.5225, 0.4855 0.153 -0.5295, 0.4738 0.1809 -0.5283, 0.4675 0.196 -0.5276, 0.4458 0.2368 -0.5258, 0.5078 0.0712 -0.5328, 0.5033 0.0906 -0.5321, 0.4974 0.1161 -0.5311, 0.4918 0.1334 -0.5303, 0.5151 0.0024 -0.5353, 0.5141 0.0254 -0.5345, 0.5082 0.0681 -0.5329, 0.5142 -0.0637 -0.5377, 0.5149 -0.0569 -0.5375, 0.504 -0.1311 -0.5403, 0.5096 -0.1037 -0.5392, 0.51 -0.1004 -0.5391, 0.4853 -0.1983 -0.543, 0.4864 -0.1954 -0.5429, 0.4867 -0.1945 -0.5429, 0.5001 -0.1499 -0.541, 0.4528 -0.2713 -0.5462, 0.4568 -0.2631 -0.5458, 0.4733 -0.229 -0.5443, 0.3752 -0.3791 -0.5513, 0.3888 -0.3635 -0.5505, 0.4005 -0.3501 -0.5499, 0.4197 -0.3238 -0.5486, 0.3174 -0.4322 -0.5542, 0.324 -0.4269 -0.5539, 0.3384 -0.4152 -0.5533, 0.3723 -0.3825 -0.5515, 0.2621 -0.4713 -0.5566, 0.2684 -0.4671 -0.5563, 0.3017 -0.4448 -0.5549, 0.1415 -0.5254 -0.5613, 0.1835 -0.5105 -0.5597, 0.2077 -0.4996 -0.5587, 0.004 -0.5496 -0.5666, 0.0422 -0.5462 -0.5651, 0.0429 -0.5461 -0.5651, 0.0518 -0.5453 -0.5647, 0.0708 -0.5421 -0.564, 0.0912 -0.5386 -0.5632, -0.0765 -0.5468 -0.5696, -0.0596 -0.5483 -0.569, -0.044 -0.5496 -0.5684, -0.0025 -0.5496 -0.5668, -0.1607 -0.5314 -0.5728, -0.1491 -0.5345 -0.5723, -0.1387 -0.5373 -0.5719, -0.0923 -0.5454 -0.5702, -0.2302 -0.5084 -0.5753, -0.2184 -0.5127 -0.5749, -0.185 -0.5249 -0.5737, -0.3466 -0.4424 -0.5798, -0.3436 -0.4445 -0.5797, -0.3127 -0.4657 -0.5784, -0.283 -0.4828 -0.5773, -0.4004 -0.3973 -0.5823, -0.3906 -0.4069 -0.5818, -0.3529 -0.4381 -0.5801, -0.4893 -0.2898 -0.5874, -0.4835 -0.2994 -0.587, -0.4547 -0.3388 -0.5852, -0.452 -0.3421 -0.585, -0.5089 -0.2574 -0.5888, -0.4957 -0.2793 -0.5878, -0.0738 0.5631 -0.5903, -0.0828 0.5606 -0.589, -0.1296 0.5449 -0.5824, -0.194 0.5156 -0.5731, -0.1592 0.5322 -0.5782, -0.1495 0.5368 -0.5796, -0.1461 0.5382 -0.5801, -0.2709 0.4662 -0.5615, -0.2493 0.4815 -0.5648, -0.2475 0.4828 -0.5651, -0.2365 0.4906 -0.5667, -0.2119 0.505 -0.5704, -0.3013 0.4416 -0.5565, -0.2768 0.462 -0.5606, -0.3641 0.3747 -0.5441, -0.3342 0.4096 -0.5505, -0.3268 0.4168 -0.5518, -0.3231 0.4204 -0.5525, -0.3908 0.3369 -0.5375, -0.3887 0.34 -0.538, -0.3692 0.3675 -0.5429, -0.4274 0.2685 -0.5259, -0.4071 0.3096 -0.5328, -0.4439 0.2257 -0.5189, -0.4363 0.2456 -0.5222, -0.4328 0.2546 -0.5237, 0.5009 0.9704 1.2269, 0.5035 0.9691 1.2303, 0.5035 0.9691 1.0354, -0.0655 1.0898 1.3656, -0.0655 1.0898 1.3443, -0.0747 1.0892 1.3443, -0.0655 1.0898 1.3065, -0.0655 1.0898 1.2841, -0.0747 1.0892 1.2841, -0.0655 1.0898 1.5549, -0.0655 1.0898 1.4957, -0.0747 1.0892 1.4957, -0.0482 1.0907 1.4023, 0.0747 1.0892 1.4497, 0.0708 1.0895 1.4386, 0.069 1.0896 1.4334, 0.0611 1.0901 1.4012, -0.0483 1.0907 1.3356, 0.0646 1.0899 1.3721, 0.0707 1.0895 1.3517, -0.0483 1.0907 1.2689, 0.0677 1.0897 1.3616, 0.0653 1.0898 1.3695, -0.0482 1.0907 1.4805, -0.0747 1.0892 1.4023, -0.0482 1.0907 1.5472, -0.0482 1.0907 1.614, -0.0655 1.0898 1.614, -0.0747 1.0892 2.0591, 0.0747 1.0892 2.0591, -0.1568 1.0805 1.2677, -0.156 1.0806 1.2678, -0.1198 1.0852 1.2689, -0.1536 1.0809 1.2687, -0.1509 1.0813 1.2697, -0.1483 1.0817 1.2714, -0.1439 1.0823 1.2741, -0.1394 1.0829 1.2802, -0.1387 1.083 1.2811, -0.1378 1.0831 1.2831, -0.1198 1.0852 1.2765, -0.1357 1.0833 1.2944, -0.1198 1.0852 1.2841, -0.137 1.0832 1.2861, -0.1372 1.0831 1.2846, -0.1379 1.0831 1.3047, -0.1382 1.083 1.3061, -0.1392 1.0829 1.3084, -0.1405 1.0827 1.3116, -0.1409 1.0827 1.312, -0.145 1.0821 1.3412, -0.1429 1.0824 1.3147, -0.1434 1.0823 1.3154, -0.1452 1.0821 1.3168, -0.147 1.0819 1.3183, -0.1491 1.0816 1.3193, -0.1639 1.0794 1.3509, -0.1621 1.0797 1.3506, -0.1671 1.0789 1.3255, -0.1589 1.0802 1.3492, -0.1533 1.081 1.3466, -0.1501 1.0814 1.3445, -0.1556 1.0807 1.3222, -0.1547 1.0808 1.322, -0.195 1.0743 1.3294, -0.194 1.0744 1.3388, -0.1938 1.0745 1.3395, -0.1929 1.0746 1.3424, -0.1926 1.0747 1.3434, -0.1919 1.0748 1.3444, -0.1911 1.075 1.3457, -0.1908 1.075 1.346, -0.1893 1.0753 1.3474, -0.189 1.0753 1.3477, -0.1866 1.0757 1.349, -0.1759 1.0775 1.3528, -0.1818 1.0766 1.3509, -0.185 1.076 1.3499, -0.195 1.0743 1.2762, -0.195 1.0743 1.2836, -0.1877 1.0756 1.2751, -0.195 1.0743 1.2689, -0.187 1.0757 1.2743, -0.184 1.0762 1.272, -0.1828 1.0764 1.2711, -0.1812 1.0767 1.2705, -0.0747 1.0892 1.0354, -0.1766 1.0774 1.2688, -0.1753 1.0776 1.2685, -0.1657 1.0792 1.2666, 0.0741 1.0893 1.3455, 0.0747 1.0892 1.0354, -0.0747 1.0892 1.2689, -0.2226 1.0689 1.6108, -0.2226 1.0689 1.5927, -0.2227 1.0689 2.0591, -0.1266 1.0844 1.567, -0.1288 1.0842 1.5729, -0.1303 1.084 1.577, -0.1342 1.0835 1.583, -0.143 1.0824 1.5966, -0.1548 1.0808 1.6054, -0.1587 1.0802 1.6083, -0.1633 1.0795 1.6103, -0.1686 1.0787 1.6126, -0.17 1.0785 1.6128, -0.1915 1.0749 1.6162, -0.2072 1.0719 1.6144, -0.2127 1.0709 1.6138, -0.1863 1.0758 1.4783, -0.1689 1.0786 1.4806, -0.1185 1.0853 1.4805, -0.1663 1.0791 1.481, -0.1616 1.0798 1.4829, -0.1582 1.0803 1.4843, -0.1536 1.0809 1.4875, -0.1409 1.0827 1.4965, -0.1329 1.0837 1.5087, -0.1184 1.0853 1.4957, -0.1185 1.0853 1.4881, -0.1302 1.084 1.5127, -0.1285 1.0842 1.5175, -0.1265 1.0844 1.5236, -0.1261 1.0845 1.5265, -0.1239 1.0847 1.5447, -0.1264 1.0845 1.5655, -0.1937 1.0745 1.4789, -0.1169 1.0855 1.4023, -0.0747 1.0892 1.4805, -0.2047 1.0725 1.4799, -0.1169 1.0855 1.3946, -0.1169 1.0855 1.387, -0.2072 1.072 1.4807, -0.1131 1.0859 1.3443, -0.2226 1.0689 1.4861, -0.1131 1.0859 1.3366, -0.1131 1.0859 1.329, -0.145 1.0821 1.3575, -0.1598 1.08 1.364, -0.1645 1.0793 1.3647, -0.1775 1.0773 1.3664, -0.1891 1.0753 1.3641, -0.1933 1.0746 1.3633, -0.1934 1.0746 1.3633, -0.1973 1.0738 1.3614, -0.1992 1.0735 1.3605, -0.2003 1.0733 1.3596, -0.2023 1.0729 1.3579, -0.2025 1.0729 1.3576, -0.2034 1.0727 1.3563, -0.2051 1.0724 1.354, -0.2054 1.0723 1.3533, -0.2077 1.0719 1.3476, -0.2082 1.0718 1.3463, -0.2113 1.0712 1.3308, -0.2114 1.0712 1.3302, -0.2114 1.0712 1.2995, -0.2114 1.0712 1.2689, -0.2073 1.072 1.5988, -0.1998 1.0734 1.5997, -0.2112 1.0712 1.5962, -0.1917 1.0749 1.6007, -0.1783 1.0771 1.5987, -0.1759 1.0776 1.5984, -0.1724 1.0781 1.5969, -0.1695 1.0786 1.5957, -0.1672 1.0789 1.5941, -0.1558 1.0806 1.5859, -0.148 1.0817 1.5734, -0.1464 1.0819 1.5709, -0.1454 1.0821 1.5675, -0.1436 1.0823 1.5614, -0.1433 1.0824 1.5592, -0.1418 1.0825 1.5457, -0.1435 1.0823 1.5314, -0.1439 1.0823 1.5283, -0.1451 1.0821 1.5254, -0.1474 1.0818 1.5197, -0.1487 1.0816 1.5175, -0.1548 1.0808 1.5077, -0.1649 1.0793 1.5, -0.1664 1.0791 1.4989, -0.17 1.0785 1.4973, -0.1723 1.0781 1.4963, -0.1752 1.0777 1.4958, -0.1887 1.0754 1.4936, -0.2038 1.0726 1.4954, -0.2062 1.0722 1.4957, -0.2227 1.0689 1.0354, -0.2226 1.0689 1.5026, -0.2125 1.0709 1.4983, -0.2096 1.0715 1.5979, -0.424 1.0063 1.3065, -0.424 1.0063 1.2841, -0.4738 0.9839 1.2841, -0.471 0.9852 1.3869, -0.4964 0.9727 1.3356, -0.471 0.9853 1.3946, -0.4964 0.9727 1.4023, -0.471 0.9853 1.4023, -0.4081 1.0129 1.4023, -0.4503 0.9948 1.4805, -0.4676 0.9869 1.4805, -0.5035 0.9691 1.4023, -0.4792 0.9813 1.517, -0.424 1.0063 1.3656, -0.424 1.0063 1.3443, -0.4676 0.9869 1.3443, -0.424 1.0063 1.387, -0.4676 0.9869 1.3366, -0.4676 0.9869 1.329, -0.3665 1.0286 2.0591, -0.3781 1.0244 1.614, -0.3973 1.0171 1.6114, -0.3988 1.0166 1.6112, -0.4043 1.0143 1.6089, -0.4098 1.0122 1.6066, -0.4163 1.0095 1.6022, -0.425 1.0059 1.5963, -0.4962 0.9729 1.614, -0.4331 1.0024 1.5856, -0.436 1.0012 1.5817, -0.4374 1.0006 1.5784, -0.4398 0.9995 1.573, -0.4395 0.9997 1.5236, -0.4379 1.0004 1.519, -0.4398 0.9995 1.5728, -0.4419 0.9986 1.5605, -0.4432 0.998 1.5529, -0.4435 0.9979 1.549, -0.4418 0.9986 1.5336, -0.4413 0.9989 1.5288, -0.4369 1.0008 1.5174, -0.4259 1.0055 1.5004, -0.425 1.0059 1.4992, -0.3665 1.0286 1.4805, -0.3665 1.0285 1.3393, -0.375 1.0255 1.3642, -0.4131 1.0108 1.4905, -0.4094 1.0123 1.4878, -0.4042 1.0144 1.4858, -0.3986 1.0166 1.4836, -0.3952 1.0179 1.4831, -0.3768 1.0249 1.4805, -0.5035 0.9691 1.0354, -0.5035 0.9691 1.2689, -0.3665 1.0286 1.0354, -0.4964 0.9727 1.2689, -0.424 1.0063 1.329, -0.408 1.0129 1.2689, -0.4738 0.9839 1.2689, -0.4738 0.9839 1.2765, -0.3665 1.0284 1.2973, -0.408 1.0129 1.3356, -0.3913 1.0194 1.3642, -0.3505 1.0341 1.2545, -0.3455 1.0358 1.2433, -0.3448 1.0361 1.2417, -0.3417 1.0371 1.2373, -0.3402 1.0375 1.2352, -0.3387 1.038 1.2339, -0.3357 1.039 1.2312, -0.3352 1.0392 1.231, -0.3289 1.0412 1.2278, -0.3278 1.0415 1.2272, -0.2745 1.0568 1.2687, -0.3078 1.0476 1.2254, -0.3078 1.0476 1.2328, -0.271 1.0577 1.2681, -0.2651 1.0592 1.2671, -0.3181 1.0445 1.224, -0.3267 1.0419 1.2269, -0.2588 1.0607 1.2666, -0.2459 1.0638 1.2682, -0.2441 1.0642 1.2684, -0.3045 1.0486 1.3642, -0.2961 1.051 1.2948, -0.3403 1.0375 1.2691, -0.2948 1.0513 1.287, -0.2948 1.0513 1.2865, -0.2938 1.0516 1.2839, -0.3333 1.0398 1.2518, -0.2935 1.0517 1.2832, -0.3323 1.0401 1.2498, -0.2926 1.0519 1.2819, -0.3302 1.0408 1.2465, -0.2906 1.0525 1.2792, -0.3155 1.0453 1.2384, -0.3169 1.0449 1.2383, -0.323 1.043 1.24, -0.3123 1.0463 1.2392, -0.2891 1.0529 1.2776, -0.3078 1.0476 1.2402, -0.2857 1.0538 1.2742, -0.2761 1.0564 1.2695, -0.3238 1.0428 1.2402, -0.3254 1.0423 1.241, -0.3263 1.042 1.2415, -0.3268 1.0419 1.242, -0.328 1.0415 1.2431, -0.328 1.0415 1.2431, -0.3152 1.0454 1.5986, -0.2654 1.0591 1.5986, -0.2654 1.0591 1.5773, -0.2394 1.0653 1.354, -0.241 1.0649 1.3556, -0.3421 1.0369 1.4805, -0.2442 1.0642 1.3588, -0.2535 1.062 1.3634, -0.255 1.0617 1.3642, -0.2583 1.0609 1.3648, -0.2639 1.0595 1.3659, -0.2699 1.058 1.3664, -0.2809 1.0551 1.365, -0.3481 1.0349 1.2847, -0.3505 1.0341 1.2924, -0.3462 1.0356 1.2925, -0.3224 1.0432 1.3642, -0.3421 1.0369 1.5472, -0.3181 1.0445 1.4957, -0.2361 1.066 1.3492, -0.2364 1.0659 1.3499, -0.2487 1.0631 1.4805, -0.2337 1.0665 1.3385, -0.235 1.0662 1.3462, -0.2351 1.0662 1.3467, -0.2374 1.0657 1.3513, -0.3181 1.0445 1.4805, -0.3181 1.0445 1.4881, -0.2584 1.0608 1.3108, -0.2479 1.0633 1.2824, -0.252 1.0624 1.2813, -0.2604 1.0604 1.2803, -0.2683 1.0584 1.2809, -0.2689 1.0582 1.2809, -0.2708 1.0578 1.2815, -0.2718 1.0575 1.2818, -0.2723 1.0574 1.2821, -0.2733 1.0571 1.2826, -0.2743 1.0569 1.2835, -0.279 1.0556 1.2968, -0.2745 1.0568 1.2838, -0.2757 1.0565 1.2856, -0.2769 1.0562 1.2872, -0.2783 1.0558 1.2903, -0.2795 1.0555 1.2932, -0.279 1.0556 1.2969, -0.2786 1.0557 1.298, -0.2785 1.0558 1.2983, -0.2779 1.0559 1.2992, -0.277 1.0561 1.3004, -0.2754 1.0566 1.3022, -0.2733 1.0571 1.2826, -0.2613 1.0601 1.3096, -0.2462 1.0637 1.3167, -0.2336 1.0666 1.2895, -0.2477 1.0634 1.316, -0.2431 1.0644 1.2842, -0.2449 1.064 1.2832, -0.2383 1.0655 1.3234, -0.2359 1.0661 1.3281, -0.2348 1.0663 1.3303, -0.234 1.0665 1.3352, -0.2347 1.0663 1.3307, -0.2342 1.0664 1.3337, -0.2336 1.0666 1.2722, -0.2487 1.0631 1.614, -0.3421 1.0369 1.614, -0.3151 1.0454 1.6063, -0.3151 1.0454 1.614, -0.2654 1.0591 1.5559, -0.3115 1.0465 1.5559, -0.3665 1.0286 1.614, -0.3115 1.0465 1.5406, -0.2654 1.0591 1.5406, -0.2654 1.0591 1.5182, -0.3115 1.0465 1.5483, -0.2654 1.0591 1.4957, -0.2956 1.0511 1.3, -0.2917 1.0522 1.3459, -0.2917 1.0522 1.3621, -0.2843 1.0542 1.3646, -0.2698 1.058 1.3229, -0.2778 1.0559 1.3514, -0.2683 1.0584 1.3528, -0.2629 1.0597 1.3522, -0.2616 1.0601 1.3521, -0.2603 1.0604 1.3515, -0.2527 1.0622 1.3466, -0.2528 1.0622 1.3467, -0.2555 1.0615 1.3492, -0.252 1.0624 1.3456, -0.2518 1.0624 1.3453, -0.2515 1.0625 1.3445, -0.2512 1.0626 1.3437, -0.251 1.0626 1.3427, -0.2676 1.0585 1.3238, -0.2514 1.0625 1.3349, -0.2514 1.0625 1.3348, -0.2521 1.0623 1.3338, -0.2505 1.0627 1.34, -0.251 1.0626 1.3361, -0.251 1.0626 1.3361, -0.2541 1.0619 1.3311, -0.2831 1.0545 1.3166, -0.2808 1.0551 1.3177, -0.2828 1.0546 1.3501, -0.2812 1.055 1.3509, -0.2907 1.0525 1.3106, -0.2934 1.0517 1.3059, -0.2947 1.0514 1.3039, -0.2947 1.0513 1.3035, -0.2954 1.0512 1.3006, -0.5125 0.9644 1.614, -0.5569 0.9395 1.4805, -0.6311 0.8913 1.3774, -0.5035 0.9691 2.0591, -0.5035 0.9691 1.614, -0.6312 0.8915 2.0591, -0.597 0.9147 1.2689, -0.6128 0.9041 1.2689, -0.6312 0.8915 1.0354, -0.6234 0.8969 1.3054, -0.6311 0.8913 1.3054, -0.5544 0.9409 1.3972, -0.5595 0.938 1.3949, -0.5301 0.9549 1.4023, -0.5404 0.9491 1.4805, -0.5479 0.9447 1.3998, -0.5493 0.944 1.3996, -0.5655 0.9343 1.3905, -0.5736 0.9294 1.3846, -0.581 0.9248 1.374, -0.5838 0.9231 1.37, -0.5851 0.9223 1.3668, -0.5872 0.9209 1.3613, -0.5873 0.9209 1.3612, -0.5892 0.9197 1.3488, -0.5904 0.9189 1.3412, -0.5907 0.9187 1.3373, -0.5891 0.9197 1.3219, -0.5886 0.92 1.3172, -0.587 0.9211 1.312, -0.5855 0.922 1.3073, -0.5846 0.9226 1.3058, -0.5745 0.9289 1.2888, -0.5543 0.941 1.2741, -0.549 0.9441 1.2719, -0.5736 0.9294 1.2876, -0.5625 0.9361 1.2789, -0.5591 0.9382 1.2762, -0.5459 0.9459 1.2715, -0.5288 0.9556 1.2689, -0.5035 0.9691 1.517, -0.5285 0.9557 1.517, -0.0655 1.0898 1.329, -0.0747 1.0892 1.329, -0.1574 1.0804 1.363, -0.0655 1.0898 1.387, -0.0747 1.0892 1.387, -0.6389 0.886 1.4023, -0.747 0.7972 2.0591, -0.6538 0.8751 1.4023, -0.6939 0.8437 1.2689, 0.1597 1.08 1.536, 0.1546 1.0808 1.5255, 0.1208 1.0851 1.5074, 0.2052 1.0724 1.6004, 0.1898 1.0751 1.5836, 0.1828 1.0764 1.5759, 0.1761 1.0775 1.5657, 0.1688 1.0787 1.5545, 0.1668 1.079 1.5503, 0.1188 1.0853 1.506, 0.1012 1.0871 1.4929, 0.1001 1.0872 1.4916, 0.0898 1.0881 1.4799, 0.0884 1.0882 1.4783, 0.0808 1.0888 1.4645, 0.0783 1.089 1.4602, 0.3623 1.0301 1.6459, 0.3303 1.0408 1.6498, 0.3665 1.0286 2.0591, 0.2854 1.0538 1.643, 0.2802 1.0552 1.6417, 0.2227 1.0689 2.0591, 0.2952 1.0512 1.6456, 0.2703 1.0579 1.6392, 0.2574 1.061 1.6332, 0.2474 1.0634 1.6286, 0.2263 1.068 1.6149, 0.2227 1.0688 1.6126, 0.217 1.07 1.6089, 0.4945 0.9737 1.5729, 0.5035 0.9691 2.0591, 0.4959 0.973 1.5727, 0.5002 0.9708 1.5722, 0.4749 0.9834 1.571, 0.4574 0.9916 1.5934, 0.4566 0.992 1.5944, 0.437 1.0008 1.6128, 0.4092 1.0124 1.6303, 0.3986 1.0166 1.635, 0.3868 1.0211 1.6402, 0.3755 1.0253 1.6429, 0.3665 1.0285 1.645, 0.6226 0.8974 1.3855, 0.6264 0.8948 1.4192, 0.6312 0.8915 1.0354, 0.5071 0.9672 1.2349, 0.5134 0.9639 1.2431, 0.5208 0.9599 1.2568, 0.5563 0.9398 1.2831, 0.5524 0.9422 1.2805, 0.5281 0.956 1.2703, 0.5692 0.9321 1.2918, 0.5698 0.9317 1.2924, 0.5933 0.917 1.3158, 0.6088 0.9068 1.3419, 0.6118 0.9048 1.3491, 0.6175 0.901 1.3627, 0.6185 0.9003 1.3672, 0.6207 0.8987 1.3773, 0.6312 0.8915 2.0591, 0.6232 0.897 1.4515, 0.6214 0.8983 1.4597, 0.621 0.8986 1.4614, 0.6181 0.9005 1.474, 0.6157 0.9022 1.4797, 0.6097 0.9063 1.494, 0.6094 0.9064 1.4945, 0.5912 0.9183 1.5245, 0.5893 0.9196 1.5274, 0.573 0.9298 1.5426, 0.5676 0.9331 1.5475, 0.5581 0.9388 1.5539, 0.5502 0.9435 1.5592, 0.5429 0.9476 1.5619, 0.5357 0.9517 1.5647, 0.5311 0.9543 1.5664, 0.5035 0.969 1.5715, 0.3665 1.0286 1.2685, 0.3668 1.0285 1.2673, 0.3665 1.0286 1.0354, 0.3693 1.0276 1.2609, 0.374 1.0259 1.2494, 0.3745 1.0257 1.2487, 0.3806 1.0234 1.2398, 0.3828 1.0226 1.2366, 0.3872 1.021 1.2329, 0.3937 1.0185 1.2273, 0.3979 1.0169 1.2251, 0.4474 0.9962 1.2058, 0.4156 1.0097 1.2163, 0.4128 1.0109 1.2172, 0.4732 0.9842 1.2111, 0.4797 0.981 1.2138, 0.4901 0.9759 1.2182, 0.4907 0.9756 1.2187, 0.4985 0.9716 1.2249, 0.243 1.0644 1.5571, 0.2503 1.0628 1.5634, 0.3134 1.046 1.4017, 0.2578 1.0609 1.5676, 0.2689 1.0582 1.5737, 0.2832 1.0544 1.579, 0.2961 1.051 1.5837, 0.3294 1.041 1.5928, 0.2312 1.0671 1.3804, 0.2227 1.0689 1.5321, 0.2599 1.0605 1.4306, 0.2235 1.0687 1.5338, 0.2245 1.0685 1.5359, 0.2334 1.0666 1.5477, 0.2356 1.0661 1.5508, 0.2532 1.0621 1.2754, 0.2533 1.0621 1.2754, 0.25 1.0628 1.2734, 0.2227 1.0689 1.2684, 0.2368 1.0659 1.2684, 0.2227 1.0689 1.0354, 0.2463 1.0637 1.2716, 0.2479 1.0633 1.2721, 0.2554 1.0616 1.2777, 0.2562 1.0614 1.2785, 0.2576 1.061 1.281, 0.2405 1.065 1.3256, 0.2349 1.0663 1.3272, 0.2595 1.0606 1.3118, 0.2579 1.061 1.3153, 0.3009 1.0496 1.3424, 0.2594 1.0606 1.2843, 0.2602 1.0604 1.2868, 0.3591 1.0312 1.3007, 0.2636 1.0596 1.2978, 0.3591 1.0312 1.3102, 0.2611 1.0602 1.3079, 0.2607 1.0603 1.3095, 0.2554 1.0616 1.3183, 0.2957 1.0509 1.3453, 0.2559 1.0614 1.3177, 0.2578 1.061 1.3153, 0.2406 1.065 1.3256, 0.2535 1.062 1.3196, 0.251 1.0626 1.3214, 0.2494 1.063 1.3221, 0.2294 1.0675 1.3263, 0.2227 1.0689 1.3263, 0.4264 1.0053 1.5399, 0.4098 1.0122 1.3873, 0.4169 1.0093 1.5536, 0.4109 1.0117 1.5597, 0.3863 1.0213 1.5782, 0.3831 1.0225 1.5778, 0.367 1.0284 1.5854, 0.3665 1.0286 1.5855, 0.3876 1.0209 1.5778, 0.3992 1.0164 1.5703, 0.4031 1.0149 1.5678, 0.4046 1.0142 1.3836, 0.3958 1.0177 1.3773, 0.3856 1.0216 1.368, 0.3658 1.0289 1.5858, 0.3664 1.0282 1.3725, 0.3815 1.0231 1.3642, 0.4967 0.9725 1.3781, 0.4915 0.9752 1.3821, 0.5035 0.969 1.5133, 0.4866 0.9776 1.3842, 0.473 0.9843 1.39, 0.4937 0.9741 1.516, 0.4869 0.9775 1.5152, 0.481 0.9803 1.5141, 0.4678 0.9868 1.5114, 0.4302 1.0037 1.5345, 0.4384 1.0001 1.5196, 0.4145 1.0102 1.3891, 0.4482 0.9958 1.5018, 0.4252 1.0058 1.3931, 0.426 1.0054 1.3933, 0.467 0.9871 1.511, 0.4693 0.986 1.391, 0.4474 0.9962 1.3965, 0.5145 0.9633 1.3584, 0.5764 0.9277 1.4211, 0.5722 0.9303 1.3939, 0.5716 0.9307 1.3918, 0.5668 0.9336 1.377, 0.5662 0.934 1.3751, 0.5615 0.9367 1.3676, 0.5582 0.9387 1.3622, 0.5542 0.9411 1.358, 0.5441 0.9469 1.3475, 0.5344 0.9524 1.3396, 0.5273 0.9564 1.3339, 0.5233 0.9586 1.5079, 0.5035 0.9691 1.3725, 0.5029 0.9694 1.3734, 0.5235 0.9585 1.5078, 0.5345 0.9524 1.5024, 0.5389 0.9499 1.5002, 0.5437 0.9471 1.4962, 0.55 0.9435 1.4908, 0.5505 0.9432 1.4901, 0.5542 0.9411 1.4847, 0.558 0.9389 1.4792, 0.561 0.9371 1.4722, 0.5667 0.9336 1.4586, 0.5685 0.9326 1.4519, 0.5045 0.9685 1.3713, 0.5129 0.9641 1.3604, 0.1874 1.0756 1.3263, 0.1622 1.0797 1.3342, 0.1408 1.0827 1.4517, 0.1608 1.0799 1.3349, 0.1513 1.0813 1.34, 0.1486 1.0816 1.3414, 0.1442 1.0822 1.3453, 0.1399 1.0828 1.3492, 0.1323 1.0838 1.361, 0.1271 1.0844 1.3748, 0.1268 1.0844 1.4283, 0.1248 1.0846 1.3808, 0.1263 1.0845 1.4273, 0.1198 1.0852 1.4003, 0.1326 1.0837 1.4415, 0.136 1.0833 1.4459, 0.133 1.0837 1.3599, 0.1312 1.0839 1.4382, 0.1388 1.0829 1.3509, 0.14 1.0828 1.451, 0.1489 1.0816 1.458, 0.162 1.0797 1.4642, 0.1486 1.0816 1.4577, 0.1664 1.0791 1.4663, 0.193 1.0746 1.4743, 0.2005 1.0733 1.4743, 0.2142 1.0706 1.5148, 0.215 1.0704 1.5166, 0.0747 1.0892 1.3443, 0.0815 1.0887 1.3319, 0.0936 1.0878 1.3147, 0.0961 1.0875 1.3111, 0.118 1.0854 1.2922, 0.1214 1.085 1.2901, 0.1249 1.0846 1.288, 0.1361 1.0833 1.2812, 0.1399 1.0828 1.2799, 0.1572 1.0804 1.2739, 0.1634 1.0795 1.2725, 0.1818 1.0766 1.2684, -1.0945 -0.0027 0.0118, -1.0843 0.1463 1.0354, -1.0843 0.1463 0.0118, -1.0539 0.2926 1.0354, -1.0539 0.2926 0.0118, -1.0039 0.4333 1.0354, -1.0039 0.4333 0.0118, -0.9352 0.566 1.0354, -0.9352 0.566 0.0118, -0.849 0.688 1.0354, -0.849 0.688 0.0118, -0.747 0.7972 1.0354, -0.747 0.7972 0.0118, -0.6312 0.8915 0.0118, -0.5035 0.9691 0.0118, -0.3665 1.0286 0.0118, -0.2227 1.0689 0.0118, -0.0747 1.0892 0.0118, 0.0747 1.0892 0.0118, 0.2227 1.0689 0.0118, 0.3665 1.0286 0.0118, 0.5035 0.9691 0.0118, 0.6312 0.8915 0.0118, 0.747 0.7972 1.0354, 0.747 0.7972 0.0118, 0.849 0.688 1.0354, 0.849 0.688 0.0118, 0.9352 0.566 1.0354, 0.9352 0.566 0.0118, 1.0039 0.4333 1.0354, 1.0039 0.4333 0.0118, 1.0539 0.2926 1.0354, 1.0539 0.2926 0.0118, 1.0843 0.1463 1.0354, 1.0843 0.1463 0.0118, 1.0945 -0.0027 1.0354, 1.0945 -0.0027 0.0118, 1.0843 -0.1517 1.0354, 1.0843 -0.1517 0.0118, 1.0539 -0.298 1.0354, 1.0539 -0.298 0.0118, 1.0039 -0.4388 1.0354, 1.0039 -0.4388 0.0118, 0.9352 -0.5714 1.0354, 0.9352 -0.5714 0.0118, 0.849 -0.6934 1.0354, 0.849 -0.6934 0.0118, 0.747 -0.8026 1.0354, 0.747 -0.8026 0.0118, 0.6312 -0.8969 1.0354, 0.6312 -0.8969 0.0118, 0.5035 -0.9745 1.0354, 0.5035 -0.9745 0.0118, 0.3665 -1.034 1.0354, 0.3665 -1.034 0.0118, 0.2227 -1.0743 1.0354, 0.2227 -1.0743 0.0118, 0.0747 -1.0946 1.0354, 0.0747 -1.0946 0.0118, -0.0747 -1.0946 1.0354, -0.0747 -1.0946 0.0118, -0.2227 -1.0743 1.0354, -0.2227 -1.0743 0.0118, -0.3665 -1.034 1.0354, -0.3665 -1.034 0.0118, -0.5035 -0.9745 1.0354, -0.5035 -0.9745 0.0118, -0.6312 -0.8969 1.0354, -0.6312 -0.8969 0.0118, -0.747 -0.8026 1.0354, -0.747 -0.8026 0.0118, -0.849 -0.6934 1.0354, -0.849 -0.6934 0.0118, -0.9352 -0.5714 1.0354, -0.9352 -0.5714 0.0118, -1.0039 -0.4388 1.0354, -1.0039 -0.4388 0.0118, -1.0539 -0.298 1.0354, -1.0539 -0.298 0.0118, -1.0843 -0.1517 1.0354, -1.0843 -0.1517 0.0118, -1.0945 -0.0027 1.0354, -0.6683 0.8641 1.3054, -0.679 0.8557 1.2689, -0.849 0.688 2.0591, -0.9352 0.566 2.0591, -1.0039 0.4333 2.0591, -1.0539 0.2926 2.0591, -1.0843 0.1463 2.0591, -1.0945 -0.0027 2.0591, -1.0843 -0.1517 2.0591, -1.0539 -0.298 2.0591, -1.0039 -0.4388 2.0591, -0.9352 -0.5714 2.0591, -0.849 -0.6934 2.0591, -0.747 -0.8026 2.0591, -0.6312 -0.8969 2.0591, -0.5035 -0.9745 2.0591, -0.3665 -1.034 2.0591, -0.2227 -1.0743 2.0591, -0.0747 -1.0946 2.0591, 0.0747 -1.0946 2.0591, 0.2227 -1.0743 2.0591, 0.3665 -1.034 2.0591, 0.5035 -0.9745 2.0591, 0.6312 -0.8969 2.0591, 0.747 -0.8026 2.0591, 0.849 -0.6934 2.0591, 0.9352 -0.5714 2.0591, 1.0039 -0.4388 2.0591, 1.0539 -0.298 2.0591, 1.0843 -0.1517 2.0591, 1.0945 -0.0027 2.0591, 1.0843 0.1463 2.0591, 1.0539 0.2926 2.0591, 1.0039 0.4333 2.0591, 0.9352 0.566 2.0591, 0.849 0.688 2.0591, 0.747 0.7972 2.0591, 0.224 -0.776 0.0118, 0.097 -0.802 0.0118, -0.0324 -0.8072 0.0118, -0.161 -0.7916 0.0118, -0.2855 -0.7555 0.0118, -0.4026 -0.7 0.0118, 0.7637 -0.2577 0.0118, 0.7129 -0.3769 0.0118, 0.6436 -0.4864 0.0118, 0.5577 -0.5834 0.0118, 0.4574 -0.6653 0.0118, 0.3451 -0.7301 0.0118, -0.5092 -0.6264 0.0118, -0.6026 -0.5366 0.0118, -0.6805 -0.433 0.0118, -0.7407 -0.3183 0.0118, -0.7817 -0.1954 0.0118, -0.8025 -0.0675 0.0118, -0.8051 -0.0027 0.0118, -0.8025 0.0621 0.0118, -0.7817 0.19 0.0118, -0.7407 0.3129 0.0118, -0.6805 0.4276 0.0118, -0.6026 0.5312 0.0118, -0.5092 0.6209 0.0118, 0.7129 0.3714 0.0118, 0.7637 0.2522 0.0118, 0.7947 0.1264 0.0118, 0.8051 -0.0027 0.0118, 0.7947 -0.1319 0.0118, 0.097 0.7965 0.0118, 0.224 0.7706 0.0118, 0.3451 0.7247 0.0118, 0.4574 0.6599 0.0118, 0.5577 0.5779 0.0118, 0.6436 0.481 0.0118, -0.4026 0.6945 0.0118, -0.2855 0.7501 0.0118, -0.161 0.7861 0.0118, -0.0324 0.8018 0.0118, -0.8025 0.0621 -0.5118, -0.8051 -0.0027 -0.5118, -0.8025 -0.0675 -0.5118, -0.7817 -0.1954 -0.5118, -0.7407 -0.3183 -0.5118, -0.6805 -0.433 -0.5118, -0.6026 -0.5366 -0.5118, -0.5092 -0.6264 -0.5118, -0.4026 -0.7 -0.5118, -0.2855 -0.7555 -0.5118, -0.161 -0.7916 -0.5118, -0.0324 -0.8072 -0.5118, 0.097 -0.802 -0.5118, 0.224 -0.776 -0.5118, 0.3451 -0.7301 -0.5118, 0.4574 -0.6653 -0.5118, 0.5577 -0.5834 -0.5118, 0.6436 -0.4864 -0.5118, 0.7129 -0.3769 -0.5118, 0.7637 -0.2577 -0.5118, 0.7947 -0.1319 -0.5118, 0.8051 -0.0027 -0.5118, 0.7947 0.1264 -0.5118, 0.7637 0.2522 -0.5118, 0.7129 0.3714 -0.5118, 0.6436 0.481 -0.5118, 0.5577 0.5779 -0.5118, 0.4574 0.6599 -0.5118, 0.3451 0.7247 -0.5118, 0.224 0.7706 -0.5118, 0.097 0.7965 -0.5118, -0.0324 0.8018 -0.5118, -0.161 0.7861 -0.5118, -0.2855 0.7501 -0.5118, -0.4026 0.6945 -0.5118, -0.5092 0.6209 -0.5118, -0.6026 0.5312 -0.5118, -0.6805 0.4276 -0.5118, -0.7407 0.3129 -0.5118, -0.7817 0.19 -0.5118, -0.452 -0.3951 1.8233, -0.451 -0.3965 1.8234, -0.451 -0.3965 1.8111, -0.5006 -0.3308 1.8189, -0.4997 -0.3324 1.819, -0.4997 -0.3324 1.8067, -0.5403 -0.2602 1.8145, -0.5396 -0.262 1.8146, -0.5396 -0.262 1.8023, -0.57 -0.1853 1.8101, -0.5695 -0.1873 1.8103, -0.5695 -0.1873 1.7979, -0.5892 -0.1082 1.806, -0.5889 -0.1104 1.8061, -0.5889 -0.1104 1.7938, -0.5979 -0.0311 1.8021, -0.5979 -0.0334 1.8022, -0.5979 -0.0334 1.7899, -0.5966 0.0451 1.7984, -0.5969 0.0427 1.7985, -0.5969 0.0427 1.7862, -0.5853 0.1224 1.7944, -0.586 0.1199 1.7945, -0.586 0.1199 1.7822, -0.5634 0.1991 1.7901, -0.5645 0.1965 1.7903, -0.5645 0.1965 1.778, -0.5311 0.2731 1.7858, -0.5327 0.2706 1.7859, -0.5327 0.2706 1.7736, -0.4891 0.3422 1.7813, -0.491 0.3398 1.7815, -0.491 0.3398 1.7692, -0.4384 0.4047 1.777, -0.4407 0.4025 1.7771, -0.4407 0.4025 1.7648, -0.3807 0.4591 1.7728, -0.3833 0.4572 1.773, -0.3833 0.4572 1.7607, -0.3179 0.5044 1.7689, -0.3208 0.5028 1.7691, -0.3208 0.5028 1.7568, -0.2508 0.5407 1.7652, -0.254 0.5394 1.7654, -0.254 0.5394 1.7531, -0.1777 0.5687 1.7612, -0.1813 0.5679 1.7614, -0.1813 0.5679 1.7491, -0.1 0.5873 1.757, -0.1039 0.5869 1.7572, -0.1039 0.5869 1.7449, -0.0197 0.5954 1.7526, -0.0237 0.5955 1.7528, -0.0237 0.5955 1.7405, 0.0612 0.5926 1.7481, 0.0571 0.5932 1.7483, 0.0571 0.5932 1.736, 0.1405 0.579 1.7438, 0.1364 0.5802 1.744, 0.1364 0.5802 1.7317, 0.216 0.5554 1.7396, 0.212 0.5572 1.7399, 0.212 0.5572 1.7276, 0.286 0.5229 1.7358, 0.2824 0.5252 1.736, 0.2824 0.5252 1.7237, 0.3507 0.4822 1.7321, 0.3472 0.485 1.7323, 0.3472 0.485 1.72, 0.4111 0.4321 1.728, 0.4078 0.4356 1.7283, 0.4078 0.4356 1.716, 0.4654 0.3734 1.7238, 0.4625 0.3775 1.724, 0.4625 0.3775 1.7117, 0.5118 0.3073 1.7194, 0.5094 0.3118 1.7196, 0.5094 0.3118 1.7073, 0.5489 0.2354 1.7149, 0.5471 0.2404 1.7152, 0.5471 0.2404 1.7029, 0.5759 0.1598 1.7106, 0.5747 0.165 1.7109, 0.5747 0.165 1.6986, 0.5923 0.0825 1.7065, 0.5918 0.0879 1.7068, 0.5918 0.0879 1.6945, 0.5983 0.0058 1.7027, 0.5985 0.0111 1.7029, 0.5985 0.0111 1.6906, 0.5945 -0.0707 1.6989, 0.5954 -0.0652 1.6992, 0.5954 -0.0652 1.6869, 0.5804 -0.148 1.6949, 0.5821 -0.1424 1.6952, 0.5821 -0.1424 1.6829, 0.5558 -0.2242 1.6906, 0.5584 -0.2187 1.6909, 0.5584 -0.2187 1.6786, 0.5209 -0.2971 1.6862, 0.5242 -0.2918 1.6865, 0.5242 -0.2918 1.6742, 0.4764 -0.3646 1.6817, 0.4805 -0.3598 1.6821, 0.4805 -0.3598 1.6698, 0.4237 -0.4251 1.6774, 0.4285 -0.4208 1.6778, 0.4285 -0.4208 1.6655, 0.3645 -0.4771 1.6733, 0.3698 -0.4735 1.6737, 0.3698 -0.4735 1.6613, 0.3008 -0.5199 1.6695, 0.3064 -0.517 1.6698, 0.3064 -0.517 1.6575, 0.2321 -0.5541 1.6658, 0.2384 -0.5519 1.6661, 0.2384 -0.5519 1.6538, 0.1577 -0.5798 1.6617, 0.1645 -0.5784 1.6621, 0.1645 -0.5784 1.6498, 0.0791 -0.5957 1.6574, 0.0863 -0.5951 1.6578, 0.0863 -0.5951 1.6455, -0.0015 -0.6009 1.653, 0.0058 -0.6014 1.6534, 0.0058 -0.6014 1.6411, -0.0822 -0.5953 1.6485, -0.0749 -0.5967 1.6489, -0.0749 -0.5967 1.6366, -0.1606 -0.579 1.6443, -0.1535 -0.5814 1.6446, -0.1535 -0.5814 1.6323, -0.2348 -0.5529 1.6402, -0.2281 -0.5562 1.6405, -0.2281 -0.5562 1.6282, -0.3032 -0.5184 1.6364, -0.2971 -0.5225 1.6368, -0.2971 -0.5225 1.6245, -0.3668 -0.4752 1.6326, -0.361 -0.4803 1.633, -0.361 -0.4803 1.6207, -0.4052 -0.4434 1.8023, -0.4504 -0.3959 1.7988, -0.4602 -0.3857 1.7981, -0.4991 -0.3319 1.7944, -0.5075 -0.3203 1.7937, -0.5389 -0.2617 1.79, -0.5456 -0.2491 1.7892, -0.5688 -0.1871 1.7857, -0.5737 -0.1738 1.7849, -0.5882 -0.1103 1.7815, -0.5912 -0.0967 1.7807, -0.5972 -0.0333 1.7776, -0.5984 -0.0199 1.7769, -0.5962 0.0427 1.7739, -0.5958 0.0564 1.7732, -0.5852 0.1198 1.7699, -0.583 0.1336 1.7692, -0.5638 0.1963 1.7657, -0.5596 0.2099 1.7649, -0.5319 0.2702 1.7613, -0.526 0.2833 1.7605, -0.4903 0.3394 1.7569, -0.4826 0.3515 1.7561, -0.4401 0.402 1.7525, -0.4309 0.4129 1.7518, -0.3828 0.4566 1.7484, -0.3725 0.466 1.7476, -0.3204 0.5022 1.7445, -0.3092 0.5099 1.7438, -0.2537 0.5388 1.7408, -0.2414 0.5451 1.7401, -0.181 0.5671 1.7368, -0.1678 0.572 1.7361, -0.1037 0.5861 1.7326, -0.0897 0.5892 1.7318, -0.0236 0.5947 1.7282, -0.0093 0.5959 1.7274, 0.0571 0.5924 1.7237, 0.0714 0.5917 1.723, 0.1362 0.5795 1.7194, 0.1502 0.5768 1.7186, 0.2118 0.5564 1.7153, 0.225 0.5521 1.7145, 0.2821 0.5245 1.7114, 0.2943 0.5187 1.7107, 0.3468 0.4844 1.7077, 0.3584 0.4769 1.707, 0.4073 0.435 1.7037, 0.4181 0.4258 1.7029, 0.4619 0.377 1.6994, 0.4715 0.3662 1.6987, 0.5087 0.3114 1.695, 0.5168 0.2994 1.6942, 0.5464 0.24 1.6906, 0.5528 0.2271 1.6898, 0.574 0.1647 1.6863, 0.5785 0.1512 1.6855, 0.591 0.0877 1.6822, 0.5937 0.074 1.6814, 0.5978 0.011 1.6783, 0.5987 -0.0025 1.6777, 0.5947 -0.0651 1.6746, 0.5938 -0.079 1.6739, 0.5814 -0.1423 1.6706, 0.5786 -0.1563 1.6698, 0.5576 -0.2184 1.6663, 0.553 -0.2321 1.6655, 0.5235 -0.2915 1.6619, 0.5171 -0.3045 1.6611, 0.4799 -0.3593 1.6575, 0.4717 -0.3713 1.6567, 0.4279 -0.4203 1.6532, 0.4184 -0.4309 1.6524, 0.3693 -0.4729 1.6491, 0.3587 -0.482 1.6483, 0.306 -0.5164 1.6453, 0.2946 -0.5239 1.6446, 0.238 -0.5512 1.6415, 0.2254 -0.5573 1.6408, 0.1642 -0.5776 1.6374, 0.1506 -0.5821 1.6367, 0.0861 -0.5944 1.6332, 0.0719 -0.5971 1.6324, 0.0057 -0.6006 1.6288, -0.0089 -0.6013 1.628, -0.0748 -0.5959 1.6243, -0.0893 -0.5947 1.6236, -0.1534 -0.5806 1.62, -0.1674 -0.5775 1.6193, -0.2279 -0.5555 1.616, -0.2411 -0.5507 1.6152, -0.2968 -0.5218 1.6122, -0.3089 -0.5155 1.6115, -0.3606 -0.4797 1.6084, -0.2457 0.5425 2.134, -0.3024 0.514 2.1371, -0.3134 0.5074 2.1378, -0.0947 0.5877 2.1258, -0.1598 0.5743 2.1293, -0.1724 0.5698 2.13, -0.234 0.5483 2.1334, -0.0814 0.5904 2.125, -0.0145 0.5958 2.1337, 0.0662 0.5923 2.1292, 0.1452 0.5781 2.1249, 0.1369 0.5801 2.1377, -0.3634 0.473 -0.5905, -0.3639 0.4727 -0.5905, -0.4231 0.4209 -0.5864, -0.4758 0.3606 -0.5821, -0.5204 0.2932 -0.5777, -0.5555 0.2205 -0.5856, -0.5201 0.293 -0.5899, -0.5803 0.1444 -0.5813, -0.5922 0.0851 -0.5905, -0.5946 0.0672 -0.5772, -0.5986 -0.0092 -0.5735, -0.5986 0.0083 -0.5866, -0.5937 0.0671 -0.5896, -0.5929 -0.0858 -0.5697, -0.5951 -0.068 -0.5829, -0.5978 -0.0091 -0.5858, -0.5768 -0.163 -0.5656, -0.5815 -0.1452 -0.5789, -0.592 -0.0857 -0.582, -0.5502 -0.2386 -0.5613, -0.5573 -0.2214 -0.5746, -0.5759 -0.1627 -0.5779, -0.5134 -0.3106 -0.5569, -0.5228 -0.2944 -0.5702, -0.5494 -0.2382 -0.5736, -0.4674 -0.3769 -0.5525, -0.4787 -0.3622 -0.5658, -0.5126 -0.3101 -0.5692, -0.4134 -0.4358 -0.5482, -0.4264 -0.4229 -0.5615, -0.4666 -0.3762 -0.5648, -0.3532 -0.4861 -0.5442, -0.3675 -0.4753 -0.5574, -0.4127 -0.4351 -0.5605, -0.2357 -0.553 -0.5498, -0.2884 -0.5263 -0.5527, -0.2888 -0.5271 -0.5404, -0.304 -0.5185 -0.5536, -0.3527 -0.4853 -0.5565, -0.2188 -0.559 -0.5489, -0.2191 -0.5599 -0.5366, -0.1616 -0.5792 -0.5458, -0.1439 -0.5838 -0.5325, -0.1437 -0.5829 -0.5448, -0.0833 -0.5956 -0.5415, -0.0648 -0.5969 -0.5405, -0.0649 -0.5979 -0.5282, -0.0027 -0.6014 -0.5371, 0.0159 -0.6012 -0.5237, 0.0158 -0.6002 -0.536, 0.0779 -0.5963 -0.5326, 0.096 -0.5927 -0.5316, 0.0962 -0.5936 -0.5193, 0.1564 -0.5806 -0.5283, 0.174 -0.5756 -0.5151, 0.1737 -0.5747 -0.5274, 0.2309 -0.5551 -0.5243, 0.2468 -0.5472 -0.5234, 0.2472 -0.548 -0.5111, 0.2996 -0.521 -0.5205, 0.3145 -0.5121 -0.5074, 0.314 -0.5114 -0.5196, 0.3634 -0.4785 -0.5167, 0.3769 -0.4667 -0.5158, 0.3775 -0.4674 -0.5035, 0.4227 -0.4267 -0.5126, 0.4354 -0.4136 -0.4994, 0.4347 -0.413 -0.5117, 0.4755 -0.3665 -0.5083, 0.4857 -0.3511 -0.5073, 0.4865 -0.3516 -0.495, 0.5201 -0.2992 -0.5039, 0.5291 -0.2829 -0.4906, 0.5282 -0.2825 -0.5029, 0.5553 -0.2265 -0.4995, 0.561 -0.209 -0.4985, 0.5619 -0.2093 -0.4862, 0.5802 -0.1504 -0.4952, 0.5844 -0.1328 -0.482, 0.5835 -0.1326 -0.4943, 0.5945 -0.0732 -0.4912, 0.5955 -0.0555 -0.4903, 0.5963 -0.0556 -0.478, 0.5986 0.0032 -0.4874, 0.5982 0.0206 -0.4743, 0.5974 0.0205 -0.4866, 0.593 0.0799 -0.4836, 0.5893 0.0974 -0.4827, 0.5902 0.0975 -0.4704, 0.577 0.157 -0.4795, 0.5718 0.1746 -0.4662, 0.5709 0.1742 -0.4785, 0.5504 0.2327 -0.4752, 0.5421 0.2491 -0.4742, 0.5429 0.2496 -0.4619, 0.5137 0.3047 -0.4708, 0.504 0.3204 -0.4575, 0.5032 0.3199 -0.4698, 0.4677 0.371 -0.4664, 0.4553 0.3845 -0.4654, 0.456 0.3852 -0.4531, 0.4137 0.43 -0.4621, 0.4005 0.4423 -0.4488, 0.3999 0.4416 -0.4612, 0.3536 0.4804 -0.4581, 0.3388 0.4898 -0.4572, 0.3393 0.4906 -0.4449, 0.2893 0.5214 -0.4543, 0.2739 0.5296 -0.4412, 0.2736 0.5288 -0.4535, 0.2196 0.5542 -0.4505, 0.2026 0.5597 -0.4496, 0.2028 0.5606 -0.4373, 0.1444 0.5783 -0.4464, 0.1266 0.5824 -0.4331, 0.1265 0.5815 -0.4454, 0.0654 0.5924 -0.4421, 0.047 0.5932 -0.4411, 0.047 0.5941 -0.4288, -0.0154 0.5958 -0.4376, -0.0338 0.595 -0.4243, -0.0337 0.5941 -0.4366, -0.0957 0.5883 -0.4332, -0.1135 0.5841 -0.4323, -0.1137 0.5851 -0.4199, -0.1735 0.5703 -0.429, -0.1906 0.5648 -0.4157, -0.1903 0.5639 -0.4281, -0.2468 0.5427 -0.425, -0.2623 0.5345 -0.4241, -0.2627 0.5353 -0.4118, -0.3142 0.5069 -0.4213, -0.3288 0.4976 -0.4081, -0.3283 0.4969 -0.4204, -0.3771 0.4623 -0.4174, -0.3902 0.4502 -0.4165, -0.3908 0.4508 -0.4042, -0.4351 0.4085 -0.4133, -0.4474 0.3951 -0.4, -0.4466 0.3945 -0.4123, -0.4862 0.3466 -0.4089, -0.4959 0.331 -0.4079, -0.4967 0.3315 -0.3956, -0.5289 0.2779 -0.4045, -0.5372 0.2615 -0.3912, -0.5363 0.2611 -0.4035, -0.5618 0.2042 -0.4001, -0.5669 0.1868 -0.3991, -0.5678 0.1871 -0.3868, -0.5843 0.1277 -0.3959, -0.5879 0.1102 -0.3826, -0.587 0.1101 -0.3949, -0.5963 0.0505 -0.3919, -0.5967 0.0331 -0.391, -0.5976 0.0331 -0.3787, -0.5982 -0.0256 -0.3882, -0.5973 -0.043 -0.375, -0.5965 -0.0429 -0.3873, -0.5903 -0.1026 -0.3843, -0.5862 -0.1199 -0.3834, -0.5871 -0.1201 -0.3711, -0.5719 -0.1796 -0.3801, -0.5663 -0.1968 -0.3669, -0.5654 -0.1965 -0.3792, -0.5431 -0.2546 -0.3758, -0.5343 -0.2706 -0.3748, -0.5351 -0.2711 -0.3625, -0.5042 -0.3255 -0.3714, -0.4941 -0.3408 -0.3581, -0.4933 -0.3402 -0.3704, -0.4563 -0.3903 -0.367, -0.4436 -0.4033 -0.366, -0.4443 -0.404 -0.3537, -0.4008 -0.4475 -0.3627, -0.3874 -0.4592 -0.3495, -0.3868 -0.4585 -0.3618, -0.3395 -0.4958 -0.3588, -0.3247 -0.5047 -0.3579, -0.3251 -0.5054 -0.3456, -0.2742 -0.5349 -0.3551, -0.2587 -0.5426 -0.3419, -0.2583 -0.5418 -0.3542, -0.2032 -0.5659 -0.3512, -0.1861 -0.5708 -0.3503, -0.1863 -0.5716 -0.338, -0.1269 -0.5878 -0.347, -0.1092 -0.5913 -0.3337, -0.1091 -0.5904 -0.346, -0.0474 -0.5995 -0.3427, -0.0292 -0.5997 -0.3417, -0.0292 -0.6007 -0.3294, 0.0335 -0.6004 -0.3382, 0.0517 -0.5992 -0.3249, 0.0516 -0.5982 -0.3372, 0.1134 -0.5905 -0.3338, 0.1309 -0.586 -0.3329, 0.1311 -0.5869 -0.3206, 0.1904 -0.5703 -0.3296, 0.2071 -0.5644 -0.3164, 0.2067 -0.5636 -0.3287, 0.2624 -0.5408 -0.3257, 0.2774 -0.5323 -0.3248, 0.2778 -0.533 -0.3125, 0.3286 -0.5032 -0.322, 0.3429 -0.4935 -0.3088, 0.3424 -0.4928 -0.3211, 0.3906 -0.4564 -0.3181, 0.4032 -0.444 -0.3171, 0.4039 -0.4446 -0.3049, 0.4472 -0.4007 -0.3139, 0.459 -0.3871 -0.3006, 0.4582 -0.3865 -0.3129, 0.4966 -0.3371 -0.3095, 0.5057 -0.3214 -0.3085, 0.5065 -0.3219 -0.2962, 0.5371 -0.2672 -0.3051, 0.5449 -0.2508 -0.2918, 0.544 -0.2504 -0.3041, 0.5677 -0.1927 -0.3007, 0.5723 -0.1754 -0.2998, 0.5732 -0.1756 -0.2874, 0.5879 -0.1159 -0.2965, 0.591 -0.0985 -0.2833, 0.5901 -0.0984 -0.2956, 0.5976 -0.0388 -0.2926, 0.5975 -0.0216 -0.2918, 0.5984 -0.0216 -0.2794, 0.5973 0.0373 -0.2889, 0.5959 0.0546 -0.2757, 0.5951 0.0544 -0.288, 0.5871 0.1145 -0.285, 0.5825 0.1315 -0.284, 0.5834 0.1318 -0.2717, 0.5664 0.1912 -0.2808, 0.5603 0.2082 -0.2675, 0.5594 0.2078 -0.2798, 0.5352 0.2655 -0.2764, 0.526 0.2811 -0.2754, 0.5269 0.2816 -0.2631, 0.4942 0.3352 -0.2719, 0.4838 0.35 -0.2587, 0.483 0.3494 -0.271, 0.4444 0.3984 -0.2676, 0.4316 0.4108 -0.2666, 0.4322 0.4115 -0.2543, 0.3875 0.4536 -0.2634, 0.374 0.4648 -0.2502, 0.3734 0.4641 -0.2625, 0.3252 0.4999 -0.2595, 0.3104 0.5082 -0.2587, 0.3108 0.509 -0.2464, 0.2588 0.5371 -0.2558, 0.2432 0.5444 -0.2427, 0.2428 0.5435 -0.2549, 0.1865 0.5662 -0.2519, 0.1694 0.5705 -0.2509, 0.1696 0.5714 -0.2386, 0.1094 0.5859 -0.2476, 0.0917 0.5889 -0.2344, 0.0915 0.588 -0.2466, 0.0293 0.5952 -0.2432, 0.0113 0.5949 -0.2422, 0.0112 0.5959 -0.2299, -0.0515 0.5937 -0.2388, -0.0695 0.5919 -0.2255, -0.0693 0.591 -0.2378, -0.131 0.5815 -0.2345, -0.1481 0.5764 -0.2335, -0.1483 0.5773 -0.2212, -0.207 0.559 -0.2303, -0.2233 0.5528 -0.2171, -0.2229 0.552 -0.2294, -0.2777 0.5276 -0.2264, -0.2922 0.5189 -0.2256, -0.2926 0.5196 -0.2133, -0.3428 0.4881 -0.2227, -0.3568 0.478 -0.2096, -0.3563 0.4773 -0.2218, -0.4038 0.4393 -0.2187, -0.416 0.4266 -0.2178, -0.4167 0.4272 -0.2055, -0.4589 0.3817 -0.2145, -0.4702 0.3678 -0.2012, -0.4695 0.3673 -0.2135, -0.5064 0.3166 -0.2101, -0.515 0.3007 -0.2091, -0.5158 0.3012 -0.1968, -0.5448 0.2454 -0.2057, -0.552 0.229 -0.1924, -0.5512 0.2286 -0.2047, -0.5732 0.1702 -0.2013, -0.5771 0.153 -0.2004, -0.578 0.1532 -0.1881, -0.591 0.0931 -0.1972, -0.5935 0.076 -0.184, -0.5926 0.0759 -0.1963, -0.5984 0.0163 -0.1933, -0.5978 -0.0006 -0.1925, -0.5987 -0.0006 -0.1802, -0.5959 -0.0599 -0.1896, -0.594 -0.0771 -0.1765, -0.5932 -0.0769 -0.1887, -0.5834 -0.1372 -0.1856, -0.5783 -0.154 -0.1847, -0.5792 -0.1543 -0.1724, -0.5603 -0.2136 -0.1814, -0.5538 -0.2302 -0.1681, -0.5529 -0.2298 -0.1804, -0.5269 -0.287 -0.177, -0.5173 -0.3022 -0.176, -0.5181 -0.3027 -0.1637, -0.4838 -0.3554 -0.1725, -0.473 -0.3697 -0.1593, -0.4723 -0.3691 -0.1716, -0.4322 -0.4169 -0.1682, -0.4192 -0.4288 -0.1673, -0.4198 -0.4295 -0.155, -0.3739 -0.4702 -0.1641, -0.3603 -0.4808 -0.1509, -0.3598 -0.4801 -0.1632, -0.3108 -0.5144 -0.1602, -0.2959 -0.5222 -0.1594, -0.2963 -0.5229 -0.1471, -0.2431 -0.5498 -0.1565, -0.2273 -0.5565 -0.1434, -0.227 -0.5557 -0.1556, -0.1696 -0.5769 -0.1525, -0.1525 -0.5807 -0.1516, -0.1526 -0.5816 -0.1393, -0.0916 -0.5943 -0.1482, -0.074 -0.5968 -0.135, -0.0739 -0.5959 -0.1473, -0.0112 -0.6013 -0.1438, 0.0066 -0.6004 -0.1428, 0.0067 -0.6013 -0.1305, 0.0695 -0.5973 -0.1394, 0.0872 -0.595 -0.1261, 0.087 -0.5941 -0.1384, 0.1484 -0.5827 -0.1351, 0.165 -0.5773 -0.1342, 0.1653 -0.5781 -0.1218, 0.2233 -0.5582 -0.131, 0.2392 -0.5515 -0.1178, 0.2388 -0.5508 -0.1301, 0.2927 -0.525 -0.1272, 0.3067 -0.5159 -0.1264, 0.3071 -0.5166 -0.1141, 0.3569 -0.4834 -0.1234, 0.3705 -0.473 -0.1103, 0.3699 -0.4723 -0.1225, 0.4167 -0.4325 -0.1194, 0.4284 -0.4195 -0.1184, 0.4291 -0.4202 -0.1061, 0.4703 -0.3732 -0.1151, 0.4811 -0.359 -0.1018, 0.4803 -0.3585 -0.1141, 0.5159 -0.3065 -0.1107, 0.5238 -0.2906 -0.1097, 0.5247 -0.291 -0.0974, 0.5521 -0.2343 -0.1063, 0.5587 -0.2178 -0.093, 0.5578 -0.2175 -0.1053, 0.5781 -0.1585 -0.102, 0.5815 -0.1414 -0.101, 0.5824 -0.1415 -0.0887, 0.5935 -0.0813 -0.0979, 0.5955 -0.0643 -0.0847, 0.5946 -0.0642 -0.097, 0.5987 -0.0047 -0.0941, 0.5977 0.0119 -0.0933, 0.5985 0.0119 -0.081, 0.594 0.0718 -0.0903, 0.5916 0.0888 -0.0772, 0.5908 0.0886 -0.0894, 0.5791 0.149 -0.0863, 0.5736 0.1656 -0.0853, 0.5745 0.1659 -0.073, 0.5537 0.2249 -0.082, 0.5467 0.2412 -0.0687, 0.5459 0.2408 -0.081, 0.518 0.2974 -0.0775, 0.5081 0.3121 -0.0766, 0.5089 0.3126 -0.0643, 0.4729 0.3644 -0.0731, 0.4619 0.3782 -0.0599, 0.4612 0.3776 -0.0722, 0.4197 0.4242 -0.0688, 0.4066 0.4355 -0.0679, 0.4071 0.4362 -0.0556, 0.3602 0.4755 -0.0648, 0.3464 0.4855 -0.0516, 0.346 0.4848 -0.0639, 0.2962 0.5176 -0.061, 0.2812 0.5248 -0.0602, 0.2816 0.5256 -0.0479, 0.2271 0.5512 -0.0572, 0.2112 0.5575 -0.0441, 0.2109 0.5566 -0.0563, 0.1524 0.5762 -0.0531, 0.1353 0.5795 -0.0522, 0.1355 0.5804 -0.0399, 0.0738 0.5914 -0.0488, 0.0562 0.5933 -0.0356, 0.0561 0.5924 -0.0479, -0.0069 0.5959 -0.0444, -0.0245 0.5945 -0.0434, -0.0246 0.5955 -0.0311, -0.0874 0.5895 -0.04, -0.1048 0.5867 -0.0267, -0.1046 0.5858 -0.0391, -0.1656 0.5726 -0.0357, -0.1818 0.5668 -0.0348, -0.1821 0.5676 -0.0225, -0.2394 0.546 -0.0317, -0.2548 0.539 -0.0185, -0.2544 0.5383 -0.0308, -0.3074 0.511 -0.0279, -0.321 0.5016 -0.0271, -0.3215 0.5023 -0.0148, -0.3707 0.4674 -0.0241, -0.384 0.4566 -0.0109, -0.3834 0.4559 -0.0232, -0.4293 0.4145 -0.02, -0.4406 0.4013 -0.0191, -0.4413 0.4019 -0.0068, -0.4812 0.3534 -0.0157, -0.4915 0.3391 -0.0024, -0.4907 0.3386 -0.0147, -0.5248 0.2853 -0.0113, -0.5322 0.2693 -0.0103, -0.5331 0.2697 0.002, -0.5588 0.2121 -0.0069, -0.5648 0.1957 0.0064, -0.564 0.1954 -0.0059, -0.5824 0.1358 -0.0026, -0.5853 0.1189 -0.0017, -0.5862 0.119 0.0106, -0.5955 0.0586 0.0014, -0.597 0.0418 0.0146, -0.5962 0.0418 0.0023, -0.5985 -0.0177 0.0051, -0.597 -0.0342 0.006, -0.5978 -0.0343 0.0183, -0.5916 -0.0945 0.009, -0.5887 -0.1113 0.0222, -0.5879 -0.1111 0.0099, -0.5744 -0.1716 0.0131, -0.5684 -0.1879 0.0141, -0.5692 -0.1882 0.0263, -0.5466 -0.2469 0.0174, -0.5392 -0.2629 0.0307, -0.5384 -0.2624 0.0184, -0.5087 -0.3184 0.0219, -0.4985 -0.3326 0.0228, -0.4992 -0.3332 0.0351, -0.4617 -0.3839 0.0263, -0.4504 -0.3972 0.0395, -0.4497 -0.3965 0.0272, -0.4069 -0.4419 0.0305, -0.3936 -0.4527 0.0314, -0.3941 -0.4533 0.0437, -0.3462 -0.4912 0.0345, -0.3324 -0.5006 0.0477, -0.332 -0.4999 0.0353, -0.2813 -0.5312 0.0382, -0.2662 -0.538 0.0391, -0.2665 -0.5388 0.0513, -0.2109 -0.563 0.0421, -0.1948 -0.5688 0.0553, -0.1946 -0.5679 0.043, -0.1351 -0.5859 0.0462, -0.118 -0.5887 0.0472, -0.1182 -0.5896 0.0595, -0.0558 -0.5988 0.0506, -0.0383 -0.6002 0.0638, -0.0383 -0.5992 0.0515, 0.025 -0.6009 0.055, 0.0424 -0.599 0.056, 0.0425 -0.5999 0.0683, 0.1052 -0.5921 0.0594, 0.1222 -0.5888 0.0726, 0.122 -0.5879 0.0603, 0.1825 -0.5729 0.0636, 0.1984 -0.5666 0.0645, 0.1987 -0.5675 0.0768, 0.2552 -0.5443 0.0676, 0.2701 -0.537 0.0807, 0.2697 -0.5363 0.0684, 0.3218 -0.5075 0.0713, 0.3352 -0.4977 0.0721, 0.3357 -0.4984 0.0844, 0.3843 -0.4617 0.0752, 0.3972 -0.4506 0.0884, 0.3966 -0.45 0.0761, 0.4416 -0.407 0.0794, 0.4524 -0.3935 0.0803, 0.4531 -0.394 0.0926, 0.4918 -0.3441 0.0837, 0.5015 -0.3297 0.097, 0.5007 -0.3292 0.0847, 0.5333 -0.2747 0.0882, 0.5402 -0.2587 0.0891, 0.541 -0.2591 0.1014, 0.565 -0.2007 0.0925, 0.5705 -0.1843 0.1058, 0.5696 -0.184 0.0935, 0.5863 -0.124 0.0968, 0.5886 -0.1072 0.0976, 0.5895 -0.1073 0.1099, 0.597 -0.0468 0.1007, 0.598 -0.0303 0.1138, 0.5972 -0.0303 0.1015, 0.5978 0.0293 0.1044, 0.5959 0.0457 0.1052, 0.5967 0.0458 0.1175, 0.5887 0.1064 0.1083, 0.5853 0.123 0.1215, 0.5845 0.1228 0.1092, 0.5691 0.1833 0.1125, 0.5626 0.1993 0.1134, 0.5635 0.1996 0.1257, 0.539 0.2579 0.1169, 0.5312 0.2735 0.1301, 0.5304 0.273 0.1178, 0.4989 0.3282 0.1213, 0.4884 0.342 0.1222, 0.4891 0.3425 0.1345, 0.45 0.3921 0.1257, 0.4385 0.4049 0.1389, 0.4378 0.4043 0.1266, 0.3937 0.4483 0.1299, 0.3803 0.4585 0.1307, 0.3809 0.4592 0.143, 0.3319 0.4955 0.1338, 0.3182 0.5044 0.1469, 0.3177 0.5037 0.1346, 0.2661 0.5336 0.1375, 0.2508 0.54 0.1383, 0.2512 0.5407 0.1506, 0.1943 0.5636 0.1414, 0.1782 0.5688 0.1546, 0.178 0.568 0.1423, 0.1176 0.5843 0.1456, 0.1006 0.5865 0.1466, 0.1007 0.5874 0.1589, 0.0378 0.5948 0.15, 0.0204 0.5956 0.1633, 0.0204 0.5947 0.1509, -0.0431 0.5944 0.1544, -0.0602 0.592 0.1554, -0.0604 0.5929 0.1677, -0.1228 0.5832 0.1588, -0.1395 0.5795 0.172, -0.1393 0.5786 0.1597, -0.1992 0.5618 0.163, -0.2147 0.5552 0.1638, -0.215 0.556 0.1762, -0.2706 0.5313 0.1669, -0.2851 0.5237 0.18, -0.2847 0.523 0.1677, -0.3362 0.4927 0.1706, -0.3492 0.4825 0.1714, -0.3497 0.4832 0.1837, -0.3977 0.4448 0.1745, -0.4101 0.4334 0.1877, -0.4095 0.4328 0.1754, -0.4535 0.3881 0.1788, -0.4638 0.3744 0.1797, -0.4645 0.375 0.192, -0.5019 0.3237 0.1831, -0.5111 0.3091 0.1964, -0.5103 0.3086 0.1841, -0.5413 0.2531 0.1876, -0.5476 0.237 0.1885, -0.5484 0.2374 0.2008, -0.5707 0.1782 0.1919, -0.5756 0.1619 0.2051, -0.5747 0.1617 0.1928, -0.5896 0.1012 0.1961, -0.5914 0.0847 0.1969, -0.5923 0.0848 0.2093, -0.5981 0.0242 0.2, -0.5986 0.008 0.2131, -0.5978 0.008 0.2008, -0.5967 -0.0519 0.2037, -0.5942 -0.0682 0.2045, -0.5951 -0.0683 0.2168, -0.5852 -0.1291 0.2076, -0.5814 -0.1455 0.2208, -0.5805 -0.1453 0.2085, -0.5632 -0.2057 0.2119, -0.5564 -0.2213 0.2128, -0.5572 -0.2217 0.2251, -0.5308 -0.2795 0.2163, -0.5227 -0.2947 0.2295, -0.5219 -0.2942 0.2172, -0.4887 -0.3485 0.2207, -0.4779 -0.3618 0.2216, -0.4786 -0.3624 0.2339, -0.438 -0.4109 0.2251, -0.4262 -0.4231 0.2383, -0.4256 -0.4225 0.2259, -0.3803 -0.4651 0.2292, -0.3668 -0.4748 0.23, -0.3673 -0.4754 0.2424, -0.3176 -0.5102 0.2331, -0.3038 -0.5186 0.2461, -0.3034 -0.5179 0.2339, -0.2505 -0.5465 0.2368, -0.2352 -0.5523 0.2376, -0.2355 -0.5531 0.2499, -0.1775 -0.5745 0.2408, -0.1614 -0.5792 0.254, -0.1612 -0.5784 0.2417, -0.0999 -0.593 0.245, -0.083 -0.5947 0.2459, -0.0831 -0.5956 0.2582, -0.0197 -0.6011 0.2494, -0.0025 -0.6014 0.2627, -0.0025 -0.6005 0.2504, 0.0611 -0.5983 0.2538, 0.078 -0.5954 0.2548, 0.0781 -0.5963 0.2671, 0.1403 -0.5847 0.2582, 0.1566 -0.5805 0.2714, 0.1564 -0.5797 0.2591, 0.2157 -0.5612 0.2623, 0.2307 -0.5542 0.2631, 0.231 -0.555 0.2755, 0.2857 -0.5288 0.2662, 0.2997 -0.521 0.2792, 0.2993 -0.5203 0.2669, 0.3503 -0.4882 0.2699, 0.363 -0.4777 0.2707, 0.3635 -0.4784 0.283, 0.4107 -0.4383 0.2739, 0.4228 -0.4266 0.2871, 0.4221 -0.426 0.2748, 0.465 -0.3797 0.2782, 0.4748 -0.3659 0.2791, 0.4756 -0.3664 0.2914, 0.5115 -0.3138 0.2826, 0.5202 -0.299 0.2958, 0.5194 -0.2986 0.2835, 0.5488 -0.242 0.287, 0.5545 -0.226 0.2879, 0.5553 -0.2263 0.3002, 0.5758 -0.1665 0.2913, 0.5802 -0.1503 0.3045, 0.5793 -0.1501 0.2922, 0.5924 -0.0894 0.2954, 0.5937 -0.073 0.2962, 0.5945 -0.0731 0.3086, 0.5986 -0.0126 0.2992, 0.5986 0.0033 0.3123, 0.5978 0.0033 0.3, 0.595 0.0637 0.303, 0.5921 0.0798 0.3038, 0.5929 0.08 0.3161, 0.5812 0.1409 0.307, 0.5769 0.1572 0.3202, 0.5761 0.1569 0.3079, 0.5569 0.2171 0.3113, 0.5496 0.2324 0.3122, 0.5504 0.2328 0.3245, 0.5222 0.29 0.3157, 0.5137 0.3048 0.3289, 0.5129 0.3043 0.3166, 0.478 0.3577 0.3201, 0.467 0.3705 0.321, 0.4676 0.3711 0.3333, 0.4256 0.4183 0.3244, 0.4137 0.43 0.3376, 0.4131 0.4294 0.3253, 0.3666 0.4706 0.3285, 0.3531 0.4797 0.3293, 0.3536 0.4804 0.3417, 0.303 0.5136 0.3323, 0.2892 0.5215 0.3454, 0.2888 0.5208 0.3331, 0.2347 0.5481 0.3361, 0.2192 0.5535 0.3369, 0.2195 0.5543 0.3492, 0.1605 0.5741 0.3401, 0.1443 0.5783 0.3533, 0.1441 0.5774 0.341, 0.0821 0.5903 0.3444, 0.0653 0.5915 0.3453, 0.0653 0.5924 0.3576, 0.0015 0.596 0.3488, -0.0154 0.5958 0.3621, -0.0154 0.5949 0.3498, -0.0791 0.5907 0.3533, -0.0956 0.5874 0.3542, -0.0958 0.5883 0.3665, -0.1575 0.5749 0.3576, -0.1735 0.5703 0.3707, -0.1733 0.5694 0.3584, -0.2319 0.5492 0.3616, -0.2464 0.542 0.3624, -0.2468 0.5427 0.3747, -0.3005 0.5151 0.3654, -0.3142 0.5069 0.3785, -0.3137 0.5062 0.3662, -0.3643 0.4724 0.3692, -0.3765 0.4616 0.37, -0.3771 0.4623 0.3823, -0.4235 0.4205 0.3732, -0.4351 0.4085 0.3864, -0.4344 0.4079 0.3741, -0.4762 0.3602 0.3776, -0.4855 0.3461 0.3785, -0.4862 0.3466 0.3908, -0.5207 0.2927 0.382, -0.5288 0.2779 0.3952, -0.528 0.2775 0.3829, -0.5557 0.22 0.3864, -0.5609 0.204 0.3873, -0.5618 0.2043 0.3996, -0.5804 0.1439 0.3907, -0.5843 0.1278 0.4038, -0.5834 0.1276 0.3915, -0.5946 0.0667 0.3947, -0.5955 0.0505 0.3955, -0.5963 0.0506 0.4078, -0.5986 -0.0097 0.3985, -0.5982 -0.0256 0.4115, -0.5974 -0.0255 0.3992, -0.5928 -0.0864 0.4023, -0.5895 -0.1023 0.4031, -0.5903 -0.1025 0.4154, -0.5767 -0.1636 0.4064, -0.572 -0.1795 0.4196, -0.5711 -0.1793 0.4073, -0.55 -0.2392 0.4107, -0.5423 -0.2541 0.4116, -0.5431 -0.2546 0.4239, -0.5131 -0.3111 0.4151, -0.5042 -0.3254 0.4283, -0.5035 -0.3249 0.416, -0.467 -0.3773 0.4195, -0.4557 -0.3897 0.4204, -0.4563 -0.3903 0.4327, -0.4129 -0.4362 0.4238, -0.4008 -0.4474 0.437, -0.4003 -0.4467 0.4246, -0.3527 -0.4864 0.4278, -0.3392 -0.495 0.4286, -0.3396 -0.4957 0.4409, -0.2883 -0.5274 0.4315, -0.2743 -0.5348 0.4446, -0.274 -0.5341 0.4323, -0.2185 -0.5601 0.4354, -0.203 -0.565 0.4362, -0.2033 -0.5658 0.4485, -0.1432 -0.584 0.4395, -0.1271 -0.5877 0.4527, -0.1269 -0.5869 0.4404, -0.0642 -0.5979 0.4438, -0.0475 -0.5986 0.4447, -0.0475 -0.5995 0.457, 0.0166 -0.6012 0.4483, 0.0333 -0.6005 0.4615, 0.0333 -0.5996 0.4492, 0.0969 -0.5935 0.4527, 0.1131 -0.5897 0.4535, 0.1133 -0.5906 0.4659, 0.1746 -0.5754 0.4569, 0.1902 -0.5704 0.4701, 0.1899 -0.5696 0.4578, 0.2478 -0.5477 0.4609, 0.2619 -0.5402 0.4617, 0.2623 -0.5409 0.474, 0.3151 -0.5118 0.4646, 0.3284 -0.5033 0.4777, 0.328 -0.5026 0.4654, 0.378 -0.467 0.4685, 0.3899 -0.4559 0.4693, 0.3905 -0.4565 0.4816, 0.4359 -0.4131 0.4726, 0.4471 -0.4009 0.4858, 0.4464 -0.4003 0.4735, 0.4869 -0.351 0.477, 0.4957 -0.3368 0.4779, 0.4964 -0.3373 0.4902, 0.5294 -0.2823 0.4814, 0.537 -0.2674 0.4946, 0.5362 -0.267 0.4823, 0.5622 -0.2086 0.4858, 0.5668 -0.1927 0.4867, 0.5677 -0.1929 0.499, 0.5845 -0.1321 0.49, 0.5878 -0.1161 0.5032, 0.587 -0.116 0.4909, 0.5964 -0.0548 0.494, 0.5968 -0.039 0.4948, 0.5976 -0.039 0.5071, 0.5982 0.0213 0.4977, 0.5973 0.0371 0.5108, 0.5965 0.037 0.4985, 0.5901 0.0983 0.5016, 0.5863 0.114 0.5024, 0.5871 0.1142 0.5147, 0.5716 0.1753 0.5057, 0.5665 0.191 0.5189, 0.5656 0.1907 0.5066, 0.5426 0.2503 0.5101, 0.5346 0.2648 0.511, 0.5353 0.2653 0.5233, 0.5036 0.3211 0.5145, 0.4943 0.335 0.5277, 0.4936 0.3344 0.5154, 0.4555 0.3858 0.5189, 0.444 0.3976 0.5198, 0.4446 0.3982 0.5321, 0.3999 0.4428 0.5231, 0.3877 0.4535 0.5363, 0.3872 0.4528 0.524, 0.3386 0.491 0.5271, 0.3251 0.4991 0.5279, 0.3255 0.4998 0.5402, 0.2732 0.53 0.5308, 0.2591 0.537 0.5439, 0.2588 0.5363 0.5316, 0.2021 0.5608 0.5347, 0.1865 0.5653 0.5355, 0.1868 0.5661 0.5478, 0.1258 0.5826 0.5389, 0.1097 0.5858 0.5521, 0.1095 0.585 0.5398, 0.0462 0.5942 0.5432, 0.0296 0.5943 0.5441, 0.0296 0.5952 0.5564, -0.0347 0.595 0.5477, -0.0512 0.5938 0.5609, -0.0511 0.5929 0.5486, -0.1146 0.5849 0.552, -0.1305 0.5807 0.5529, -0.1307 0.5815 0.5652, -0.1915 0.5645 0.5563, -0.2067 0.5592 0.5694, -0.2064 0.5584 0.5571, -0.2634 0.5349 0.5602, -0.277 0.5271 0.561, -0.2774 0.5278 0.5733, -0.3295 0.4971 0.5639, -0.3425 0.4883 0.577, -0.342 0.4876 0.5647, -0.3915 0.4503 0.5678, -0.4029 0.4389 0.5687, -0.4035 0.4395 0.5809, -0.448 0.3944 0.572, -0.4587 0.382 0.5852, -0.458 0.3815 0.5729, -0.4972 0.3307 0.5764, -0.5055 0.3164 0.5773, -0.5062 0.3169 0.5896, -0.5376 0.2607 0.5808, -0.5447 0.2458 0.594, -0.5439 0.2454 0.5817, -0.5681 0.1862 0.5852, -0.5722 0.1704 0.586, -0.573 0.1706 0.5984, -0.5881 0.1093 0.5894, -0.5909 0.0935 0.6025, -0.5901 0.0934 0.5902, -0.5977 0.0322 0.5933, -0.5976 0.0167 0.594, -0.5984 0.0167 0.6064, -0.5973 -0.0439 0.597, -0.596 -0.0595 0.6101, -0.5952 -0.0594 0.5978, -0.5869 -0.121 0.6009, -0.5826 -0.1365 0.6018, -0.5835 -0.1368 0.6141, -0.566 -0.1978 0.6051, -0.5605 -0.2132 0.6183, -0.5597 -0.2128 0.606, -0.5347 -0.272 0.6095, -0.5263 -0.2862 0.6104, -0.5271 -0.2866 0.6227, -0.4935 -0.3416 0.6139, -0.484 -0.355 0.6271, -0.4833 -0.3545 0.6148, -0.4436 -0.4047 0.6183, -0.432 -0.416 0.6192, -0.4326 -0.4166 0.6315, -0.3866 -0.4598 0.6225, -0.3743 -0.4699 0.6356, -0.3112 -0.5142 0.6394, -0.3243 -0.5059 0.6264, -0.3738 -0.4693 0.6233, -0.2436 -0.5496 0.6431, -0.2578 -0.543 0.6301, -0.3108 -0.5135 0.6271, -0.1082 -0.5915 0.6383, -0.1698 -0.5759 0.6349, -0.17 -0.5767 0.6472, -0.1854 -0.572 0.634, -0.2433 -0.5488 0.6309, -0.092 -0.5934 0.6392, -0.0921 -0.5943 0.6514, -0.0281 -0.6007 0.6427, -0.0117 -0.6013 0.6559, -0.0117 -0.6004 0.6436, 0.0527 -0.5991 0.6471, 0.0689 -0.5965 0.648, 0.069 -0.5974 0.6603, 0.1321 -0.5866 0.6514, 0.1479 -0.5828 0.6646, 0.2229 -0.5584 0.6687, 0.208 -0.5641 0.6556, 0.1476 -0.582 0.6523, 0.3437 -0.4929 0.6632, 0.2918 -0.5245 0.6602, 0.2923 -0.5252 0.6725, 0.2787 -0.5326 0.6595, 0.2225 -0.5576 0.6564, 0.3559 -0.4831 0.664, 0.3565 -0.4837 0.6762, 0.4046 -0.4439 0.6672, 0.4163 -0.4329 0.6803, 0.5071 -0.321 0.6758, 0.4692 -0.3731 0.6723, 0.4699 -0.3736 0.6846, 0.4597 -0.3862 0.6714, 0.4157 -0.4323 0.668, 0.5148 -0.3066 0.6767, 0.5156 -0.307 0.689, 0.5453 -0.2498 0.6802, 0.5519 -0.2348 0.6934, 0.5911 -0.0974 0.6887, 0.5771 -0.1588 0.6854, 0.5779 -0.159 0.6977, 0.5735 -0.1745 0.6846, 0.551 -0.2345 0.6811, 0.5926 -0.0818 0.6895, 0.5934 -0.0818 0.7018, 0.5984 -0.0206 0.6926, 0.5987 -0.0053 0.7056, 0.5979 -0.0053 0.6933, 0.5958 0.0556 0.6963, 0.5933 0.0711 0.6971, 0.5941 0.0712 0.7093, 0.5831 0.1329 0.7003, 0.5793 0.1484 0.7134, 0.5785 0.1482 0.7011, 0.5599 0.2092 0.7045, 0.5532 0.224 0.7054, 0.5539 0.2243 0.7177, 0.5263 0.2826 0.7089, 0.5183 0.2968 0.7221, 0.5176 0.2964 0.7098, 0.4831 0.3509 0.7134, 0.4726 0.3633 0.7142, 0.4733 0.3639 0.7265, 0.4314 0.4123 0.7177, 0.4202 0.4238 0.7308, 0.4196 0.4231 0.7185, 0.3731 0.4655 0.7218, 0.3602 0.4745 0.7226, 0.3607 0.4751 0.7349, 0.3098 0.5095 0.7256, 0.2967 0.5173 0.7387, 0.2964 0.5166 0.7264, 0.2421 0.5448 0.7294, 0.2275 0.5502 0.7302, 0.2277 0.551 0.7424, 0.1685 0.5718 0.7334, 0.1531 0.5761 0.7465, 0.1529 0.5752 0.7342, 0.0905 0.5891 0.7377, 0.0744 0.5904 0.7385, 0.0744 0.5913 0.7508, 0.01 0.5959 0.7421, -0.0062 0.5959 0.7553, -0.0062 0.5951 0.743, -0.0707 0.5918 0.7465, -0.0866 0.5888 0.7474, -0.0867 0.5896 0.7597, -0.1495 0.577 0.7508, -0.1649 0.5728 0.764, -0.1646 0.572 0.7516, -0.2244 0.5523 0.7549, -0.2384 0.5456 0.7557, -0.2388 0.5463 0.768, -0.2937 0.519 0.7587, -0.3068 0.5114 0.7717, -0.3063 0.5107 0.7595, -0.3578 0.4773 0.7625, -0.3696 0.4672 0.7633, -0.3702 0.4678 0.7755, -0.4175 0.4263 0.7665, -0.4288 0.4151 0.7797, -0.4282 0.4145 0.7674, -0.471 0.3668 0.7708, -0.4801 0.3535 0.7717, -0.4808 0.354 0.784, -0.5165 0.3001 0.7752, -0.5245 0.286 0.7884, -0.5237 0.2856 0.7761, -0.5525 0.2278 0.7796, -0.5577 0.2125 0.7805, -0.5585 0.2128 0.7928, -0.5784 0.1519 0.7839, -0.5823 0.1366 0.7971, -0.5814 0.1364 0.7848, -0.5936 0.0747 0.788, -0.5947 0.0593 0.7888, -0.5955 0.0593 0.8011, -0.5987 -0.0018 0.7918, -0.5985 -0.0169 0.8048, -0.5977 -0.0169 0.7925, -0.5939 -0.0783 0.7956, -0.5909 -0.0936 0.7964, -0.5917 -0.0937 0.8086, -0.5788 -0.1555 0.7996, -0.5746 -0.1709 0.8128, -0.5738 -0.1706 0.8005, -0.5533 -0.2314 0.8039, -0.5461 -0.2458 0.8048, -0.5469 -0.2462 0.8171, -0.5174 -0.3038 0.8083, -0.5091 -0.3177 0.8215, -0.5084 -0.3172 0.8092, -0.4722 -0.3707 0.8128, -0.4615 -0.3827 0.8136, -0.4622 -0.3833 0.8259, -0.4189 -0.4304 0.8171, -0.4075 -0.4413 0.8302, -0.4069 -0.4407 0.8179, -0.3593 -0.4816 0.8211, -0.3464 -0.49 0.8219, -0.3468 -0.4907 0.8342, -0.2952 -0.5235 0.8249, -0.282 -0.5308 0.8379, -0.2816 -0.5301 0.8256, -0.2261 -0.5571 0.8287, -0.2114 -0.562 0.8295, -0.2116 -0.5627 0.8417, -0.1513 -0.5819 0.8328, -0.1359 -0.5857 0.8459, -0.1358 -0.5849 0.8336, -0.0726 -0.597 0.8371, -0.0566 -0.5978 0.8379, -0.0567 -0.5987 0.8502, 0.0081 -0.6013 0.8415, 0.0242 -0.6009 0.8547, 0.0241 -0.6 0.8424, 0.0886 -0.5948 0.8459, 0.1041 -0.5914 0.8468, 0.1043 -0.5922 0.8591, 0.1667 -0.5777 0.8502, 0.1817 -0.5731 0.8633, 0.1814 -0.5724 0.851, 0.2404 -0.551 0.8542, 0.254 -0.544 0.855, 0.2544 -0.5447 0.8673, 0.3083 -0.5159 0.8579, 0.3211 -0.508 0.871, 0.3207 -0.5073 0.8587, 0.3716 -0.4721 0.8618, 0.3831 -0.4617 0.8626, 0.3836 -0.4623 0.8749, 0.4301 -0.4191 0.8659, 0.441 -0.4076 0.879, 0.4403 -0.4071 0.8667, 0.4819 -0.3579 0.8702, 0.4905 -0.3444 0.8711, 0.4912 -0.3449 0.8834, 0.5254 -0.2897 0.8746, 0.5329 -0.2756 0.8878, 0.5321 -0.2752 0.8755, 0.5592 -0.2165 0.879, 0.5639 -0.2013 0.8799, 0.5647 -0.2015 0.8922, 0.5827 -0.1401 0.8833, 0.5861 -0.1249 0.8964, 0.5853 -0.1247 0.8841, 0.5956 -0.0629 0.8873, 0.5962 -0.0477 0.8881, 0.597 -0.0477 0.9004, 0.5985 0.0134 0.891, 0.5979 0.0284 0.9041, 0.5971 0.0283 0.8918, 0.5914 0.0902 0.8949, 0.588 0.1053 0.8957, 0.5888 0.1054 0.908, 0.574 0.1673 0.899, 0.5694 0.1824 0.9121, 0.5686 0.1821 0.8999, 0.5461 0.2426 0.9033, 0.5386 0.2566 0.9042, 0.5394 0.257 0.9165, 0.5081 0.3139 0.9078, 0.4995 0.3273 0.9209, 0.4988 0.3268 0.9086, 0.4609 0.3794 0.9122, 0.45 0.3908 0.913, 0.4507 0.3914 0.9253, 0.406 0.4372 0.9164, 0.3945 0.4476 0.9295, 0.394 0.447 0.9172, 0.3452 0.4864 0.9204, 0.3323 0.4943 0.9211, 0.3328 0.495 0.9335, 0.2803 0.5263 0.9241, 0.2669 0.5332 0.9371, 0.2666 0.5324 0.9249, 0.2098 0.558 0.928, 0.195 0.5624 0.9288, 0.1953 0.5632 0.9411, 0.134 0.5808 0.9321, 0.1186 0.5841 0.9453, 0.1185 0.5833 0.933, 0.0546 0.5935 0.9365, 0.0388 0.5938 0.9373, 0.0388 0.5947 0.9496, -0.0262 0.5954 0.9409, -0.0421 0.5945 0.9541, -0.042 0.5936 0.9418, -0.1063 0.5864 0.9453, -0.1216 0.5826 0.9461, -0.1218 0.5834 0.9584, -0.1836 0.5671 0.9495, -0.1983 0.5622 0.9626, -0.198 0.5614 0.9503, -0.2562 0.5384 0.9535, -0.2693 0.5311 0.9542, -0.2697 0.5318 0.9666, -0.3228 0.5015 0.9572, -0.3353 0.4932 0.9702, -0.3349 0.4926 0.9579, -0.3852 0.4556 0.9611, -0.3963 0.4449 0.9619, -0.3969 0.4455 0.9742, -0.4424 0.4007 0.9653, -0.4528 0.389 0.9784, -0.4521 0.3884 0.9661, -0.4924 0.3377 0.9696, -0.5005 0.3242 0.9705, -0.5013 0.3246 0.9828, -0.5338 0.2683 0.974, -0.5408 0.2541 0.9872, -0.54 0.2537 0.9749, -0.5654 0.1941 0.9784, -0.5695 0.1791 0.9793, -0.5703 0.1793 0.9916, -0.5865 0.1174 0.9826, -0.5894 0.1023 0.9957, -0.5886 0.1022 0.9834, -0.5971 0.0403 0.9866, -0.5973 0.0253 0.9873, -0.598 0.0253 0.9996, -0.5978 -0.0358 0.9903, -0.5967 -0.0508 1.0033, -0.596 -0.0507 0.991, -0.5884 -0.1129 0.9942, -0.5846 -0.1278 0.995, -0.5854 -0.128 1.0073, -0.5687 -0.1898 0.9984, -0.5636 -0.2046 1.0115, -0.5628 -0.2043 0.9992, -0.5385 -0.2644 1.0028, -0.5306 -0.2781 1.0036, -0.5314 -0.2785 1.0159, -0.4983 -0.3346 1.0072, -0.4894 -0.3476 1.0203, -0.4887 -0.347 1.008, -0.4492 -0.3984 1.0116, -0.4382 -0.4094 1.0124, -0.4388 -0.41 1.0247, -0.3929 -0.4544 1.0158, -0.3812 -0.4643 1.0289, -0.3807 -0.4637 1.0165, -0.331 -0.5015 1.0197, -0.3181 -0.509 1.0204, -0.3185 -0.5096 1.0327, -0.2651 -0.5395 1.0234, -0.2516 -0.546 1.0364, -0.2513 -0.5452 1.0241, -0.1932 -0.5693 1.0273, -0.1784 -0.5733 1.0281, -0.1786 -0.5741 1.0404, -0.1165 -0.5899 1.0315, -0.1011 -0.5928 1.0447, -0.101 -0.5919 1.0324, -0.0366 -0.6003 1.0359, -0.0209 -0.6002 1.0367, -0.0209 -0.601 1.0491, 0.0443 -0.5997 1.0403, 0.0599 -0.5984 1.0535, 0.0598 -0.5975 1.0412, 0.1239 -0.5884 1.0447, 0.1389 -0.5842 1.0455, 0.1391 -0.585 1.0578, 0.2003 -0.5669 1.0489, 0.2146 -0.5616 1.062, 0.2143 -0.5609 1.0496, 0.2716 -0.5362 1.0528, 0.2843 -0.5287 1.0535, 0.2847 -0.5294 1.0658, 0.3371 -0.4975 1.0565, 0.3493 -0.4889 1.0695, 0.3489 -0.4883 1.0572, 0.3985 -0.4495 1.0604, 0.4092 -0.4386 1.0612, 0.4098 -0.4391 1.0735, 0.4543 -0.3927 1.0646, 0.4642 -0.3807 1.0778, 0.4636 -0.3802 1.0655, 0.5025 -0.3281 1.069, 0.5101 -0.3145 1.0699, 0.5108 -0.3149 1.0822, 0.5418 -0.2574 1.0735, 0.5482 -0.2432 1.0866, 0.5475 -0.2429 1.0743, 0.571 -0.1825 1.0778, 0.5747 -0.1676 1.0786, 0.5755 -0.1678 1.0909, 0.5898 -0.1055 1.082, 0.5922 -0.0906 1.0951, 0.5914 -0.0905 1.0827, 0.5981 -0.0286 1.0859, 0.5978 -0.0139 1.0866, 0.5986 -0.0139 1.0989, 0.5966 0.0476 1.0896, 0.5951 0.0624 1.1026, 0.5943 0.0623 1.0903, 0.5849 0.1248 1.0935, 0.5807 0.1394 1.0943, 0.5815 0.1397 1.1066, 0.5628 0.2014 1.0978, 0.5574 0.2159 1.1109, 0.5566 0.2155 1.0986, 0.5303 0.2751 1.1022, 0.5222 0.2884 1.103, 0.5229 0.2888 1.1153, 0.488 0.3441 1.1066, 0.4789 0.3566 1.1197, 0.4782 0.3561 1.1074, 0.4372 0.4063 1.1109, 0.426 0.4168 1.1117, 0.4266 0.4174 1.1241, 0.3794 0.4604 1.1151, 0.3677 0.4697 1.1282, 0.3672 0.4691 1.1158, 0.3166 0.5054 1.1189, 0.3038 0.5123 1.1197, 0.3041 0.513 1.132, 0.2495 0.5415 1.1226, 0.2359 0.5475 1.1357, 0.2356 0.5468 1.1234, 0.1764 0.5694 1.1267, 0.1616 0.5729 1.1275, 0.1618 0.5737 1.1398, 0.0988 0.5878 1.1309, 0.0835 0.5901 1.144, 0.0834 0.5893 1.1317, 0.0185 0.5957 1.1353, 0.003 0.5951 1.1362, 0.003 0.596 1.1485, -0.0623 0.5927 1.1397, -0.0777 0.5909 1.1529, -0.0775 0.5901 1.1406, -0.1414 0.579 1.1441, -0.1559 0.5745 1.1449, -0.1562 0.5752 1.1572, -0.2168 0.5553 1.1482, -0.2306 0.5498 1.1613, -0.2303 0.549 1.1489, -0.2867 0.5228 1.152, -0.299 0.5151 1.1527, -0.2994 0.5157 1.165, -0.3512 0.4821 1.1557, -0.3632 0.4732 1.1688, -0.3627 0.4726 1.1565, -0.4115 0.4321 1.1598, -0.4218 0.4209 1.1606, -0.4225 0.4215 1.1729, -0.4658 0.3734 1.164, -0.4753 0.3613 1.1772, -0.4746 0.3608 1.1649, -0.5121 0.3073 1.1684, -0.5192 0.2936 1.1693, -0.52 0.294 1.1816, -0.5492 0.2355 1.1729, -0.5552 0.2213 1.186, -0.5544 0.2211 1.1737, -0.5761 0.16 1.1772, -0.5793 0.1451 1.178, -0.5801 0.1453 1.1903, -0.5925 0.0828 1.1813, -0.5945 0.0681 1.1944, -0.5937 0.068 1.182, -0.5986 0.0061 1.1851, -0.5979 -0.0083 1.1858, -0.5986 -0.0083 1.1981, -0.5949 -0.0702 1.1888, -0.593 -0.085 1.2019, -0.5922 -0.0848 1.1896, -0.5809 -0.1475 1.1929, -0.5763 -0.1619 1.1937, -0.5771 -0.1621 1.206, -0.5564 -0.2236 1.1972, -0.5506 -0.2378 1.2103, -0.5498 -0.2374 1.198, -0.5216 -0.2965 1.2016, -0.5132 -0.3093 1.2024, -0.5139 -0.3098 1.2147, -0.4773 -0.364 1.206, -0.4679 -0.3762 1.2191, -0.4673 -0.3756 1.2068, -0.4248 -0.4246 1.2103, -0.4135 -0.4345 1.2111, -0.414 -0.4351 1.2234, -0.3657 -0.4767 1.2144, -0.3539 -0.4856 1.2275, -0.3535 -0.4849 1.2151, -0.3021 -0.5196 1.2182, -0.2892 -0.526 1.2189, -0.2896 -0.5267 1.2312, -0.2336 -0.5539 1.2219, -0.2199 -0.5595 1.235, -0.2197 -0.5588 1.2227, -0.1594 -0.5798 1.226, -0.1446 -0.5828 1.2268, -0.1448 -0.5836 1.2391, -0.081 -0.5959 1.2303, -0.0658 -0.5978 1.2434, -0.0657 -0.5969 1.2311, -0.0004 -0.6014 1.2347, 0.0149 -0.6004 1.2356, 0.015 -0.6012 1.2479, 0.0802 -0.596 1.2391, 0.0953 -0.5937 1.2523, 0.0952 -0.5929 1.24, 0.1587 -0.58 1.2434, 0.1728 -0.5751 1.2442, 0.1731 -0.5758 1.2565, 0.233 -0.5542 1.2475, 0.2464 -0.5483 1.2606, 0.2461 -0.5476 1.2482, 0.3015 -0.5199 1.2513, 0.3134 -0.5119 1.252, 0.3138 -0.5126 1.2643, 0.3652 -0.4771 1.255, 0.3768 -0.468 1.2681, 0.3762 -0.4674 1.2558, 0.4243 -0.4251 1.2591, 0.4342 -0.4137 1.2599, 0.4348 -0.4143 1.2722, 0.4769 -0.3646 1.2634, 0.4859 -0.3524 1.2766, 0.4852 -0.3519 1.2643, 0.5213 -0.2971 1.2679, 0.5279 -0.2834 1.2687, 0.5286 -0.2837 1.281, 0.5562 -0.2243 1.2723, 0.5616 -0.2101 1.2854, 0.5608 -0.2099 1.2731, 0.5807 -0.1482 1.2766, 0.5834 -0.1335 1.2773, 0.5842 -0.1336 1.2896, 0.5948 -0.071 1.2806, 0.5963 -0.0564 1.2936, 0.5955 -0.0564 1.2813, 0.5986 0.0054 1.2843, 0.5975 0.0197 1.2851, 0.5983 0.0197 1.2973, 0.5926 0.0821 1.2881, 0.5904 0.0967 1.3012, 0.5896 0.0965 1.2889, 0.5763 0.1593 1.2923, 0.5713 0.1734 1.2931, 0.5721 0.1737 1.3054, 0.5495 0.2349 1.2966, 0.5433 0.2487 1.3097, 0.5426 0.2483 1.2974, 0.5125 0.3067 1.301, 0.5038 0.3192 1.3018, 0.5045 0.3196 1.3141, 0.4662 0.3728 1.3054, 0.4566 0.3845 1.3185, 0.456 0.3839 1.3062, 0.4121 0.4316 1.3097, 0.4007 0.4411 1.3104, 0.4012 0.4417 1.3228, 0.3518 0.4817 1.3137, 0.34 0.4901 1.3267, 0.3396 0.4894 1.3144, 0.2873 0.5225 1.3174, 0.2744 0.5285 1.3181, 0.2747 0.5292 1.3304, 0.2175 0.5551 1.3213, 0.2037 0.5602 1.3343, 0.2035 0.5595 1.322, 0.1421 0.5788 1.3254, 0.1274 0.5814 1.3262, 0.1275 0.5822 1.3385, 0.063 0.5926 1.3297, 0.048 0.594 1.3428, 0.0479 0.5932 1.3305, -0.0177 0.5957 1.3341, -0.0328 0.5942 1.335, -0.0329 0.5951 1.3473, -0.098 0.5879 1.3385, -0.1128 0.5852 1.3517, -0.1127 0.5844 1.3393, -0.1757 0.5696 1.3428, -0.1895 0.5643 1.3436, -0.1898 0.5651 1.3559, -0.2488 0.5418 1.3468, -0.2619 0.5356 1.3598, -0.2615 0.535 1.3475, -0.316 0.5058 1.3505, -0.3276 0.4975 1.3512, -0.3281 0.4981 1.3635, -0.3789 0.4608 1.3544, -0.3901 0.4514 1.3674, -0.3896 0.4508 1.3551, -0.4367 0.4068 1.3585, -0.4461 0.3953 1.3593, -0.4468 0.3958 1.3716, -0.4876 0.3447 1.3629, -0.4962 0.3323 1.376, -0.4955 0.3318 1.3637, -0.5299 0.2758 1.3673, -0.536 0.262 1.3681, -0.5368 0.2623 1.3804, -0.5626 0.2021 1.3717, -0.5675 0.1879 1.3848, -0.5667 0.1877 1.3725, -0.5848 0.1255 1.3759, -0.587 0.111 1.3767, -0.5878 0.1111 1.389, -0.5965 0.0483 1.3799, -0.5975 0.034 1.3929, -0.5968 0.034 1.3806, -0.5981 -0.0279 1.3836, -0.5966 -0.042 1.3843, -0.5974 -0.0421 1.3966, -0.5899 -0.1048 1.3875, -0.5872 -0.1192 1.4005, -0.5865 -0.119 1.3882, -0.5713 -0.1818 1.3916, -0.5659 -0.1957 1.3924, -0.5666 -0.196 1.4047, -0.5421 -0.2568 1.396, -0.5356 -0.2703 1.4091, -0.5348 -0.2699 1.3968, -0.5029 -0.3275 1.4004, -0.4939 -0.3395 1.4012, -0.4946 -0.34 1.4135, -0.4547 -0.3921 1.4048, -0.4449 -0.4033 1.4179, -0.4443 -0.4027 1.4056, -0.3991 -0.449 1.409, -0.3876 -0.458 1.4098, -0.388 -0.4586 1.4221, -0.3377 -0.4971 1.413, -0.3258 -0.5049 1.426, -0.3255 -0.5043 1.4137, -0.2722 -0.5359 1.4167, -0.2592 -0.5415 1.4174, -0.2595 -0.5422 1.4297, -0.201 -0.5666 1.4206, -0.1872 -0.5714 1.4336, -0.187 -0.5706 1.4213, -0.1247 -0.5883 1.4248, -0.11 -0.5904 1.4256, -0.1101 -0.5912 1.4379, -0.045 -0.5997 1.4291, -0.0301 -0.6006 1.4423, -0.0301 -0.5998 1.4299, 0.0358 -0.6003 1.4336, 0.0507 -0.5984 1.4344, 0.0508 -0.5992 1.4467, 0.1157 -0.5901 1.4379, 0.1302 -0.587 1.451, 0.13 -0.5863 1.4387, 0.1925 -0.5696 1.4421, 0.206 -0.564 1.4429, 0.2062 -0.5647 1.4552, 0.2644 -0.5398 1.4461, 0.277 -0.5334 1.4591, 0.2767 -0.5328 1.4468, 0.3304 -0.5019 1.4498, 0.3417 -0.4934 1.4505, 0.3422 -0.494 1.4628, 0.3923 -0.4549 1.4537, 0.4032 -0.4452 1.4668, 0.4026 -0.4447 1.4545, 0.4487 -0.399 1.4579, 0.4578 -0.3873 1.4587, 0.4584 -0.3878 1.471, 0.4979 -0.3352 1.4623, 0.506 -0.3227 1.4754, 0.5053 -0.3223 1.4631, 0.5381 -0.2651 1.4667, 0.5437 -0.2513 1.4675, 0.5445 -0.2516 1.4798, 0.5685 -0.1905 1.4711, 0.5729 -0.1765 1.4842, 0.5721 -0.1763 1.4718, 0.5883 -0.1136 1.4753, 0.5901 -0.0993 1.476, 0.5908 -0.0994 1.4883, 0.5977 -0.0366 1.4792, 0.5983 -0.0225 1.4922, 0.5976 -0.0225 1.4799, 0.5972 0.0396 1.4829, 0.5953 0.0536 1.4836, 0.596 0.0537 1.4959, 0.5866 0.1167 1.4868, 0.5836 0.1309 1.4999, 0.5828 0.1307 1.4876, 0.5656 0.1934 1.491, 0.5599 0.207 1.4918, 0.5606 0.2073 1.5041, 0.5342 0.2676 1.4954, 0.5273 0.2808 1.5085, 0.5266 0.2804 1.4962, 0.4929 0.3371 1.4998, 0.4837 0.3487 1.5006, 0.4843 0.3492 1.5129, 0.4429 0.4001 1.5042, 0.4329 0.4109 1.5173, 0.4323 0.4103 1.505, 0.3857 0.4551 1.5084, 0.3742 0.4636 1.5091, 0.3746 0.4642 1.5214, 0.3234 0.5011 1.5123, 0.3115 0.5085 1.5252, 0.3112 0.5079 1.5129, 0.2568 0.5381 1.5159, 0.2437 0.5433 1.5167, 0.244 0.544 1.529, 0.1843 0.5669 1.5199, 0.1705 0.5712 1.533, 0.1703 0.5704 1.5207, 0.1071 0.5863 1.5242, 0.0925 0.588 1.525, 0.0926 0.5888 1.5373, 0.027 0.5954 1.5285, 0.0122 0.5958 1.5417, 0.0122 0.595 1.5294, -0.0539 0.5935 1.533, -0.0684 0.5912 1.5338, -0.0686 0.592 1.5461, -0.1333 0.5809 1.5373, -0.1474 0.5775 1.5504, -0.1472 0.5768 1.5381, -0.2091 0.5583 1.5415, -0.2221 0.5524 1.5422, -0.2224 0.5531 1.5545, -0.2797 0.5266 1.5453, -0.2919 0.52 1.5583, -0.2915 0.5194 1.546, -0.3447 0.4868 1.549, -0.3556 0.4779 1.5498, -0.3561 0.4785 1.562, -0.4055 0.4377 1.553, -0.416 0.4278 1.5661, -0.4154 0.4273 1.5538, -0.4604 0.3799 1.5573, -0.469 0.3681 1.5581, -0.4697 0.3685 1.5704, -0.5077 0.3146 1.5617, -0.5153 0.302 1.5748, -0.5146 0.3016 1.5625, -0.5458 0.2433 1.5661, -0.5509 0.2295 1.5669, -0.5517 0.2298 1.5792, -0.5738 0.168 1.5705, -0.5778 0.154 1.5835, -0.577 0.1539 1.5712, -0.5913 0.0909 1.5746, -0.5926 0.0768 1.5753, -0.5934 0.0769 1.5876, -0.5984 0.0141 1.5784, -0.5987 0.0003 1.5914, -0.5979 0.0003 1.5791, -0.5957 -0.0622 1.5821, -0.5934 -0.0761 1.5829, -0.5941 -0.0762 1.5951, -0.5829 -0.1394 1.5862, -0.5794 -0.1534 1.5992, -0.5786 -0.1532 1.5869, -0.5595 -0.2158 1.5904, -0.5534 -0.229 1.5912, -0.5541 -0.2293 1.6035, -0.5258 -0.2891 1.5948, -0.5186 -0.3019 1.6079, -0.5179 -0.3014 1.5956, -0.4824 -0.3573 1.5992, -0.473 -0.3684 1.6, -0.4736 -0.369 1.6123, -0.4306 -0.4186 1.6036, -0.4205 -0.4289 1.6166, -0.42 -0.4283 1.6043, -0.3722 -0.4716 1.6077, -0.3943 -0.4522 1.803, -0.3948 -0.4528 1.8153, -0.3443 -0.4925 1.8063, -0.3331 -0.5002 1.8193, -0.2673 -0.5384 1.823, -0.2793 -0.5322 1.81, -0.3327 -0.4995 1.807, -0.1957 -0.5685 1.8269, -0.2087 -0.5638 1.8139, -0.267 -0.5377 1.8107, -0.1191 -0.5894 1.8311, -0.1329 -0.5865 1.818, -0.1955 -0.5678 1.8146, -0.0393 -0.6001 1.8354, -0.0535 -0.599 1.8224, -0.1189 -0.5887 1.8188, 0.0416 -0.5999 1.8399, 0.0274 -0.6008 1.8268, -0.0392 -0.5993 1.8231, 0.1213 -0.589 1.8442, 0.1075 -0.5917 1.8312, 0.0415 -0.5992 1.8276, 0.1978 -0.5677 1.8484, 0.1847 -0.5722 1.8354, 0.1211 -0.5882 1.8319, 0.2693 -0.5374 1.8524, 0.2572 -0.5433 1.8394, 0.1976 -0.5671 1.8361, 0.335 -0.4989 1.856, 0.3237 -0.5063 1.8431, 0.269 -0.5368 1.84, 0.3965 -0.4512 1.86, 0.3861 -0.4603 1.847, 0.3345 -0.4983 1.8437, 0.4525 -0.3947 1.8642, 0.4431 -0.4052 1.8511, 0.396 -0.4507 1.8477, 0.501 -0.3304 1.8686, 0.4931 -0.3422 1.8555, 0.4519 -0.3942 1.8519, 0.5406 -0.2599 1.873, 0.5344 -0.2727 1.8599, 0.5003 -0.33 1.8563, 0.5702 -0.1851 1.8774, 0.5658 -0.1985 1.8643, 0.5399 -0.2596 1.8607, 0.5893 -0.1082 1.8815, 0.5867 -0.1217 1.8685, 0.5695 -0.1849 1.8651, 0.598 -0.0312 1.8854, 0.5972 -0.0446 1.8725, 0.5886 -0.1081 1.8692, 0.5968 0.0449 1.8891, 0.5977 0.0315 1.8762, 0.5973 -0.0312 1.8731, 0.5855 0.1221 1.8931, 0.5882 0.1086 1.8801, 0.5961 0.0449 1.8768, 0.5638 0.1987 1.8973, 0.5683 0.1855 1.8843, 0.5848 0.1219 1.8808, 0.5316 0.2726 1.9017, 0.5379 0.26 1.8886, 0.563 0.1984 1.885, 0.4896 0.3418 1.9061, 0.4976 0.3301 1.8931, 0.5309 0.2723 1.8894, 0.392 0.4498 1.9016, 0.4386 0.4037 1.8982, 0.4391 0.4042 1.9105, 0.4485 0.3939 1.8974, 0.489 0.3413 1.8938, 0.3811 0.458 1.9023, 0.3815 0.4586 1.9147, 0.3301 0.4967 1.9056, 0.3189 0.504 1.9185, 0.3185 0.5034 1.9062, 0.2641 0.5346 1.9093, 0.2517 0.5397 1.9099, 0.252 0.5404 1.9222, 0.1922 0.5643 1.9132, 0.1791 0.5686 1.9262, 0.1789 0.5678 1.9139, 0.1153 0.5848 1.9174, 0.1015 0.5865 1.9182, 0.1016 0.5873 1.9305, 0.0354 0.5949 1.9218, 0.0214 0.5956 1.9349, 0.0214 0.5948 1.9226, -0.0454 0.5942 1.9262, -0.0593 0.5922 1.927, -0.0594 0.593 1.9393, -0.1251 0.5828 1.9306, -0.1386 0.5797 1.9436, -0.1384 0.579 1.9313, -0.2014 0.5611 1.9348, -0.2139 0.5557 1.9354, -0.2142 0.5563 1.9478, -0.2726 0.5303 1.9387, -0.2843 0.5241 1.9516, -0.284 0.5235 1.9393, -0.338 0.4914 1.9423, -0.3485 0.4832 1.943, -0.349 0.4837 1.9553, -0.3994 0.4433 1.9463, -0.4095 0.434 1.9593, -0.4089 0.4335 1.947, -0.455 0.3864 1.9505, -0.4633 0.3752 1.9513, -0.4639 0.3757 1.9636, -0.5031 0.3217 1.9549, -0.5106 0.3098 1.968, -0.5099 0.3095 1.9557, -0.5423 0.251 1.9593, -0.5473 0.2379 1.9601, -0.5481 0.2382 1.9724, -0.5714 0.176 1.9637, -0.5753 0.1628 1.9767, -0.5746 0.1626 1.9644, -0.59 0.099 1.9679, -0.5914 0.0856 1.9685, -0.5921 0.0856 1.9809, -0.5982 0.022 1.9717, -0.5986 0.0089 1.9847, -0.5979 0.0089 1.9724, -0.5965 -0.0541 1.9754, -0.5945 -0.0673 1.9761, -0.5952 -0.0674 1.9884, -0.5847 -0.1313 1.9794, -0.5816 -0.1447 1.9924, -0.5809 -0.1444 1.9801, -0.5624 -0.2079 1.9837, -0.5568 -0.2205 1.9844, -0.5575 -0.2208 1.9967, -0.5298 -0.2816 1.9881, -0.5231 -0.2939 2.0011, -0.5224 -0.2935 1.9888, -0.4873 -0.3504 1.9925, -0.4785 -0.3612 1.9932, -0.4791 -0.3617 2.0055, -0.4364 -0.4125 1.9968, -0.4269 -0.4225 2.0099, -0.4264 -0.4219 1.9976, -0.3786 -0.4665 2.001, -0.3676 -0.4743 2.0016, -0.368 -0.4749 2.014, -0.3157 -0.5114 2.0048, -0.3045 -0.5182 2.0178, -0.3042 -0.5175 2.0055, -0.2485 -0.5474 2.0085, -0.236 -0.5521 2.0092, -0.2363 -0.5528 2.0215, -0.1753 -0.5751 2.0125, -0.1622 -0.579 2.0256, -0.1621 -0.5782 2.0133, -0.0976 -0.5934 2.0168, -0.0839 -0.5947 2.0175, -0.084 -0.5955 2.0298, -0.0173 -0.6011 2.0212, -0.0034 -0.6014 2.0343, -0.0035 -0.6006 2.022, 0.0635 -0.598 2.0256, 0.0771 -0.5956 2.0264, 0.0772 -0.5964 2.0387, 0.1425 -0.5842 2.03, 0.1558 -0.5808 2.043, 0.1555 -0.5801 2.0307, 0.2178 -0.5603 2.0341, 0.2299 -0.5547 2.0347, 0.2302 -0.5553 2.0471, 0.2877 -0.5277 2.0379, 0.299 -0.5214 2.0508, 0.2986 -0.5208 2.0385, 0.3521 -0.4869 2.0416, 0.3624 -0.4784 2.0423, 0.3628 -0.4789 2.0546, 0.4124 -0.4367 2.0457, 0.4221 -0.4272 2.0587, 0.4216 -0.4267 2.0464, 0.4665 -0.3779 2.0499, 0.4744 -0.3667 2.0507, 0.475 -0.3671 2.063, 0.5127 -0.3118 2.0543, 0.5197 -0.2998 2.0674, 0.5191 -0.2995 2.0551, 0.5497 -0.2399 2.0588, 0.5543 -0.2269 2.0595, 0.555 -0.2272 2.0718, 0.5765 -0.1643 2.0631, 0.58 -0.1512 2.0761, 0.5793 -0.151 2.0638, 0.5927 -0.0871 2.0672, 0.5937 -0.0739 2.0678, 0.5944 -0.0739 2.0802, 0.5986 -0.0104 2.071, 0.5987 0.0025 2.0839, 0.598 0.0024 2.0716, 0.5947 0.0659 2.0747, 0.5923 0.079 2.0754, 0.5931 0.0791 2.0877, 0.5806 0.1432 2.0788, 0.5772 0.1563 2.0918, 0.5765 0.156 2.0795, 0.556 0.2193 2.0831, 0.5501 0.2316 2.0838, 0.5508 0.232 2.0961, 0.5211 0.2921 2.0875, 0.5141 0.304 2.1005, 0.5135 0.3036 2.0882, 0.4766 0.3596 2.0919, 0.4676 0.3699 2.0926, 0.4682 0.3704 2.1049, 0.424 0.42 2.0962, 0.4143 0.4294 2.1092, 0.4139 0.4289 2.0969, 0.3649 0.4719 2.1003, 0.3539 0.4793 2.1009, 0.3543 0.4799 2.1133, 0.3011 0.5147 2.1041, 0.29 0.5211 2.117, 0.2896 0.5204 2.1047, 0.2326 0.5489 2.1078, 0.2201 0.5533 2.1085, 0.2203 0.5539 2.1208, 0.1583 0.5747 2.1119, 0.145 0.5774 2.1126, 0.0798 0.5906 2.1162, -0.0145 0.595 2.1214, -0.0008 0.596 2.1206, 0.0662 0.5915 2.1169, -0.2888 -0.5271 -0.5281, -0.3532 -0.4861 -0.5318, -0.4134 -0.4358 -0.5359, -0.4674 -0.3769 -0.5402, -0.5134 -0.3106 -0.5446, -0.5502 -0.2386 -0.549, -0.5768 -0.163 -0.5533, -0.5929 -0.0858 -0.5574, -0.5986 -0.0092 -0.5612, -0.5946 0.0672 -0.5649, -0.5803 0.1444 -0.569, -0.5555 0.2205 -0.5733, -0.2876 -0.5277 -0.5281, -0.1439 -0.5838 -0.5202, -0.2176 -0.5603 -0.5242, -0.2191 -0.5599 -0.5243, -0.1422 -0.5841 -0.5201, 0.0159 -0.6012 -0.5114, -0.063 -0.5979 -0.5158, -0.0649 -0.5979 -0.5159, 0.0179 -0.601 -0.5113, 0.174 -0.5756 -0.5028, 0.0983 -0.5931 -0.5069, 0.0962 -0.5936 -0.507, 0.176 -0.5748 -0.5027, 0.3145 -0.5121 -0.4951, 0.2492 -0.5469 -0.4986, 0.2472 -0.548 -0.4988, 0.3165 -0.5107 -0.4949, 0.4354 -0.4136 -0.4871, 0.3794 -0.4656 -0.4911, 0.3775 -0.4674 -0.4912, 0.4372 -0.4115 -0.4869, 0.5291 -0.2829 -0.4783, 0.488 -0.3491 -0.4826, 0.4865 -0.3516 -0.4827, 0.5303 -0.2801 -0.4781, 0.5844 -0.1328 -0.4697, 0.5628 -0.2062 -0.4737, 0.5619 -0.2093 -0.4739, 0.5849 -0.1295 -0.4695, 0.5982 0.0206 -0.462, 0.5964 -0.0522 -0.4655, 0.5963 -0.0556 -0.4657, 0.5979 0.024 -0.4618, 0.5718 0.1746 -0.4539, 0.5894 0.1011 -0.4579, 0.5902 0.0975 -0.4581, 0.5704 0.1782 -0.4537, 0.504 0.3204 -0.4452, 0.541 0.2531 -0.4494, 0.5429 0.2496 -0.4496, 0.5015 0.3238 -0.4449, 0.4005 0.4423 -0.4365, 0.453 0.3883 -0.4405, 0.456 0.3852 -0.4408, 0.3971 0.445 -0.4363, 0.2739 0.5296 -0.4289, 0.3355 0.4928 -0.4324, 0.3393 0.4906 -0.4326, 0.2698 0.5314 -0.4287, 0.1266 0.5824 -0.4208, 0.1983 0.5619 -0.4247, 0.2028 0.5606 -0.425, 0.1217 0.5831 -0.4205, -0.0338 0.595 -0.412, 0.0419 0.5942 -0.4162, 0.047 0.5941 -0.4165, -0.039 0.5944 -0.4117, -0.1906 0.5648 -0.4034, -0.1189 0.5837 -0.4074, -0.1137 0.5851 -0.4076, -0.1957 0.5627 -0.4032, -0.3288 0.4976 -0.3958, -0.2674 0.5326 -0.3992, -0.2627 0.5353 -0.3995, -0.3332 0.4943 -0.3955, -0.4474 0.3951 -0.3877, -0.3949 0.4467 -0.3916, -0.3908 0.4508 -0.3919, -0.4511 0.3903 -0.3874, -0.5372 0.2615 -0.3789, -0.4998 0.3261 -0.383, -0.4967 0.3315 -0.3833, -0.5396 0.2556 -0.3785, -0.5879 0.1102 -0.3703, -0.5694 0.1808 -0.3742, -0.5678 0.1871 -0.3745, -0.5887 0.1038 -0.37, -0.5973 -0.043 -0.3627, -0.5976 0.0267 -0.3661, -0.5976 0.0331 -0.3664, -0.5965 -0.0495 -0.3624, -0.5663 -0.1968 -0.3546, -0.5853 -0.1267 -0.3584, -0.5871 -0.1201 -0.3588, -0.5636 -0.2034 -0.3542, -0.4941 -0.3408 -0.3458, -0.5314 -0.2774 -0.3498, -0.5351 -0.2711 -0.3502, -0.4895 -0.3466 -0.3453, -0.3874 -0.4592 -0.3372, -0.4389 -0.4092 -0.341, -0.4443 -0.404 -0.3414, -0.3813 -0.4637 -0.3368, -0.2587 -0.5426 -0.3296, -0.3186 -0.5091 -0.333, -0.3251 -0.5054 -0.3333, -0.2516 -0.5455 -0.3292, -0.1092 -0.5913 -0.3214, -0.1786 -0.5736 -0.3252, -0.1863 -0.5716 -0.3257, -0.101 -0.5923 -0.321, 0.0517 -0.5992 -0.3126, -0.0207 -0.6005 -0.3166, -0.0292 -0.6007 -0.317, 0.0601 -0.5978 -0.3122, 0.2071 -0.5644 -0.3041, 0.1394 -0.5844 -0.3078, 0.1311 -0.5869 -0.3083, 0.2149 -0.561 -0.3037, 0.3429 -0.4935 -0.2965, 0.285 -0.5286 -0.2998, 0.2778 -0.533 -0.3002, 0.3497 -0.488 -0.2961, 0.459 -0.3871 -0.2883, 0.4101 -0.4381 -0.2921, 0.4039 -0.4446 -0.2926, 0.4645 -0.3795 -0.2878, 0.5449 -0.2508 -0.2795, 0.511 -0.3135 -0.2834, 0.5065 -0.3219 -0.2839, 0.5483 -0.2417 -0.279, 0.591 -0.0985 -0.271, 0.5753 -0.1662 -0.2746, 0.5732 -0.1756 -0.2751, 0.5919 -0.089 -0.2705, 0.5959 0.0546 -0.2634, 0.5981 -0.0122 -0.2667, 0.5984 -0.0216 -0.2671, 0.5944 0.0642 -0.2629, 0.5603 0.2082 -0.2552, 0.5804 0.1415 -0.2589, 0.5834 0.1318 -0.2594, 0.556 0.2177 -0.2546, 0.4838 0.35 -0.2464, 0.5212 0.2906 -0.2502, 0.5269 0.2816 -0.2508, 0.4769 0.3582 -0.2458, 0.374 0.4648 -0.2379, 0.4243 0.4188 -0.2415, 0.4322 0.4115 -0.242, 0.3652 0.4709 -0.2374, 0.2432 0.5444 -0.2304, 0.3015 0.5138 -0.2336, 0.3108 0.509 -0.2341, 0.233 0.5481 -0.2298, 0.0917 0.5889 -0.222, 0.1586 0.5739 -0.2257, 0.1696 0.5714 -0.2263, 0.0802 0.5899 -0.2214, -0.0695 0.5919 -0.2132, -0.0005 0.5953 -0.217, 0.0112 0.5959 -0.2176, -0.0811 0.5898 -0.2126, -0.2233 0.5528 -0.2048, -0.1595 0.5736 -0.2083, -0.1483 0.5773 -0.2089, -0.2338 0.5477 -0.2042, -0.3568 0.478 -0.1973, -0.3023 0.5133 -0.2004, -0.2926 0.5196 -0.201, -0.3659 0.4703 -0.1966, -0.4702 0.3678 -0.1889, -0.4249 0.418 -0.1925, -0.4167 0.4272 -0.1932, -0.4774 0.3574 -0.1882, -0.552 0.229 -0.1801, -0.5216 0.2897 -0.1838, -0.5158 0.3012 -0.1845, -0.5562 0.2168 -0.1794, -0.5935 0.076 -0.1717, -0.5805 0.1406 -0.1751, -0.578 0.1532 -0.1758, -0.5943 0.0633 -0.1711, -0.594 -0.0771 -0.1642, -0.5979 -0.0131 -0.1673, -0.5987 -0.0006 -0.1679, -0.5916 -0.0898 -0.1635, -0.5538 -0.2302 -0.1558, -0.5749 -0.167 -0.1594, -0.5792 -0.1543 -0.1601, -0.5477 -0.2425 -0.155, -0.473 -0.3697 -0.147, -0.5103 -0.3142 -0.1506, -0.5181 -0.3027 -0.1514, -0.4637 -0.3801 -0.1462, -0.3603 -0.4808 -0.1386, -0.4093 -0.4386 -0.1419, -0.4198 -0.4295 -0.1427, -0.3488 -0.4884 -0.1379, -0.2273 -0.5565 -0.1311, -0.2841 -0.5288 -0.1342, -0.2963 -0.5229 -0.1348, -0.214 -0.561 -0.1303, -0.074 -0.5968 -0.1227, -0.1384 -0.5844 -0.1262, -0.1526 -0.5816 -0.127, -0.0592 -0.5976 -0.1218, 0.0872 -0.595 -0.1138, 0.0217 -0.6002 -0.1174, 0.0067 -0.6013 -0.1182, 0.1019 -0.5918 -0.113, 0.2392 -0.5515 -0.1055, 0.1794 -0.573 -0.1088, 0.1653 -0.5781 -0.1095, 0.2523 -0.5448 -0.1048, 0.3705 -0.473 -0.098, 0.3192 -0.5083 -0.101, 0.3071 -0.5166 -0.1018, 0.3818 -0.4628 -0.0972, 0.4811 -0.359 -0.0895, 0.4392 -0.4083 -0.093, 0.4291 -0.4202 -0.0938, 0.4897 -0.3456 -0.0887, 0.5587 -0.2178 -0.0807, 0.5315 -0.2764 -0.0842, 0.5247 -0.291 -0.0851, 0.5635 -0.2024 -0.0798, 0.5955 -0.0643 -0.0724, 0.585 -0.1258 -0.0756, 0.5824 -0.1415 -0.0764, 0.5961 -0.0486 -0.0716, 0.5916 0.0888 -0.0649, 0.5971 0.0276 -0.0679, 0.5985 0.0119 -0.0687, 0.5881 0.1046 -0.064, 0.5467 0.2412 -0.0564, 0.5687 0.1816 -0.0598, 0.5745 0.1659 -0.0607, 0.5388 0.2563 -0.0555, 0.4619 0.3782 -0.0476, 0.4989 0.3266 -0.051, 0.5089 0.3126 -0.052, 0.4501 0.3907 -0.0466, 0.3464 0.4855 -0.0393, 0.3939 0.447 -0.0424, 0.4071 0.4362 -0.0433, 0.3322 0.4943 -0.0385, 0.2112 0.5575 -0.0318, 0.2663 0.5325 -0.0348, 0.2816 0.5256 -0.0356, 0.1946 0.5625 -0.0308, 0.0562 0.5933 -0.0233, 0.1179 0.5833 -0.0266, 0.1355 0.5804 -0.0276, 0.0381 0.5938 -0.0223, -0.1048 0.5867 -0.0144, -0.0428 0.5935 -0.0178, -0.0246 0.5955 -0.0188, -0.1225 0.5823 -0.0135, -0.2548 0.539 -0.0062, -0.199 0.561 -0.0093, -0.1821 0.5676 -0.0102, -0.2703 0.5305 -0.0054, -0.384 0.4566 0.0014, -0.3359 0.4918 -0.0016, -0.3215 0.5023 -0.0025, -0.3973 0.4439 0.0023, -0.4915 0.3391 0.0099, -0.4531 0.3871 0.0065, -0.4413 0.4019 0.0055, -0.5014 0.3226 0.0109, -0.5648 0.1957 0.0187, -0.5407 0.2519 0.0154, -0.5331 0.2697 0.0143, -0.57 0.1771 0.0197, -0.597 0.0418 0.0269, -0.5888 0.1001 0.0239, -0.5862 0.119 0.0229, -0.5972 0.0231 0.0278, -0.5887 -0.1113 0.0345, -0.5956 -0.0531 0.0315, -0.5978 -0.0343 0.0306, -0.5839 -0.1303 0.0355, -0.5392 -0.2629 0.043, -0.5617 -0.2068 0.0397, -0.5692 -0.1882 0.0386, -0.5291 -0.2805 0.0441, -0.4504 -0.3972 0.0518, -0.4868 -0.3494 0.0486, -0.4992 -0.3332 0.0474, -0.4359 -0.4116 0.0529, -0.3324 -0.5006 0.06, -0.3781 -0.4656 0.057, -0.3941 -0.4533 0.056, -0.3153 -0.5105 0.0609, -0.1948 -0.5688 0.0676, -0.2481 -0.5465 0.0647, -0.2665 -0.5388 0.0636, -0.1749 -0.5742 0.0687, -0.0383 -0.6002 0.0761, -0.0972 -0.5924 0.0729, -0.1182 -0.5896 0.0718, -0.0169 -0.6001 0.0773, 0.1222 -0.5888 0.0849, 0.0639 -0.5969 0.0817, 0.0425 -0.5999 0.0806, 0.1429 -0.583 0.0861, 0.2701 -0.537 0.0931, 0.2182 -0.5591 0.0902, 0.1987 -0.5675 0.0891, 0.288 -0.5265 0.0941, 0.3972 -0.4506 0.1007, 0.3524 -0.4855 0.0978, 0.3357 -0.4984 0.0967, 0.4125 -0.4352 0.1018, 0.5015 -0.3297 0.1093, 0.4665 -0.3762 0.1061, 0.4531 -0.394 0.1049, 0.5125 -0.31 0.1105, 0.5705 -0.1843 0.1181, 0.5493 -0.238 0.1149, 0.541 -0.2591 0.1137, 0.5759 -0.1624 0.1193, 0.598 -0.0303 0.1261, 0.5919 -0.0852 0.1234, 0.5895 -0.1073 0.1222, 0.5977 -0.0086 0.1272, 0.5853 0.123 0.1338, 0.5935 0.0678 0.131, 0.5967 0.0458 0.1298, 0.579 0.145 0.135, 0.5312 0.2735 0.1424, 0.5541 0.221 0.1393, 0.5635 0.1996 0.138, 0.5189 0.2937 0.1437, 0.4385 0.4049 0.1512, 0.4742 0.3609 0.1481, 0.4891 0.3425 0.1468, 0.4213 0.4211 0.1524, 0.3182 0.5044 0.1592, 0.362 0.4728 0.1565, 0.3809 0.4592 0.1554, 0.2982 0.5152 0.1603, 0.1782 0.5688 0.1669, 0.2294 0.5491 0.1641, 0.2512 0.5407 0.1629, 0.1549 0.5744 0.1682, 0.0204 0.5956 0.1756, 0.0763 0.5899 0.1725, 0.1007 0.5874 0.1712, -0.0043 0.5948 0.1769, -0.1395 0.5795 0.1843, -0.0848 0.5888 0.1813, -0.0604 0.5929 0.18, -0.163 0.5722 0.1856, -0.2851 0.5237 0.1923, -0.237 0.5459 0.1897, -0.215 0.556 0.1885, -0.3051 0.5112 0.1934, -0.4101 0.4334 0.2, -0.3685 0.4677 0.1973, -0.3497 0.4832 0.196, -0.4272 0.415 0.2014, -0.5111 0.3091 0.2087, -0.4793 0.3541 0.2057, -0.4645 0.375 0.2043, -0.523 0.2861 0.2101, -0.5756 0.1619 0.2174, -0.5572 0.213 0.2145, -0.5484 0.2374 0.2131, -0.581 0.1368 0.2188, -0.5986 0.008 0.2254, -0.5943 0.0596 0.2228, -0.5923 0.0848 0.2216, -0.5974 -0.0166 0.2266, -0.5814 -0.1455 0.2331, -0.5906 -0.0934 0.2304, -0.5951 -0.0683 0.2291, -0.5735 -0.1705 0.2345, -0.5227 -0.2947 0.2418, -0.5458 -0.2458 0.2389, -0.5572 -0.2217 0.2374, -0.508 -0.3172 0.2433, -0.4262 -0.4231 0.2506, -0.461 -0.3828 0.2477, -0.4786 -0.3624 0.2462, -0.4063 -0.4408 0.252, -0.3038 -0.5186 0.2585, -0.3456 -0.4902 0.256, -0.3673 -0.4754 0.2547, -0.2808 -0.5302 0.2597, -0.1614 -0.5792 0.2663, -0.2104 -0.562 0.2636, -0.2355 -0.5531 0.2622, -0.1346 -0.5848 0.2677, -0.0025 -0.6014 0.275, -0.0553 -0.5976 0.2721, -0.0831 -0.5956 0.2705, 0.0255 -0.5996 0.2765, 0.1566 -0.5805 0.2837, 0.1056 -0.5908 0.2809, 0.0781 -0.5963 0.2794, 0.1829 -0.5715 0.2851, 0.2997 -0.521 0.2915, 0.2554 -0.5429 0.2891, 0.231 -0.555 0.2878, 0.322 -0.5061 0.2928, 0.4228 -0.4266 0.2994, 0.3844 -0.4601 0.2967, 0.3635 -0.4784 0.2953, 0.4415 -0.4052 0.3009, 0.5202 -0.299 0.3081, 0.4915 -0.3423 0.3053, 0.4756 -0.3664 0.3037, 0.5329 -0.2728 0.3097, 0.5802 -0.1503 0.3168, 0.5644 -0.1987 0.3141, 0.5553 -0.2263 0.3125, 0.5854 -0.122 0.3183, 0.5986 0.0033 0.3246, 0.596 -0.0449 0.3222, 0.5945 -0.0731 0.3209, 0.5966 0.0312 0.326, 0.5769 0.1572 0.3325, 0.5871 0.1082 0.3299, 0.5929 0.08 0.3284, 0.5672 0.1851 0.3341, 0.5137 0.3048 0.3412, 0.5368 0.2595 0.3385, 0.5504 0.2328 0.3368, 0.4964 0.3296 0.3429, 0.4137 0.43 0.3499, 0.4473 0.3933 0.3473, 0.4676 0.3711 0.3456, 0.3909 0.4492 0.3515, 0.2892 0.5215 0.3577, 0.329 0.4961 0.3554, 0.3536 0.4804 0.354, 0.2629 0.5338 0.3591, 0.1443 0.5783 0.3656, 0.191 0.5634 0.3631, 0.2195 0.5543 0.3615, 0.1141 0.5837 0.3673, -0.0154 0.5958 0.3744, 0.0342 0.5937 0.3716, 0.0653 0.5924 0.3699, -0.0466 0.5929 0.3761, -0.1735 0.5703 0.383, -0.1262 0.5812 0.3804, -0.0958 0.5883 0.3788, -0.2024 0.5594 0.3846, -0.3142 0.5069 0.3908, -0.2734 0.5286 0.3885, -0.2468 0.5427 0.3871, -0.3387 0.4895 0.3923, -0.4351 0.4085 0.3987, -0.3999 0.4411 0.3962, -0.3771 0.4623 0.3946, -0.4553 0.384 0.4005, -0.5288 0.2779 0.4075, -0.5032 0.3192 0.4048, -0.4862 0.3466 0.4031, -0.5421 0.2483 0.4093, -0.5843 0.1278 0.4161, -0.5709 0.1733 0.4136, -0.5618 0.2043 0.4119, -0.5892 0.0963 0.4178, -0.5982 -0.0256 0.4238, -0.5971 0.0195 0.4217, -0.5963 0.0506 0.4201, -0.595 -0.0567 0.4254, -0.572 -0.1795 0.4319, -0.5828 -0.1339 0.4294, -0.5903 -0.1025 0.4277, -0.5601 -0.2103 0.4336, -0.5042 -0.3254 0.4406, -0.5271 -0.2838 0.438, -0.5431 -0.2546 0.4362, -0.4843 -0.3524 0.4425, -0.4008 -0.4474 0.4493, -0.4331 -0.4141 0.4468, -0.4563 -0.3903 0.445, -0.3751 -0.4677 0.4509, -0.2743 -0.5348 0.4569, -0.3121 -0.5122 0.4548, -0.3396 -0.4957 0.4532, -0.2446 -0.5478 0.4585, -0.1271 -0.5877 0.465, -0.1712 -0.575 0.4626, -0.2033 -0.5658 0.4608, -0.0934 -0.5927 0.4668, 0.0333 -0.6005 0.4738, -0.0131 -0.5999 0.4712, -0.0475 -0.5995 0.4693, 0.0676 -0.5962 0.4757, 0.1902 -0.5704 0.4824, 0.1465 -0.5818 0.48, 0.1133 -0.5906 0.4782, 0.2215 -0.5575 0.4841, 0.3284 -0.5033 0.49, 0.291 -0.5245 0.4879, 0.2623 -0.5409 0.4863, 0.3552 -0.4831 0.4917, 0.4471 -0.4009 0.4981, 0.415 -0.4324 0.4957, 0.3905 -0.4565 0.4939, 0.4686 -0.3731 0.5, 0.537 -0.2674 0.5069, 0.5143 -0.3065 0.5044, 0.4964 -0.3373 0.5025, 0.5506 -0.2344 0.5088, 0.5878 -0.1161 0.5155, 0.5766 -0.1587 0.5132, 0.5677 -0.1929 0.5113, 0.5922 -0.0815 0.5172, 0.5973 0.0371 0.5231, 0.5975 -0.005 0.5211, 0.5976 -0.039 0.5194, 0.5928 0.0714 0.5248, 0.5665 0.191 0.5312, 0.5779 0.1486 0.5289, 0.5871 0.1142 0.527, 0.5524 0.2245 0.5332, 0.4943 0.335 0.54, 0.5168 0.2969 0.5376, 0.5353 0.2653 0.5356, 0.4717 0.3638 0.542, 0.3877 0.4535 0.5486, 0.4185 0.4236 0.5463, 0.4446 0.3982 0.5444, 0.359 0.4748 0.5504, 0.2591 0.537 0.5562, 0.295 0.5169 0.5542, 0.3255 0.4998 0.5525, 0.2259 0.5503 0.558, 0.1097 0.5858 0.5644, 0.1512 0.5752 0.5621, 0.1868 0.5661 0.5601, 0.0725 0.5902 0.5664, -0.0512 0.5938 0.5732, -0.0081 0.5945 0.5708, 0.0296 0.5952 0.5688, -0.0886 0.588 0.5752, -0.2067 0.5592 0.5817, -0.1666 0.571 0.5795, -0.1307 0.5815 0.5775, -0.2403 0.5442 0.5835, -0.3425 0.4883 0.5893, -0.3081 0.5092 0.5873, -0.2774 0.5278 0.5856, -0.3714 0.4653 0.5911, -0.4587 0.382 0.5975, -0.4297 0.4122 0.5953, -0.4035 0.4395 0.5933, -0.4814 0.3509 0.5996, -0.5447 0.2458 0.6063, -0.5247 0.2827 0.604, -0.5062 0.3169 0.6019, -0.5584 0.2094 0.6084, -0.5909 0.0935 0.6148, -0.5817 0.1331 0.6127, -0.573 0.1706 0.6107, -0.5945 0.0559 0.6167, -0.596 -0.0595 0.6224, -0.5972 -0.0203 0.6205, -0.5984 0.0167 0.6187, -0.5899 -0.0971 0.6243, -0.5605 -0.2132 0.6306, -0.5722 -0.1741 0.6284, -0.5835 -0.1368 0.6264, -0.5441 -0.2493 0.6328, -0.4584 -0.3856 0.6416, -0.5271 -0.2866 0.635, -0.5058 -0.3204 0.6372, -0.484 -0.355 0.6394, -0.4326 -0.4166 0.6438, -0.4034 -0.4433 0.6458, -0.3743 -0.4699 0.6479, -0.3426 -0.4922 0.6498, -0.3112 -0.5142 0.6517, -0.2775 -0.5318 0.6536, -0.1309 -0.5855 0.6616, -0.2436 -0.5496 0.6555, -0.2068 -0.5632 0.6575, -0.17 -0.5767 0.6595, 0.0293 -0.5993 0.6704, -0.0921 -0.5943 0.6638, -0.0515 -0.5978 0.666, -0.0117 -0.6013 0.6682, 0.069 -0.5974 0.6726, 0.1093 -0.59 0.6748, 0.1479 -0.5828 0.6769, 0.1864 -0.5703 0.679, 0.2229 -0.5584 0.681, 0.2587 -0.5412 0.683, 0.2923 -0.5252 0.6848, 0.325 -0.504 0.6867, 0.3565 -0.4837 0.6885, 0.3872 -0.4576 0.6906, 0.4936 -0.339 0.6992, 0.4163 -0.4329 0.6926, 0.444 -0.4023 0.6948, 0.4699 -0.3736 0.6969, 0.5156 -0.307 0.7013, 0.5345 -0.2693 0.7036, 0.5519 -0.2348 0.7057, 0.5655 -0.1951 0.708, 0.5779 -0.159 0.71, 0.5861 -0.1183 0.7122, 0.5934 -0.0818 0.7141, 0.5962 -0.0412 0.7161, 0.5987 -0.0053 0.7179, 0.5963 0.0348 0.7199, 0.5941 0.0712 0.7216, 0.5863 0.1119 0.7238, 0.5793 0.1484 0.7257, 0.5659 0.1886 0.728, 0.5539 0.2243 0.73, 0.535 0.263 0.7324, 0.5183 0.2968 0.7344, 0.4942 0.3327 0.7368, 0.4733 0.3639 0.7388, 0.4447 0.3961 0.7412, 0.4202 0.4238 0.7431, 0.388 0.4515 0.7453, 0.3607 0.4751 0.7472, 0.3259 0.498 0.7493, 0.2967 0.5173 0.751, 0.2596 0.5354 0.753, 0.2277 0.551 0.7547, 0.1874 0.5645 0.757, 0.1531 0.5761 0.7588, 0.1103 0.5844 0.7612, 0.0744 0.5913 0.7631, 0.0304 0.5938 0.7656, -0.0062 0.5959 0.7676, -0.0504 0.5925 0.77, -0.0867 0.5896 0.772, -0.1299 0.5804 0.7743, -0.1649 0.5728 0.7763, -0.2059 0.5581 0.7785, -0.2388 0.5463 0.7803, -0.2766 0.5268 0.7824, -0.3068 0.5114 0.784, -0.3417 0.4874 0.7861, -0.3702 0.4678 0.7878, -0.4027 0.4386 0.7901, -0.4288 0.4151 0.792, -0.4578 0.381 0.7944, -0.4808 0.354 0.7963, -0.5052 0.3159 0.7988, -0.5245 0.286 0.8007, -0.5436 0.2448 0.8032, -0.5585 0.2128 0.8051, -0.5719 0.1697 0.8075, -0.5823 0.1366 0.8094, -0.5898 0.0927 0.8117, -0.5955 0.0593 0.8134, -0.5972 0.0158 0.8155, -0.5985 -0.0169 0.8171, -0.5947 -0.0603 0.8193, -0.5917 -0.0937 0.8209, -0.582 -0.1375 0.8233, -0.5746 -0.1709 0.8251, -0.5588 -0.2139 0.8276, -0.5469 -0.2462 0.8294, -0.5252 -0.2872 0.832, -0.5091 -0.3177 0.8338, -0.4821 -0.3555 0.8364, -0.4622 -0.3833 0.8382, -0.4305 -0.4169 0.8407, -0.4075 -0.4413 0.8425, -0.3722 -0.4701 0.8448, -0.3468 -0.4907 0.8465, -0.309 -0.5141 0.8487, -0.282 -0.5308 0.8502, -0.2413 -0.5493 0.8524, -0.2116 -0.5627 0.8541, -0.1676 -0.5761 0.8565, -0.1359 -0.5857 0.8582, -0.0896 -0.5933 0.8607, -0.0567 -0.5987 0.8625, -0.0092 -0.6 0.8651, 0.0242 -0.6009 0.867, 0.0715 -0.5958 0.8696, 0.1043 -0.5922 0.8714, 0.1502 -0.5809 0.8739, 0.1817 -0.5731 0.8756, 0.225 -0.5562 0.878, 0.2544 -0.5447 0.8796, 0.2942 -0.5228 0.8818, 0.3211 -0.508 0.8833, 0.3582 -0.4809 0.8856, 0.3836 -0.4623 0.8872, 0.4178 -0.4298 0.8896, 0.441 -0.4076 0.8913, 0.471 -0.3701 0.8939, 0.4912 -0.3449 0.8957, 0.5163 -0.3032 0.8983, 0.5329 -0.2756 0.9001, 0.5521 -0.2309 0.9028, 0.5647 -0.2015 0.9045, 0.5777 -0.155 0.9071, 0.5861 -0.1249 0.9087, 0.5927 -0.0779 0.9111, 0.597 -0.0477 0.9127, 0.5975 -0.0014 0.9149, 0.5979 0.0284 0.9164, 0.5924 0.0751 0.9187, 0.5888 0.1054 0.9203, 0.577 0.1523 0.9228, 0.5694 0.1824 0.9244, 0.551 0.228 0.9271, 0.5394 0.257 0.9288, 0.5149 0.3002 0.9315, 0.4995 0.3273 0.9332, 0.4693 0.3669 0.9359, 0.4507 0.3914 0.9376, 0.4158 0.4263 0.9402, 0.3945 0.4476 0.9418, 0.356 0.4771 0.9443, 0.3328 0.495 0.9458, 0.2919 0.5187 0.9481, 0.2669 0.5332 0.9494, 0.2225 0.5518 0.9519, 0.1953 0.5632 0.9534, 0.1475 0.5762 0.956, 0.1186 0.5841 0.9576, 0.0687 0.5907 0.9603, 0.0388 0.5947 0.9619, -0.012 0.5946 0.9647, -0.0421 0.5945 0.9664, -0.0924 0.5875 0.9691, -0.1218 0.5834 0.9707, -0.1702 0.57 0.9734, -0.1983 0.5622 0.9749, -0.2437 0.5428 0.9774, -0.2697 0.5318 0.9789, -0.3113 0.5074 0.9812, -0.3353 0.4932 0.9825, -0.3743 0.463 0.985, -0.3969 0.4455 0.9865, -0.4324 0.4095 0.9892, -0.4528 0.389 0.9907, -0.4838 0.3478 0.9935, -0.5013 0.3246 0.9951, -0.5266 0.2793 0.9979, -0.5408 0.2541 0.9995, -0.5598 0.2059 1.0023, -0.5703 0.1793 1.0039, -0.5827 0.1295 1.0066, -0.5894 0.1023 1.008, -0.595 0.0523 1.0106, -0.598 0.0253 1.0119, -0.5972 -0.0239 1.0143, -0.5967 -0.0508 1.0156, -0.5894 -0.1008 1.0182, -0.5854 -0.128 1.0196, -0.5712 -0.1778 1.0223, -0.5636 -0.2046 1.0238, -0.5426 -0.2528 1.0267, -0.5314 -0.2785 1.0282, -0.5039 -0.3238 1.0311, -0.4894 -0.3476 1.0327, -0.4561 -0.3887 1.0355, -0.4388 -0.41 1.037, -0.4007 -0.4459 1.0397, -0.3812 -0.4643 1.0412, -0.3396 -0.4944 1.0437, -0.3185 -0.5096 1.045, -0.2744 -0.5336 1.0475, -0.2516 -0.546 1.0487, -0.2034 -0.5646 1.0514, -0.1786 -0.5741 1.0527, -0.1272 -0.5865 1.0555, -0.1011 -0.5928 1.057, -0.0477 -0.5983 1.0599, -0.0209 -0.601 1.0614, 0.0332 -0.5993 1.0643, 0.0599 -0.5984 1.0658, 0.1131 -0.5894 1.0687, 0.1391 -0.585 1.0701, 0.19 -0.5692 1.0729, 0.2146 -0.5616 1.0743, 0.262 -0.5398 1.0769, 0.2847 -0.5294 1.0781, 0.3282 -0.5021 1.0806, 0.3493 -0.4889 1.0818, 0.3901 -0.4553 1.0845, 0.4098 -0.4391 1.0858, 0.4467 -0.3996 1.0887, 0.4642 -0.3807 1.0901, 0.4959 -0.336 1.0931, 0.5108 -0.3149 1.0945, 0.5364 -0.266 1.0975, 0.5482 -0.2432 1.0989, 0.5669 -0.1915 1.1019, 0.5755 -0.1678 1.1032, 0.587 -0.1147 1.1061, 0.5922 -0.0906 1.1074, 0.5966 -0.0376 1.11, 0.5986 -0.0139 1.1112, 0.5962 0.0385 1.1137, 0.5951 0.0624 1.1149, 0.5857 0.1156 1.1177, 0.5815 0.1397 1.1189, 0.5648 0.1923 1.1219, 0.5574 0.2159 1.1232, 0.5334 0.2665 1.1263, 0.5229 0.2888 1.1276, 0.4922 0.336 1.1307, 0.4789 0.3566 1.1321, 0.4423 0.3991 1.1351, 0.4266 0.4174 1.1364, 0.3853 0.4541 1.1392, 0.3677 0.4697 1.1405, 0.3229 0.5002 1.1431, 0.3041 0.513 1.1443, 0.2564 0.5371 1.1469, 0.2359 0.5475 1.148, 0.1839 0.5659 1.1508, 0.1618 0.5737 1.1521, 0.1066 0.5853 1.1551, 0.0835 0.5901 1.1563, 0.0265 0.5942 1.1595, 0.003 0.596 1.1608, -0.0543 0.5924 1.1639, -0.0777 0.5909 1.1652, -0.1336 0.5797 1.1682, -0.1562 0.5752 1.1695, -0.2094 0.557 1.1724, -0.2306 0.5498 1.1736, -0.28 0.5253 1.1763, -0.2994 0.5157 1.1773, -0.3449 0.4854 1.18, -0.3632 0.4732 1.1811, -0.4056 0.4362 1.184, -0.4225 0.4215 1.1852, -0.4604 0.3783 1.1883, -0.4753 0.3613 1.1895, -0.5075 0.3128 1.1927, -0.52 0.294 1.1939, -0.5454 0.2414 1.1971, -0.5552 0.2213 1.1983, -0.5733 0.1661 1.2014, -0.5801 0.1453 1.2026, -0.5906 0.089 1.2056, -0.5945 0.0681 1.2067, -0.5975 0.0122 1.2094, -0.5986 -0.0083 1.2104, -0.5945 -0.064 1.2132, -0.593 -0.085 1.2142, -0.5814 -0.1413 1.2172, -0.5771 -0.1621 1.2183, -0.5577 -0.2175 1.2215, -0.5506 -0.2378 1.2226, -0.5236 -0.2907 1.2259, -0.5139 -0.3098 1.227, -0.48 -0.3587 1.2303, -0.4679 -0.3762 1.2314, -0.428 -0.4198 1.2346, -0.414 -0.4351 1.2357, -0.3694 -0.4726 1.2387, -0.3539 -0.4856 1.2398, -0.306 -0.5162 1.2425, -0.2896 -0.5267 1.2435, -0.238 -0.551 1.2463, -0.2199 -0.5595 1.2473, -0.1641 -0.5774 1.2504, -0.1448 -0.5836 1.2514, -0.0859 -0.5942 1.2546, -0.0658 -0.5978 1.2557, -0.0054 -0.6003 1.2591, 0.015 -0.6012 1.2602, 0.0753 -0.5956 1.2635, 0.0953 -0.5937 1.2646, 0.1539 -0.5802 1.2678, 0.1731 -0.5758 1.2688, 0.2285 -0.555 1.2719, 0.2464 -0.5483 1.2729, 0.2974 -0.5213 1.2757, 0.3138 -0.5126 1.2766, 0.3613 -0.4789 1.2795, 0.3768 -0.468 1.2804, 0.4207 -0.4273 1.2835, 0.4348 -0.4143 1.2845, 0.4736 -0.3673 1.2878, 0.4859 -0.3524 1.2889, 0.5185 -0.3001 1.2923, 0.5286 -0.2837 1.2933, 0.5538 -0.2275 1.2967, 0.5616 -0.2101 1.2977, 0.5789 -0.1515 1.301, 0.5842 -0.1336 1.302, 0.5935 -0.0742 1.305, 0.5963 -0.0564 1.3059, 0.5978 0.0022 1.3088, 0.5983 0.0197 1.3096, 0.5922 0.0788 1.3126, 0.5904 0.0967 1.3135, 0.5763 0.156 1.3167, 0.5721 0.1737 1.3177, 0.5499 0.2317 1.321, 0.5433 0.2487 1.322, 0.5132 0.3037 1.3254, 0.5045 0.3196 1.3264, 0.4672 0.3701 1.3299, 0.4566 0.3845 1.3308, 0.4133 0.4291 1.3341, 0.4012 0.4417 1.3351, 0.3533 0.4795 1.3382, 0.34 0.4901 1.339, 0.2889 0.5207 1.3419, 0.2747 0.5292 1.3427, 0.2192 0.5535 1.3458, 0.2037 0.5602 1.3466, 0.144 0.5775 1.3499, 0.1275 0.5822 1.3508, 0.0649 0.5915 1.3542, 0.048 0.594 1.3551, -0.0158 0.5948 1.3586, -0.0329 0.5951 1.3596, -0.0962 0.5873 1.363, -0.1128 0.5852 1.364, -0.1739 0.5692 1.3673, -0.1898 0.5651 1.3682, -0.2472 0.5416 1.3713, -0.2619 0.5356 1.3721, -0.3145 0.5058 1.3751, -0.3281 0.4981 1.3758, -0.3774 0.461 1.3789, -0.3901 0.4514 1.3797, -0.4353 0.407 1.3831, -0.4468 0.3958 1.3839, -0.4863 0.345 1.3874, -0.4962 0.3323 1.3883, -0.5288 0.2761 1.3918, -0.5368 0.2623 1.3927, -0.5615 0.2024 1.3962, -0.5675 0.1879 1.3971, -0.5839 0.1259 1.4005, -0.5878 0.1111 1.4013, -0.5957 0.0487 1.4045, -0.5975 0.034 1.4052, -0.5974 -0.0275 1.4082, -0.5974 -0.0421 1.4089, -0.5892 -0.1045 1.4121, -0.5872 -0.1192 1.4128, -0.5705 -0.1815 1.4162, -0.5666 -0.196 1.417, -0.5413 -0.2565 1.4206, -0.5356 -0.2703 1.4214, -0.5021 -0.3272 1.425, -0.4946 -0.34 1.4258, -0.4539 -0.3918 1.4294, -0.4449 -0.4033 1.4302, -0.3982 -0.4487 1.4336, -0.388 -0.4586 1.4344, -0.3368 -0.4968 1.4376, -0.3258 -0.5049 1.4383, -0.2713 -0.5356 1.4413, -0.2595 -0.5422 1.442, -0.2 -0.5662 1.4452, -0.1872 -0.5714 1.4459, -0.1236 -0.5877 1.4494, -0.1101 -0.5912 1.4502, -0.0439 -0.599 1.4538, -0.0301 -0.6006 1.4546, 0.037 -0.5995 1.4582, 0.0508 -0.5992 1.459, 0.1169 -0.5891 1.4626, 0.1302 -0.587 1.4633, 0.1937 -0.5684 1.4668, 0.2062 -0.5647 1.4675, 0.2655 -0.5385 1.4708, 0.277 -0.5334 1.4714, 0.3314 -0.5005 1.4745, 0.3422 -0.494 1.4751, 0.3932 -0.4532 1.4784, 0.4032 -0.4452 1.4791, 0.4495 -0.397 1.4826, 0.4584 -0.3878 1.4833, 0.4984 -0.333 1.487, 0.506 -0.3227 1.4877, 0.5385 -0.2627 1.4914, 0.5445 -0.2516 1.4921, 0.5685 -0.188 1.4958, 0.5729 -0.1765 1.4965, 0.5881 -0.1111 1.5, 0.5908 -0.0994 1.5006, 0.5972 -0.034 1.5039, 0.5983 -0.0225 1.5045, 0.5964 0.0421 1.5076, 0.596 0.0537 1.5082, 0.5854 0.1193 1.5116, 0.5836 0.1309 1.5122, 0.564 0.196 1.5158, 0.5606 0.2073 1.5164, 0.5321 0.2701 1.5202, 0.5273 0.2808 1.5208, 0.4904 0.3394 1.5246, 0.4843 0.3492 1.5253, 0.4401 0.4022 1.529, 0.4329 0.4109 1.5296, 0.3827 0.4569 1.5331, 0.3746 0.4642 1.5337, 0.3201 0.5025 1.537, 0.3115 0.5085 1.5375, 0.2533 0.5391 1.5407, 0.244 0.544 1.5413, 0.1805 0.5675 1.5447, 0.1705 0.5712 1.5453, 0.103 0.5864 1.549, 0.0926 0.5888 1.5496, 0.0227 0.5949 1.5534, 0.0122 0.5958 1.554, -0.0581 0.5925 1.5578, -0.0686 0.592 1.5584, -0.1374 0.5794 1.5622, -0.1474 0.5775 1.5627, -0.2131 0.5562 1.5663, -0.2224 0.5531 1.5668, -0.2833 0.5241 1.5702, -0.2919 0.52 1.5706, -0.3481 0.4837 1.5739, -0.3561 0.4785 1.5744, -0.4087 0.434 1.5779, -0.416 0.4278 1.5784, -0.4632 0.3757 1.5822, -0.4697 0.3685 1.5827, -0.51 0.3098 1.5866, -0.5153 0.302 1.5871, -0.5475 0.2382 1.591, -0.5517 0.2298 1.5915, -0.5748 0.1627 1.5953, -0.5778 0.154 1.5958, -0.5916 0.0855 1.5995, -0.5934 0.0769 1.5999, -0.5981 0.0087 1.6033, -0.5987 0.0003 1.6037, -0.5946 -0.0677 1.607, -0.5941 -0.0762 1.6075, -0.581 -0.145 1.6111, -0.5794 -0.1534 1.6115, -0.5568 -0.2213 1.6154, -0.5541 -0.2293 1.6158, -0.5223 -0.2943 1.6198, -0.5186 -0.3019 1.6202, -0.4782 -0.3621 1.6242, -0.4736 -0.369 1.6246, -0.4258 -0.4229 1.6285, -0.4205 -0.4289 1.6289, -0.3959 -0.4517 1.8276, -0.3948 -0.4528 1.8276, -0.3342 -0.4993 1.8315, -0.3331 -0.5002 1.8316, -0.2673 -0.5384 1.8353, -0.1957 -0.5685 1.8392, -0.1191 -0.5894 1.8434, -0.0393 -0.6001 1.8478, 0.0416 -0.5999 1.8522, 0.1213 -0.589 1.8566, 0.1978 -0.5677 1.8607, 0.2693 -0.5374 1.8647, 0.335 -0.4989 1.8683, 0.3965 -0.4512 1.8723, 0.4525 -0.3947 1.8765, 0.501 -0.3304 1.8809, 0.5406 -0.2599 1.8853, 0.5702 -0.1851 1.8897, 0.5893 -0.1082 1.8939, 0.598 -0.0312 1.8977, 0.5968 0.0449 1.9014, 0.5855 0.1221 1.9054, 0.5638 0.1987 1.9096, 0.5316 0.2726 1.914, 0.4391 0.4042 1.9228, 0.4887 0.3429 1.9185, 0.4896 0.3418 1.9185, 0.438 0.4053 1.9229, 0.3189 0.504 1.9308, 0.3802 0.4596 1.927, 0.3815 0.4586 1.927, 0.3174 0.5048 1.9309, 0.1791 0.5686 1.9385, 0.2502 0.541 1.9346, 0.252 0.5404 1.9345, 0.1771 0.569 1.9386, 0.0214 0.5956 1.9472, 0.0994 0.5875 1.9429, 0.1016 0.5873 1.9428, 0.019 0.5955 1.9473, -0.1386 0.5797 1.9559, -0.0619 0.5926 1.9517, -0.0594 0.593 1.9516, -0.1411 0.5789 1.9561, -0.2843 0.5241 1.9639, -0.2166 0.5552 1.9602, -0.2142 0.5563 1.9601, -0.2867 0.5227 1.964, -0.4095 0.434 1.9716, -0.3513 0.4819 1.9678, -0.349 0.4837 1.9676, -0.4116 0.4317 1.9718, -0.5106 0.3098 1.9803, -0.4659 0.373 1.9761, -0.4639 0.3757 1.9759, -0.5122 0.3068 1.9805, -0.5753 0.1628 1.989, -0.5493 0.2348 1.9849, -0.5481 0.2382 1.9847, -0.5761 0.1592 1.9892, -0.5986 0.0089 1.997, -0.5924 0.0819 1.9934, -0.5921 0.0856 1.9932, -0.5984 0.0051 1.9972, -0.5816 -0.1447 2.0047, -0.5945 -0.0713 2.0009, -0.5952 -0.0674 2.0007, -0.5803 -0.1487 2.005, -0.5231 -0.2939 2.0134, -0.5556 -0.2248 2.0093, -0.5575 -0.2208 2.009, -0.5206 -0.2977 2.0137, -0.4269 -0.4225 2.0222, -0.4761 -0.3652 2.0181, -0.4791 -0.3617 2.0179, -0.4233 -0.4256 2.0224, -0.3045 -0.5182 2.0301, -0.3641 -0.4776 2.0265, -0.368 -0.4749 2.0263, -0.3002 -0.5203 2.0303, -0.1622 -0.579 2.0379, -0.2315 -0.5545 2.0341, -0.2363 -0.5528 2.0338, -0.1571 -0.5801 2.0381, -0.0034 -0.6014 2.0466, -0.0785 -0.5959 2.0425, -0.084 -0.5955 2.0422, 0.0022 -0.601 2.0469, 0.1558 -0.5808 2.0553, 0.0829 -0.5953 2.0513, 0.0772 -0.5964 2.051, 0.1613 -0.5789 2.0556, 0.299 -0.5214 2.0631, 0.2355 -0.5528 2.0597, 0.2302 -0.5553 2.0594, 0.3038 -0.5182 2.0634, 0.4221 -0.4272 2.071, 0.3674 -0.4749 2.0672, 0.3628 -0.4789 2.0669, 0.4263 -0.4224 2.0713, 0.5197 -0.2998 2.0797, 0.4787 -0.3616 2.0756, 0.475 -0.3671 2.0753, 0.5227 -0.2937 2.0801, 0.58 -0.1512 2.0884, 0.5571 -0.2207 2.0845, 0.555 -0.2272 2.0841, 0.5812 -0.1444 2.0888, 0.5987 0.0025 2.0962, 0.5948 -0.0671 2.0928, 0.5944 -0.0739 2.0925, 0.5982 0.0093 2.0965, 0.5772 0.1563 2.1041, 0.5916 0.0861 2.1004, 0.5931 0.0791 2.1, 0.5747 0.1633 2.1045, 0.5141 0.304 2.1128, 0.5473 0.2388 2.1088, 0.5508 0.232 2.1084, 0.5097 0.3105 2.1133, 0.4143 0.4294 2.1215, 0.4629 0.3762 2.1177, 0.4682 0.3704 2.1172, 0.4082 0.4345 2.1219, 0.29 0.5211 2.1293, 0.3476 0.4841 2.126, 0.3543 0.4799 2.1256, 0.2828 0.5244 2.1297, 0.2203 0.5539 2.1331, 0.2125 0.5565 2.1335, 0.1452 0.5781 2.1372, 0.5436 0.0415 1.9322, 0.5332 0.1119 1.9362, 0.5196 -0.1685 1.9205, 0.537 -0.0983 1.9246, 0.4123 -0.3598 1.9073, 0.4565 -0.3011 1.9117, 0.2451 -0.4899 1.8954, 0.305 -0.4549 1.8991, 0.0372 -0.5468 1.8829, 0.11 -0.5369 1.8873, -0.1793 -0.5178 1.8699, -0.1094 -0.537 1.8741, -0.501 -0.2183 -0.5182, -0.4673 -0.2839 -0.5138, -0.5454 -0.0089 -0.5304, -0.5401 -0.0789 -0.5266, -0.3311 0.4307 -0.5598, 0.277 -0.4726 2.0942, 0.4765 -0.268 2.1108, 0.4825 -0.257 2.1116, 0.4364 -0.3299 2.1064, 0.3887 -0.3853 2.1021, 0.335 -0.4331 2.098, 0.2147 -0.5041 2.0904, 0.147 -0.5279 2.0864, 0.0756 -0.5429 2.0821, 0.0021 -0.5481 2.0776, -0.0715 -0.5434 2.0732, -0.1431 -0.529 2.0689, -0.211 -0.5056 2.0648, -0.2736 -0.4745 2.061, -0.3318 -0.4356 2.0573, -0.3858 -0.3882 2.0532, -0.4339 -0.3331 2.0489, -0.4745 -0.2716 2.0444, -0.5064 -0.2052 2.04, -0.5289 -0.1358 2.0357, -0.5418 -0.0653 2.0317, -0.5454 0.0044 2.0279, -0.474 0.267 -0.547, -0.4333 0.3285 -0.5514, -0.5061 0.2007 -0.5425, -0.3851 0.3835 -0.5557, -0.2729 0.4695 -0.5636, -0.5287 0.1313 -0.5382, -0.5417 0.0608 -0.5342, -0.5253 -0.1493 -0.5225, -0.4252 -0.3443 -0.5093, -0.262 -0.481 -0.4973, -0.3209 -0.4437 -0.501, -0.3758 -0.398 -0.5051, -0.1983 -0.5108 -0.4935, -0.1296 -0.5325 -0.4893, -0.0574 -0.5451 -0.485, 0.0163 -0.5479 -0.4806, 0.0896 -0.5407 -0.4762, 0.1604 -0.524 -0.4719, 0.2271 -0.4986 -0.4679, 0.2884 -0.4656 -0.4642, 0.3457 -0.4246 -0.4603, 0.3984 -0.3752 -0.4562, 0.4448 -0.3184 -0.4518, 0.4833 -0.2555 -0.4474, 0.5129 -0.1881 -0.443, 0.533 -0.1183 -0.4387, 0.5435 -0.0478 -0.4347, 0.5449 0.0217 -0.431, 0.5371 0.0919 -0.4272, 0.5199 0.1622 -0.423, 0.493 0.2305 -0.4186, 0.4571 0.2949 -0.4142, 0.4129 0.3536 -0.4098, 0.3619 0.4053 -0.4056, 0.3058 0.4489 -0.4016, 0.2459 0.4841 -0.3979, 0.1807 0.5119 -0.394, 0.1109 0.5313 -0.3898, 0.0382 0.5414 -0.3854, -0.0356 0.5415 -0.381, -0.1084 0.5318 -0.3766, -0.1784 0.5127 -0.3724, -0.2437 0.4852 -0.3685, -0.3037 0.4503 -0.3648, -0.36 0.407 -0.3608, -0.4112 0.3556 -0.3566, -0.4557 0.297 -0.3522, -0.4919 0.2328 -0.3478, -0.5191 0.1646 -0.3434, -0.5367 0.0944 -0.3392, -0.5447 0.0241 -0.3353, -0.5437 -0.0454 -0.3316, -0.5335 -0.1158 -0.3277, -0.5138 -0.1857 -0.3234, -0.4845 -0.2532 -0.319, -0.4462 -0.3163 -0.3146, -0.4001 -0.3733 -0.3102, -0.3476 -0.423 -0.3061, -0.2905 -0.4643 -0.3022, -0.2294 -0.4975 -0.2985, -0.1628 -0.5232 -0.2945, -0.0921 -0.5403 -0.2902, -0.0189 -0.5478 -0.2858, 0.0549 -0.5453 -0.2814, 0.1271 -0.5331 -0.277, 0.196 -0.5117 -0.2729, 0.2599 -0.4822 -0.2691, 0.3189 -0.4452 -0.2653, 0.374 -0.3997 -0.2613, 0.4236 -0.3463 -0.257, 0.466 -0.2861 -0.2526, 0.5 -0.2206 -0.2482, 0.5246 -0.1517 -0.2439, 0.5397 -0.0813 -0.2397, 0.5453 -0.0113 -0.2359, 0.542 0.0583 -0.2322, 0.5293 0.1288 -0.2281, 0.507 0.1983 -0.2239, 0.4753 0.2648 -0.2194, 0.4349 0.3264 -0.215, 0.3869 0.3817 -0.2107, 0.333 0.4292 -0.2066, 0.2749 0.4683 -0.2028, 0.2124 0.4996 -0.199, 0.1447 0.5232 -0.195, 0.0731 0.5378 -0.1907, -0.0005 0.5427 -0.1862, -0.074 0.5376 -0.1818, -0.1455 0.5229 -0.1775, -0.2132 0.4993 -0.1734, -0.2757 0.4679 -0.1697, -0.3337 0.4287 -0.1659, -0.3876 0.381 -0.1618, -0.4354 0.3257 -0.1575, -0.4757 0.264 -0.153, -0.5073 0.1974 -0.1486, -0.5295 0.1279 -0.1443, -0.5421 0.0575 -0.1403, -0.5453 -0.0122 -0.1366, -0.5396 -0.0822 -0.1327, -0.5244 -0.1526 -0.1286, -0.4996 -0.2215 -0.1243, -0.4655 -0.2869 -0.1198, -0.423 -0.347 -0.1154, -0.3733 -0.4003 -0.1112, -0.3182 -0.4457 -0.1071, -0.2591 -0.4826 -0.1034, -0.1951 -0.512 -0.0996, -0.1262 -0.5333 -0.0954, -0.0539 -0.5454 -0.0911, 0.0198 -0.5478 -0.0867, 0.093 -0.5401 -0.0822, 0.1637 -0.523 -0.078, 0.2301 -0.4972 -0.074, 0.2912 -0.4639 -0.0703, 0.3483 -0.4224 -0.0664, 0.4007 -0.3727 -0.0623, 0.4468 -0.3155 -0.0579, 0.4849 -0.2524 -0.0535, 0.5141 -0.1849 -0.0491, 0.5337 -0.1149 -0.0448, 0.5438 -0.0445 -0.0409, 0.5447 0.025 -0.0372, 0.5365 0.0952 -0.0333, 0.5188 0.1654 -0.0291, 0.4915 0.2336 -0.0247, 0.4552 0.2978 -0.0203, 0.4106 0.3562 -0.0159, 0.3594 0.4076 -0.0117, 0.303 0.4508 -0.0077, 0.2429 0.4856 -0.004, 0.1775 0.513 -0.0001, 0.1075 0.532 0.0041, 0.0347 0.5416 0.0085, -0.0391 0.5413 0.0129, -0.1118 0.5311 0.0173, -0.1816 0.5116 0.0215, -0.2467 0.4837 0.0254, -0.3065 0.4484 0.0291, -0.3626 0.4047 0.0331, -0.4135 0.353 0.0373, -0.4576 0.2941 0.0417, -0.4934 0.2296 0.0461, -0.5202 0.1613 0.0505, -0.5373 0.091 0.0547, -0.5449 0.0208 0.0586, -0.5435 -0.0487 0.0622, -0.5328 -0.1191 0.0662, -0.5126 -0.189 0.0705, -0.4829 -0.2563 0.0749, -0.4442 -0.3191 0.0793, -0.3978 -0.3758 0.0837, -0.345 -0.4251 0.0878, -0.2877 -0.4661 0.0917, -0.2263 -0.4989 0.0954, -0.1596 -0.5242 0.0994, -0.0887 -0.5409 0.1037, -0.0154 -0.5479 0.1081, 0.0583 -0.545 0.1125, 0.1304 -0.5323 0.1169, 0.1991 -0.5105 0.121, 0.2628 -0.4806 0.1248, 0.3216 -0.4432 0.1285, 0.3765 -0.3973 0.1326, 0.4257 -0.3436 0.1369, 0.4678 -0.2831 0.1413, 0.5013 -0.2175 0.1457, 0.5256 -0.1484 0.15, 0.5402 -0.078 0.1541, 0.5454 -0.0081 0.1579, 0.5416 0.0617 0.1617, 0.5285 0.1321 0.1658, 0.5057 0.2015 0.1701, 0.4736 0.2678 0.1745, 0.4328 0.3292 0.1789, 0.3845 0.3841 0.1832, 0.3304 0.4312 0.1873, 0.2721 0.47 0.1911, 0.2093 0.5009 0.1948, 0.1413 0.5241 0.1989, 0.0696 0.5382 0.2032, -0.0039 0.5427 0.2077, -0.0774 0.5372 0.2121, -0.1488 0.522 0.2164, -0.2163 0.498 0.2204, -0.2785 0.4662 0.2242, -0.3364 0.4266 0.228, -0.39 0.3786 0.2321, -0.4375 0.3229 0.2364, -0.4774 0.2609 0.2409, -0.5086 0.1942 0.2453, -0.5303 0.1246 0.2496, -0.5424 0.0541 0.2536, -0.5453 -0.0155 0.2573, -0.5391 -0.0855 0.2611, -0.5234 -0.1559 0.2653, -0.4982 -0.2247 0.2696, -0.4637 -0.2899 0.2741, -0.4208 -0.3497 0.2785, -0.3708 -0.4026 0.2827, -0.3154 -0.4476 0.2867, -0.2563 -0.4842 0.2904, -0.192 -0.5132 0.2943, -0.1229 -0.5341 0.2985, -0.0505 -0.5458 0.3028, 0.0233 -0.5476 0.3073, 0.0964 -0.5395 0.3117, 0.1669 -0.5219 0.3159, 0.2332 -0.4958 0.3199, 0.294 -0.4621 0.3236, 0.3509 -0.4202 0.3275, 0.4031 -0.3701 0.3316, 0.4488 -0.3127 0.336, 0.4865 -0.2493 0.3405, 0.5152 -0.1816 0.3448, 0.5344 -0.1116 0.3491, 0.544 -0.0412 0.353, 0.5445 0.0282 0.3567, 0.5359 0.0986 0.3606, 0.5178 0.1687 0.3648, 0.49 0.2367 0.3692, 0.4532 0.3007 0.3736, 0.4083 0.3588 0.378, 0.3568 0.4098 0.3822, 0.3003 0.4526 0.3862, 0.24 0.4871 0.3898, 0.1743 0.5141 0.3938, 0.1042 0.5327 0.398, 0.0312 0.5418 0.4024, -0.0426 0.541 0.4068, -0.1152 0.5304 0.4112, -0.1848 0.5104 0.4154, -0.2496 0.4822 0.4193, -0.3092 0.4466 0.423, -0.3651 0.4025 0.427, -0.4157 0.3503 0.4312, -0.4594 0.2912 0.4356, -0.4949 0.2265 0.44, -0.5212 0.158 0.4444, -0.5379 0.0877 0.4486, -0.545 0.0175 0.4524, -0.5432 -0.052 0.4561, -0.5321 -0.1225 0.4601, -0.5114 -0.1922 0.4644, -0.4812 -0.2594 0.4688, -0.4422 -0.322 0.4732, -0.3954 -0.3784 0.4776, -0.3424 -0.4272 0.4817, -0.2849 -0.4678 0.4856, -0.2233 -0.5003 0.4893, -0.1563 -0.5252 0.4933, -0.0853 -0.5414 0.4976, -0.0119 -0.548 0.502, 0.0618 -0.5446 0.5064, 0.1338 -0.5315 0.5108, 0.2022 -0.5092 0.5149, 0.2656 -0.479 0.5187, 0.3243 -0.4412 0.5224, 0.3789 -0.395 0.5265, 0.4279 -0.3409 0.5308, 0.4696 -0.2801 0.5352, 0.5027 -0.2143 0.5396, 0.5265 -0.1451 0.5439, 0.5406 -0.0747 0.548, 0.5454 -0.0048 0.5518, 0.5412 0.065 0.5556, 0.5276 0.1355 0.5597, 0.5044 0.2047 0.564, 0.4718 0.2708 0.5684, 0.4306 0.332 0.5728, 0.3821 0.3865 0.5771, 0.3277 0.4333 0.5812, 0.2693 0.4716 0.5849, 0.2062 0.5022 0.5887, 0.138 0.5249 0.5928, 0.0662 0.5387 0.5972, -0.0074 0.5426 0.6016, -0.0809 0.5367 0.606, -0.1521 0.521 0.6103, -0.2194 0.4966 0.6143, -0.2813 0.4646 0.6181, -0.339 0.4245 0.6219, -0.3924 0.3761 0.626, -0.4396 0.3201 0.6303, -0.4791 0.2579 0.6348, -0.5099 0.191 0.6392, -0.5311 0.1213 0.6435, -0.5428 0.0508 0.6475, -0.5452 -0.0187 0.6512, -0.5386 -0.0889 0.655, -0.5225 -0.1592 0.6592, -0.4968 -0.2278 0.6635, -0.4618 -0.2928 0.668, -0.4186 -0.3524 0.6724, -0.3683 -0.4049 0.6766, -0.3127 -0.4495 0.6806, -0.2533 -0.4857 0.6843, -0.1888 -0.5144 0.6882, -0.1195 -0.5349 0.6924, -0.047 -0.5461 0.6967, 0.0268 -0.5475 0.7012, 0.0998 -0.5389 0.7056, 0.1702 -0.5209 0.7098, 0.2362 -0.4943 0.7138, 0.2967 -0.4603 0.7175, 0.3535 -0.418 0.7214, 0.4054 -0.3676 0.7256, 0.4507 -0.3098 0.7299, 0.4881 -0.2462 0.7344, 0.5163 -0.1783 0.7387, 0.5351 -0.1083 0.743, 0.5443 -0.0379 0.7469, 0.5443 0.0315 0.7506, 0.5353 0.1019 0.7545, 0.5167 0.172 0.7587, 0.4885 0.2399 0.7631, 0.4513 0.3036 0.7676, 0.406 0.3614 0.7719, 0.3542 0.412 0.7761, 0.2975 0.4544 0.78, 0.237 0.4885 0.7837, 0.1711 0.5152 0.7877, 0.1008 0.5333 0.7919, 0.0277 0.542 0.7963, -0.046 0.5407 0.8008, -0.1186 0.5296 0.8051, -0.1879 0.5093 0.8093, -0.2525 0.4807 0.8132, -0.312 0.4447 0.8169, -0.3676 0.4002 0.8209, -0.418 0.3477 0.8251, -0.4613 0.2882 0.8295, -0.4964 0.2233 0.8339, -0.5222 0.1547 0.8383, -0.5384 0.0844 0.8424, -0.5451 0.0142 0.8463, -0.5429 -0.0553 0.85, -0.5313 -0.1258 0.854, -0.5102 -0.1955 0.8583, -0.4796 -0.2624 0.8627, -0.4402 -0.3248 0.8671, -0.393 -0.3808 0.8715, -0.3398 -0.4293 0.8756, -0.2821 -0.4695 0.8794, -0.2202 -0.5017 0.8832, -0.153 -0.5262 0.8872, -0.0818 -0.5419 0.8915, -0.0084 -0.548 0.8959, 0.0652 -0.5442 0.9003, 0.1371 -0.5306 0.9047, 0.2054 -0.508 0.9088, 0.2685 -0.4774 0.9126, 0.3269 -0.4392 0.9163, 0.3814 -0.3926 0.9204, 0.43 -0.3382 0.9247, 0.4713 -0.2771 0.9291, 0.504 -0.211 0.9335, 0.5274 -0.1418 0.9378, 0.5411 -0.0713 0.9419, 0.5454 -0.0015 0.9457, 0.5408 0.0683 0.9495, 0.5267 0.1388 0.9536, 0.5031 0.2079 0.9579, 0.4701 0.2739 0.9623, 0.4285 0.3347 0.9667, 0.3796 0.3889 0.971, 0.325 0.4353 0.9751, 0.2664 0.4732 0.9788, 0.2031 0.5035 0.9826, 0.1347 0.5258 0.9867, 0.0627 0.5391 0.9911, -0.0109 0.5426 0.9955, -0.0843 0.5361 0.9999, -0.1554 0.5201 1.0042, -0.2224 0.4953 1.0082, -0.2841 0.4629 1.0119, -0.3417 0.4224 1.0158, -0.3948 0.3736 1.0199, -0.4416 0.3173 1.0243, -0.4808 0.2548 1.0287, -0.5111 0.1877 1.0331, -0.5319 0.118 1.0374, -0.5431 0.0475 1.0414, -0.5451 -0.022 1.0451, -0.538 -0.0922 1.0489, -0.5215 -0.1625 1.0531, -0.4953 -0.231 1.0574, -0.46 -0.2958 1.0619, -0.4164 -0.355 1.0663, -0.3658 -0.4072 1.0705, -0.31 -0.4514 1.0745, -0.2504 -0.4872 1.0782, -0.1856 -0.5155 1.0821, -0.1161 -0.5356 1.0863, -0.0435 -0.5464 1.0906, 0.0302 -0.5473 1.0951, 0.1032 -0.5383 1.0995, 0.1734 -0.5198 1.1037, 0.2391 -0.4929 1.1076, 0.2995 -0.4585 1.1113, 0.3561 -0.4158 1.1153, 0.4077 -0.365 1.1195, 0.4527 -0.3069 1.1238, 0.4896 -0.243 1.1283, 0.5175 -0.1751 1.1327, 0.5357 -0.1049 1.1369, 0.5445 -0.0346 1.1408, 0.5441 0.0349 1.1445, 0.5346 0.1052 1.1484, 0.5155 0.1753 1.1526, 0.4869 0.243 1.157, 0.4493 0.3065 1.1615, 0.4037 0.364 1.1658, 0.3516 0.4142 1.17, 0.2947 0.4562 1.1739, 0.234 0.4899 1.1776, 0.1678 0.5162 1.1816, 0.0974 0.5339 1.1858, 0.0243 0.5421 1.1902, -0.0495 0.5404 1.1947, -0.1219 0.5289 1.199, -0.1911 0.5081 1.2032, -0.2554 0.4792 1.2071, -0.3147 0.4427 1.2108, -0.3701 0.3979 1.2148, -0.4202 0.345 1.219, -0.4632 0.2853 1.2234, -0.4978 0.2201 1.2279, -0.5232 0.1514 1.2322, -0.5389 0.081 1.2363, -0.5452 0.0109 1.2402, -0.5425 -0.0586 1.2439, -0.5306 -0.1291 1.2479, -0.509 -0.1987 1.2522, -0.4779 -0.2655 1.2566, -0.4381 -0.3276 1.261, -0.3907 -0.3833 1.2654, -0.3371 -0.4314 1.2695, -0.2793 -0.4712 1.2733, -0.2172 -0.503 1.277, -0.1497 -0.5272 1.2811, -0.0784 -0.5424 1.2854, -0.0049 -0.5481 1.2898, 0.0687 -0.5438 1.2942, 0.1404 -0.5297 1.2986, 0.2085 -0.5067 1.3026, 0.2713 -0.4758 1.3064, 0.3296 -0.4372 1.3102, 0.3838 -0.3902 1.3143, 0.4322 -0.3354 1.3186, 0.4731 -0.2741 1.323, 0.5054 -0.2078 1.3274, 0.5282 -0.1385 1.3317, 0.5415 -0.068 1.3358, 0.5454 0.0017 1.3396, 0.5403 0.0716 1.3433, 0.5258 0.1421 1.3475, 0.5017 0.2111 1.3518, 0.4683 0.2769 1.3562, 0.4263 0.3374 1.3606, 0.3772 0.3913 1.3649, 0.3223 0.4373 1.369, 0.2636 0.4748 1.3727, 0.2 0.5047 1.3765, 0.1314 0.5266 1.3806, 0.0593 0.5395 1.385, -0.0144 0.5425 1.3894, -0.0877 0.5356 1.3938, -0.1587 0.5191 1.3981, -0.2255 0.4939 1.4021, -0.2869 0.4611 1.4058, -0.3443 0.4203 1.4097, -0.3971 0.3711 1.4138, -0.4437 0.3145 1.4182, -0.4824 0.2517 1.4226, -0.5123 0.1845 1.427, -0.5326 0.1146 1.4312, -0.5434 0.0442 1.4352, -0.5449 -0.0253 1.4389, -0.5374 -0.0955 1.4428, -0.5204 -0.1658 1.447, -0.4939 -0.2342 1.4514, -0.4581 -0.2987 1.4558, -0.4141 -0.3576 1.4602, -0.3633 -0.4095 1.4644, -0.3073 -0.4533 1.4684, -0.2475 -0.4887 1.4721, -0.1825 -0.5167 1.476, -0.1128 -0.5363 1.4802, -0.0401 -0.5466 1.4845, 0.0337 -0.5471 1.489, 0.1066 -0.5376 1.4934, 0.1766 -0.5187 1.4976, 0.2421 -0.4914 1.5015, 0.3023 -0.4567 1.5052, 0.3586 -0.4136 1.5091, 0.41 -0.3624 1.5134, 0.4546 -0.304 1.5177, 0.4911 -0.2399 1.5222, 0.5185 -0.1718 1.5266, 0.5364 -0.1016 1.5307, 0.5447 -0.0313 1.5347, 0.5439 0.0382 1.5383, 0.5339 0.1086 1.5423, 0.5144 0.1785 1.5465, 0.4853 0.2461 1.5509, 0.4473 0.3093 1.5554, 0.4014 0.3665 1.5597, 0.349 0.4164 1.5639, 0.292 0.458 1.5678, 0.231 0.4914 1.5715, 0.1646 0.5173 1.5755, 0.0939 0.5345 1.5797, 0.0208 0.5423 1.5841, -0.053 0.5401 1.5886, -0.1253 0.5281 1.5929, -0.1943 0.5069 1.5971, -0.2583 0.4776 1.6009, -0.3174 0.4408 1.6046, -0.3726 0.3955 1.6087, -0.4224 0.3423 1.6129, -0.465 0.2823 1.6173, -0.4992 0.217 1.6218, -0.5241 0.1481 1.6261, -0.5394 0.0777 1.6302, -0.5453 0.0077 1.6341, -0.5422 -0.062 1.6378, -0.5297 -0.1324 1.6418, -0.5077 -0.202 1.6461, -0.4762 -0.2686 1.6505, -0.436 -0.3304 1.655, -0.3882 -0.3858 1.6593, -0.3345 -0.4335 1.6634, -0.2765 -0.4729 1.6672, -0.2141 -0.5043 1.6709, -0.1464 -0.5281 1.675, -0.075 -0.5429 1.6793, -0.0014 -0.5481 1.6837, 0.0721 -0.5433 1.6881, 0.1437 -0.5288 1.6925, 0.2116 -0.5054 1.6965, 0.2741 -0.4742 1.7003, 0.3323 -0.4352 1.7041, 0.3863 -0.3878 1.7082, 0.4343 -0.3326 1.7125, 0.4748 -0.2711 1.7169, 0.5067 -0.2046 1.7213, 0.5291 -0.1352 1.7256, 0.5419 -0.0647 1.7297, 0.5453 0.005 1.7334, 0.5398 0.075 1.7372, 0.5249 0.1454 1.7414, 0.5004 0.2143 1.7457, 0.4665 0.2799 1.7501, 0.4242 0.3401 1.7545, 0.3747 0.3936 1.7588, 0.3196 0.4392 1.7628, 0.2607 0.4763 1.7666, 0.1969 0.5059 1.7704, 0.128 0.5274 1.7745, 0.0558 0.5398 1.7789, -0.0179 0.5424 1.7833, -0.0911 0.535 1.7877, -0.1619 0.5181 1.792, -0.2285 0.4925 1.796, -0.2897 0.4594 1.7997, -0.3469 0.4181 1.8036, -0.3995 0.3686 1.8077, -0.4457 0.3117 1.8121, -0.484 0.2486 1.8165, -0.5135 0.1812 1.8209, -0.5333 0.1113 1.8251, -0.5437 0.0409 1.8291, -0.5448 -0.0286 1.8328, -0.5369 -0.0989 1.8367, -0.5194 -0.1691 1.8409, -0.4924 -0.2373 1.8453, -0.4562 -0.3016 1.8497, -0.4118 -0.3603 1.8541, -0.3607 -0.4118 1.8583, -0.3045 -0.4552 1.8623, -0.2445 -0.4902 1.8659, -0.0366 -0.5469 1.8785, 0.1798 -0.5176 1.8915, 0.3612 -0.4114 1.903, 0.4926 -0.2368 1.9161, 0.5448 -0.028 1.9285, 0.5132 0.1818 1.9405, 0.4837 0.2492 1.9449, 0.4453 0.3122 1.9493, 0.3991 0.3691 1.9536, 0.3464 0.4185 1.9578, 0.2892 0.4597 1.9617, 0.228 0.4928 1.9654, 0.1613 0.5183 1.9694, 0.0905 0.5351 1.9736, 0.0173 0.5424 1.978, -0.0564 0.5398 1.9825, -0.1286 0.5273 1.9868, -0.1974 0.5057 1.991, -0.2612 0.4761 1.9948, -0.3201 0.4389 1.9985, -0.3751 0.3932 2.0026, -0.4246 0.3396 2.0068, -0.4668 0.2793 2.0112, -0.5006 0.2138 2.0157, -0.5251 0.1448 2.02, -0.5399 0.0744 2.0241, 0.425 -0.3445 2.0192, 0.5409 0.0672 1.6507, 0.5454 -0.0025 1.6469, 0.449 0.3069 1.4691, 0.4866 0.2435 1.4646, 0.0807 -0.5421 0.8151, 0.0074 -0.5481 0.8107, -0.5199 0.1621 0.1612, -0.4931 0.2303 0.1568, -0.3335 0.4289 2.1102, 0.5416 -0.0669 -0.5219, 0.5059 -0.2066 -0.5303, 0.4738 -0.2728 -0.5347, 0.2729 -0.4749 -0.5512, -0.2755 0.468 2.1064, 0.071 -0.5435 -0.5634, 0.1425 -0.5292 -0.5591, 0.2103 -0.5059 -0.555, 0.331 -0.4362 -0.5475, 0.385 -0.389 -0.5434, 0.4332 -0.3341 -0.5391, 0.5285 -0.1373 -0.526, 0.5454 0.0027 -0.5182, 0.5256 0.1428 -0.5103, 0.5402 0.0725 -0.5144, 0.5015 0.2118 -0.506, 0.468 0.2773 -0.5015, 0.4261 0.3378 -0.4971, 0.3769 0.3915 -0.4929, 0.3222 0.4374 -0.4888, 0.2635 0.4748 -0.4851, 0.2 0.5047 -0.4813, 0.1315 0.5266 -0.4772, 0.0727 0.5378 2.0854, -0.0007 0.5427 2.0899, -0.1456 0.5229 2.0986, -0.0741 0.5376 2.0943, -0.2132 0.4993 2.1026, 0.0595 0.5394 -0.4728, -0.014 0.5425 -0.4684, -0.0872 0.5357 -0.464, -0.1581 0.5193 -0.4597, -0.2862 0.4616 -0.452, -0.2248 0.4942 -0.4557, -0.3436 0.4209 -0.4482, -0.3964 0.3719 -0.444, -0.443 0.3155 -0.4397, -0.4818 0.2529 -0.4353, -0.5323 0.1161 -0.4266, -0.5118 0.1858 -0.4309, -0.5432 0.0458 -0.4226, -0.545 -0.0236 -0.4189, -0.5378 -0.0937 -0.4151, -0.521 -0.1639 -0.4109, -0.4948 -0.2322 -0.4065, -0.4593 -0.2968 -0.4021, -0.3651 -0.4079 -0.3935, -0.4156 -0.3558 -0.3977, -0.3093 -0.4519 -0.3895, -0.2498 -0.4875 -0.3858, -0.1851 -0.5157 -0.3819, -0.1156 -0.5357 -0.3778, 0.0305 -0.5473 -0.369, -0.0432 -0.5464 -0.3734, 0.1034 -0.5382 -0.3646, 0.1734 -0.5198 -0.3604, 0.2391 -0.4929 -0.3564, 0.2993 -0.4586 -0.3528, 0.4074 -0.3653 -0.3446, 0.3558 -0.416 -0.3488, 0.4524 -0.3074 -0.3403, 0.4893 -0.2436 -0.3358, 0.5172 -0.1758 -0.3315, 0.5356 -0.1058 -0.3273, 0.5442 0.0338 -0.3197, 0.5444 -0.0356 -0.3233, 0.516 0.174 -0.3115, 0.5349 0.104 -0.3157, 0.4876 0.2416 -0.3071, 0.4502 0.3051 -0.3027, 0.4049 0.3627 -0.2983, 0.353 0.413 -0.2942, 0.2358 0.4891 -0.2866, 0.2963 0.4552 -0.2903, 0.1699 0.5156 -0.2826, 0.0996 0.5335 -0.2784, 0.0267 0.542 -0.274, -0.047 0.5407 -0.2696, -0.1886 0.5091 -0.261, -0.1193 0.5295 -0.2652, -0.253 0.4805 -0.2572, -0.3123 0.4444 -0.2535, -0.3679 0.3999 -0.2495, -0.4181 0.3475 -0.2453, -0.4964 0.2233 -0.2364, -0.4614 0.2881 -0.2409, -0.5222 0.1548 -0.2321, -0.5384 0.0846 -0.2279, -0.5451 0.0146 -0.2241, -0.5429 -0.0549 -0.2204, -0.5315 -0.1252 -0.2164, -0.5105 -0.1948 -0.2121, -0.4407 -0.324 -0.2033, -0.48 -0.2617 -0.2077, -0.3938 -0.3801 -0.199, -0.3407 -0.4286 -0.1948, -0.2831 -0.4689 -0.191, -0.2215 -0.5011 -0.1873, -0.0835 -0.5417 -0.179, -0.1545 -0.5258 -0.1833, -0.0102 -0.548 -0.1746, 0.0633 -0.5444 -0.1702, 0.1352 -0.5311 -0.1658, 0.2035 -0.5087 -0.1617, 0.3251 -0.4406 -0.1542, 0.2666 -0.4785 -0.1579, 0.3796 -0.3943 -0.1501, 0.4284 -0.3402 -0.1459, 0.47 -0.2795 -0.1414, 0.503 -0.2137 -0.137, 0.5407 -0.0743 -0.1286, 0.5266 -0.1446 -0.1327, 0.5412 0.0651 -0.1211, 0.5454 -0.0045 -0.1248, 0.5276 0.1355 -0.117, 0.5044 0.2047 -0.1127, 0.4719 0.2707 -0.1083, 0.4308 0.3317 -0.1039, 0.3281 0.433 -0.0955, 0.3824 0.3862 -0.0996, 0.2698 0.4713 -0.0918, 0.2069 0.5019 -0.088, 0.1389 0.5247 -0.0839, 0.0672 0.5385 -0.0796, -0.0796 0.5368 -0.0707, -0.0063 0.5427 -0.0752, -0.1508 0.5214 -0.0665, -0.2181 0.4972 -0.0624, -0.28 0.4653 -0.0587, -0.3377 0.4255 -0.0549, -0.4384 0.3217 -0.0464, -0.3911 0.3774 -0.0508, -0.4781 0.2597 -0.042, -0.5091 0.193 -0.0376, -0.5306 0.1235 -0.0333, -0.5425 0.0531 -0.0293, -0.5452 -0.0163 -0.0256, -0.539 -0.0863 -0.0218, -0.498 -0.2252 -0.0133, -0.5232 -0.1566 -0.0176, -0.4634 -0.2903 -0.0089, -0.4206 -0.35 -0.0045, -0.3707 -0.4028 -0.0002, -0.3154 -0.4477 0.0038, -0.1921 -0.5132 0.0113, -0.2563 -0.4842 0.0075, -0.1231 -0.534 0.0155, -0.0508 -0.5457 0.0198, 0.0228 -0.5476 0.0243, 0.0958 -0.5396 0.0286, 0.2325 -0.4961 0.0369, 0.1663 -0.5221 0.0329, 0.2932 -0.4626 0.0406, 0.3501 -0.4209 0.0444, 0.4023 -0.371 0.0486, 0.448 -0.3137 0.053, 0.5147 -0.183 0.0618, 0.4858 -0.2505 0.0574, 0.5439 -0.0429 0.07, 0.5341 -0.1132 0.066, 0.5446 0.0265 0.0736, 0.5363 0.0967 0.0775, 0.5184 0.1667 0.0817, 0.491 0.2347 0.0861, 0.41 0.357 0.0949, 0.4545 0.2987 0.0905, 0.3587 0.4081 0.0991, 0.3024 0.4512 0.1031, 0.2424 0.4859 0.1067, 0.177 0.5132 0.1107, 0.0344 0.5416 0.1192, 0.1071 0.5321 0.1149, -0.0393 0.5413 0.1237, -0.1119 0.5311 0.128, -0.1815 0.5116 0.1322, -0.2465 0.4838 0.1361, -0.3623 0.405 0.1438, -0.3063 0.4486 0.1398, -0.4131 0.3533 0.148, -0.4572 0.2946 0.1524, -0.5371 0.092 0.1653, -0.5448 0.0218 0.1692, -0.5331 -0.1178 0.1769, -0.5436 -0.0475 0.1729, -0.5131 -0.1876 0.1811, -0.4836 -0.2549 0.1855, -0.4452 -0.3178 0.1899, -0.399 -0.3745 0.1943, -0.2893 -0.4651 0.2023, -0.3465 -0.4239 0.1984, -0.2282 -0.4981 0.206, -0.1617 -0.5236 0.21, -0.091 -0.5405 0.2143, -0.0179 -0.5478 0.2187, 0.1278 -0.5329 0.2274, 0.0557 -0.5453 0.2231, 0.1965 -0.5115 0.2316, 0.2603 -0.482 0.2354, 0.3192 -0.445 0.2391, 0.3742 -0.3995 0.2431, 0.4237 -0.3462 0.2474, 0.466 -0.2861 0.2518, 0.5246 -0.1519 0.2605, 0.4999 -0.2207 0.2562, 0.5397 -0.0816 0.2647, 0.5453 -0.0117 0.2685, 0.542 0.0578 0.2722, 0.5295 0.1282 0.2762, 0.4757 0.264 0.2849, 0.5073 0.1975 0.2805, 0.4355 0.3256 0.2894, 0.3877 0.3808 0.2937, 0.334 0.4284 0.2978, 0.2761 0.4677 0.3016, 0.1462 0.5227 0.3094, 0.2138 0.499 0.3053, 0.0748 0.5375 0.3137, 0.0014 0.5427 0.3181, -0.072 0.5379 0.3225, -0.1435 0.5235 0.3268, -0.2738 0.469 0.3346, -0.2113 0.5001 0.3309, -0.3858 0.3828 0.3425, -0.3319 0.4301 0.3384, -0.4338 0.3279 0.3468, -0.4744 0.2664 0.3512, -0.5063 0.2001 0.3556, -0.5288 0.1308 0.3599, -0.5454 -0.0091 0.3677, -0.5417 0.0605 0.364, -0.54 -0.079 0.3715, -0.5253 -0.1493 0.3756, -0.501 -0.2182 0.3799, -0.4675 -0.2837 0.3844, -0.3762 -0.3976 0.393, -0.4254 -0.344 0.3888, -0.3213 -0.4434 0.3971, -0.2626 -0.4807 0.4008, -0.1991 -0.5105 0.4046, -0.1305 -0.5323 0.4087, 0.0151 -0.5479 0.4175, -0.0585 -0.545 0.4131, 0.0883 -0.5409 0.4219, 0.1591 -0.5244 0.4262, 0.2258 -0.4992 0.4302, 0.2871 -0.4665 0.4339, 0.3444 -0.4257 0.4377, 0.3971 -0.3766 0.4419, 0.4823 -0.2574 0.4506, 0.4436 -0.32 0.4462, 0.5121 -0.1903 0.455, 0.5325 -0.1205 0.4593, 0.5433 -0.0502 0.4633, 0.545 0.0192 0.467, 0.5207 0.1595 0.475, 0.5376 0.0893 0.4708, 0.4943 0.2278 0.4793, 0.4587 0.2923 0.4838, 0.415 0.3512 0.4882, 0.3643 0.4032 0.4924, 0.2489 0.4826 0.5, 0.3085 0.4471 0.4964, 0.1841 0.5107 0.5039, 0.1146 0.5305 0.5081, 0.0421 0.5411 0.5125, -0.0316 0.5418 0.5169, -0.1744 0.514 0.5255, -0.1044 0.5326 0.5213, -0.3002 0.4526 0.5331, -0.24 0.4871 0.5294, -0.3566 0.4099 0.537, -0.4081 0.3591 0.5412, -0.453 0.3011 0.5456, -0.4898 0.2373 0.55, -0.5358 0.0994 0.5586, -0.5175 0.1694 0.5544, -0.5445 0.0291 0.5625, -0.5441 -0.0402 0.5662, -0.5346 -0.1105 0.5702, -0.5156 -0.1804 0.5744, -0.4496 -0.3114 0.5832, -0.4871 -0.248 0.5788, -0.4042 -0.3689 0.5875, -0.3522 -0.4191 0.5917, -0.2955 -0.4612 0.5956, -0.2349 -0.4949 0.5993, -0.0986 -0.5391 0.6075, -0.1689 -0.5213 0.6033, -0.0256 -0.5475 0.6119, 0.048 -0.546 0.6163, 0.1204 -0.5347 0.6207, 0.1895 -0.5141 0.6248, 0.3132 -0.4493 0.6324, 0.2539 -0.4854 0.6287, 0.4188 -0.3521 0.6406, 0.3686 -0.4047 0.6364, 0.4619 -0.2927 0.645, 0.4968 -0.2278 0.6495, 0.5225 -0.1592 0.6538, 0.5385 -0.089 0.6579, 0.5428 0.0504 0.6655, 0.5452 -0.019 0.6618, 0.5312 0.1208 0.6695, 0.5101 0.1904 0.6738, 0.4795 0.2572 0.6782, 0.4401 0.3194 0.6826, 0.3399 0.4238 0.6911, 0.393 0.3754 0.6869, 0.2823 0.464 0.6949, 0.2206 0.4961 0.6986, 0.1535 0.5206 0.7026, 0.0824 0.5364 0.7069, -0.0644 0.5389 0.7157, 0.0091 0.5426 0.7113, -0.2044 0.5029 0.7242, -0.1362 0.5254 0.7201, -0.2675 0.4726 0.728, -0.3259 0.4346 0.7317, -0.3804 0.3881 0.7357, -0.4291 0.3339 0.74, -0.5034 0.2073 0.7489, -0.4705 0.2731 0.7445, -0.5269 0.1382 0.7532, -0.5408 0.0678 0.7573, -0.5454 -0.0019 0.761, -0.541 -0.0716 0.7648, -0.504 -0.2111 0.7732, -0.5273 -0.1419 0.7689, -0.4714 -0.277 0.7776, -0.4302 -0.338 0.782, -0.3816 -0.3924 0.7863, -0.3273 -0.439 0.7904, -0.206 -0.5077 0.7979, -0.2689 -0.4772 0.7941, -0.1379 -0.5304 0.802, -0.0661 -0.5441 0.8063, 0.1518 -0.5266 0.8194, 0.219 -0.5022 0.8235, 0.3385 -0.4303 0.831, 0.2809 -0.4702 0.8272, 0.3918 -0.3821 0.8351, 0.4391 -0.3263 0.8394, 0.4786 -0.2642 0.8439, 0.5095 -0.1974 0.8483, 0.5426 -0.0575 0.8566, 0.5308 -0.1279 0.8525, 0.5452 0.0119 0.8603, 0.5388 0.0819 0.8641, 0.5229 0.1522 0.8682, 0.4975 0.2208 0.8726, 0.4199 0.3454 0.8814, 0.4629 0.2858 0.877, 0.3699 0.3981 0.8857, 0.3145 0.4429 0.8897, 0.2554 0.4792 0.8934, 0.1911 0.5081 0.8972, 0.1221 0.5289 0.9014, 0.0498 0.5404 0.9057, -0.0969 0.534 0.9145, -0.0239 0.5422 0.9101, -0.1673 0.5164 0.9188, -0.2334 0.4902 0.9227, -0.2941 0.4566 0.9264, -0.3509 0.4148 0.9303, -0.4486 0.3074 0.9389, -0.403 0.3648 0.9345, -0.4863 0.2442 0.9433, -0.5151 0.1766 0.9477, -0.5343 0.1067 0.9519, -0.544 0.0364 0.9558, -0.5361 -0.1031 0.9634, -0.5446 -0.0329 0.9595, -0.5181 -0.1732 0.9676, -0.4905 -0.2411 0.972, -0.4539 -0.305 0.9764, -0.4093 -0.3632 0.9808, -0.3016 -0.4572 0.9889, -0.3579 -0.4142 0.985, -0.176 -0.5189 0.9965, -0.2415 -0.4917 0.9926, -0.1061 -0.5377 1.0008, -0.0333 -0.5471 1.0051, 0.0403 -0.5466 1.0096, 0.1129 -0.5363 1.0139, 0.2474 -0.4888 1.022, 0.1825 -0.5167 1.0181, 0.3071 -0.4534 1.0257, 0.3631 -0.4097 1.0297, 0.4138 -0.358 1.0339, 0.4578 -0.2992 1.0383, 0.5202 -0.1665 1.0471, 0.4936 -0.2348 1.0427, 0.5373 -0.0964 1.0512, 0.5449 -0.0263 1.0551, 0.5435 0.0431 1.0588, 0.5329 0.1134 1.0628, 0.4831 0.2504 1.0714, 0.5127 0.1832 1.067, 0.4446 0.3132 1.0758, 0.3983 0.3699 1.0802, 0.3457 0.4192 1.0843, 0.2885 0.4602 1.0882, 0.1607 0.5185 1.0959, 0.2273 0.4931 1.0919, 0.0168 0.5424 1.1045, 0.09 0.5352 1.1001, -0.0568 0.5397 1.109, -0.1288 0.5273 1.1133, -0.1975 0.5057 1.1174, -0.2612 0.4761 1.1213, -0.3749 0.3934 1.129, -0.32 0.439 1.125, -0.4243 0.3399 1.1333, -0.4666 0.2798 1.1377, -0.5004 0.2143 1.1421, -0.5249 0.1455 1.1464, -0.5453 0.0053 1.1544, -0.5398 0.0752 1.1505, -0.5419 -0.0642 1.1581, -0.5292 -0.1346 1.1621, -0.5069 -0.2039 1.1664, -0.4752 -0.2703 1.1708, -0.387 -0.387 1.1796, -0.4349 -0.3319 1.1752, -0.3332 -0.4345 1.1837, -0.2752 -0.4736 1.1874, -0.2128 -0.5049 1.1912, -0.1452 -0.5284 1.1953, -0.0738 -0.5431 1.1996, -0.0003 -0.5481 1.204, 0.1445 -0.5286 1.2127, 0.0731 -0.5432 1.2084, 0.2122 -0.5051 1.2168, 0.2746 -0.4739 1.2205, 0.3327 -0.4349 1.2243, 0.3865 -0.3875 1.2284, 0.4749 -0.2709 1.2371, 0.4344 -0.3324 1.2327, 0.5067 -0.2046 1.2415, 0.5291 -0.1353 1.2458, 0.5418 -0.0649 1.2499, 0.5454 0.0047 1.2536, 0.5251 0.1449 1.2615, 0.5399 0.0745 1.2574, 0.5006 0.2137 1.2658, 0.4669 0.2792 1.2702, 0.4247 0.3394 1.2747, 0.3754 0.3929 1.2789, 0.2618 0.4758 1.2867, 0.3205 0.4386 1.283, 0.1295 0.5271 1.2946, 0.1981 0.5054 1.2905, 0.0574 0.5397 1.299, -0.0162 0.5424 1.3034, -0.0893 0.5353 1.3078, -0.1601 0.5187 1.312, -0.2879 0.4605 1.3197, -0.2267 0.4933 1.316, -0.3452 0.4196 1.3236, -0.3978 0.3704 1.3278, -0.4442 0.3138 1.3321, -0.4828 0.251 1.3365, -0.5327 0.1141 1.3452, -0.5125 0.1838 1.3409, -0.5434 0.0438 1.3491, -0.5449 -0.0256 1.3528, -0.5374 -0.0957 1.3567, -0.5204 -0.1659 1.3609, -0.4939 -0.2341 1.3652, -0.4582 -0.2986 1.3697, -0.3635 -0.4093 1.3783, -0.4143 -0.3574 1.374, -0.3076 -0.4531 1.3822, -0.248 -0.4885 1.3859, -0.1831 -0.5164 1.3898, -0.1136 -0.5362 1.394, 0.0326 -0.5471 1.4028, -0.041 -0.5466 1.3984, 0.1054 -0.5378 1.4072, 0.1754 -0.5191 1.4114, 0.2409 -0.492 1.4153, 0.301 -0.4575 1.419, 0.4088 -0.3637 1.4271, 0.3574 -0.4147 1.4229, 0.4536 -0.3056 1.4315, 0.4902 -0.2417 1.4359, 0.5179 -0.1738 1.4403, 0.536 -0.1038 1.4445, 0.544 0.0358 1.4521, 0.5445 -0.0335 1.4484, 0.5344 0.1061 1.456, 0.5153 0.176 1.4603, 0.4035 0.3643 1.4734, 0.3514 0.4144 1.4776, 0.234 0.49 1.4852, 0.2946 0.4563 1.4815, 0.1679 0.5162 1.4892, 0.0975 0.5339 1.4934, 0.0246 0.5421 1.4978, -0.0491 0.5405 1.5022, -0.1905 0.5083 1.5107, -0.1214 0.529 1.5066, -0.2548 0.4795 1.5146, -0.314 0.4432 1.5183, -0.3694 0.3985 1.5223, -0.4195 0.3459 1.5265, -0.4972 0.2214 1.5354, -0.4625 0.2863 1.5309, -0.5228 0.1528 1.5397, -0.5387 0.0826 1.5438, -0.5452 0.0126 1.5477, -0.5427 -0.0569 1.5514, -0.531 -0.1272 1.5554, -0.5097 -0.1968 1.5597, -0.4395 -0.3257 1.5685, -0.479 -0.2636 1.5641, -0.3923 -0.3816 1.5728, -0.3391 -0.4299 1.5769, -0.2814 -0.4699 1.5808, -0.2196 -0.5019 1.5845, -0.0814 -0.542 1.5928, -0.1525 -0.5264 1.5885, -0.0081 -0.5481 1.5972, 0.0655 -0.5442 1.6016, 0.1372 -0.5306 1.6059, 0.2054 -0.508 1.61, 0.3268 -0.4394 1.6176, 0.2684 -0.4775 1.6138, 0.3811 -0.3928 1.6216, 0.4298 -0.3385 1.6259, 0.471 -0.2776 1.6303, 0.5038 -0.2117 1.6348, 0.5272 -0.1426 1.6391, 0.5409 -0.0722 1.6431, 0.5271 0.1375 1.6548, 0.5036 0.2066 1.6591, 0.4709 0.2725 1.6635, 0.4295 0.3334 1.6679, 0.3265 0.4342 1.6762, 0.3809 0.3877 1.6722, 0.2681 0.4723 1.68, 0.205 0.5027 1.6838, 0.1368 0.5252 1.6879, 0.0651 0.5388 1.6922, -0.0817 0.5365 1.701, -0.0084 0.5426 1.6966, -0.1528 0.5208 1.7053, -0.22 0.4964 1.7093, -0.2817 0.4643 1.7131, -0.3393 0.4243 1.7169, -0.4397 0.32 1.7253, -0.3926 0.3759 1.721, -0.4791 0.2578 1.7298, -0.5098 0.191 1.7342, -0.5311 0.1215 1.7384, -0.5427 0.0511 1.7424, -0.5386 -0.0884 1.75, -0.5452 -0.0183 1.7461, -0.4971 -0.2271 1.7585, -0.5226 -0.1586 1.7541, -0.4623 -0.2921 1.7629, -0.4192 -0.3516 1.7673, -0.3691 -0.4042 1.7715, -0.3137 -0.4489 1.7755, -0.1902 -0.5139 1.7831, -0.2545 -0.4851 1.7792, -0.121 -0.5345 1.7873, -0.0487 -0.5459 1.7916, 0.0249 -0.5475 1.796, 0.0979 -0.5393 1.8004, 0.2343 -0.4952 1.8086, 0.1683 -0.5215 1.8047, 0.2949 -0.4615 1.8123, 0.3517 -0.4196 1.8162, 0.4037 -0.3694 1.8204, 0.4492 -0.312 1.8247, 0.5154 -0.181 1.8336, 0.4868 -0.2486 1.8292, 0.5345 -0.1111 1.8378, 0.5441 -0.0409 1.8417, 0.5445 0.0285 1.8454, 0.5359 0.0987 1.8493, 0.5178 0.1687 1.8535, 0.4901 0.2366 1.8579, 0.4086 0.3586 1.8667, 0.4533 0.3005 1.8623, 0.3571 0.4095 1.8709, 0.3007 0.4523 1.8748, 0.2406 0.4868 1.8785, 0.1751 0.5138 1.8824, 0.0323 0.5417 1.891, 0.1051 0.5325 1.8866, -0.0414 0.5411 1.8955, -0.114 0.5307 1.8998, -0.1835 0.5109 1.904, -0.2483 0.4829 1.9079, -0.3638 0.4036 1.9155, -0.3079 0.4474 1.9116, -0.4145 0.3517 1.9198, -0.4584 0.2928 1.9242, -0.494 0.2284 1.9286, -0.5205 0.1601 1.9329, -0.5449 0.0198 1.941, -0.5375 0.0899 1.9371, -0.5327 -0.1199 1.9487, -0.5434 -0.0495 1.9447, -0.5124 -0.1896 1.9529, -0.4826 -0.2568 1.9573, -0.444 -0.3195 1.9617, -0.3976 -0.3761 1.9661, -0.2876 -0.4661 1.9741, -0.3449 -0.4252 1.9702, -0.2264 -0.4989 1.9778, -0.1597 -0.5242 1.9818, -0.0889 -0.5408 1.986, -0.0158 -0.5479 1.9904, 0.1298 -0.5324 1.9992, 0.0578 -0.545 1.9949, 0.1984 -0.5107 2.0033, 0.2621 -0.481 2.0072, 0.3208 -0.4438 2.0109, 0.3757 -0.3981 2.0149, 0.4671 -0.2843 2.0236, 0.5252 -0.1499 2.0323, 0.5008 -0.2188 2.028, 0.54 -0.0796 2.0364, 0.5454 -0.0097 2.0402, 0.5418 0.0598 2.044, 0.529 0.1302 2.048, 0.4747 0.2658 2.0567, 0.5065 0.1995 2.0523, 0.4342 0.3273 2.0611, 0.3863 0.3823 2.0654, 0.3324 0.4297 2.0695, 0.2743 0.4687 2.0733, 0.1442 0.5233 2.0811, 0.2119 0.4998 2.0771
            ]
        }
        coordIndex [
            0,1,2,-1,0,2,3,-1,3,2,4,-1,3,4,5,-1,5,4,6,-1,5,6,7,-1,8,9,10,-1,10,9,11,-1,10,11,12,-1,12,11,13,-1,12,13,14,-1,15,16,17,-1,17,16,18,-1,17,18,19,-1,19,18,20,-1,19,20,21,-1,6,22,7,-1,7,22,23,-1,7,23,24,-1,24,23,25,-1,24,25,26,-1,26,25,27,-1,26,27,15,-1,15,27,28,-1,15,28,16,-1,13,29,14,-1,14,29,30,-1,14,30,31,-1,31,30,32,-1,31,32,33,-1,33,32,34,-1,33,34,35,-1,36,37,38,-1,38,37,39,-1,38,39,40,-1,40,39,41,-1,40,41,8,-1,8,41,42,-1,8,42,9,-1,20,43,21,-1,21,43,44,-1,21,44,45,-1,45,44,46,-1,45,46,36,-1,36,46,47,-1,36,47,37,-1,1,0,48,-1,48,0,49,-1,48,49,50,-1,51,52,53,-1,54,55,56,-1,56,55,57,-1,58,59,60,-1,60,59,50,-1,60,50,61,-1,61,50,49,-1,62,63,64,-1,64,63,65,-1,64,65,66,-1,67,68,69,-1,69,68,70,-1,71,72,73,-1,73,72,74,-1,73,74,75,-1,65,76,66,-1,66,76,77,-1,66,77,69,-1,69,77,78,-1,69,78,67,-1,79,80,81,-1,81,80,70,-1,81,70,82,-1,82,70,68,-1,71,83,72,-1,72,83,84,-1,72,84,56,-1,56,84,85,-1,56,85,54,-1,86,87,88,-1,88,87,57,-1,88,57,89,-1,89,57,55,-1,34,90,35,-1,35,90,91,-1,35,91,92,-1,92,91,93,-1,92,93,94,-1,94,93,51,-1,94,51,95,-1,95,51,53,-1,58,96,59,-1,59,96,97,-1,59,97,64,-1,64,97,98,-1,64,98,62,-1,99,100,101,-1,101,100,80,-1,101,80,102,-1,102,80,79,-1,99,103,100,-1,100,103,104,-1,100,104,74,-1,74,104,105,-1,74,105,75,-1,52,51,106,-1,106,51,107,-1,106,107,108,-1,86,109,87,-1,87,109,110,-1,87,110,107,-1,107,110,111,-1,107,111,108,-1,112,113,114,-1,114,113,115,-1,114,115,116,-1,116,115,117,-1,116,117,118,-1,118,117,119,-1,118,119,120,-1,120,119,121,-1,120,121,122,-1,122,121,123,-1,122,123,124,-1,125,126,127,-1,127,126,128,-1,127,128,129,-1,130,131,132,-1,132,131,133,-1,132,133,134,-1,134,133,135,-1,136,137,138,-1,138,137,139,-1,138,139,140,-1,140,139,141,-1,140,141,142,-1,142,141,143,-1,142,143,144,-1,144,143,145,-1,144,145,146,-1,146,145,147,-1,146,147,148,-1,148,147,149,-1,148,149,112,-1,112,149,150,-1,112,150,113,-1,123,151,124,-1,124,151,152,-1,124,152,153,-1,153,152,154,-1,153,154,155,-1,155,154,156,-1,155,156,157,-1,157,156,158,-1,157,158,159,-1,159,158,160,-1,159,160,161,-1,161,160,162,-1,161,162,163,-1,163,162,131,-1,163,131,164,-1,164,131,130,-1,128,165,129,-1,129,165,166,-1,129,166,133,-1,133,166,167,-1,133,167,135,-1,168,169,170,-1,170,169,171,-1,170,171,172,-1,172,171,173,-1,172,173,174,-1,174,173,175,-1,174,175,176,-1,176,175,177,-1,176,177,136,-1,136,177,178,-1,136,178,137,-1,179,180,125,-1,125,180,181,-1,125,181,126,-1,182,183,184,-1,184,183,185,-1,184,185,186,-1,186,187,184,-1,184,187,188,-1,184,188,189,-1,189,188,190,-1,179,125,191,-1,191,125,192,-1,191,192,193,-1,168,194,169,-1,169,194,195,-1,169,195,182,-1,182,195,196,-1,182,196,183,-1,190,197,189,-1,189,197,198,-1,189,198,199,-1,199,198,200,-1,199,200,201,-1,202,203,204,-1,204,203,199,-1,204,199,205,-1,205,199,201,-1,202,206,203,-1,203,206,207,-1,203,207,208,-1,208,207,209,-1,208,209,210,-1,210,211,208,-1,208,211,212,-1,208,212,213,-1,213,212,214,-1,214,215,213,-1,213,215,216,-1,213,216,192,-1,192,216,217,-1,192,217,193,-1,218,219,220,-1,221,222,223,-1,223,222,224,-1,225,226,227,-1,228,229,230,-1,230,229,231,-1,232,233,234,-1,235,236,237,-1,238,239,240,-1,240,239,241,-1,242,243,244,-1,244,243,245,-1,246,247,248,-1,248,247,249,-1,250,251,252,-1,252,251,253,-1,254,255,256,-1,256,255,257,-1,258,259,260,-1,260,259,261,-1,262,263,264,-1,264,263,265,-1,266,267,268,-1,268,267,269,-1,270,271,272,-1,272,271,273,-1,274,275,276,-1,276,275,277,-1,276,277,278,-1,278,277,279,-1,278,279,280,-1,280,279,281,-1,280,281,282,-1,282,281,283,-1,282,283,284,-1,284,283,285,-1,284,285,286,-1,286,285,287,-1,286,287,288,-1,288,287,289,-1,288,289,290,-1,290,289,291,-1,290,291,292,-1,292,291,293,-1,292,293,294,-1,294,293,295,-1,294,295,296,-1,296,295,297,-1,296,297,273,-1,273,297,298,-1,273,298,272,-1,299,300,301,-1,301,300,302,-1,301,302,303,-1,303,302,304,-1,303,304,305,-1,305,304,306,-1,305,306,307,-1,307,306,308,-1,307,308,309,-1,309,308,310,-1,309,310,311,-1,311,310,312,-1,311,312,313,-1,313,312,314,-1,313,314,315,-1,315,314,316,-1,315,316,317,-1,317,316,318,-1,317,318,319,-1,319,318,320,-1,319,320,321,-1,321,320,322,-1,321,322,323,-1,323,322,324,-1,323,324,325,-1,325,324,326,-1,325,326,327,-1,327,326,328,-1,327,328,329,-1,329,328,330,-1,329,330,331,-1,331,330,332,-1,331,332,333,-1,333,332,334,-1,333,334,335,-1,335,334,336,-1,335,336,337,-1,337,336,338,-1,337,338,339,-1,339,338,340,-1,339,340,341,-1,341,340,342,-1,341,342,343,-1,343,342,344,-1,343,344,345,-1,345,344,346,-1,345,346,347,-1,347,346,348,-1,347,348,349,-1,349,348,350,-1,349,350,351,-1,351,350,352,-1,351,352,353,-1,353,352,354,-1,353,354,355,-1,355,354,356,-1,355,356,357,-1,357,356,358,-1,357,358,359,-1,359,358,360,-1,359,360,361,-1,361,360,362,-1,361,362,363,-1,363,362,364,-1,363,364,365,-1,365,364,366,-1,365,366,367,-1,367,366,368,-1,367,368,369,-1,369,368,370,-1,369,370,371,-1,371,370,372,-1,371,372,373,-1,373,372,374,-1,373,374,375,-1,375,374,376,-1,375,376,377,-1,377,376,378,-1,377,378,379,-1,379,378,380,-1,379,380,381,-1,381,380,382,-1,381,382,383,-1,383,382,384,-1,383,384,385,-1,385,384,386,-1,385,386,387,-1,387,386,388,-1,387,388,389,-1,389,388,390,-1,389,390,391,-1,391,390,392,-1,391,392,393,-1,393,392,394,-1,393,394,395,-1,395,394,396,-1,395,396,397,-1,397,396,398,-1,397,398,399,-1,399,398,400,-1,399,400,401,-1,401,400,402,-1,401,402,403,-1,403,402,404,-1,403,404,405,-1,405,404,406,-1,405,406,407,-1,407,406,408,-1,407,408,409,-1,409,408,410,-1,409,410,411,-1,411,410,412,-1,411,412,413,-1,413,412,414,-1,413,414,415,-1,415,414,416,-1,415,416,417,-1,417,416,418,-1,417,418,419,-1,419,418,420,-1,419,420,421,-1,421,420,422,-1,421,422,423,-1,423,422,424,-1,423,424,425,-1,425,424,426,-1,425,426,427,-1,427,426,428,-1,427,428,429,-1,429,428,430,-1,429,430,431,-1,431,430,432,-1,431,432,433,-1,433,432,434,-1,433,434,435,-1,435,434,436,-1,435,436,437,-1,437,436,438,-1,437,438,439,-1,439,438,440,-1,439,440,441,-1,441,440,442,-1,441,442,443,-1,443,442,444,-1,443,444,445,-1,445,444,446,-1,445,446,447,-1,447,446,448,-1,447,448,449,-1,449,448,450,-1,449,450,451,-1,451,450,452,-1,451,452,453,-1,453,452,454,-1,453,454,455,-1,455,454,456,-1,455,456,457,-1,457,456,458,-1,457,458,459,-1,459,458,460,-1,459,460,461,-1,461,460,462,-1,461,462,463,-1,463,462,464,-1,463,464,465,-1,465,464,466,-1,465,466,467,-1,467,466,468,-1,467,468,469,-1,469,468,470,-1,469,470,471,-1,471,470,472,-1,471,472,473,-1,473,472,474,-1,473,474,475,-1,475,474,476,-1,475,476,477,-1,477,476,478,-1,477,478,479,-1,479,478,480,-1,479,480,481,-1,481,480,482,-1,481,482,483,-1,483,482,484,-1,483,484,485,-1,485,484,486,-1,485,486,487,-1,487,486,488,-1,487,488,489,-1,489,488,490,-1,489,490,491,-1,491,490,492,-1,491,492,493,-1,493,492,494,-1,493,494,495,-1,495,494,496,-1,495,496,497,-1,497,496,498,-1,497,498,499,-1,499,498,500,-1,499,500,501,-1,501,500,502,-1,501,502,503,-1,503,502,504,-1,503,504,505,-1,505,504,506,-1,505,506,507,-1,507,506,508,-1,507,508,509,-1,509,508,510,-1,509,510,511,-1,511,510,512,-1,511,512,513,-1,513,512,514,-1,513,514,515,-1,515,514,516,-1,515,516,517,-1,517,516,518,-1,517,518,519,-1,519,518,520,-1,519,520,521,-1,521,520,522,-1,521,522,523,-1,523,522,524,-1,523,524,525,-1,525,524,526,-1,525,526,527,-1,527,526,528,-1,527,528,529,-1,529,528,530,-1,529,530,531,-1,531,530,532,-1,531,532,533,-1,533,532,534,-1,533,534,535,-1,535,534,536,-1,535,536,537,-1,537,536,538,-1,537,538,539,-1,539,538,540,-1,539,540,541,-1,541,540,542,-1,541,542,543,-1,543,542,544,-1,543,544,545,-1,545,544,546,-1,545,546,547,-1,547,546,548,-1,547,548,549,-1,549,548,550,-1,549,550,551,-1,551,550,552,-1,551,552,553,-1,553,552,554,-1,553,554,274,-1,274,554,275,-1,555,556,557,-1,300,299,558,-1,558,299,559,-1,558,559,560,-1,560,559,561,-1,560,561,562,-1,562,561,563,-1,562,563,564,-1,564,563,565,-1,564,565,566,-1,566,565,567,-1,566,567,568,-1,568,567,569,-1,568,569,570,-1,570,569,571,-1,570,571,572,-1,572,571,573,-1,572,573,574,-1,574,573,575,-1,574,575,576,-1,576,575,577,-1,576,577,578,-1,578,577,579,-1,578,579,580,-1,580,579,581,-1,580,581,582,-1,582,581,583,-1,582,583,584,-1,584,583,585,-1,584,585,586,-1,586,585,587,-1,586,587,588,-1,588,587,589,-1,588,589,590,-1,590,589,591,-1,590,591,592,-1,592,591,593,-1,592,593,594,-1,594,593,595,-1,594,595,596,-1,596,595,597,-1,596,597,598,-1,598,597,599,-1,598,599,600,-1,600,599,601,-1,600,601,602,-1,602,601,603,-1,602,603,604,-1,604,603,605,-1,604,605,606,-1,606,605,607,-1,606,607,608,-1,608,607,609,-1,608,609,610,-1,610,609,611,-1,610,611,612,-1,612,611,613,-1,612,613,614,-1,614,613,615,-1,614,615,616,-1,616,615,617,-1,616,617,618,-1,618,617,619,-1,618,619,620,-1,620,619,621,-1,620,621,622,-1,622,621,623,-1,622,623,624,-1,624,623,625,-1,624,625,626,-1,626,625,627,-1,626,627,628,-1,628,627,629,-1,628,629,630,-1,630,629,631,-1,630,631,632,-1,632,631,633,-1,632,633,634,-1,634,633,635,-1,634,635,636,-1,636,635,637,-1,636,637,638,-1,638,637,639,-1,638,639,640,-1,640,639,641,-1,640,641,642,-1,642,641,643,-1,642,643,644,-1,644,643,645,-1,644,645,646,-1,646,645,647,-1,646,647,648,-1,648,647,649,-1,648,649,650,-1,650,649,651,-1,650,651,652,-1,652,651,653,-1,652,653,654,-1,654,653,655,-1,654,655,656,-1,656,655,657,-1,656,657,658,-1,658,657,659,-1,658,659,660,-1,660,659,661,-1,660,661,662,-1,662,661,663,-1,662,663,664,-1,664,663,665,-1,664,665,666,-1,666,665,667,-1,666,667,668,-1,668,667,669,-1,668,669,670,-1,670,669,671,-1,670,671,672,-1,672,671,673,-1,672,673,674,-1,674,673,675,-1,674,675,676,-1,676,675,677,-1,676,677,678,-1,678,677,679,-1,678,679,680,-1,680,679,681,-1,680,681,682,-1,682,681,683,-1,682,683,684,-1,684,683,685,-1,684,685,686,-1,686,685,687,-1,686,687,688,-1,688,687,689,-1,688,689,690,-1,690,689,691,-1,690,691,692,-1,692,691,693,-1,692,693,694,-1,694,693,695,-1,694,695,696,-1,696,695,697,-1,696,697,698,-1,698,697,699,-1,698,699,700,-1,700,699,701,-1,700,701,702,-1,702,701,703,-1,702,703,704,-1,704,703,705,-1,704,705,706,-1,706,705,707,-1,706,707,708,-1,708,707,709,-1,708,709,710,-1,710,709,711,-1,710,711,712,-1,712,711,713,-1,712,713,714,-1,714,713,715,-1,714,715,716,-1,716,715,717,-1,716,717,718,-1,718,717,719,-1,718,719,720,-1,720,719,721,-1,720,721,722,-1,722,721,723,-1,722,723,724,-1,724,723,725,-1,724,725,726,-1,726,725,727,-1,726,727,728,-1,728,727,729,-1,728,729,730,-1,730,729,731,-1,730,731,732,-1,732,731,733,-1,732,733,734,-1,734,733,735,-1,734,735,736,-1,736,735,737,-1,736,737,738,-1,738,737,739,-1,738,739,740,-1,740,739,741,-1,740,741,742,-1,742,741,743,-1,742,743,744,-1,744,743,745,-1,744,745,746,-1,746,745,747,-1,746,747,748,-1,748,747,749,-1,748,749,750,-1,750,749,751,-1,750,751,752,-1,752,751,753,-1,752,753,754,-1,754,753,755,-1,754,755,756,-1,756,755,757,-1,756,757,758,-1,758,757,759,-1,758,759,760,-1,760,759,761,-1,760,761,762,-1,762,761,763,-1,762,763,764,-1,764,763,765,-1,764,765,766,-1,766,765,767,-1,766,767,768,-1,768,767,769,-1,768,769,770,-1,770,769,771,-1,770,771,772,-1,772,771,773,-1,772,773,774,-1,774,773,775,-1,774,775,776,-1,776,775,777,-1,776,777,778,-1,778,777,779,-1,778,779,780,-1,780,779,781,-1,780,781,782,-1,782,781,783,-1,782,783,784,-1,784,783,785,-1,784,785,786,-1,786,785,787,-1,786,787,788,-1,788,787,789,-1,788,789,790,-1,790,789,791,-1,790,791,792,-1,792,791,793,-1,792,793,794,-1,794,793,795,-1,794,795,796,-1,796,795,797,-1,796,797,798,-1,798,797,799,-1,798,799,800,-1,800,799,801,-1,800,801,802,-1,802,801,803,-1,802,803,804,-1,804,803,805,-1,804,805,806,-1,806,805,807,-1,806,807,808,-1,808,807,809,-1,808,809,810,-1,810,809,811,-1,810,811,556,-1,556,811,557,-1,557,812,555,-1,555,812,813,-1,555,813,814,-1,814,813,815,-1,814,815,816,-1,817,818,819,-1,819,818,820,-1,819,820,821,-1,816,815,822,-1,822,815,823,-1,822,823,817,-1,817,823,824,-1,817,824,818,-1,821,820,825,-1,825,820,826,-1,825,826,827,-1,827,826,828,-1,827,828,829,-1,829,828,830,-1,829,830,831,-1,831,830,832,-1,831,832,833,-1,833,832,834,-1,833,834,835,-1,835,834,836,-1,835,836,837,-1,837,836,838,-1,837,838,839,-1,839,838,840,-1,839,840,841,-1,841,840,842,-1,841,842,843,-1,843,842,844,-1,843,844,845,-1,845,844,846,-1,845,846,847,-1,847,846,848,-1,847,848,849,-1,849,848,850,-1,849,850,851,-1,851,850,852,-1,851,852,853,-1,853,852,854,-1,853,854,855,-1,855,854,856,-1,855,856,857,-1,857,856,858,-1,857,858,859,-1,859,858,860,-1,859,860,861,-1,861,860,862,-1,861,862,863,-1,863,862,864,-1,863,864,865,-1,865,864,866,-1,865,866,867,-1,867,866,868,-1,867,868,869,-1,869,868,870,-1,869,870,871,-1,871,870,872,-1,871,872,873,-1,873,872,874,-1,873,874,875,-1,875,874,876,-1,875,876,877,-1,877,876,878,-1,877,878,879,-1,879,878,880,-1,879,880,881,-1,881,880,882,-1,881,882,883,-1,883,882,884,-1,883,884,885,-1,885,884,886,-1,885,886,887,-1,886,888,887,-1,887,888,889,-1,887,889,890,-1,890,889,891,-1,269,267,892,-1,892,267,893,-1,892,893,894,-1,894,893,895,-1,894,895,891,-1,891,895,896,-1,891,896,890,-1,266,268,897,-1,897,268,898,-1,897,898,899,-1,899,898,900,-1,899,900,901,-1,901,900,902,-1,901,902,903,-1,903,902,904,-1,903,904,905,-1,905,904,906,-1,905,906,907,-1,907,906,908,-1,907,908,909,-1,909,908,910,-1,909,910,911,-1,911,910,912,-1,911,912,913,-1,913,912,914,-1,913,914,915,-1,915,914,916,-1,915,916,917,-1,917,916,918,-1,917,918,919,-1,919,918,920,-1,919,920,921,-1,921,920,922,-1,921,922,923,-1,923,922,924,-1,923,924,925,-1,925,924,926,-1,925,926,927,-1,927,926,928,-1,927,928,929,-1,929,928,930,-1,929,930,931,-1,931,930,932,-1,931,932,933,-1,933,932,934,-1,933,934,935,-1,935,934,936,-1,935,936,937,-1,937,936,938,-1,937,938,939,-1,939,938,940,-1,939,940,941,-1,941,940,942,-1,941,942,943,-1,943,942,944,-1,943,944,945,-1,945,944,946,-1,945,946,947,-1,947,946,948,-1,947,948,949,-1,949,948,950,-1,949,950,951,-1,951,950,952,-1,951,952,953,-1,953,952,954,-1,953,954,955,-1,955,954,956,-1,955,956,957,-1,957,956,958,-1,957,958,959,-1,958,960,959,-1,959,960,961,-1,959,961,962,-1,962,961,963,-1,265,263,964,-1,964,263,965,-1,964,965,966,-1,966,965,967,-1,966,967,963,-1,963,967,968,-1,963,968,962,-1,969,970,971,-1,971,970,972,-1,971,972,973,-1,262,264,974,-1,974,264,975,-1,974,975,976,-1,976,975,977,-1,976,977,969,-1,969,977,978,-1,969,978,970,-1,979,980,981,-1,981,980,982,-1,981,982,983,-1,973,972,984,-1,984,972,985,-1,984,985,986,-1,986,985,987,-1,986,987,988,-1,988,987,989,-1,988,989,990,-1,990,989,991,-1,990,991,992,-1,992,991,993,-1,992,993,994,-1,994,993,995,-1,994,995,996,-1,996,995,997,-1,996,997,998,-1,998,997,999,-1,998,999,1000,-1,1000,999,1001,-1,1000,1001,1002,-1,1002,1001,1003,-1,1002,1003,1004,-1,1004,1003,1005,-1,1004,1005,1006,-1,1006,1005,1007,-1,1006,1007,1008,-1,1008,1007,1009,-1,1008,1009,1010,-1,1010,1009,1011,-1,1010,1011,1012,-1,1012,1011,1013,-1,1012,1013,1014,-1,1014,1013,1015,-1,1014,1015,1016,-1,1016,1015,1017,-1,1016,1017,1018,-1,1018,1017,1019,-1,1018,1019,1020,-1,1020,1019,1021,-1,1020,1021,1022,-1,1022,1021,1023,-1,1022,1023,1024,-1,1024,1023,1025,-1,1024,1025,1026,-1,1026,1025,1027,-1,1026,1027,1028,-1,1028,1027,1029,-1,1028,1029,1030,-1,1030,1029,1031,-1,1030,1031,1032,-1,1032,1031,1033,-1,1032,1033,979,-1,979,1033,1034,-1,979,1034,980,-1,983,982,1035,-1,1035,982,1036,-1,1035,1036,1037,-1,1037,1036,1038,-1,1037,1038,1039,-1,1039,1038,1040,-1,1039,1040,1041,-1,1040,1042,1041,-1,1041,1042,1043,-1,1041,1043,1044,-1,1044,1043,1045,-1,1044,1045,1046,-1,1047,1048,1049,-1,1049,1048,1050,-1,1049,1050,1051,-1,1046,1045,1052,-1,1052,1045,1053,-1,1052,1053,1047,-1,1047,1053,1054,-1,1047,1054,1048,-1,1051,1050,1055,-1,1055,1050,1056,-1,1055,1056,1057,-1,1057,1056,1058,-1,1057,1058,1059,-1,1059,1058,1060,-1,1059,1060,1061,-1,1061,1060,1062,-1,1061,1062,1063,-1,1063,1062,1064,-1,1063,1064,1065,-1,1065,1064,1066,-1,1065,1066,1067,-1,1067,1066,1068,-1,1067,1068,1069,-1,1069,1068,1070,-1,1069,1070,1071,-1,1071,1070,1072,-1,1071,1072,1073,-1,1073,1072,1074,-1,1073,1074,1075,-1,1075,1074,1076,-1,1075,1076,1077,-1,1077,1076,1078,-1,1077,1078,1079,-1,1079,1078,1080,-1,1079,1080,1081,-1,1081,1080,1082,-1,1081,1082,1083,-1,1083,1082,1084,-1,1083,1084,1085,-1,1085,1084,1086,-1,1085,1086,1087,-1,1086,1088,1087,-1,1087,1088,1089,-1,1087,1089,1090,-1,1090,1089,1091,-1,1090,1091,1092,-1,1092,1091,1093,-1,1093,1091,1094,-1,1093,1094,1095,-1,1095,1094,1096,-1,1095,1096,1097,-1,1097,1096,1098,-1,1097,1098,1099,-1,1099,1098,1100,-1,1099,1100,1101,-1,1101,1100,1102,-1,1101,1102,1103,-1,1103,1102,1104,-1,1103,1104,1105,-1,1105,1104,1106,-1,1105,1106,1107,-1,1107,1106,1108,-1,1107,1108,1109,-1,1109,1108,1110,-1,1109,1110,1111,-1,1111,1110,1112,-1,1111,1112,1113,-1,1113,1112,1114,-1,1113,1114,1115,-1,1115,1114,1116,-1,1115,1116,1117,-1,1116,1118,1117,-1,1117,1118,1119,-1,1117,1119,1120,-1,1120,1119,1121,-1,1120,1121,1122,-1,1123,1124,1125,-1,1125,1124,1126,-1,1125,1126,1127,-1,1122,1121,1128,-1,1128,1121,1129,-1,1128,1129,1123,-1,1123,1129,1130,-1,1123,1130,1124,-1,1131,1132,1133,-1,1133,1132,1134,-1,1127,1126,1135,-1,1135,1126,1136,-1,1135,1136,1137,-1,1137,1136,1138,-1,1137,1138,1134,-1,1134,1138,1139,-1,1134,1139,1133,-1,1140,1141,1142,-1,1142,1141,1143,-1,1142,1143,1144,-1,1144,1143,1145,-1,1144,1145,1146,-1,1146,1145,1147,-1,1146,1147,1148,-1,1148,1147,1149,-1,1148,1149,1150,-1,1150,1149,1151,-1,1150,1151,1152,-1,1152,1151,1153,-1,1152,1153,1154,-1,1154,1153,1155,-1,1154,1155,1156,-1,1156,1155,1157,-1,1156,1157,1158,-1,1158,1157,1159,-1,1158,1159,1160,-1,1160,1159,1161,-1,1160,1161,1162,-1,1162,1161,1163,-1,1162,1163,1164,-1,1164,1163,1165,-1,1164,1165,1166,-1,1166,1165,1167,-1,1166,1167,1168,-1,1168,1167,1169,-1,1168,1169,1170,-1,1170,1169,1171,-1,1170,1171,1172,-1,1172,1171,1173,-1,1172,1173,1174,-1,1174,1173,1175,-1,1174,1175,1176,-1,1176,1175,1177,-1,1176,1177,1131,-1,1131,1177,1178,-1,1131,1178,1132,-1,1179,1180,1181,-1,1181,1180,1182,-1,1181,1182,1183,-1,1142,1184,1140,-1,1140,1184,1185,-1,1140,1185,1179,-1,1179,1185,1186,-1,1179,1186,1180,-1,1183,1182,1187,-1,1187,1182,1188,-1,1187,1188,1189,-1,1189,1188,1190,-1,1189,1190,1191,-1,1191,1190,1192,-1,1191,1192,1193,-1,1192,1194,1193,-1,1193,1194,1195,-1,1193,1195,1196,-1,1196,1195,1197,-1,261,259,1198,-1,1198,259,1199,-1,1198,1199,1200,-1,1200,1199,1201,-1,1200,1201,1197,-1,1197,1201,1202,-1,1197,1202,1196,-1,1203,1204,1205,-1,1205,1204,1206,-1,1205,1206,1207,-1,258,260,1208,-1,1208,260,1209,-1,1208,1209,1210,-1,1210,1209,1211,-1,1210,1211,1203,-1,1203,1211,1212,-1,1203,1212,1204,-1,1213,1214,1215,-1,1215,1214,1216,-1,1215,1216,1217,-1,1207,1206,1218,-1,1218,1206,1219,-1,1218,1219,1220,-1,1220,1219,1221,-1,1220,1221,1222,-1,1222,1221,1223,-1,1222,1223,1224,-1,1224,1223,1225,-1,1224,1225,1226,-1,1226,1225,1227,-1,1226,1227,1228,-1,1228,1227,1229,-1,1228,1229,1230,-1,1230,1229,1231,-1,1230,1231,1213,-1,1213,1231,1232,-1,1213,1232,1214,-1,1217,1216,1233,-1,1233,1216,1234,-1,1233,1234,1235,-1,1235,1234,1236,-1,1235,1236,1237,-1,1237,1236,1238,-1,1237,1238,1239,-1,1239,1238,1240,-1,1239,1240,1241,-1,1241,1240,1242,-1,1241,1242,1243,-1,1243,1242,1244,-1,1243,1244,1245,-1,1244,1246,1245,-1,1245,1246,1247,-1,1245,1247,1248,-1,1248,1247,1249,-1,1248,1249,1250,-1,1251,1252,1253,-1,1253,1252,1254,-1,1253,1254,1255,-1,1250,1249,1256,-1,1256,1249,1257,-1,1256,1257,1251,-1,1251,1257,1258,-1,1251,1258,1252,-1,1255,1254,1259,-1,1259,1254,1260,-1,1259,1260,1261,-1,1261,1260,1262,-1,1261,1262,1263,-1,1263,1262,1264,-1,1263,1264,1265,-1,1264,1266,1265,-1,1265,1266,1267,-1,1265,1267,1268,-1,1268,1267,1269,-1,257,255,1270,-1,1270,255,1271,-1,1270,1271,1272,-1,1272,1271,1273,-1,1272,1273,1269,-1,1269,1273,1274,-1,1269,1274,1268,-1,1275,1276,1277,-1,1277,1276,1278,-1,1277,1278,1279,-1,254,256,1280,-1,1280,256,1281,-1,1280,1281,1282,-1,1282,1281,1283,-1,1282,1283,1275,-1,1275,1283,1284,-1,1275,1284,1276,-1,1279,1278,1285,-1,1285,1278,1286,-1,1285,1286,1287,-1,1287,1286,1288,-1,1287,1288,1289,-1,1289,1288,1290,-1,1289,1290,1291,-1,1291,1290,1292,-1,1291,1292,1293,-1,1293,1292,1294,-1,1293,1294,1295,-1,1295,1294,1296,-1,1295,1296,1297,-1,1296,1298,1297,-1,1297,1298,1299,-1,1297,1299,1300,-1,1300,1299,1301,-1,1300,1301,1302,-1,1303,1304,1305,-1,1305,1304,1306,-1,1305,1306,1307,-1,1302,1301,1308,-1,1308,1301,1309,-1,1308,1309,1310,-1,1310,1309,1311,-1,1310,1311,1312,-1,1312,1311,1313,-1,1312,1313,1303,-1,1303,1313,1314,-1,1303,1314,1304,-1,1307,1306,1315,-1,1315,1306,1316,-1,1315,1316,1317,-1,1316,1318,1317,-1,1317,1318,1319,-1,1317,1319,1320,-1,1320,1319,1321,-1,253,251,1322,-1,1322,251,1323,-1,1322,1323,1324,-1,1324,1323,1325,-1,1324,1325,1321,-1,1321,1325,1326,-1,1321,1326,1320,-1,1327,1328,1329,-1,1329,1328,1330,-1,1329,1330,1331,-1,250,252,1332,-1,1332,252,1333,-1,1332,1333,1334,-1,1334,1333,1335,-1,1334,1335,1327,-1,1327,1335,1336,-1,1327,1336,1328,-1,1331,1330,1337,-1,1337,1330,1338,-1,1337,1338,1339,-1,1339,1338,1340,-1,1339,1340,1341,-1,1341,1340,1342,-1,1341,1342,1343,-1,1342,1344,1343,-1,1343,1344,1345,-1,1343,1345,1346,-1,1346,1345,1347,-1,1346,1347,1348,-1,1349,1350,1351,-1,1351,1350,1352,-1,1351,1352,1353,-1,1348,1347,1354,-1,1354,1347,1355,-1,1354,1355,1349,-1,1349,1355,1356,-1,1349,1356,1350,-1,1353,1352,1357,-1,1357,1352,1358,-1,1357,1358,1359,-1,1359,1358,1360,-1,1359,1360,1361,-1,1361,1360,1362,-1,1361,1362,1363,-1,1363,1362,1364,-1,1363,1364,1365,-1,1365,1364,1366,-1,1365,1366,1367,-1,1367,1366,1368,-1,1367,1368,1369,-1,1368,1370,1369,-1,1369,1370,1371,-1,1369,1371,1372,-1,1372,1371,1373,-1,1372,1373,1374,-1,1375,1376,1377,-1,1377,1376,1378,-1,1377,1378,1379,-1,1374,1373,1380,-1,1380,1373,1381,-1,1380,1381,1382,-1,1382,1381,1383,-1,1382,1383,1384,-1,1384,1383,1385,-1,1384,1385,1375,-1,1375,1385,1386,-1,1375,1386,1376,-1,1379,1378,1387,-1,1387,1378,1388,-1,1387,1388,1389,-1,1388,1390,1389,-1,1389,1390,1391,-1,1389,1391,1392,-1,1392,1391,1393,-1,1392,1393,1394,-1,1394,1393,1395,-1,1395,1393,1396,-1,1395,1396,1397,-1,1397,1396,1398,-1,1397,1398,1399,-1,1400,1401,1402,-1,1402,1401,1403,-1,1402,1403,1404,-1,1404,1403,1405,-1,1404,1405,1406,-1,1406,1405,1399,-1,1406,1399,1407,-1,1407,1399,1398,-1,1402,1408,1400,-1,1400,1408,1409,-1,1400,1409,1410,-1,1410,1409,1411,-1,1410,1411,1412,-1,1412,1411,1413,-1,1413,1411,1414,-1,1413,1414,1415,-1,1415,1414,1416,-1,1415,1416,1417,-1,1417,1416,1418,-1,1417,1418,1419,-1,1418,1420,1419,-1,1419,1420,1421,-1,1419,1421,1422,-1,1422,1421,1423,-1,1422,1423,1424,-1,1425,1426,1427,-1,1427,1426,1428,-1,1427,1428,1429,-1,1424,1423,1430,-1,1430,1423,1431,-1,1430,1431,1425,-1,1425,1431,1432,-1,1425,1432,1426,-1,1429,1428,1433,-1,1433,1428,1434,-1,1433,1434,1435,-1,1435,1434,1436,-1,1435,1436,1437,-1,1436,1438,1437,-1,1437,1438,1439,-1,1437,1439,1440,-1,1440,1439,1441,-1,1440,1441,1442,-1,1442,1441,1443,-1,1443,1441,1444,-1,1443,1444,1445,-1,1444,1446,1445,-1,1445,1446,1447,-1,1445,1447,1448,-1,1448,1447,1449,-1,1448,1449,1450,-1,1451,1452,1453,-1,1453,1452,1454,-1,1453,1454,1455,-1,1450,1449,1456,-1,1456,1449,1457,-1,1456,1457,1458,-1,1458,1457,1459,-1,1458,1459,1460,-1,1460,1459,1461,-1,1460,1461,1451,-1,1451,1461,1462,-1,1451,1462,1452,-1,1455,1454,1463,-1,1463,1454,1464,-1,1463,1464,1465,-1,1465,1464,1466,-1,1465,1466,1467,-1,1467,1466,1468,-1,1467,1468,1469,-1,1469,1468,1470,-1,1469,1470,1471,-1,1471,1470,1472,-1,1471,1472,1473,-1,1473,1472,1474,-1,1473,1474,1475,-1,1474,1476,1475,-1,1475,1476,1477,-1,1475,1477,1478,-1,1478,1477,249,-1,1478,249,1479,-1,1479,249,247,-1,248,1480,246,-1,246,1480,1481,-1,246,1481,1482,-1,1482,1481,1483,-1,1482,1483,1484,-1,1484,1483,1485,-1,1484,1485,1486,-1,1486,1485,1487,-1,1486,1487,1488,-1,1488,1487,1489,-1,1489,1487,1490,-1,1489,1490,1491,-1,1490,1492,1491,-1,1491,1492,1493,-1,1491,1493,1494,-1,1494,1493,1495,-1,1494,1495,1496,-1,1496,1495,1497,-1,1495,1498,1497,-1,1497,1498,1499,-1,1497,1499,1500,-1,1500,1499,1501,-1,1500,1501,1502,-1,1502,1501,1503,-1,1502,1503,1504,-1,1505,1506,1507,-1,1507,1506,1508,-1,1507,1508,1509,-1,1504,1503,1510,-1,1510,1503,1511,-1,1510,1511,1512,-1,1512,1511,1513,-1,1512,1513,1505,-1,1505,1513,1514,-1,1505,1514,1506,-1,1509,1508,1515,-1,1515,1508,1516,-1,1515,1516,1517,-1,1516,1518,1517,-1,1517,1518,1519,-1,1517,1519,1520,-1,1520,1519,1521,-1,1520,1521,1522,-1,1523,1524,1525,-1,1525,1524,1526,-1,1525,1526,1527,-1,1522,1521,1528,-1,1528,1521,1529,-1,1528,1529,1530,-1,1530,1529,1531,-1,1530,1531,1532,-1,1532,1531,1533,-1,1532,1533,1523,-1,1523,1533,1534,-1,1523,1534,1524,-1,1527,1526,1535,-1,1535,1526,1536,-1,1535,1536,1537,-1,1537,1536,1538,-1,1537,1538,1539,-1,1539,1538,1540,-1,1539,1540,1541,-1,1541,1540,1542,-1,1541,1542,1543,-1,1543,1542,1544,-1,1543,1544,1545,-1,1545,1544,1546,-1,1545,1546,1547,-1,1546,1548,1547,-1,1547,1548,1549,-1,1547,1549,1550,-1,1550,1549,245,-1,1550,245,1551,-1,1551,245,243,-1,244,1552,242,-1,242,1552,1553,-1,242,1553,1554,-1,1554,1553,1555,-1,1554,1555,1556,-1,1556,1555,1557,-1,1556,1557,1558,-1,1558,1557,1559,-1,1558,1559,1560,-1,1560,1559,1561,-1,1561,1559,1562,-1,1561,1562,1563,-1,1562,1564,1563,-1,1563,1564,1565,-1,1563,1565,1566,-1,1566,1565,1567,-1,1566,1567,1568,-1,1568,1567,1569,-1,1567,1570,1569,-1,1569,1570,1571,-1,1569,1571,1572,-1,1572,1571,1573,-1,1572,1573,1574,-1,1574,1573,1575,-1,1574,1575,1576,-1,1577,1578,1579,-1,1579,1578,1580,-1,1579,1580,1581,-1,1576,1575,1582,-1,1582,1575,1583,-1,1582,1583,1584,-1,1584,1583,1585,-1,1584,1585,1577,-1,1577,1585,1586,-1,1577,1586,1578,-1,1581,1580,1587,-1,1587,1580,1588,-1,1587,1588,1589,-1,1588,1590,1589,-1,1589,1590,1591,-1,1589,1591,1592,-1,1592,1591,1593,-1,1592,1593,1594,-1,1594,1593,1595,-1,1595,1593,1596,-1,1595,1596,1597,-1,1597,1596,1598,-1,1597,1598,1599,-1,1598,1600,1599,-1,1599,1600,1601,-1,1599,1601,1602,-1,1602,1601,1603,-1,1602,1603,1604,-1,1605,1606,1607,-1,1607,1606,1608,-1,1607,1608,1609,-1,1604,1603,1610,-1,1610,1603,1611,-1,1610,1611,1612,-1,1612,1611,1613,-1,1612,1613,1614,-1,1614,1613,1615,-1,1614,1615,1605,-1,1605,1615,1616,-1,1605,1616,1606,-1,1609,1608,1617,-1,1617,1608,1618,-1,1617,1618,1619,-1,1618,1620,1619,-1,1619,1620,1621,-1,1619,1621,1622,-1,1622,1621,1623,-1,1622,1623,1624,-1,1624,1623,1625,-1,1626,1627,1628,-1,1628,1627,1629,-1,1628,1629,1630,-1,1630,1629,1631,-1,1630,1631,1632,-1,1632,1631,1633,-1,1632,1633,1634,-1,1634,1633,1635,-1,1634,1635,1636,-1,1636,1635,1625,-1,1636,1625,1637,-1,1637,1625,1623,-1,1628,1638,1626,-1,1626,1638,1639,-1,1626,1639,1640,-1,1640,1639,1641,-1,1640,1641,1642,-1,1642,1641,1643,-1,1643,1641,1644,-1,1643,1644,1645,-1,1644,1646,1645,-1,1645,1646,1647,-1,1645,1647,1648,-1,1648,1647,1649,-1,1648,1649,1650,-1,1650,1649,1651,-1,1650,1651,1652,-1,1652,1651,1653,-1,1652,1653,1654,-1,1655,1656,1657,-1,1657,1656,1658,-1,1657,1658,1659,-1,1654,1653,1660,-1,1660,1653,1661,-1,1660,1661,1655,-1,1655,1661,1662,-1,1655,1662,1656,-1,1659,1658,1663,-1,1663,1658,1664,-1,1663,1664,1665,-1,1665,1664,1666,-1,1665,1666,1667,-1,1667,1666,1668,-1,1667,1668,1669,-1,1668,1670,1669,-1,1669,1670,1671,-1,1669,1671,1672,-1,1672,1671,1673,-1,1672,1673,1674,-1,1674,1673,1675,-1,1673,1676,1675,-1,1675,1676,1677,-1,1675,1677,1678,-1,1678,1677,1679,-1,1679,1677,1680,-1,1679,1680,1681,-1,1681,1680,1682,-1,1681,1682,1683,-1,1683,1682,1684,-1,1683,1684,1685,-1,1684,1686,1685,-1,1685,1686,1687,-1,1685,1687,1688,-1,1688,1687,1689,-1,1688,1689,1690,-1,1690,1689,1691,-1,1690,1691,1692,-1,1692,1691,1693,-1,1693,1691,1694,-1,1693,1694,1695,-1,1694,1696,1695,-1,1695,1696,1697,-1,1695,1697,1698,-1,1698,1697,1699,-1,1699,1697,1700,-1,1699,1700,1701,-1,1701,1700,1702,-1,1701,1702,1703,-1,241,239,1703,-1,1703,239,1704,-1,1703,1704,1701,-1,1705,1706,1707,-1,238,240,1707,-1,1707,240,1708,-1,1707,1708,1705,-1,1706,1705,1709,-1,1709,1705,1710,-1,1709,1710,1711,-1,1710,1712,1711,-1,1711,1712,1713,-1,1711,1713,1714,-1,1714,1713,1715,-1,1714,1715,1716,-1,1716,1715,1717,-1,1716,1717,1718,-1,1718,1717,1719,-1,1718,1719,1720,-1,1720,1719,1721,-1,1719,1722,1721,-1,1721,1722,1723,-1,1721,1723,1724,-1,1724,1723,1725,-1,1725,1723,1726,-1,1725,1726,1727,-1,1727,1726,1728,-1,1727,1728,1729,-1,1729,1728,1730,-1,1729,1730,236,-1,236,1730,1731,-1,236,1731,237,-1,1732,1733,1734,-1,235,237,1734,-1,1734,237,1735,-1,1734,1735,1732,-1,1733,1732,1736,-1,1736,1732,1737,-1,1736,1737,1738,-1,1738,1737,1739,-1,1738,1739,1740,-1,232,234,1741,-1,1741,234,1742,-1,1741,1742,1740,-1,1740,1742,1743,-1,1740,1743,1738,-1,231,229,1744,-1,1744,229,1745,-1,1744,1745,1746,-1,1746,1745,1747,-1,1746,1747,1748,-1,1748,1747,1749,-1,1748,1749,233,-1,233,1749,1750,-1,233,1750,234,-1,1751,1752,1753,-1,228,230,1753,-1,1753,230,1754,-1,1753,1754,1751,-1,1752,1751,1755,-1,1755,1751,1756,-1,1755,1756,1757,-1,1756,1758,1757,-1,1757,1758,1759,-1,1757,1759,1760,-1,1760,1759,1761,-1,1761,1759,1762,-1,1761,1762,1763,-1,1762,1764,1763,-1,1763,1764,1765,-1,1763,1765,1766,-1,1766,1765,1767,-1,1765,1768,1767,-1,1767,1768,1769,-1,1767,1769,1770,-1,1770,1769,1771,-1,1771,1769,1772,-1,1771,1772,1773,-1,1773,1772,1774,-1,1773,1774,1775,-1,1775,1774,1776,-1,1775,1776,226,-1,226,1776,1777,-1,226,1777,227,-1,1778,1779,1780,-1,225,227,1780,-1,1780,227,1781,-1,1780,1781,1778,-1,1779,1778,1782,-1,1782,1778,1783,-1,1782,1783,1784,-1,1783,1785,1784,-1,1784,1785,1786,-1,1784,1786,1787,-1,1787,1786,1788,-1,1788,1786,1789,-1,1788,1789,1790,-1,1790,1789,1791,-1,1790,1791,1792,-1,224,222,1792,-1,1792,222,1793,-1,1792,1793,1790,-1,1794,1795,1796,-1,221,223,1796,-1,1796,223,1797,-1,1796,1797,1794,-1,1795,1794,1798,-1,1798,1794,1799,-1,1798,1799,1800,-1,1799,1801,1800,-1,1800,1801,1802,-1,1800,1802,1803,-1,1803,1802,1804,-1,1804,1802,1805,-1,1804,1805,1806,-1,1805,1807,1806,-1,1806,1807,1808,-1,1806,1808,1809,-1,1809,1808,1810,-1,1809,1810,1811,-1,1811,1810,1812,-1,1811,1812,1813,-1,1813,1812,1814,-1,1813,1814,1815,-1,1815,1814,1816,-1,1815,1816,1817,-1,1817,1816,1818,-1,1817,1818,1819,-1,1819,1818,1820,-1,1819,1820,1821,-1,1821,1820,1822,-1,1821,1822,1823,-1,1823,1822,1824,-1,1823,1824,1825,-1,1825,1824,1826,-1,1825,1826,1827,-1,1827,1826,1828,-1,1827,1828,1829,-1,1829,1828,1830,-1,1829,1830,1831,-1,1831,1830,1832,-1,1831,1832,1833,-1,1833,1832,1834,-1,1833,1834,1835,-1,1835,1834,1836,-1,1835,1836,1837,-1,1837,1836,1838,-1,1837,1838,1839,-1,1839,1838,1840,-1,1839,1840,1841,-1,1841,1840,1842,-1,1841,1842,1843,-1,1843,1842,1844,-1,1843,1844,1845,-1,1845,1844,1846,-1,1845,1846,1847,-1,1847,1846,1848,-1,1847,1848,1849,-1,1849,1848,1850,-1,1849,1850,1851,-1,1851,1850,1852,-1,1851,1852,1853,-1,1853,1852,1854,-1,1853,1854,1855,-1,1855,1854,1856,-1,1855,1856,1857,-1,1857,1856,1858,-1,1857,1858,1859,-1,1859,1858,1860,-1,1859,1860,1861,-1,1861,1860,1862,-1,1861,1862,1863,-1,1863,1862,1864,-1,1863,1864,1865,-1,1865,1864,1866,-1,1865,1866,1867,-1,1867,1866,1868,-1,1867,1868,1869,-1,1869,1868,1870,-1,1869,1870,1871,-1,1871,1870,1872,-1,1871,1872,1873,-1,1873,1872,1874,-1,1873,1874,1875,-1,1875,1874,1876,-1,1875,1876,1877,-1,1877,1876,1878,-1,1877,1878,1879,-1,1879,1878,1880,-1,1879,1880,1881,-1,1881,1880,1882,-1,1881,1882,1883,-1,1883,1882,1884,-1,1883,1884,1885,-1,1885,1884,1886,-1,1885,1886,1887,-1,1887,1886,1888,-1,1887,1888,1889,-1,1889,1888,1890,-1,1889,1890,1891,-1,1891,1890,1892,-1,1891,1892,1893,-1,1893,1892,1894,-1,1893,1894,1895,-1,1895,1894,1896,-1,1895,1896,1897,-1,1897,1896,1898,-1,1897,1898,1899,-1,1899,1898,1900,-1,1899,1900,1901,-1,1901,1900,1902,-1,1901,1902,1903,-1,1903,1902,1904,-1,1903,1904,1905,-1,1905,1904,1906,-1,1905,1906,1907,-1,1907,1906,1908,-1,1907,1908,1909,-1,1909,1908,1910,-1,1909,1910,1911,-1,1911,1910,1912,-1,1911,1912,1913,-1,1913,1912,1914,-1,1913,1914,1915,-1,1915,1914,1916,-1,1915,1916,1917,-1,1917,1916,1918,-1,1917,1918,1919,-1,1919,1918,1920,-1,1919,1920,1921,-1,1921,1920,1922,-1,1921,1922,1923,-1,1923,1922,1924,-1,1923,1924,1925,-1,1925,1924,1926,-1,1925,1926,1927,-1,1927,1926,1928,-1,1927,1928,1929,-1,1929,1928,1930,-1,1929,1930,1931,-1,1931,1930,1932,-1,1931,1932,1933,-1,1933,1932,1934,-1,1933,1934,1935,-1,1935,1934,1936,-1,1935,1936,1937,-1,1937,1936,1938,-1,1937,1938,1939,-1,1939,1938,1940,-1,1939,1940,1941,-1,1941,1940,1942,-1,1941,1942,1943,-1,1943,1942,1944,-1,1943,1944,1945,-1,1945,1944,1946,-1,1945,1946,1947,-1,1947,1946,1948,-1,1947,1948,1949,-1,1949,1948,1950,-1,1949,1950,1951,-1,1951,1950,1952,-1,1951,1952,1953,-1,1953,1952,1954,-1,1953,1954,1955,-1,1955,1954,1956,-1,1955,1956,1957,-1,1957,1956,1958,-1,1957,1958,1959,-1,1959,1958,1960,-1,1959,1960,1961,-1,1961,1960,1962,-1,1961,1962,1963,-1,1963,1962,1964,-1,1963,1964,1965,-1,1965,1964,1966,-1,1965,1966,1967,-1,1967,1966,1968,-1,1967,1968,1969,-1,1969,1968,1970,-1,1969,1970,1971,-1,1971,1970,1972,-1,1971,1972,1973,-1,1973,1972,1974,-1,1973,1974,1975,-1,1975,1974,1976,-1,1975,1976,1977,-1,1977,1976,1978,-1,1977,1978,1979,-1,1979,1978,1980,-1,1979,1980,1981,-1,1981,1980,1982,-1,1981,1982,1983,-1,1983,1982,1984,-1,1983,1984,1985,-1,1985,1984,1986,-1,1987,1988,1989,-1,1989,1988,1990,-1,1989,1990,1991,-1,1991,1990,1992,-1,1991,1992,1993,-1,1993,1992,1994,-1,1993,1994,1995,-1,1995,1994,1996,-1,1995,1996,1997,-1,1997,1996,1998,-1,1997,1998,1999,-1,1999,1998,2000,-1,1999,2000,2001,-1,2001,2000,2002,-1,2001,2002,2003,-1,2003,2002,2004,-1,2003,2004,2005,-1,2005,2004,2006,-1,2005,2006,2007,-1,2007,2006,2008,-1,2007,2008,2009,-1,2009,2008,2010,-1,2009,2010,2011,-1,2011,2010,2012,-1,2011,2012,2013,-1,2013,2012,2014,-1,2013,2014,2015,-1,2015,2014,2016,-1,2015,2016,2017,-1,2017,2016,2018,-1,2017,2018,2019,-1,2019,2018,2020,-1,2019,2020,2021,-1,2021,2020,2022,-1,2021,2022,2023,-1,2023,2022,2024,-1,2023,2024,2025,-1,2025,2024,2026,-1,2025,2026,2027,-1,2027,2026,2028,-1,2027,2028,2029,-1,2029,2028,2030,-1,2029,2030,2031,-1,2031,2030,2032,-1,2031,2032,2033,-1,2033,2032,2034,-1,2033,2034,2035,-1,2035,2034,2036,-1,2035,2036,2037,-1,2037,2036,2038,-1,2037,2038,2039,-1,2039,2038,2040,-1,2039,2040,2041,-1,2041,2040,2042,-1,2041,2042,2043,-1,2043,2042,2044,-1,2043,2044,2045,-1,2045,2044,2046,-1,2045,2046,2047,-1,2047,2046,2048,-1,2047,2048,2049,-1,2049,2048,2050,-1,2049,2050,2051,-1,2051,2050,2052,-1,2051,2052,2053,-1,2053,2052,2054,-1,2053,2054,2055,-1,2055,2054,2056,-1,2055,2056,2057,-1,2057,2056,2058,-1,2057,2058,2059,-1,2059,2058,2060,-1,2059,2060,2061,-1,2061,2060,2062,-1,2061,2062,2063,-1,2063,2062,2064,-1,2063,2064,2065,-1,2065,2064,2066,-1,2065,2066,2067,-1,2067,2066,2068,-1,2067,2068,2069,-1,2069,2068,2070,-1,2069,2070,2071,-1,2071,2070,2072,-1,2071,2072,2073,-1,2073,2072,2074,-1,2073,2074,2075,-1,2075,2074,2076,-1,2075,2076,2077,-1,2077,2076,2078,-1,2077,2078,2079,-1,2079,2078,2080,-1,2079,2080,2081,-1,2081,2080,2082,-1,2081,2082,2083,-1,2083,2082,2084,-1,2083,2084,2085,-1,2085,2084,2086,-1,2085,2086,2087,-1,2087,2086,2088,-1,2087,2088,2089,-1,2089,2088,2090,-1,2089,2090,2091,-1,2091,2090,2092,-1,2091,2092,2093,-1,2093,2092,2094,-1,2093,2094,2095,-1,2095,2094,2096,-1,2095,2096,2097,-1,2097,2096,2098,-1,2097,2098,2099,-1,2099,2098,2100,-1,2099,2100,2101,-1,2101,2100,2102,-1,2101,2102,2103,-1,2103,2102,2104,-1,2103,2104,2105,-1,2105,2104,2106,-1,2105,2106,2107,-1,2107,2106,2108,-1,2107,2108,2109,-1,2109,2108,2110,-1,2109,2110,2111,-1,2111,2110,2112,-1,2111,2112,2113,-1,2113,2112,2114,-1,2113,2114,2115,-1,2115,2114,2116,-1,2115,2116,2117,-1,2117,2116,2118,-1,2117,2118,2119,-1,2119,2118,2120,-1,2119,2120,2121,-1,2121,2120,2122,-1,2121,2122,2123,-1,2123,2122,2124,-1,2123,2124,2125,-1,2125,2124,2126,-1,2125,2126,2127,-1,2127,2126,2128,-1,2127,2128,2129,-1,2129,2128,2130,-1,2129,2130,2131,-1,2131,2130,2132,-1,2131,2132,2133,-1,2133,2132,2134,-1,2133,2134,2135,-1,2135,2134,2136,-1,2135,2136,2137,-1,2137,2136,2138,-1,2137,2138,2139,-1,2139,2138,2140,-1,2139,2140,2141,-1,2141,2140,2142,-1,2141,2142,2143,-1,2143,2142,2144,-1,2143,2144,2145,-1,2145,2144,2146,-1,2145,2146,2147,-1,2147,2146,2148,-1,2147,2148,2149,-1,2149,2148,2150,-1,2149,2150,2151,-1,2151,2150,2152,-1,2151,2152,2153,-1,2153,2152,2154,-1,2153,2154,2155,-1,2155,2154,2156,-1,2155,2156,2157,-1,2157,2156,2158,-1,2157,2158,2159,-1,2159,2158,2160,-1,2159,2160,2161,-1,2161,2160,2162,-1,2161,2162,2163,-1,2163,2162,2164,-1,2163,2164,2165,-1,2165,2164,2166,-1,2165,2166,2167,-1,2167,2166,2168,-1,2167,2168,2169,-1,2169,2168,2170,-1,2169,2170,2171,-1,2171,2170,2172,-1,2171,2172,2173,-1,2173,2172,2174,-1,2173,2174,2175,-1,2175,2174,2176,-1,2175,2176,2177,-1,2177,2176,2178,-1,2177,2178,2179,-1,2179,2178,2180,-1,2179,2180,2181,-1,2181,2180,2182,-1,2181,2182,2183,-1,2183,2182,2184,-1,2183,2184,2185,-1,2185,2184,2186,-1,2185,2186,2187,-1,2187,2186,2188,-1,2187,2188,2189,-1,2189,2188,2190,-1,2189,2190,2191,-1,2191,2190,2192,-1,2191,2192,2193,-1,2193,2192,2194,-1,2193,2194,2195,-1,2195,2194,2196,-1,2195,2196,2197,-1,2197,2196,2198,-1,2197,2198,2199,-1,2199,2198,2200,-1,2199,2200,2201,-1,2201,2200,2202,-1,2201,2202,2203,-1,2203,2202,2204,-1,2203,2204,2205,-1,2205,2204,2206,-1,2205,2206,2207,-1,2207,2206,2208,-1,2207,2208,2209,-1,2209,2208,2210,-1,2209,2210,2211,-1,2211,2210,2212,-1,2211,2212,2213,-1,2213,2212,2214,-1,2213,2214,2215,-1,2215,2214,2216,-1,2215,2216,2217,-1,2217,2216,2218,-1,2217,2218,2219,-1,2219,2218,2220,-1,2219,2220,2221,-1,2221,2220,2222,-1,2221,2222,2223,-1,2223,2222,2224,-1,2223,2224,2225,-1,2225,2224,2226,-1,2225,2226,2227,-1,2227,2226,2228,-1,2227,2228,2229,-1,2229,2228,2230,-1,2229,2230,2231,-1,2231,2230,2232,-1,2231,2232,2233,-1,2233,2232,2234,-1,2233,2234,2235,-1,2235,2234,2236,-1,2235,2236,2237,-1,2237,2236,2238,-1,2237,2238,2239,-1,2239,2238,2240,-1,2239,2240,2241,-1,2241,2240,2242,-1,2241,2242,1986,-1,1986,2242,1985,-1,2243,2244,2245,-1,2245,2244,2246,-1,2245,2246,2247,-1,2247,2246,2248,-1,2247,2248,2249,-1,2249,2248,2250,-1,2249,2250,1987,-1,1987,2250,2251,-1,1987,2251,1988,-1,2252,2253,2254,-1,2254,2253,2255,-1,2254,2255,2256,-1,2256,2255,2257,-1,2256,2257,2258,-1,2258,2257,2259,-1,2258,2259,2243,-1,2243,2259,2260,-1,2243,2260,2244,-1,2261,2262,2263,-1,2263,2262,2264,-1,2263,2264,2265,-1,2265,2264,2266,-1,2265,2266,2267,-1,2267,2266,2268,-1,2267,2268,2269,-1,2269,2268,2270,-1,2269,2270,2271,-1,2271,2270,2272,-1,2271,2272,2252,-1,2252,2272,2273,-1,2252,2273,2253,-1,2274,2275,2276,-1,2276,2275,2277,-1,2276,2277,2278,-1,2278,2277,2279,-1,2278,2279,2280,-1,2280,2279,2281,-1,2280,2281,2282,-1,2282,2281,2283,-1,2282,2283,2284,-1,2284,2283,2285,-1,2284,2285,2286,-1,2286,2285,2287,-1,2286,2287,2288,-1,2288,2287,2289,-1,2288,2289,270,-1,270,2289,2290,-1,270,2290,271,-1,220,219,2291,-1,2291,219,2292,-1,2291,2292,2293,-1,2293,2292,2294,-1,2293,2294,2274,-1,2274,2294,2295,-1,2274,2295,2275,-1,218,220,2296,-1,2296,220,2297,-1,2296,2297,2298,-1,2298,2297,2299,-1,2298,2299,2300,-1,2300,2299,2301,-1,2300,2301,2302,-1,2302,2301,2303,-1,2302,2303,2304,-1,2305,2306,35,-1,2307,2308,14,-1,2309,2310,40,-1,2311,2312,45,-1,2313,2314,26,-1,2315,2316,2254,-1,2254,2316,2252,-1,2317,2318,2256,-1,2256,2318,2319,-1,2256,2319,2254,-1,2254,2319,2320,-1,2254,2320,2315,-1,2317,2256,2321,-1,2321,2256,2258,-1,2321,2258,2322,-1,2323,2324,2243,-1,2243,2324,2325,-1,2243,2325,2258,-1,2258,2325,2326,-1,2258,2326,2322,-1,2323,2243,2327,-1,2327,2243,2245,-1,2327,2245,2328,-1,2247,2249,2329,-1,2329,2330,2247,-1,2247,2330,2331,-1,2247,2331,2245,-1,2245,2331,2332,-1,2245,2332,2328,-1,1989,2333,2334,-1,1989,2334,1987,-1,2334,2335,1987,-1,1987,2335,2336,-1,1987,2336,2249,-1,2249,2336,2337,-1,2249,2337,2329,-1,1993,2338,1991,-1,1991,2338,2339,-1,1991,2339,1989,-1,1989,2339,2340,-1,1989,2340,2333,-1,2341,2342,3,-1,3,2342,2261,-1,3,2261,0,-1,2343,2344,5,-1,5,2344,2345,-1,5,2345,3,-1,3,2345,2346,-1,3,2346,2341,-1,2347,5,2348,-1,2348,5,7,-1,2347,2349,5,-1,5,2349,2350,-1,5,2350,2343,-1,2351,2352,7,-1,7,2352,2353,-1,7,2353,2348,-1,2354,2355,24,-1,24,2355,2356,-1,24,2356,7,-1,7,2356,2357,-1,7,2357,2351,-1,2314,2358,26,-1,26,2358,2359,-1,26,2359,24,-1,24,2359,2360,-1,24,2360,2354,-1,2361,2362,15,-1,15,2362,2363,-1,15,2363,26,-1,26,2363,2364,-1,26,2364,2313,-1,2365,2366,17,-1,17,2366,2367,-1,17,2367,15,-1,15,2367,2368,-1,15,2368,2361,-1,2369,2370,19,-1,19,2370,17,-1,17,2370,2371,-1,17,2371,2365,-1,2372,2373,19,-1,19,2373,2374,-1,19,2374,2369,-1,2375,2376,21,-1,21,2376,2377,-1,21,2377,19,-1,19,2377,2378,-1,19,2378,2372,-1,2312,2379,45,-1,45,2379,2380,-1,45,2380,21,-1,21,2380,2381,-1,21,2381,2375,-1,2382,2383,36,-1,36,2383,2384,-1,36,2384,45,-1,45,2384,2385,-1,45,2385,2311,-1,2386,2387,38,-1,38,2387,2388,-1,38,2388,36,-1,36,2388,2389,-1,36,2389,2382,-1,2310,2390,40,-1,40,2390,2391,-1,40,2391,38,-1,38,2391,2392,-1,38,2392,2386,-1,8,2393,40,-1,40,2393,2394,-1,40,2394,2309,-1,2395,2396,10,-1,10,2396,2397,-1,2397,2398,10,-1,10,2398,2399,-1,10,2399,8,-1,8,2399,2400,-1,8,2400,2401,-1,2401,2402,8,-1,8,2402,2403,-1,8,2403,2393,-1,2404,2405,12,-1,12,2405,2406,-1,12,2406,10,-1,10,2406,2407,-1,10,2407,2395,-1,2308,2408,14,-1,14,2408,2409,-1,14,2409,12,-1,12,2409,2410,-1,12,2410,2404,-1,2411,2412,31,-1,31,2412,2413,-1,31,2413,14,-1,14,2413,2414,-1,14,2414,2307,-1,2415,2416,33,-1,33,2416,2417,-1,33,2417,31,-1,31,2417,2418,-1,31,2418,2411,-1,2306,2419,35,-1,35,2419,2420,-1,35,2420,33,-1,33,2420,2421,-1,33,2421,2415,-1,2422,2423,92,-1,92,2423,2424,-1,92,2424,35,-1,35,2424,2425,-1,35,2425,2305,-1,94,2426,92,-1,92,2426,2427,-1,92,2427,2422,-1,2261,2263,0,-1,0,2263,2265,-1,0,2265,49,-1,2316,2428,2252,-1,2252,2428,60,-1,2252,60,2271,-1,2271,60,61,-1,2271,61,2269,-1,2269,61,49,-1,2269,49,2267,-1,2267,49,2265,-1,2429,2430,159,-1,2431,2432,155,-1,2433,2434,120,-1,2435,2436,118,-1,2437,2438,112,-1,2439,2440,144,-1,174,2441,2442,-1,2303,172,2304,-1,2304,172,174,-1,2304,174,2443,-1,2443,174,2442,-1,2444,2445,176,-1,176,2445,2446,-1,176,2446,174,-1,174,2446,2447,-1,174,2447,2441,-1,2448,176,2449,-1,2449,176,136,-1,2448,2450,176,-1,176,2450,2451,-1,176,2451,2444,-1,2452,2453,136,-1,136,2453,2454,-1,136,2454,2449,-1,2455,2456,138,-1,138,2456,2457,-1,138,2457,136,-1,136,2457,2458,-1,136,2458,2452,-1,2459,2460,140,-1,140,2460,2461,-1,140,2461,138,-1,138,2461,2462,-1,138,2462,2455,-1,2463,2464,142,-1,142,2464,2465,-1,142,2465,140,-1,140,2465,2466,-1,140,2466,2459,-1,2440,2467,144,-1,144,2467,2468,-1,144,2468,142,-1,142,2468,2469,-1,142,2469,2463,-1,146,2470,144,-1,144,2470,2471,-1,144,2471,2439,-1,2472,2473,146,-1,146,2473,2474,-1,146,2474,2470,-1,2475,2476,148,-1,148,2476,2477,-1,148,2477,146,-1,146,2477,2478,-1,146,2478,2472,-1,2438,2479,112,-1,112,2479,2480,-1,112,2480,148,-1,148,2480,2481,-1,148,2481,2475,-1,2482,2483,114,-1,114,2483,2484,-1,114,2484,112,-1,112,2484,2485,-1,112,2485,2437,-1,2486,2487,116,-1,116,2487,2488,-1,116,2488,114,-1,114,2488,2489,-1,114,2489,2482,-1,2436,2490,118,-1,118,2490,2491,-1,118,2491,116,-1,116,2491,2492,-1,116,2492,2486,-1,2434,2493,120,-1,120,2493,2494,-1,120,2494,118,-1,118,2494,2495,-1,118,2495,2435,-1,2496,2497,122,-1,122,2497,2498,-1,2498,2499,122,-1,122,2499,2500,-1,122,2500,120,-1,120,2500,2501,-1,120,2501,2433,-1,2502,2503,124,-1,124,2503,2504,-1,124,2504,122,-1,122,2504,2505,-1,122,2505,2496,-1,2506,2507,153,-1,153,2507,2508,-1,153,2508,124,-1,124,2508,2509,-1,124,2509,2502,-1,2432,2510,155,-1,155,2510,2511,-1,155,2511,153,-1,153,2511,2512,-1,153,2512,2506,-1,2513,2514,157,-1,157,2514,2515,-1,157,2515,155,-1,155,2515,2516,-1,155,2516,2431,-1,2430,2517,159,-1,159,2517,2518,-1,159,2518,157,-1,157,2518,2519,-1,157,2519,2513,-1,2520,2521,161,-1,161,2521,2522,-1,161,2522,159,-1,159,2522,2523,-1,159,2523,2429,-1,163,2524,161,-1,161,2524,2525,-1,161,2525,2520,-1,2526,2291,2527,-1,2527,2291,2293,-1,2527,2293,2528,-1,2529,2530,2274,-1,2274,2530,2531,-1,2274,2531,2293,-1,2293,2531,2532,-1,2293,2532,2528,-1,2533,2534,2278,-1,2278,2534,2535,-1,2278,2535,2276,-1,2276,2535,2536,-1,2276,2536,2274,-1,2274,2536,2537,-1,2274,2537,2529,-1,2280,2538,2278,-1,2278,2538,2539,-1,2278,2539,2533,-1,2540,2541,2282,-1,2282,2541,2542,-1,2282,2542,2280,-1,2280,2542,2543,-1,2280,2543,2538,-1,2286,2544,2284,-1,2284,2544,2545,-1,2284,2545,2282,-1,2282,2545,2546,-1,2282,2546,2540,-1,2288,2547,2286,-1,2286,2547,2548,-1,2286,2548,2544,-1,272,2549,270,-1,270,2549,2550,-1,270,2550,2288,-1,2288,2550,2551,-1,2288,2551,2547,-1,2303,2301,172,-1,172,2301,2299,-1,172,2299,170,-1,2526,194,2291,-1,2291,194,168,-1,2291,168,220,-1,220,168,170,-1,220,170,2297,-1,2297,170,2299,-1,2552,2553,2554,-1,2555,2556,2557,-1,2558,2559,2560,-1,2561,2562,2563,-1,2564,2565,2566,-1,2566,2567,2564,-1,2564,2567,2568,-1,2564,2568,2569,-1,2569,2568,2570,-1,2571,2572,2573,-1,2573,2572,2569,-1,2573,2569,2574,-1,2574,2569,2570,-1,2575,2564,2576,-1,2564,2575,2565,-1,2565,2575,2577,-1,2565,2577,2578,-1,2579,2580,2578,-1,2578,2580,2581,-1,2578,2581,2565,-1,2582,2583,2584,-1,2584,2583,2585,-1,2584,2585,2586,-1,2586,2587,2584,-1,2584,2587,2588,-1,2584,2588,2589,-1,2589,2590,2584,-1,2584,2590,2591,-1,2584,2591,2592,-1,2593,2594,2595,-1,2595,2594,2592,-1,2595,2592,2596,-1,2596,2592,2591,-1,2593,2597,2594,-1,2594,2597,2598,-1,2594,2598,2599,-1,2600,2601,2602,-1,2602,2601,2603,-1,2602,2603,2604,-1,2604,2605,2602,-1,2602,2605,2606,-1,2602,2606,2607,-1,2608,2609,2610,-1,2610,2609,2611,-1,2611,2612,2610,-1,2610,2612,2613,-1,2610,2613,2614,-1,2614,2613,2602,-1,2614,2602,2615,-1,2615,2602,2607,-1,2610,2616,2617,-1,2617,2618,2610,-1,2610,2618,2619,-1,2610,2619,2620,-1,2620,2621,2610,-1,2610,2621,2622,-1,2610,2622,2623,-1,2623,2624,2610,-1,2610,2624,2625,-1,2610,2625,2626,-1,2627,2608,2628,-1,2628,2608,2610,-1,2628,2610,2629,-1,2629,2610,2626,-1,2630,2631,2632,-1,2630,2632,2633,-1,2633,2632,2634,-1,2633,2634,2635,-1,2636,2637,2638,-1,2637,2639,2638,-1,2638,2639,2640,-1,2638,2640,2641,-1,2571,2642,2572,-1,2572,2642,2643,-1,2572,2643,2644,-1,2644,2643,2638,-1,2644,2638,2584,-1,2584,2638,2641,-1,2584,2641,2582,-1,2645,2646,2647,-1,2648,2580,2563,-1,2563,2580,2579,-1,2563,2579,2561,-1,2648,2649,2580,-1,2580,2649,2650,-1,2580,2650,2651,-1,2651,2652,2580,-1,2580,2652,2653,-1,2580,2653,2654,-1,2654,2655,2580,-1,2580,2655,2656,-1,2580,2656,2647,-1,2647,2656,2657,-1,2647,2657,2658,-1,2658,2659,2647,-1,2647,2659,2660,-1,2647,2660,2645,-1,2661,2662,2663,-1,2663,2662,2664,-1,2663,2664,2665,-1,2665,2666,2663,-1,2663,2666,2667,-1,2663,2667,2668,-1,2669,2670,2668,-1,2668,2670,2671,-1,2668,2671,2663,-1,2669,2672,2670,-1,2670,2672,2673,-1,2670,2673,2674,-1,2674,2675,2670,-1,2670,2675,2676,-1,2670,2676,2563,-1,2563,2676,2677,-1,2563,2677,2648,-1,2678,2661,2679,-1,2679,2661,2663,-1,2679,2663,2576,-1,2576,2663,2680,-1,2576,2680,2575,-1,2678,2679,2681,-1,2681,2679,2682,-1,2681,2682,2683,-1,2684,2685,2686,-1,2686,2685,2687,-1,2686,2687,2688,-1,2599,2600,2594,-1,2594,2600,2602,-1,2594,2602,2560,-1,2560,2602,2689,-1,2686,2690,2691,-1,2691,2692,2686,-1,2686,2692,2693,-1,2686,2693,2694,-1,2694,2695,2686,-1,2686,2695,2696,-1,2686,2696,2697,-1,2697,2698,2686,-1,2686,2698,2699,-1,2686,2699,2700,-1,2700,2701,2686,-1,2686,2701,2702,-1,2686,2702,2703,-1,2703,2704,2686,-1,2686,2704,2705,-1,2686,2705,2706,-1,2706,2707,2686,-1,2686,2707,2708,-1,2686,2708,2709,-1,2710,2711,2712,-1,2712,2711,2713,-1,2713,2714,2646,-1,2646,2714,2715,-1,2715,2716,2646,-1,2646,2716,2717,-1,2646,2717,2718,-1,2718,2719,2646,-1,2646,2719,2720,-1,2646,2720,2721,-1,2721,2722,2646,-1,2646,2722,2723,-1,2646,2723,2724,-1,2724,2725,2646,-1,2646,2725,2726,-1,2646,2726,2727,-1,2727,2728,2646,-1,2646,2728,2729,-1,2646,2729,2730,-1,2730,2731,2646,-1,2646,2731,2732,-1,2646,2732,2733,-1,2733,2734,2646,-1,2646,2734,2735,-1,2646,2735,2736,-1,2736,2737,2646,-1,2646,2737,2738,-1,2646,2738,2739,-1,2635,2636,2633,-1,2633,2636,2638,-1,2633,2638,2709,-1,2709,2638,2740,-1,2709,2740,2686,-1,2686,2740,2647,-1,2686,2647,2741,-1,2741,2647,2646,-1,2741,2646,2742,-1,2742,2646,2739,-1,2713,2646,2712,-1,2712,2646,2743,-1,2712,2743,2710,-1,2744,2745,2746,-1,2747,2748,2749,-1,2749,2748,2750,-1,2749,2750,2751,-1,2752,2751,2753,-1,2753,2751,2750,-1,2753,2750,2754,-1,2754,2750,2755,-1,2754,2755,2756,-1,2757,2758,2759,-1,2760,2757,2747,-1,2747,2757,2759,-1,2747,2759,2748,-1,2748,2759,2761,-1,2748,2761,2762,-1,2763,2764,2765,-1,2765,2766,2763,-1,2763,2766,2767,-1,2763,2767,2768,-1,2769,2770,2771,-1,2771,2770,2772,-1,2772,2773,2771,-1,2771,2773,2774,-1,2771,2774,2775,-1,2776,2777,2753,-1,2775,2778,2771,-1,2771,2778,2779,-1,2771,2779,2780,-1,2780,2781,2771,-1,2771,2781,2782,-1,2771,2782,2753,-1,2753,2782,2783,-1,2753,2783,2776,-1,2777,2784,2753,-1,2753,2784,2785,-1,2753,2785,2786,-1,2787,2788,2789,-1,2790,2791,2789,-1,2789,2791,2792,-1,2789,2792,2793,-1,2793,2794,2789,-1,2789,2794,2795,-1,2789,2795,2787,-1,2796,2797,2798,-1,2798,2797,2799,-1,2800,2744,2762,-1,2762,2744,2746,-1,2762,2746,2748,-1,2748,2746,2799,-1,2801,2798,2802,-1,2802,2798,2799,-1,2802,2799,2803,-1,2803,2799,2746,-1,2804,2805,2806,-1,2806,2805,2752,-1,2806,2752,2789,-1,2789,2752,2753,-1,2789,2753,2790,-1,2790,2753,2786,-1,2807,2798,2804,-1,2804,2798,2801,-1,2804,2801,2805,-1,2807,2808,2798,-1,2798,2808,2809,-1,2798,2809,2810,-1,2810,2811,2798,-1,2798,2811,2812,-1,2798,2812,2813,-1,2813,2814,2798,-1,2798,2814,2815,-1,2798,2815,2816,-1,2817,2818,2819,-1,2820,2821,2740,-1,2817,2820,2818,-1,2818,2820,2740,-1,2818,2740,2822,-1,2822,2740,2798,-1,2822,2798,2823,-1,2823,2798,2816,-1,2821,2824,2740,-1,2740,2824,2825,-1,2740,2825,2826,-1,2827,2828,2829,-1,2829,2828,2830,-1,2830,2831,2829,-1,2829,2831,2832,-1,2829,2832,2833,-1,2833,2832,2834,-1,2833,2834,2835,-1,2835,2834,2836,-1,2835,2836,2837,-1,2837,2836,2838,-1,2839,2840,2841,-1,2842,2843,2844,-1,2844,2843,2845,-1,2844,2845,2819,-1,2819,2845,2846,-1,2819,2846,2817,-1,2842,2839,2843,-1,2843,2839,2841,-1,2843,2841,2838,-1,2838,2841,2847,-1,2847,2848,2838,-1,2838,2848,2849,-1,2838,2849,2850,-1,2850,2851,2838,-1,2838,2851,2852,-1,2838,2852,2837,-1,2853,2854,2855,-1,2856,2857,2858,-1,2858,2857,2859,-1,2858,2859,2787,-1,2859,2860,2787,-1,2787,2860,2861,-1,2787,2861,2862,-1,2862,2863,2787,-1,2787,2863,2864,-1,2787,2864,2865,-1,2866,2867,2868,-1,2868,2867,2788,-1,2868,2788,2869,-1,2869,2788,2787,-1,2869,2787,2827,-1,2858,2870,2871,-1,2872,2873,2874,-1,2875,2876,2874,-1,2874,2876,2877,-1,2874,2877,2872,-1,2873,2878,2874,-1,2874,2878,2856,-1,2874,2856,2879,-1,2879,2856,2858,-1,2879,2858,2880,-1,2880,2858,2871,-1,2881,2882,2883,-1,2883,2884,2881,-1,2881,2884,2885,-1,2881,2885,2886,-1,2886,2887,2881,-1,2881,2887,2888,-1,2881,2888,2889,-1,2890,2891,2892,-1,2892,2891,2893,-1,2892,2893,2894,-1,2894,2895,2892,-1,2892,2895,2896,-1,2892,2896,2897,-1,2892,2898,2890,-1,2890,2898,2899,-1,2890,2899,2900,-1,2900,2901,2890,-1,2890,2901,2902,-1,2890,2902,2903,-1,2889,2904,2881,-1,2881,2904,2890,-1,2881,2890,2905,-1,2905,2890,2903,-1,2906,2907,2908,-1,2908,2907,2909,-1,2908,2909,2881,-1,2881,2909,2910,-1,2881,2910,2882,-1,2906,2911,2907,-1,2907,2911,2912,-1,2907,2912,2913,-1,2914,2875,2907,-1,2913,2915,2907,-1,2907,2915,2916,-1,2907,2916,2914,-1,2826,2917,2740,-1,2740,2917,2907,-1,2740,2907,2647,-1,2647,2907,2875,-1,2647,2875,2918,-1,2918,2875,2874,-1,2853,2919,2920,-1,2920,2919,2921,-1,2855,2922,2853,-1,2853,2922,2923,-1,2853,2923,2919,-1,2919,2923,2870,-1,2918,2921,2647,-1,2647,2921,2919,-1,2647,2919,2763,-1,2763,2919,2924,-1,2763,2924,2764,-1,2925,2926,2927,-1,2923,2928,2870,-1,2870,2928,2925,-1,2870,2925,2871,-1,2871,2925,2927,-1,2871,2927,2929,-1,2930,2828,2931,-1,2931,2828,2827,-1,2931,2827,2932,-1,2932,2827,2787,-1,2932,2787,2933,-1,2933,2787,2865,-1,2934,2935,2936,-1,2936,2937,2934,-1,2934,2937,2938,-1,2934,2938,2939,-1,2940,2934,2941,-1,2941,2934,2939,-1,2941,2939,2942,-1,2940,2943,2934,-1,2934,2943,2944,-1,2934,2944,2945,-1,2945,2946,2934,-1,2934,2946,2947,-1,2934,2947,2948,-1,2949,2950,2951,-1,2952,2953,2947,-1,2947,2953,2954,-1,2947,2954,2949,-1,2949,2951,2947,-1,2947,2951,2955,-1,2947,2955,2948,-1,2956,2931,2957,-1,2957,2931,2958,-1,2957,2958,2934,-1,2934,2958,2959,-1,2934,2959,2935,-1,2956,2960,2931,-1,2931,2960,2961,-1,2931,2961,2962,-1,2962,2963,2931,-1,2931,2963,2964,-1,2931,2964,2930,-1,2965,2966,2967,-1,2768,2769,2763,-1,2763,2769,2771,-1,2763,2771,2968,-1,2968,2771,2969,-1,2968,2969,2970,-1,2970,2969,2965,-1,2971,2796,2972,-1,2972,2796,2973,-1,2972,2973,2974,-1,2974,2973,2975,-1,2976,2977,2966,-1,2755,2978,2979,-1,2979,2978,2980,-1,2979,2980,2966,-1,2966,2980,2981,-1,2966,2981,2976,-1,2977,2982,2966,-1,2966,2982,2983,-1,2966,2983,2967,-1,2967,2983,2984,-1,2967,2984,2985,-1,2985,2986,2967,-1,2967,2986,2987,-1,2967,2987,2988,-1,2988,2989,2967,-1,2967,2989,2990,-1,2967,2990,2991,-1,2991,2992,2967,-1,2967,2992,2993,-1,2967,2993,2971,-1,2971,2993,2994,-1,2994,2995,2971,-1,2971,2995,2996,-1,2971,2996,2997,-1,2998,2999,2796,-1,2997,3000,2971,-1,2971,3000,3001,-1,2971,3001,2796,-1,2796,3001,3002,-1,2796,3002,2998,-1,2999,3003,2796,-1,2796,3003,3004,-1,2796,3004,2797,-1,2756,2755,3005,-1,3005,2755,2979,-1,3005,2979,3006,-1,3007,2558,3008,-1,3008,2558,2560,-1,3008,2560,2688,-1,2688,2560,2689,-1,2688,2689,2686,-1,2686,2689,3009,-1,2686,3009,2690,-1,3010,2555,3011,-1,3011,2555,2557,-1,3011,2557,2683,-1,2683,2557,2685,-1,2683,2685,2681,-1,2681,2685,2684,-1,2965,2967,2970,-1,2970,2967,3012,-1,2970,3012,3013,-1,3013,3012,3014,-1,3013,3014,3015,-1,3016,3017,3018,-1,3019,3020,2581,-1,2581,3020,3021,-1,2581,3021,3022,-1,3022,3023,2581,-1,2581,3023,3024,-1,2581,3024,3016,-1,3016,3018,2581,-1,2581,3018,3025,-1,2581,3025,3026,-1,3026,3027,2581,-1,2581,3027,3028,-1,2581,3028,3029,-1,3029,3030,2581,-1,2581,3030,3031,-1,2581,3031,2565,-1,3032,3033,3034,-1,3035,3036,3037,-1,3034,3033,3037,-1,3037,3033,3038,-1,3037,3038,3035,-1,3036,3039,3037,-1,3037,3039,3040,-1,3037,3040,3041,-1,3041,3042,3037,-1,3037,3042,3043,-1,3037,3043,2581,-1,2581,3043,3044,-1,2581,3044,3019,-1,3045,3046,3047,-1,3047,3046,3048,-1,3045,3049,3046,-1,3046,3049,3050,-1,3046,3050,3051,-1,3051,3052,3046,-1,3046,3052,3053,-1,3046,3053,3054,-1,3054,3055,3046,-1,3046,3055,3056,-1,3046,3056,3034,-1,3034,3056,3057,-1,3034,3057,3032,-1,3058,3059,3060,-1,2554,2553,3060,-1,2553,3061,3060,-1,3060,3061,3062,-1,3060,3062,3063,-1,3064,3060,3065,-1,3065,3060,3063,-1,3065,3063,3066,-1,3064,3067,3060,-1,3060,3067,3068,-1,3060,3068,3069,-1,3069,3070,3060,-1,3060,3070,3071,-1,3060,3071,3072,-1,3072,3073,3060,-1,3060,3073,3074,-1,3060,3074,3058,-1,3075,3076,3077,-1,3077,3078,3075,-1,3075,3078,3079,-1,3075,3079,3080,-1,3080,3081,3075,-1,3075,3081,3082,-1,3075,3082,3083,-1,3083,3084,3075,-1,3075,3084,3085,-1,3075,3085,3086,-1,3086,3087,3075,-1,3075,3087,3088,-1,3075,3088,3089,-1,3089,3090,3075,-1,3075,3090,3091,-1,3075,3091,3046,-1,3046,3091,3092,-1,3046,3092,3048,-1,3093,3094,3095,-1,3095,3094,3096,-1,3095,3096,3097,-1,3097,3098,3095,-1,3095,3098,3099,-1,3095,3099,3100,-1,3100,3101,3095,-1,3095,3101,3102,-1,3095,3102,3103,-1,3104,2554,3105,-1,3105,2554,3095,-1,3105,3095,3106,-1,3106,3095,3103,-1,3104,3107,2554,-1,2554,3107,3108,-1,2554,3108,3109,-1,3109,3110,2554,-1,2554,3110,3111,-1,2554,3111,2552,-1,3112,3113,3114,-1,3114,3113,3115,-1,3114,3115,3116,-1,3116,3117,3114,-1,3114,3117,3118,-1,3114,3118,3119,-1,3120,3121,3122,-1,3122,3121,3123,-1,3123,3124,3122,-1,3122,3124,3125,-1,3122,3125,3114,-1,3114,3125,3126,-1,3114,3126,3112,-1,3127,3128,3095,-1,3127,3095,3129,-1,3130,3131,3132,-1,3132,3131,3133,-1,3132,3133,3095,-1,3095,3133,3134,-1,3095,3134,3129,-1,3128,3135,3095,-1,3095,3135,3136,-1,3095,3136,3093,-1,3093,3136,3137,-1,3138,3139,3120,-1,3140,3141,3142,-1,3137,3143,3093,-1,3093,3143,3144,-1,3093,3144,3145,-1,3145,3144,3146,-1,3145,3146,3147,-1,3147,3146,3148,-1,3147,3148,3142,-1,3142,3148,3149,-1,3142,3149,3140,-1,3150,3151,3152,-1,3152,3151,3142,-1,3152,3142,3153,-1,3153,3142,3141,-1,3138,3120,3154,-1,3150,3155,3151,-1,3151,3155,3156,-1,3151,3156,3120,-1,3120,3156,3157,-1,3120,3157,3154,-1,3139,3158,3120,-1,3120,3158,3159,-1,3120,3159,3121,-1,3160,3161,3162,-1,3162,3161,3163,-1,3164,3165,3166,-1,3166,3165,3161,-1,3166,3161,3167,-1,3164,3168,3165,-1,3165,3168,3169,-1,3165,3169,3161,-1,3161,3169,3170,-1,3161,3170,3163,-1,3161,3171,3167,-1,3167,3171,3172,-1,3167,3172,3173,-1,3119,3174,3114,-1,3114,3174,3167,-1,3114,3167,3175,-1,3175,3167,3173,-1,3175,3173,3176,-1,3177,3178,3179,-1,3179,3178,3180,-1,3179,3180,3181,-1,3182,3179,3183,-1,3183,3179,3181,-1,3183,3181,3184,-1,3184,3181,3185,-1,3160,3186,3161,-1,3161,3186,3187,-1,3161,3187,3188,-1,3188,3187,3189,-1,3188,3189,3190,-1,3190,3189,3191,-1,3185,3181,3192,-1,3192,3181,3193,-1,3192,3193,3189,-1,3189,3193,3194,-1,3189,3194,3191,-1,3195,3196,3197,-1,3197,3198,3195,-1,3195,3198,3199,-1,3195,3199,3200,-1,3200,3201,3195,-1,3195,3201,3202,-1,3195,3202,3203,-1,3203,3204,3195,-1,3195,3204,3205,-1,3195,3205,3206,-1,3207,3208,3179,-1,3179,3208,3209,-1,3179,3209,3177,-1,3207,3210,3208,-1,3208,3210,3211,-1,3208,3211,3212,-1,3212,3213,3208,-1,3208,3213,3214,-1,3208,3214,3215,-1,3215,3216,3208,-1,3208,3216,3217,-1,3208,3217,3218,-1,3218,3219,3208,-1,3208,3219,3220,-1,3208,3220,3221,-1,3221,3220,3196,-1,3221,3196,3222,-1,3222,3196,3195,-1,3223,3224,3225,-1,3225,3224,3226,-1,3225,3226,3227,-1,3227,3228,3225,-1,3225,3228,3229,-1,3225,3229,3230,-1,3231,3232,3233,-1,3233,3232,3234,-1,3233,3234,3235,-1,3235,3234,3236,-1,3237,3238,3239,-1,3231,3233,3239,-1,3239,3233,3240,-1,3239,3240,3237,-1,3230,3241,3225,-1,3225,3241,3239,-1,3225,3239,3242,-1,3242,3239,3238,-1,3243,3244,3159,-1,3223,3225,3159,-1,3159,3225,3245,-1,3159,3245,3243,-1,3244,3246,3159,-1,3159,3246,3247,-1,3159,3247,3248,-1,3248,3249,3159,-1,3159,3249,3250,-1,3159,3250,3121,-1,2642,3251,2643,-1,2643,3251,3252,-1,2643,3252,3253,-1,3253,3254,2643,-1,2643,3254,3255,-1,2643,3255,3256,-1,3256,3257,2643,-1,2643,3257,3258,-1,2643,3258,3259,-1,3259,3260,2643,-1,2643,3260,3261,-1,2643,3261,3132,-1,3132,3261,3262,-1,3132,3262,3130,-1,3263,3264,3265,-1,3265,3264,3266,-1,3265,3266,3267,-1,3267,3266,3268,-1,3267,3268,3269,-1,3269,3268,3270,-1,3269,3270,3271,-1,3271,3270,3272,-1,3271,3272,3273,-1,3273,3272,3274,-1,3273,3274,3275,-1,3275,3274,2973,-1,3275,2973,3276,-1,3276,2973,2796,-1,3276,2796,3277,-1,3277,2796,2798,-1,3277,2798,3278,-1,3278,2798,2740,-1,3278,2740,3279,-1,3279,2740,2638,-1,3279,2638,3280,-1,3280,2638,2643,-1,3280,2643,3281,-1,3281,2643,3132,-1,3281,3132,3282,-1,3282,3132,3095,-1,3282,3095,3283,-1,3283,3095,2554,-1,3283,2554,3284,-1,3284,2554,3060,-1,3284,3060,3285,-1,3285,3060,3286,-1,3285,3286,3287,-1,3287,3286,3288,-1,3287,3288,3289,-1,3289,3288,3290,-1,3289,3290,3291,-1,3291,3290,3292,-1,3291,3292,3293,-1,3293,3292,3294,-1,3293,3294,3295,-1,3295,3294,3296,-1,3295,3296,3297,-1,3297,3296,3298,-1,3297,3298,3299,-1,3299,3298,3300,-1,3299,3300,3301,-1,3301,3300,3302,-1,3301,3302,3303,-1,3303,3302,3304,-1,3303,3304,3305,-1,3305,3304,3306,-1,3305,3306,3307,-1,3307,3306,3308,-1,3307,3308,3309,-1,3309,3308,3310,-1,3309,3310,3311,-1,3311,3310,3312,-1,3311,3312,3313,-1,3313,3312,3314,-1,3313,3314,3315,-1,3315,3314,3316,-1,3315,3316,3317,-1,3317,3316,3318,-1,3317,3318,3319,-1,3319,3318,3320,-1,3319,3320,3321,-1,3321,3320,3322,-1,3321,3322,3323,-1,3323,3322,3324,-1,3323,3324,3325,-1,3325,3324,3326,-1,3325,3326,3327,-1,3327,3326,3328,-1,3327,3328,3329,-1,3329,3328,3330,-1,3329,3330,3331,-1,3331,3330,3332,-1,3331,3332,3333,-1,3333,3332,3334,-1,3333,3334,3335,-1,3335,3334,3336,-1,3335,3336,3337,-1,3337,3336,3338,-1,3337,3338,3339,-1,3339,3338,3340,-1,3339,3340,3341,-1,3341,3340,3342,-1,3341,3342,3343,-1,3343,3342,3344,-1,3343,3344,3263,-1,3263,3344,3264,-1,3345,2975,3346,-1,3346,2975,2973,-1,3346,2973,3015,-1,3015,2973,3274,-1,3015,3274,3013,-1,3013,3274,3272,-1,3013,3272,3347,-1,3347,3272,3270,-1,3347,3270,3348,-1,3348,3270,3268,-1,3348,3268,3349,-1,3349,3268,3266,-1,3349,3266,3350,-1,3350,3266,3264,-1,3350,3264,3351,-1,3351,3264,3344,-1,3351,3344,3352,-1,3352,3344,3342,-1,3352,3342,3353,-1,3353,3342,3340,-1,3353,3340,3354,-1,3354,3340,3338,-1,3354,3338,3355,-1,3355,3338,3336,-1,3355,3336,3356,-1,3356,3336,3334,-1,3356,3334,3357,-1,3357,3334,3332,-1,3357,3332,3358,-1,3358,3332,3330,-1,3358,3330,3359,-1,3359,3330,3328,-1,3359,3328,3360,-1,3360,3328,3326,-1,3360,3326,3361,-1,3361,3326,3324,-1,3361,3324,3362,-1,3362,3324,3322,-1,3362,3322,3363,-1,3363,3322,3320,-1,3363,3320,3364,-1,3364,3320,3318,-1,3364,3318,3365,-1,3365,3318,3316,-1,3365,3316,3366,-1,3366,3316,3314,-1,3366,3314,3367,-1,3367,3314,3312,-1,3367,3312,3368,-1,3368,3312,3310,-1,3368,3310,3369,-1,3369,3310,3308,-1,3369,3308,3370,-1,3370,3308,3306,-1,3370,3306,3371,-1,3371,3306,3304,-1,3371,3304,3372,-1,3372,3304,3302,-1,3372,3302,3373,-1,3373,3302,3300,-1,3373,3300,3374,-1,3374,3300,3298,-1,3374,3298,3375,-1,3375,3298,3296,-1,3375,3296,3376,-1,3376,3296,3294,-1,3376,3294,3377,-1,3377,3294,3292,-1,3377,3292,3378,-1,3378,3292,3290,-1,3378,3290,3379,-1,3379,3290,3288,-1,3379,3288,3380,-1,3380,3288,3286,-1,3380,3286,3381,-1,3381,3286,3060,-1,3381,3060,3075,-1,3075,3060,3059,-1,3075,3059,3076,-1,3382,3319,3383,-1,3383,3319,3321,-1,3383,3321,3384,-1,3384,3321,3323,-1,3384,3323,3385,-1,3385,3323,3325,-1,3385,3325,3386,-1,3386,3325,3327,-1,3386,3327,3387,-1,3388,3305,3389,-1,3389,3305,3307,-1,3389,3307,3390,-1,3390,3307,3309,-1,3390,3309,3391,-1,3391,3309,3311,-1,3391,3311,3392,-1,3392,3311,3313,-1,3392,3313,3393,-1,3393,3313,3315,-1,3393,3315,3382,-1,3382,3315,3317,-1,3382,3317,3319,-1,3327,3329,3387,-1,3387,3329,3331,-1,3387,3331,3394,-1,3394,3331,3333,-1,3394,3333,3395,-1,3395,3333,3335,-1,3395,3335,3396,-1,3396,3335,3337,-1,3396,3337,3397,-1,3397,3337,3339,-1,3397,3339,3398,-1,3398,3339,3341,-1,3398,3341,3399,-1,3399,3341,3343,-1,3399,3343,3400,-1,3400,3343,3263,-1,3400,3263,3401,-1,3401,3263,3265,-1,3401,3265,3402,-1,3402,3265,3267,-1,3402,3267,3403,-1,3403,3267,3269,-1,3403,3269,3404,-1,3404,3269,3271,-1,3404,3271,3405,-1,3405,3271,3273,-1,3405,3273,3406,-1,3407,3293,3408,-1,3408,3293,3295,-1,3408,3295,3409,-1,3409,3295,3297,-1,3409,3297,3410,-1,3410,3297,3299,-1,3410,3299,3411,-1,3411,3299,3301,-1,3411,3301,3388,-1,3388,3301,3303,-1,3388,3303,3305,-1,3412,3282,3413,-1,3413,3282,3283,-1,3413,3283,3414,-1,3414,3283,3284,-1,3414,3284,3415,-1,3415,3284,3285,-1,3415,3285,3416,-1,3416,3285,3287,-1,3416,3287,3417,-1,3417,3287,3289,-1,3417,3289,3407,-1,3407,3289,3291,-1,3407,3291,3293,-1,3273,3275,3406,-1,3406,3275,3276,-1,3406,3276,3418,-1,3418,3276,3277,-1,3418,3277,3419,-1,3419,3277,3278,-1,3419,3278,3420,-1,3420,3278,3279,-1,3420,3279,3421,-1,3421,3279,3280,-1,3421,3280,3412,-1,3412,3280,3281,-1,3412,3281,3282,-1,3422,3423,3400,-1,3400,3423,3399,-1,3423,3424,3399,-1,3399,3424,3425,-1,3399,3425,3398,-1,3398,3425,3426,-1,3398,3426,3397,-1,3397,3426,3427,-1,3397,3427,3396,-1,3396,3427,3428,-1,3396,3428,3395,-1,3395,3428,3429,-1,3395,3429,3394,-1,3394,3429,3430,-1,3394,3430,3387,-1,3387,3430,3431,-1,3387,3431,3386,-1,3386,3431,3432,-1,3386,3432,3385,-1,3385,3432,3433,-1,3385,3433,3384,-1,3384,3433,3434,-1,3384,3434,3383,-1,3383,3434,3435,-1,3383,3435,3382,-1,3382,3435,3436,-1,3382,3436,3393,-1,3393,3436,3437,-1,3393,3437,3392,-1,3392,3437,3438,-1,3392,3438,3391,-1,3391,3438,3439,-1,3391,3439,3390,-1,3390,3439,3440,-1,3390,3440,3389,-1,3389,3440,3441,-1,3389,3441,3388,-1,3388,3441,3442,-1,3388,3442,3411,-1,3411,3442,3443,-1,3411,3443,3410,-1,3410,3443,3444,-1,3410,3444,3409,-1,3409,3444,3445,-1,3409,3445,3408,-1,3408,3445,3446,-1,3408,3446,3407,-1,3407,3446,3447,-1,3407,3447,3417,-1,3417,3447,3448,-1,3417,3448,3416,-1,3416,3448,3449,-1,3416,3449,3415,-1,3415,3449,3450,-1,3415,3450,3414,-1,3414,3450,3451,-1,3414,3451,3413,-1,3413,3451,3452,-1,3413,3452,3412,-1,3412,3452,3453,-1,3412,3453,3421,-1,3421,3453,3454,-1,3421,3454,3420,-1,3420,3454,3455,-1,3420,3455,3419,-1,3419,3455,3456,-1,3419,3456,3418,-1,3418,3456,3457,-1,3418,3457,3406,-1,3406,3457,3458,-1,3406,3458,3405,-1,3405,3458,3459,-1,3405,3459,3404,-1,3404,3459,3460,-1,3404,3460,3403,-1,3403,3460,3461,-1,3403,3461,3402,-1,3402,3461,3422,-1,3402,3422,3401,-1,3401,3422,3400,-1,125,127,3423,-1,3423,127,3424,-1,127,129,3424,-1,3424,129,133,-1,3424,133,3425,-1,3425,133,131,-1,3425,131,3426,-1,3426,131,162,-1,3426,162,3427,-1,3427,162,160,-1,3427,160,3428,-1,3428,160,158,-1,3428,158,3429,-1,3429,158,156,-1,3429,156,3430,-1,3430,156,154,-1,3430,154,3431,-1,3431,154,152,-1,3431,152,3432,-1,3432,152,151,-1,3432,151,3433,-1,3433,151,123,-1,3433,123,3434,-1,3434,123,121,-1,3434,121,3435,-1,3435,121,119,-1,3435,119,3436,-1,3436,119,117,-1,3436,117,3437,-1,3437,117,115,-1,3437,115,3438,-1,3438,115,113,-1,3438,113,3439,-1,3439,113,150,-1,3439,150,3440,-1,3440,150,149,-1,3440,149,3441,-1,3441,149,147,-1,3441,147,3442,-1,3442,147,145,-1,3442,145,3443,-1,3443,145,143,-1,3443,143,3444,-1,3444,143,141,-1,3444,141,3445,-1,3445,141,139,-1,3445,139,3446,-1,3446,139,137,-1,3446,137,3447,-1,3447,137,178,-1,3447,178,3448,-1,3448,178,177,-1,3448,177,3449,-1,3449,177,175,-1,3449,175,3450,-1,3450,175,173,-1,3450,173,3451,-1,3451,173,171,-1,3451,171,3452,-1,3452,171,169,-1,3452,169,3453,-1,3453,169,182,-1,3453,182,3454,-1,3454,182,184,-1,3454,184,3455,-1,3455,184,189,-1,3455,189,3456,-1,3456,189,199,-1,3456,199,3457,-1,3457,199,203,-1,3457,203,3458,-1,3458,203,208,-1,3458,208,3459,-1,3459,208,213,-1,3459,213,3460,-1,3460,213,192,-1,3460,192,3461,-1,3461,192,125,-1,3461,125,3422,-1,3422,125,3423,-1,3352,1,3351,-1,3351,1,48,-1,3351,48,3350,-1,3350,48,50,-1,3350,50,3349,-1,3349,50,59,-1,3349,59,3348,-1,3348,59,64,-1,3348,64,3347,-1,3347,64,66,-1,3347,66,3013,-1,3013,66,69,-1,3013,69,2970,-1,2970,69,70,-1,2970,70,2968,-1,2968,70,80,-1,2968,80,2763,-1,2763,80,100,-1,2763,100,2647,-1,2647,100,74,-1,2647,74,2580,-1,2580,74,72,-1,2580,72,2581,-1,2581,72,56,-1,2581,56,3037,-1,3037,56,57,-1,3037,57,3034,-1,3034,57,87,-1,3034,87,3046,-1,3046,87,107,-1,3046,107,3075,-1,3075,107,51,-1,3075,51,3381,-1,3381,51,93,-1,3381,93,3380,-1,3380,93,91,-1,3380,91,3379,-1,3379,91,90,-1,3379,90,3378,-1,3378,90,34,-1,3378,34,3377,-1,3377,34,32,-1,3377,32,3376,-1,3376,32,30,-1,3376,30,3375,-1,3375,30,29,-1,3375,29,3374,-1,3374,29,13,-1,3374,13,3373,-1,3373,13,11,-1,3373,11,3372,-1,3372,11,9,-1,3372,9,3371,-1,3371,9,42,-1,3371,42,3370,-1,3370,42,41,-1,3370,41,3369,-1,3369,41,39,-1,3369,39,3368,-1,3368,39,37,-1,3368,37,3367,-1,3367,37,47,-1,3367,47,3366,-1,3366,47,46,-1,3366,46,3365,-1,3365,46,44,-1,3365,44,3364,-1,3364,44,43,-1,3364,43,3363,-1,3363,43,20,-1,3363,20,3362,-1,3362,20,18,-1,3362,18,3361,-1,3361,18,16,-1,3361,16,3360,-1,3360,16,28,-1,3360,28,3359,-1,3359,28,27,-1,3359,27,3358,-1,3358,27,25,-1,3358,25,3357,-1,3357,25,23,-1,3357,23,3356,-1,3356,23,22,-1,3356,22,3355,-1,3355,22,6,-1,3355,6,3354,-1,3354,6,4,-1,3354,4,3353,-1,3353,4,2,-1,3353,2,3352,-1,3352,2,1,-1,3462,3463,3464,-1,3465,3466,3467,-1,3468,3469,3470,-1,3471,3472,3473,-1,3474,3475,3476,-1,3477,3478,3479,-1,3480,3481,3482,-1,3483,3484,3485,-1,3486,3487,3488,-1,3489,3490,3491,-1,3492,3493,3494,-1,3495,3496,3497,-1,3498,3499,3500,-1,3501,3502,3503,-1,3504,3505,3506,-1,3507,3508,3509,-1,3510,3511,3512,-1,3513,3514,3515,-1,3516,3517,3518,-1,3519,3520,3521,-1,3522,3523,3524,-1,3525,3526,3527,-1,3528,3529,3530,-1,3531,3532,3533,-1,3534,3535,3536,-1,3537,3538,3539,-1,3540,3541,3542,-1,3543,3544,3545,-1,3546,3547,3548,-1,3549,3550,3551,-1,3552,3553,3554,-1,3555,3556,3557,-1,3558,3559,3560,-1,3561,3562,3563,-1,3564,3565,3566,-1,3567,3568,3569,-1,3570,3571,3572,-1,3573,3574,3575,-1,3576,3577,3578,-1,3579,3580,3581,-1,3582,3583,3584,-1,3585,3586,3587,-1,3588,3589,3590,-1,3591,3592,3593,-1,3594,3595,3596,-1,3597,3598,3599,-1,3600,3601,3602,-1,3603,3604,3464,-1,3605,3606,3467,-1,3607,3608,3470,-1,3609,3610,3473,-1,3611,3612,3476,-1,3613,3614,3479,-1,3615,3616,3482,-1,3617,3618,3485,-1,3619,3620,3488,-1,3621,3622,3491,-1,3623,3624,3494,-1,3625,3626,3497,-1,3627,3628,3500,-1,3629,3630,3503,-1,3631,3632,3506,-1,3633,3634,3509,-1,3635,3636,3512,-1,3637,3638,3515,-1,3639,3640,3518,-1,3641,3642,3521,-1,3643,3644,3524,-1,3645,3646,3527,-1,3647,3648,3530,-1,3649,3650,3533,-1,3651,3652,3536,-1,3653,3654,3539,-1,3655,3656,3542,-1,3657,3658,3545,-1,3659,3660,3548,-1,3661,3662,3551,-1,3663,3664,3554,-1,3665,3666,3557,-1,3667,3668,3560,-1,3669,3670,3563,-1,3671,3672,3566,-1,3673,3674,3569,-1,3675,3676,3572,-1,3677,3678,3575,-1,3679,3680,3578,-1,3681,3682,3581,-1,3683,3684,3584,-1,3685,3686,3587,-1,3687,3688,3590,-1,3689,3690,3593,-1,3691,3692,3596,-1,3693,3694,3599,-1,3695,3696,3602,-1,3697,82,3698,-1,3698,82,68,-1,3698,68,3699,-1,3699,68,67,-1,104,103,3700,-1,3700,103,99,-1,3700,99,3701,-1,3701,99,101,-1,3701,101,3702,-1,3702,101,102,-1,3702,102,3703,-1,3703,102,79,-1,3703,79,3697,-1,3697,79,81,-1,3697,81,82,-1,3700,3704,104,-1,104,3704,3705,-1,104,3705,105,-1,105,3705,75,-1,3706,71,3705,-1,3705,71,73,-1,3705,73,75,-1,85,3707,54,-1,54,3707,3708,-1,85,84,3706,-1,3706,84,83,-1,3706,83,71,-1,200,3709,201,-1,201,3709,3710,-1,201,3710,205,-1,205,3710,3711,-1,207,206,3712,-1,3712,206,202,-1,3712,202,3711,-1,3711,202,204,-1,3711,204,205,-1,207,3712,209,-1,209,3712,3713,-1,209,3713,210,-1,215,214,3714,-1,3714,214,212,-1,3714,212,3715,-1,3715,212,211,-1,215,3714,216,-1,216,3714,3716,-1,216,3716,217,-1,3717,179,3718,-1,3718,179,191,-1,3718,191,3716,-1,3716,191,193,-1,3716,193,217,-1,3719,3720,3718,-1,3718,3720,3721,-1,3718,3721,3717,-1,3722,3723,3719,-1,3719,3723,3724,-1,3719,3724,3720,-1,3725,3726,3722,-1,3722,3726,3727,-1,3722,3727,3723,-1,3728,3729,3725,-1,3725,3729,3730,-1,3725,3730,3726,-1,3731,3732,3728,-1,3728,3732,3733,-1,3728,3733,3729,-1,3734,3735,3731,-1,3731,3735,3736,-1,3731,3736,3732,-1,3737,3738,3734,-1,3734,3738,3739,-1,3734,3739,3735,-1,3740,3741,3737,-1,3737,3741,3742,-1,3737,3742,3738,-1,3743,3744,3745,-1,3745,3744,3746,-1,3745,3746,3740,-1,3740,3746,3747,-1,3740,3747,3741,-1,3748,3749,3750,-1,3750,3749,3751,-1,3750,3751,3752,-1,3752,3751,3753,-1,3754,3755,3756,-1,3756,3755,3757,-1,3756,3757,3758,-1,3758,3757,3759,-1,3760,3761,3762,-1,3762,3761,3763,-1,3762,3763,3764,-1,3764,3763,3765,-1,3766,3767,3768,-1,3768,3767,3769,-1,3768,3769,3770,-1,3770,3769,3771,-1,3772,3773,3774,-1,3774,3773,3775,-1,3774,3775,3776,-1,3776,3775,3777,-1,3778,3779,3780,-1,3780,3779,3781,-1,3780,3781,3782,-1,3782,3781,3783,-1,3784,3785,3786,-1,3786,3785,3787,-1,3786,3787,3788,-1,3788,3787,3789,-1,3790,3791,3792,-1,3792,3791,3793,-1,3792,3793,3794,-1,3794,3793,3795,-1,3796,3797,3798,-1,3798,3797,3799,-1,3798,3799,3800,-1,3800,3799,3801,-1,3802,3803,3804,-1,3804,3803,3805,-1,3804,3805,3806,-1,3806,3805,3807,-1,3808,3809,3810,-1,3810,3809,3811,-1,3810,3811,3812,-1,3812,3811,3813,-1,3814,3815,3816,-1,3816,3815,3817,-1,3816,3817,3818,-1,3818,3817,3819,-1,3820,3821,3822,-1,3822,3821,3823,-1,3822,3823,3824,-1,3824,3823,3825,-1,3826,3827,3828,-1,3828,3827,3829,-1,3828,3829,3830,-1,3830,3829,3831,-1,3832,3833,3834,-1,3834,3833,3835,-1,3834,3835,3836,-1,3836,3835,3837,-1,3838,3839,3840,-1,3840,3839,3841,-1,3840,3841,3842,-1,3842,3841,3843,-1,3844,3845,3846,-1,3846,3845,3847,-1,3846,3847,3848,-1,3848,3847,3849,-1,3850,3851,3852,-1,3852,3851,3853,-1,3852,3853,3854,-1,3854,3853,3855,-1,3856,3857,3858,-1,3858,3857,3859,-1,3858,3859,3860,-1,3860,3859,3861,-1,3862,3863,3864,-1,3864,3863,3865,-1,3864,3865,3866,-1,3866,3865,3867,-1,3868,3869,3870,-1,3870,3869,3871,-1,3870,3871,3872,-1,3872,3871,3873,-1,3874,3875,3876,-1,3876,3875,3877,-1,3876,3877,3878,-1,3878,3877,3879,-1,3880,3881,3882,-1,3882,3881,3883,-1,3882,3883,3884,-1,3884,3883,3885,-1,3886,3887,3888,-1,3888,3887,3889,-1,3888,3889,3890,-1,3890,3889,3891,-1,3892,3893,3894,-1,3894,3893,3895,-1,3894,3895,3896,-1,3896,3895,3897,-1,3898,3899,3900,-1,3900,3899,3901,-1,3900,3901,3902,-1,3902,3901,3903,-1,3904,3905,3906,-1,3906,3905,3907,-1,3906,3907,3908,-1,3908,3907,3909,-1,3910,3911,3912,-1,3912,3911,3913,-1,3912,3913,3914,-1,3914,3913,3915,-1,3916,3917,3918,-1,3918,3917,3919,-1,3918,3919,3920,-1,3920,3919,3921,-1,3922,3923,3924,-1,3924,3923,3925,-1,3924,3925,3926,-1,3926,3925,3927,-1,3928,3929,3930,-1,3930,3929,3931,-1,3930,3931,3932,-1,3932,3931,3933,-1,3934,3935,3936,-1,3936,3935,3937,-1,3936,3937,3938,-1,3938,3937,3939,-1,3940,3941,3942,-1,3942,3941,3943,-1,3942,3943,3944,-1,3944,3943,3945,-1,3946,3947,3948,-1,3948,3947,3949,-1,3948,3949,3950,-1,3950,3949,3951,-1,3952,3953,3954,-1,3954,3953,3955,-1,3954,3955,3956,-1,3956,3955,3957,-1,3958,3959,3960,-1,3960,3959,3961,-1,3960,3961,3962,-1,3962,3961,3963,-1,3964,3965,3966,-1,3966,3965,3967,-1,3966,3967,3968,-1,3968,3967,3969,-1,3970,3971,3972,-1,3972,3971,3973,-1,3972,3973,3974,-1,3974,3973,3975,-1,3976,3977,3978,-1,3978,3977,3979,-1,3978,3979,3980,-1,3980,3979,3981,-1,3982,3983,3984,-1,3984,3983,3985,-1,3984,3985,3986,-1,3986,3985,3987,-1,3988,3989,3990,-1,3990,3989,3991,-1,3990,3991,3992,-1,3992,3991,3993,-1,3994,3995,3996,-1,3996,3995,3997,-1,3996,3997,3998,-1,3998,3997,3999,-1,4000,4001,4002,-1,4002,4001,4003,-1,4002,4003,4004,-1,4004,4003,4005,-1,4006,4007,4008,-1,4008,4007,4009,-1,4008,4009,4010,-1,4010,4009,4011,-1,4012,4013,4014,-1,4014,4013,4015,-1,4014,4015,4016,-1,4016,4015,4017,-1,4018,4019,4020,-1,4020,4019,4021,-1,4020,4021,4022,-1,4022,4021,4023,-1,4024,4025,4026,-1,4026,4025,4027,-1,4026,4027,4028,-1,4028,4027,4029,-1,4030,4031,4032,-1,4032,4031,4033,-1,4032,4033,4034,-1,4034,4033,4035,-1,4036,4037,4038,-1,4038,4037,4039,-1,4038,4039,4040,-1,4040,4039,4041,-1,4042,4043,4044,-1,4044,4043,4045,-1,4044,4045,4046,-1,4046,4045,4047,-1,4048,4049,4050,-1,4050,4049,4051,-1,4050,4051,4052,-1,4052,4051,4053,-1,4054,4055,4056,-1,4056,4055,4057,-1,4056,4057,4058,-1,4058,4057,4059,-1,4060,4061,4062,-1,4062,4061,4063,-1,4062,4063,4064,-1,4064,4063,4065,-1,4066,4067,4068,-1,4068,4067,4069,-1,4068,4069,4070,-1,4070,4069,4071,-1,4072,4073,4074,-1,4074,4073,4075,-1,4074,4075,4076,-1,4076,4075,4077,-1,4078,4079,4080,-1,4080,4079,4081,-1,4080,4081,4082,-1,4082,4081,4083,-1,4084,4085,4086,-1,4086,4085,4087,-1,4086,4087,4088,-1,4088,4087,4089,-1,4090,4091,4092,-1,4092,4091,4093,-1,4092,4093,4094,-1,4094,4093,4095,-1,4096,4097,4098,-1,4098,4097,4099,-1,4098,4099,4100,-1,4100,4099,4101,-1,4102,4103,4104,-1,4104,4103,4105,-1,4104,4105,4106,-1,4106,4105,4107,-1,4108,4109,4110,-1,4110,4109,4111,-1,4110,4111,4112,-1,4112,4111,4113,-1,4114,4115,4116,-1,4116,4115,4117,-1,4116,4117,4118,-1,4118,4117,4119,-1,4120,4121,4122,-1,4122,4121,4123,-1,4122,4123,4124,-1,4124,4123,4125,-1,4126,4127,4128,-1,4128,4127,4129,-1,4128,4129,4130,-1,4130,4129,4131,-1,4132,4133,4134,-1,4134,4133,4135,-1,4134,4135,4136,-1,4136,4135,4137,-1,4138,4139,4140,-1,4140,4139,4141,-1,4140,4141,4142,-1,4142,4141,4143,-1,4144,4145,4146,-1,4146,4145,4147,-1,4146,4147,4148,-1,4148,4147,4149,-1,4150,4151,4152,-1,4152,4151,4153,-1,4152,4153,4154,-1,4154,4153,4155,-1,4156,4157,4158,-1,4158,4157,4159,-1,4158,4159,4160,-1,4160,4159,4161,-1,4162,4163,4164,-1,4164,4163,4165,-1,4164,4165,4166,-1,4166,4165,4167,-1,4168,4169,4170,-1,4170,4169,4171,-1,4170,4171,4172,-1,4172,4171,4173,-1,4174,4175,4176,-1,4176,4175,4177,-1,4176,4177,4178,-1,4178,4177,4179,-1,4180,4181,4182,-1,4182,4181,4183,-1,4182,4183,4184,-1,4184,4183,4185,-1,4186,4187,4188,-1,4188,4187,4189,-1,4188,4189,4190,-1,4190,4189,4191,-1,4192,4193,4194,-1,4194,4193,4195,-1,4194,4195,4196,-1,4196,4195,4197,-1,4198,4199,4200,-1,4200,4199,4201,-1,4200,4201,4202,-1,4202,4201,4203,-1,4204,4205,4206,-1,4206,4205,4207,-1,4206,4207,4208,-1,4208,4207,4209,-1,4210,4211,4212,-1,4212,4211,4213,-1,4212,4213,4214,-1,4214,4213,4215,-1,4216,4217,4218,-1,4218,4217,4219,-1,4218,4219,4220,-1,4220,4219,4221,-1,4222,4223,4224,-1,4224,4223,4225,-1,4224,4225,4226,-1,4226,4225,4227,-1,4228,4229,4230,-1,4230,4229,4231,-1,4230,4231,4232,-1,4232,4231,4233,-1,4234,4235,4236,-1,4236,4235,4237,-1,4236,4237,4238,-1,4238,4237,4239,-1,4240,4241,4242,-1,4242,4241,4243,-1,4242,4243,4244,-1,4244,4243,4245,-1,4246,4247,4248,-1,4248,4247,4249,-1,4248,4249,4250,-1,4250,4249,4251,-1,4252,4253,4254,-1,4254,4253,4255,-1,4254,4255,4256,-1,4256,4255,4257,-1,4258,4259,4260,-1,4260,4259,4261,-1,4260,4261,4262,-1,4262,4261,4263,-1,4264,4265,4266,-1,4266,4265,4267,-1,4266,4267,4268,-1,4268,4267,4269,-1,4270,4271,4272,-1,4272,4271,4273,-1,4272,4273,4274,-1,4274,4273,4275,-1,4276,4277,4278,-1,4278,4277,4279,-1,4278,4279,4280,-1,4280,4279,4281,-1,4282,4283,4284,-1,4284,4283,4285,-1,4284,4285,4286,-1,4286,4285,4287,-1,4288,4289,4290,-1,4290,4289,4291,-1,4290,4291,4292,-1,4292,4291,4293,-1,4294,4295,4296,-1,4296,4295,4297,-1,4296,4297,4298,-1,4298,4297,4299,-1,4300,4301,4302,-1,4302,4301,4303,-1,4302,4303,4304,-1,4304,4303,4305,-1,4306,4307,4308,-1,4308,4307,4309,-1,4308,4309,4310,-1,4310,4309,4311,-1,4312,4313,4314,-1,4314,4313,4315,-1,4314,4315,4316,-1,4316,4315,4317,-1,4318,4319,4320,-1,4320,4319,4321,-1,4320,4321,4322,-1,4322,4321,4323,-1,4324,4325,4326,-1,4326,4325,4327,-1,4326,4327,4328,-1,4328,4327,4329,-1,4330,4331,4332,-1,4332,4331,4333,-1,4332,4333,4334,-1,4334,4333,4335,-1,4336,4337,4338,-1,4338,4337,4339,-1,4338,4339,4340,-1,4340,4339,4341,-1,4342,4343,4344,-1,4344,4343,4345,-1,4344,4345,4346,-1,4346,4345,4347,-1,4348,4349,4350,-1,4350,4349,4351,-1,4350,4351,4352,-1,4352,4351,4353,-1,4354,4355,4356,-1,4356,4355,4357,-1,4356,4357,4358,-1,4358,4357,4359,-1,4360,4361,4362,-1,4362,4361,4363,-1,4362,4363,4364,-1,4364,4363,4365,-1,4366,4367,4368,-1,4368,4367,4369,-1,4368,4369,4370,-1,4370,4369,4371,-1,4372,4373,4374,-1,4374,4373,4375,-1,4374,4375,4376,-1,4376,4375,4377,-1,4378,4379,4380,-1,4380,4379,4381,-1,4380,4381,4382,-1,4382,4381,4383,-1,4384,4385,4386,-1,4386,4385,4387,-1,4386,4387,4388,-1,4388,4387,4389,-1,4390,4391,4392,-1,4392,4391,4393,-1,4392,4393,4394,-1,4394,4393,4395,-1,4396,4397,4398,-1,4398,4397,4399,-1,4398,4399,4400,-1,4400,4399,4401,-1,4402,4403,4404,-1,4404,4403,4405,-1,4404,4405,4406,-1,4406,4405,4407,-1,4408,4409,4410,-1,4410,4409,4411,-1,4410,4411,4412,-1,4412,4411,4413,-1,4414,4415,4416,-1,4416,4415,4417,-1,4416,4417,4418,-1,4418,4417,4419,-1,4420,4421,4422,-1,4422,4421,4423,-1,4422,4423,4424,-1,4424,4423,4425,-1,4426,4427,4428,-1,4428,4427,4429,-1,4428,4429,4430,-1,4430,4429,4431,-1,4432,4433,4434,-1,4434,4433,4435,-1,4434,4435,4436,-1,4436,4435,4437,-1,4438,4439,4440,-1,4440,4439,4441,-1,4440,4441,4442,-1,4442,4441,4443,-1,4444,4445,4446,-1,4446,4445,4447,-1,4446,4447,4448,-1,4448,4447,4449,-1,4450,4451,4452,-1,4452,4451,4453,-1,4452,4453,4454,-1,4454,4453,4455,-1,4456,4457,4458,-1,4458,4457,4459,-1,4458,4459,4460,-1,4460,4459,4461,-1,4462,4463,4464,-1,4464,4463,4465,-1,4464,4465,4466,-1,4466,4465,4467,-1,4468,4469,4470,-1,4470,4469,4471,-1,4470,4471,4472,-1,4472,4471,4473,-1,4474,4475,4476,-1,4476,4475,4477,-1,4476,4477,4478,-1,4478,4477,4479,-1,4480,4481,4482,-1,4482,4481,4483,-1,4482,4483,4484,-1,4484,4483,4485,-1,4486,4487,4488,-1,4488,4487,4489,-1,4488,4489,4490,-1,4490,4489,4491,-1,4492,4493,4494,-1,4494,4493,4495,-1,4494,4495,4496,-1,4496,4495,4497,-1,4498,4499,4500,-1,4500,4499,4501,-1,4500,4501,4502,-1,4502,4501,4503,-1,4504,4505,4506,-1,4506,4505,4507,-1,4506,4507,4508,-1,4508,4507,4509,-1,4510,4511,4512,-1,4512,4511,4513,-1,4512,4513,4514,-1,4514,4513,4515,-1,4516,4517,4518,-1,4518,4517,4519,-1,4518,4519,4520,-1,4520,4519,4521,-1,4522,4523,4524,-1,4524,4523,4525,-1,4524,4525,4526,-1,4526,4525,4527,-1,4528,4529,4530,-1,4530,4529,4531,-1,4530,4531,4532,-1,4532,4531,4533,-1,4534,4535,4536,-1,4536,4535,4537,-1,4536,4537,4538,-1,4538,4537,4539,-1,4540,4541,4542,-1,4542,4541,4543,-1,4542,4543,4544,-1,4544,4543,4545,-1,4546,4547,4548,-1,4548,4547,4549,-1,4548,4549,4550,-1,4550,4549,4551,-1,4552,4553,4554,-1,4554,4553,4555,-1,4554,4555,4556,-1,4556,4555,4557,-1,4558,4559,4560,-1,4560,4559,4561,-1,4560,4561,4562,-1,4562,4561,4563,-1,4564,4565,4566,-1,4566,4565,4567,-1,4566,4567,4568,-1,4568,4567,4569,-1,4570,4571,4572,-1,4572,4571,4573,-1,4572,4573,4574,-1,4574,4573,4575,-1,4576,4577,4578,-1,4578,4577,4579,-1,4578,4579,4580,-1,4580,4579,4581,-1,4582,4583,4584,-1,4584,4583,4585,-1,4584,4585,4586,-1,4586,4585,4587,-1,4588,4589,4590,-1,4590,4589,4591,-1,4590,4591,4592,-1,4592,4591,4593,-1,4594,4595,4596,-1,4596,4595,4597,-1,4598,4599,4597,-1,4597,4599,4600,-1,4597,4600,4596,-1,4601,4602,4598,-1,4598,4602,4603,-1,4598,4603,4599,-1,4604,4605,4606,-1,4606,4605,4607,-1,4606,4607,4601,-1,4601,4607,4608,-1,4601,4608,4602,-1,4609,4610,4611,-1,4611,4610,4612,-1,4611,4612,4613,-1,4613,4612,4614,-1,4615,4616,4617,-1,4617,4616,4618,-1,4619,4620,4618,-1,4618,4620,4621,-1,4618,4621,4617,-1,4622,4623,4624,-1,4624,4623,4625,-1,4624,4625,4619,-1,4619,4625,4626,-1,4619,4626,4620,-1,4627,4628,4629,-1,4629,4628,4630,-1,4631,4632,4633,-1,4633,4632,4634,-1,4633,4634,4630,-1,4630,4634,4635,-1,4630,4635,4629,-1,4636,4637,4638,-1,4638,4637,4639,-1,4640,4641,4642,-1,4642,4641,4643,-1,4642,4643,4639,-1,4639,4643,4644,-1,4639,4644,4638,-1,4645,4646,4647,-1,4647,4646,4648,-1,4647,4648,4649,-1,4649,4648,4650,-1,4651,4652,4653,-1,4653,4652,4654,-1,4653,4654,4655,-1,4655,4654,4656,-1,4657,4658,4659,-1,4659,4658,4660,-1,4659,4660,4661,-1,4661,4660,4662,-1,4663,4664,4665,-1,4665,4664,4666,-1,4665,4666,4667,-1,4667,4666,4668,-1,4669,4670,4671,-1,4671,4670,4672,-1,4671,4672,4673,-1,4673,4672,4674,-1,4675,4676,4677,-1,4677,4676,4678,-1,4677,4678,4679,-1,4679,4678,4680,-1,4681,4682,4683,-1,4683,4682,4684,-1,4683,4684,4685,-1,4685,4684,4686,-1,4687,4688,4689,-1,4689,4688,4690,-1,4689,4690,4691,-1,4691,4690,4692,-1,4693,4694,4695,-1,4695,4694,4696,-1,4695,4696,4697,-1,4697,4696,4698,-1,4699,4700,4701,-1,4701,4700,4702,-1,4701,4702,4703,-1,4703,4702,4704,-1,4705,4706,4707,-1,4707,4706,4708,-1,4707,4708,4709,-1,4709,4708,4710,-1,4711,4712,4713,-1,4713,4712,4714,-1,4713,4714,4715,-1,4715,4714,4716,-1,4717,4718,4719,-1,4719,4718,4720,-1,4719,4720,4721,-1,4721,4720,4722,-1,4723,4724,4725,-1,4725,4724,4726,-1,4725,4726,4727,-1,4727,4726,4728,-1,4729,4730,4731,-1,4731,4730,4732,-1,4731,4732,4733,-1,4733,4732,4734,-1,4735,4736,4737,-1,4737,4736,4738,-1,4737,4738,4739,-1,4739,4738,4740,-1,4741,4742,4743,-1,4743,4742,4744,-1,4743,4744,4745,-1,4745,4744,4746,-1,4747,4748,4749,-1,4749,4748,4750,-1,4749,4750,4751,-1,4751,4750,4752,-1,4753,4754,4755,-1,4755,4754,4756,-1,4755,4756,4757,-1,4757,4756,4758,-1,4759,4760,4761,-1,4761,4760,4762,-1,4761,4762,4763,-1,4763,4762,4764,-1,4765,4766,4767,-1,4767,4766,4768,-1,4767,4768,4769,-1,4769,4768,4770,-1,4771,4772,4773,-1,4773,4772,4774,-1,4773,4774,4775,-1,4775,4774,4776,-1,4777,4778,4779,-1,4779,4778,4780,-1,4779,4780,4781,-1,4781,4780,4782,-1,4783,4784,4785,-1,4785,4784,4786,-1,4785,4786,4787,-1,4787,4786,4788,-1,4789,4790,4791,-1,4791,4790,4792,-1,4791,4792,4793,-1,4793,4792,4794,-1,4795,4796,4797,-1,4797,4796,4798,-1,4797,4798,4799,-1,4799,4798,4800,-1,4801,4802,4803,-1,4803,4802,4804,-1,4803,4804,4805,-1,4805,4804,4806,-1,4807,4808,4809,-1,4809,4808,4810,-1,4809,4810,4811,-1,4811,4810,4812,-1,4813,4814,4815,-1,4815,4814,4816,-1,4815,4816,4817,-1,4817,4816,4818,-1,4819,4820,4821,-1,4821,4820,4822,-1,4821,4822,4823,-1,4823,4822,4824,-1,4825,4826,4827,-1,4827,4826,4828,-1,4827,4828,4829,-1,4829,4828,4830,-1,4831,4832,4833,-1,4833,4832,4834,-1,4833,4834,4835,-1,4835,4834,4836,-1,4837,4838,4839,-1,4839,4838,4840,-1,4839,4840,4841,-1,4841,4840,4842,-1,4843,4844,4845,-1,4845,4844,4846,-1,4845,4846,4847,-1,4847,4846,4848,-1,4849,4850,4851,-1,4851,4850,4852,-1,4851,4852,4853,-1,4853,4852,4854,-1,4855,4856,4857,-1,4857,4856,4858,-1,4857,4858,4859,-1,4859,4858,4860,-1,4861,4862,4863,-1,4863,4862,4864,-1,4863,4864,4865,-1,4865,4864,4866,-1,4867,4868,4869,-1,4869,4868,4870,-1,4869,4870,4871,-1,4871,4870,4872,-1,4873,4874,4875,-1,4875,4874,4876,-1,4875,4876,4877,-1,4877,4876,4878,-1,4879,4880,4881,-1,4881,4880,4882,-1,4881,4882,4883,-1,4883,4882,4884,-1,4885,4886,4887,-1,4887,4886,4888,-1,4887,4888,4889,-1,4889,4888,4890,-1,4891,4892,4893,-1,4893,4892,4894,-1,4893,4894,4895,-1,4895,4894,4896,-1,4897,4898,4899,-1,4899,4898,4900,-1,4899,4900,4901,-1,4901,4900,4902,-1,4903,4904,4905,-1,4905,4904,4906,-1,4905,4906,4907,-1,4907,4906,4908,-1,4909,4910,4911,-1,4911,4910,4912,-1,4911,4912,4913,-1,4913,4912,4914,-1,4915,4916,4917,-1,4917,4916,4918,-1,4917,4918,4919,-1,4919,4918,4920,-1,4921,4922,4923,-1,4923,4922,4924,-1,4923,4924,4925,-1,4925,4924,4926,-1,4927,4928,4929,-1,4929,4928,4930,-1,4929,4930,4931,-1,4931,4930,4932,-1,4933,4934,4935,-1,4935,4934,4936,-1,4935,4936,4937,-1,4937,4936,4938,-1,4939,4940,4941,-1,4941,4940,4942,-1,4941,4942,4943,-1,4943,4942,4944,-1,4945,4946,4947,-1,4947,4946,4948,-1,4947,4948,4949,-1,4949,4948,4950,-1,4951,4952,4953,-1,4953,4952,4954,-1,4953,4954,4955,-1,4955,4954,4956,-1,4957,4958,4959,-1,4959,4958,4960,-1,4959,4960,4961,-1,4961,4960,4962,-1,4963,4964,4965,-1,4965,4964,4966,-1,4965,4966,4967,-1,4967,4966,4968,-1,4969,4970,4971,-1,4971,4970,4972,-1,4971,4972,4973,-1,4973,4972,4974,-1,4975,4976,4977,-1,4977,4976,4978,-1,4977,4978,4979,-1,4979,4978,4980,-1,4981,4982,4983,-1,4983,4982,4984,-1,4983,4984,4985,-1,4985,4984,4986,-1,4987,4988,4989,-1,4989,4988,4990,-1,4989,4990,4991,-1,4991,4990,4992,-1,4993,4994,4995,-1,4995,4994,4996,-1,4995,4996,4997,-1,4997,4996,4998,-1,4999,5000,5001,-1,5001,5000,5002,-1,5001,5002,5003,-1,5003,5002,5004,-1,5005,5006,5007,-1,5007,5006,5008,-1,5007,5008,5009,-1,5009,5008,5010,-1,5011,5012,5013,-1,5013,5012,5014,-1,5013,5014,5015,-1,5015,5014,5016,-1,5017,5018,5019,-1,5019,5018,5020,-1,5019,5020,5021,-1,5021,5020,5022,-1,5023,5024,5025,-1,5025,5024,5026,-1,5025,5026,5027,-1,5027,5026,5028,-1,5029,5030,5031,-1,5031,5030,5032,-1,5031,5032,5033,-1,5033,5032,5034,-1,5035,5036,5037,-1,5037,5036,5038,-1,5037,5038,5039,-1,5039,5038,5040,-1,5041,5042,5043,-1,5043,5042,5044,-1,5043,5044,5045,-1,5045,5044,5046,-1,5047,5048,5049,-1,5049,5048,5050,-1,5049,5050,5051,-1,5051,5050,5052,-1,5053,5054,5055,-1,5055,5054,5056,-1,5055,5056,5057,-1,5057,5056,5058,-1,5059,5060,5061,-1,5061,5060,5062,-1,5061,5062,5063,-1,5063,5062,5064,-1,5065,5066,5067,-1,5067,5066,5068,-1,5067,5068,5069,-1,5069,5068,5070,-1,5071,5072,5073,-1,5073,5072,5074,-1,5073,5074,5075,-1,5075,5074,5076,-1,5077,5078,5079,-1,5079,5078,5080,-1,5079,5080,5081,-1,5081,5080,5082,-1,5083,5084,5085,-1,5085,5084,5086,-1,5085,5086,5087,-1,5087,5086,5088,-1,5089,5090,5091,-1,5091,5090,5092,-1,5091,5092,5093,-1,5093,5092,5094,-1,5095,5096,5097,-1,5097,5096,5098,-1,5097,5098,5099,-1,5099,5098,5100,-1,5101,5102,5103,-1,5103,5102,5104,-1,5103,5104,5105,-1,5105,5104,5106,-1,5107,5108,5109,-1,5109,5108,5110,-1,5109,5110,5111,-1,5111,5110,5112,-1,5113,5114,5115,-1,5115,5114,5116,-1,5115,5116,5117,-1,5117,5116,5118,-1,5119,5120,5121,-1,5121,5120,5122,-1,5121,5122,5123,-1,5123,5122,5124,-1,5125,5126,5127,-1,5127,5126,5128,-1,5127,5128,5129,-1,5129,5128,5130,-1,5131,5132,5133,-1,5133,5132,5134,-1,5133,5134,5135,-1,5135,5134,5136,-1,5137,5138,5139,-1,5139,5138,5140,-1,5139,5140,5141,-1,5141,5140,5142,-1,5143,5144,5145,-1,5145,5144,5146,-1,5145,5146,5147,-1,5147,5146,5148,-1,5149,5150,5151,-1,5151,5150,5152,-1,5151,5152,5153,-1,5153,5152,5154,-1,5155,5156,5157,-1,5157,5156,5158,-1,5157,5158,5159,-1,5159,5158,5160,-1,5161,5162,5163,-1,5163,5162,5164,-1,5163,5164,5165,-1,5165,5164,5166,-1,5167,5168,5169,-1,5169,5168,5170,-1,5169,5170,5171,-1,5171,5170,5172,-1,5173,5174,5175,-1,5175,5174,5176,-1,5175,5176,5177,-1,5177,5176,5178,-1,5179,5180,5181,-1,5181,5180,5182,-1,5181,5182,5183,-1,5183,5182,5184,-1,5185,5186,5187,-1,5187,5186,5188,-1,5187,5188,5189,-1,5189,5188,5190,-1,5191,5192,5193,-1,5193,5192,5194,-1,5193,5194,5195,-1,5195,5194,5196,-1,5197,5198,5199,-1,5199,5198,5200,-1,5199,5200,5201,-1,5201,5200,5202,-1,5203,5204,5205,-1,5205,5204,5206,-1,5205,5206,5207,-1,5207,5206,5208,-1,5209,5210,5211,-1,5211,5210,5212,-1,5211,5212,5213,-1,5213,5212,5214,-1,5215,5216,5217,-1,5217,5216,5218,-1,5217,5218,5219,-1,5219,5218,5220,-1,5221,5222,5223,-1,5223,5222,5224,-1,5223,5224,5225,-1,5225,5224,5226,-1,5227,5228,5229,-1,5229,5228,5230,-1,5229,5230,5231,-1,5231,5230,5232,-1,5233,5234,5235,-1,5235,5234,5236,-1,5235,5236,5237,-1,5237,5236,5238,-1,5239,5240,5241,-1,5241,5240,5242,-1,5241,5242,5243,-1,5243,5242,5244,-1,5245,5246,5247,-1,5247,5246,5248,-1,5247,5248,5249,-1,5249,5248,5250,-1,5251,5252,5253,-1,5253,5252,5254,-1,5253,5254,5255,-1,5255,5254,5256,-1,5257,5258,5259,-1,5259,5258,5260,-1,5259,5260,5261,-1,5261,5260,5262,-1,5263,5264,5265,-1,5265,5264,5266,-1,5265,5266,5267,-1,5267,5266,5268,-1,5269,5270,5271,-1,5271,5270,5272,-1,5271,5272,5273,-1,5273,5272,5274,-1,5275,5276,5277,-1,5277,5276,5278,-1,5277,5278,5279,-1,5279,5278,5280,-1,5281,5282,5283,-1,5283,5282,5284,-1,5283,5284,5285,-1,5285,5284,5286,-1,5287,5288,5289,-1,5289,5288,5290,-1,5289,5290,5291,-1,5291,5290,5292,-1,5293,5294,5295,-1,5295,5294,5296,-1,5295,5296,5297,-1,5297,5296,5298,-1,5299,5300,5301,-1,5301,5300,5302,-1,5301,5302,5303,-1,5303,5302,5304,-1,5305,5306,5307,-1,5307,5306,5308,-1,5307,5308,5309,-1,5309,5308,5310,-1,5311,5312,5313,-1,5313,5312,5314,-1,5315,5316,5314,-1,5314,5316,5317,-1,5314,5317,5313,-1,5318,5319,5315,-1,5315,5319,5320,-1,5315,5320,5316,-1,5321,5322,5318,-1,5318,5322,5323,-1,5318,5323,5319,-1,5324,5325,5321,-1,5321,5325,5326,-1,5321,5326,5322,-1,5327,5328,5324,-1,5324,5328,5329,-1,5324,5329,5325,-1,5330,5331,5327,-1,5327,5331,5332,-1,5327,5332,5328,-1,5333,5334,5330,-1,5330,5334,5335,-1,5330,5335,5331,-1,5336,5337,5333,-1,5333,5337,5338,-1,5333,5338,5334,-1,5339,5340,5336,-1,5336,5340,5341,-1,5336,5341,5337,-1,5342,5343,5339,-1,5339,5343,5344,-1,5339,5344,5340,-1,5345,5346,5342,-1,5342,5346,5347,-1,5342,5347,5343,-1,5348,5349,5345,-1,5345,5349,5350,-1,5345,5350,5346,-1,5351,5352,5348,-1,5348,5352,5353,-1,5348,5353,5349,-1,5354,5355,5351,-1,5351,5355,5356,-1,5351,5356,5352,-1,5357,5358,5354,-1,5354,5358,5359,-1,5354,5359,5355,-1,5360,5361,5357,-1,5357,5361,5362,-1,5357,5362,5358,-1,5363,5364,5360,-1,5360,5364,5365,-1,5360,5365,5361,-1,5366,5367,5363,-1,5363,5367,5368,-1,5363,5368,5364,-1,5369,5370,5366,-1,5366,5370,5371,-1,5366,5371,5367,-1,5372,5373,5369,-1,5369,5373,5374,-1,5369,5374,5370,-1,5375,5376,5372,-1,5372,5376,5377,-1,5372,5377,5373,-1,5378,5379,5380,-1,5380,5379,5381,-1,5380,5381,5375,-1,5375,5381,5382,-1,5375,5382,5376,-1,5383,5384,5385,-1,5385,5384,5386,-1,5385,5386,5387,-1,5387,5386,5388,-1,5389,5390,5391,-1,5391,5390,5392,-1,5391,5392,5393,-1,5393,5392,5394,-1,5395,5396,5397,-1,5397,5396,5398,-1,5397,5398,5399,-1,5399,5398,5400,-1,5401,5402,5403,-1,5403,5402,5404,-1,5403,5404,5405,-1,5405,5404,5406,-1,5407,5408,5409,-1,5409,5408,5410,-1,5409,5410,5411,-1,5411,5410,5412,-1,5413,5414,5415,-1,5415,5414,5416,-1,5415,5416,5417,-1,5417,5416,5418,-1,5419,5420,5421,-1,5421,5420,5422,-1,5421,5422,5423,-1,5423,5422,5424,-1,5425,5426,5427,-1,5427,5426,5428,-1,5427,5428,5429,-1,5429,5428,5430,-1,5431,5432,5433,-1,5433,5432,5434,-1,5433,5434,5435,-1,5435,5434,5436,-1,5437,5438,5439,-1,5439,5438,5440,-1,5439,5440,5441,-1,5441,5440,5442,-1,5443,5444,5445,-1,5445,5444,5446,-1,5445,5446,5447,-1,5447,5446,5448,-1,5449,5450,5451,-1,5451,5450,5452,-1,5451,5452,5453,-1,5453,5452,5454,-1,5455,5456,5457,-1,5457,5456,5458,-1,5457,5458,5459,-1,5459,5458,5460,-1,5461,5462,5463,-1,5463,5462,5464,-1,5463,5464,5465,-1,5465,5464,5466,-1,5467,5468,5469,-1,5469,5468,5470,-1,5469,5470,5471,-1,5471,5470,5472,-1,5473,5474,5475,-1,5475,5474,5476,-1,5475,5476,5477,-1,5477,5476,5478,-1,5479,5480,5481,-1,5481,5480,5482,-1,5481,5482,5483,-1,5483,5482,5484,-1,5485,5486,5487,-1,5487,5486,5488,-1,5487,5488,5489,-1,5489,5488,5490,-1,5491,5492,5493,-1,5493,5492,5494,-1,5493,5494,5495,-1,5495,5494,5496,-1,5497,5498,5499,-1,5499,5498,5500,-1,5499,5500,5501,-1,5501,5500,5502,-1,5503,5504,5505,-1,5505,5504,5506,-1,5505,5506,5507,-1,5507,5506,5508,-1,5509,5510,5511,-1,5511,5510,5512,-1,5511,5512,5513,-1,5513,5512,5514,-1,5515,5516,5517,-1,5517,5516,5518,-1,5517,5518,5519,-1,5519,5518,5520,-1,5521,5522,5523,-1,5523,5522,5524,-1,5523,5524,5525,-1,5525,5524,5526,-1,5527,5528,5529,-1,5529,5528,5530,-1,5529,5530,5531,-1,5531,5530,5532,-1,5533,5534,5535,-1,5535,5534,3707,-1,5535,3707,5536,-1,85,3706,3707,-1,3707,3706,5537,-1,3707,5537,5536,-1,3704,5538,3705,-1,3705,5538,5539,-1,3705,5539,3706,-1,3706,5539,5540,-1,3706,5540,5537,-1,5541,3745,5542,-1,5542,3745,3740,-1,5542,3740,5543,-1,5543,3740,3737,-1,5543,3737,5544,-1,5544,3737,3734,-1,5544,3734,5545,-1,5545,3734,3731,-1,5545,3731,5546,-1,5546,3731,3728,-1,5546,3728,5547,-1,5547,3728,3725,-1,5547,3725,5548,-1,5548,3725,3722,-1,5548,3722,5549,-1,5549,3722,3719,-1,5549,3719,5550,-1,5550,3719,3718,-1,5550,3718,5551,-1,5551,3718,3716,-1,5551,3716,5552,-1,5552,3716,3714,-1,5552,3714,3713,-1,3713,3714,3715,-1,3713,3715,210,-1,210,3715,211,-1,5541,5553,3745,-1,3745,5553,3749,-1,3745,3749,3743,-1,3743,3749,3748,-1,5554,3751,5555,-1,5555,3751,3749,-1,5555,3749,5556,-1,5556,3749,5553,-1,5554,5557,3751,-1,3751,5557,3755,-1,3751,3755,3753,-1,3753,3755,3754,-1,5558,3757,5559,-1,5559,3757,3755,-1,5559,3755,5560,-1,5560,3755,5557,-1,5558,5561,3757,-1,3757,5561,3761,-1,3757,3761,3759,-1,3759,3761,3760,-1,5562,3763,5563,-1,5563,3763,3761,-1,5563,3761,5564,-1,5564,3761,5561,-1,5562,5565,3763,-1,3763,5565,3767,-1,3763,3767,3765,-1,3765,3767,3766,-1,5566,3769,5567,-1,5567,3769,3767,-1,5567,3767,5568,-1,5568,3767,5565,-1,5566,5569,3769,-1,3769,5569,3773,-1,3769,3773,3771,-1,3771,3773,3772,-1,5570,3775,5571,-1,5571,3775,3773,-1,5571,3773,5572,-1,5572,3773,5569,-1,5570,5573,3775,-1,3775,5573,3779,-1,3775,3779,3777,-1,3777,3779,3778,-1,5574,3781,5575,-1,5575,3781,3779,-1,5575,3779,5576,-1,5576,3779,5573,-1,5574,5577,3781,-1,3781,5577,3785,-1,3781,3785,3783,-1,3783,3785,3784,-1,5578,3787,5579,-1,5579,3787,3785,-1,5579,3785,5580,-1,5580,3785,5577,-1,5578,5581,3787,-1,3787,5581,3791,-1,3787,3791,3789,-1,3789,3791,3790,-1,5582,3793,5583,-1,5583,3793,3791,-1,5583,3791,5584,-1,5584,3791,5581,-1,5582,5585,3793,-1,3793,5585,3797,-1,3793,3797,3795,-1,3795,3797,3796,-1,5586,3799,5587,-1,5587,3799,3797,-1,5587,3797,5588,-1,5588,3797,5585,-1,5586,5589,3799,-1,3799,5589,3803,-1,3799,3803,3801,-1,3801,3803,3802,-1,5590,3805,5591,-1,5591,3805,3803,-1,5591,3803,5592,-1,5592,3803,5589,-1,5590,5593,3805,-1,3805,5593,3809,-1,3805,3809,3807,-1,3807,3809,3808,-1,5594,3811,5595,-1,5595,3811,3809,-1,5595,3809,5596,-1,5596,3809,5593,-1,5594,5597,3811,-1,3811,5597,3815,-1,3811,3815,3813,-1,3813,3815,3814,-1,5598,3817,5599,-1,5599,3817,3815,-1,5599,3815,5600,-1,5600,3815,5597,-1,5598,5601,3817,-1,3817,5601,3821,-1,3817,3821,3819,-1,3819,3821,3820,-1,5602,3823,5603,-1,5603,3823,3821,-1,5603,3821,5604,-1,5604,3821,5601,-1,5602,5605,3823,-1,3823,5605,3827,-1,3823,3827,3825,-1,3825,3827,3826,-1,5606,3829,5607,-1,5607,3829,3827,-1,5607,3827,5608,-1,5608,3827,5605,-1,5606,5609,3829,-1,3829,5609,3833,-1,3829,3833,3831,-1,3831,3833,3832,-1,5610,3835,5611,-1,5611,3835,3833,-1,5611,3833,5612,-1,5612,3833,5609,-1,5610,5613,3835,-1,3835,5613,3839,-1,3835,3839,3837,-1,3837,3839,3838,-1,5614,3841,5615,-1,5615,3841,3839,-1,5615,3839,5616,-1,5616,3839,5613,-1,5614,5617,3841,-1,3841,5617,3845,-1,3841,3845,3843,-1,3843,3845,3844,-1,5618,3847,5619,-1,5619,3847,3845,-1,5619,3845,5620,-1,5620,3845,5617,-1,5618,5621,3847,-1,3847,5621,3851,-1,3847,3851,3849,-1,3849,3851,3850,-1,5622,3853,5623,-1,5623,3853,3851,-1,5623,3851,5624,-1,5624,3851,5621,-1,5622,5625,3853,-1,3853,5625,3857,-1,3853,3857,3855,-1,3855,3857,3856,-1,5626,3859,5627,-1,5627,3859,3857,-1,5627,3857,5628,-1,5628,3857,5625,-1,5626,5629,3859,-1,3859,5629,3863,-1,3859,3863,3861,-1,3861,3863,3862,-1,5630,3865,5631,-1,5631,3865,3863,-1,5631,3863,5632,-1,5632,3863,5629,-1,5630,5633,3865,-1,3865,5633,3869,-1,3865,3869,3867,-1,3867,3869,3868,-1,5634,3871,5635,-1,5635,3871,3869,-1,5635,3869,5636,-1,5636,3869,5633,-1,5634,5637,3871,-1,3871,5637,3875,-1,3871,3875,3873,-1,3873,3875,3874,-1,5638,3877,5639,-1,5639,3877,3875,-1,5639,3875,5640,-1,5640,3875,5637,-1,5638,5641,3877,-1,3877,5641,3881,-1,3877,3881,3879,-1,3879,3881,3880,-1,5642,3883,5643,-1,5643,3883,3881,-1,5643,3881,5644,-1,5644,3881,5641,-1,5642,5645,3883,-1,3883,5645,3887,-1,3883,3887,3885,-1,3885,3887,3886,-1,5646,3889,5647,-1,5647,3889,3887,-1,5647,3887,5648,-1,5648,3887,5645,-1,5646,5649,3889,-1,3889,5649,3893,-1,3889,3893,3891,-1,3891,3893,3892,-1,5650,3895,5651,-1,5651,3895,3893,-1,5651,3893,5652,-1,5652,3893,5649,-1,5650,5653,3895,-1,3895,5653,3899,-1,3895,3899,3897,-1,3897,3899,3898,-1,5654,3901,5655,-1,5655,3901,3899,-1,5655,3899,5656,-1,5656,3899,5653,-1,5654,5657,3901,-1,3901,5657,3905,-1,3901,3905,3903,-1,3903,3905,3904,-1,5658,3907,5659,-1,5659,3907,3905,-1,5659,3905,5660,-1,5660,3905,5657,-1,5658,5661,3907,-1,3907,5661,3911,-1,3907,3911,3909,-1,3909,3911,3910,-1,5662,3913,5663,-1,5663,3913,3911,-1,5663,3911,5664,-1,5664,3911,5661,-1,5662,5665,3913,-1,3913,5665,3917,-1,3913,3917,3915,-1,3915,3917,3916,-1,5666,3919,5667,-1,5667,3919,3917,-1,5667,3917,5668,-1,5668,3917,5665,-1,5666,5669,3919,-1,3919,5669,3923,-1,3919,3923,3921,-1,3921,3923,3922,-1,5670,3925,5671,-1,5671,3925,3923,-1,5671,3923,5672,-1,5672,3923,5669,-1,5670,5673,3925,-1,3925,5673,3929,-1,3925,3929,3927,-1,3927,3929,3928,-1,5674,3931,5675,-1,5675,3931,3929,-1,5675,3929,5676,-1,5676,3929,5673,-1,5674,5677,3931,-1,3931,5677,3935,-1,3931,3935,3933,-1,3933,3935,3934,-1,5678,3937,5679,-1,5679,3937,3935,-1,5679,3935,5680,-1,5680,3935,5677,-1,5678,5681,3937,-1,3937,5681,3941,-1,3937,3941,3939,-1,3939,3941,3940,-1,5682,3943,5683,-1,5683,3943,3941,-1,5683,3941,5684,-1,5684,3941,5681,-1,5682,5685,3943,-1,3943,5685,3947,-1,3943,3947,3945,-1,3945,3947,3946,-1,5686,3949,5687,-1,5687,3949,3947,-1,5687,3947,5688,-1,5688,3947,5685,-1,5686,5689,3949,-1,3949,5689,3953,-1,3949,3953,3951,-1,3951,3953,3952,-1,5690,3955,5691,-1,5691,3955,3953,-1,5691,3953,5692,-1,5692,3953,5689,-1,5690,5693,3955,-1,3955,5693,3959,-1,3955,3959,3957,-1,3957,3959,3958,-1,5694,3961,5695,-1,5695,3961,3959,-1,5695,3959,5696,-1,5696,3959,5693,-1,5694,5697,3961,-1,3961,5697,3965,-1,3961,3965,3963,-1,3963,3965,3964,-1,5698,3967,5699,-1,5699,3967,3965,-1,5699,3965,5700,-1,5700,3965,5697,-1,5698,5701,3967,-1,3967,5701,3971,-1,3967,3971,3969,-1,3969,3971,3970,-1,5702,3973,5703,-1,5703,3973,3971,-1,5703,3971,5704,-1,5704,3971,5701,-1,5702,5705,3973,-1,3973,5705,3977,-1,3973,3977,3975,-1,3975,3977,3976,-1,5706,3979,5707,-1,5707,3979,3977,-1,5707,3977,5708,-1,5708,3977,5705,-1,5706,5709,3979,-1,3979,5709,3983,-1,3979,3983,3981,-1,3981,3983,3982,-1,5710,3985,5711,-1,5711,3985,3983,-1,5711,3983,5712,-1,5712,3983,5709,-1,5710,5713,3985,-1,3985,5713,3989,-1,3985,3989,3987,-1,3987,3989,3988,-1,5714,3991,5715,-1,5715,3991,3989,-1,5715,3989,5716,-1,5716,3989,5713,-1,5714,5717,3991,-1,3991,5717,3995,-1,3991,3995,3993,-1,3993,3995,3994,-1,5718,3997,5719,-1,5719,3997,3995,-1,5719,3995,5720,-1,5720,3995,5717,-1,5718,5721,3997,-1,3997,5721,4001,-1,3997,4001,3999,-1,3999,4001,4000,-1,5722,4003,5723,-1,5723,4003,4001,-1,5723,4001,5724,-1,5724,4001,5721,-1,5722,5725,4003,-1,4003,5725,4007,-1,4003,4007,4005,-1,4005,4007,4006,-1,5726,4009,5727,-1,5727,4009,4007,-1,5727,4007,5728,-1,5728,4007,5725,-1,5726,5729,4009,-1,4009,5729,4013,-1,4009,4013,4011,-1,4011,4013,4012,-1,5730,4015,5731,-1,5731,4015,4013,-1,5731,4013,5732,-1,5732,4013,5729,-1,5730,5733,4015,-1,4015,5733,4019,-1,4015,4019,4017,-1,4017,4019,4018,-1,5734,4021,5735,-1,5735,4021,4019,-1,5735,4019,5736,-1,5736,4019,5733,-1,5734,5737,4021,-1,4021,5737,4025,-1,4021,4025,4023,-1,4023,4025,4024,-1,5738,4027,5739,-1,5739,4027,4025,-1,5739,4025,5740,-1,5740,4025,5737,-1,5738,5741,4027,-1,4027,5741,4031,-1,4027,4031,4029,-1,4029,4031,4030,-1,5742,4033,5743,-1,5743,4033,4031,-1,5743,4031,5744,-1,5744,4031,5741,-1,5742,5745,4033,-1,4033,5745,4037,-1,4033,4037,4035,-1,4035,4037,4036,-1,5746,4039,5747,-1,5747,4039,4037,-1,5747,4037,5748,-1,5748,4037,5745,-1,5746,5749,4039,-1,4039,5749,4043,-1,4039,4043,4041,-1,4041,4043,4042,-1,5750,4045,5751,-1,5751,4045,4043,-1,5751,4043,5752,-1,5752,4043,5749,-1,5750,5753,4045,-1,4045,5753,4049,-1,4045,4049,4047,-1,4047,4049,4048,-1,5754,4051,5755,-1,5755,4051,4049,-1,5755,4049,5756,-1,5756,4049,5753,-1,5754,5757,4051,-1,4051,5757,4055,-1,4051,4055,4053,-1,4053,4055,4054,-1,5758,4057,5759,-1,5759,4057,4055,-1,5759,4055,5760,-1,5760,4055,5757,-1,5758,5761,4057,-1,4057,5761,4061,-1,4057,4061,4059,-1,4059,4061,4060,-1,5762,4063,5763,-1,5763,4063,4061,-1,5763,4061,5764,-1,5764,4061,5761,-1,5762,5765,4063,-1,4063,5765,4067,-1,4063,4067,4065,-1,4065,4067,4066,-1,5766,4069,5767,-1,5767,4069,4067,-1,5767,4067,5768,-1,5768,4067,5765,-1,5766,5769,4069,-1,4069,5769,4073,-1,4069,4073,4071,-1,4071,4073,4072,-1,5770,4075,5771,-1,5771,4075,4073,-1,5771,4073,5772,-1,5772,4073,5769,-1,5770,5773,4075,-1,4075,5773,4079,-1,4075,4079,4077,-1,4077,4079,4078,-1,5774,4081,5775,-1,5775,4081,4079,-1,5775,4079,5776,-1,5776,4079,5773,-1,5774,5777,4081,-1,4081,5777,4085,-1,4081,4085,4083,-1,4083,4085,4084,-1,5778,4087,5779,-1,5779,4087,4085,-1,5779,4085,5780,-1,5780,4085,5777,-1,5778,5781,4087,-1,4087,5781,4091,-1,4087,4091,4089,-1,4089,4091,4090,-1,5782,4093,5783,-1,5783,4093,4091,-1,5783,4091,5784,-1,5784,4091,5781,-1,5782,5785,4093,-1,4093,5785,4097,-1,4093,4097,4095,-1,4095,4097,4096,-1,5786,4099,5787,-1,5787,4099,4097,-1,5787,4097,5788,-1,5788,4097,5785,-1,5786,5789,4099,-1,4099,5789,4103,-1,4099,4103,4101,-1,4101,4103,4102,-1,5790,4105,5791,-1,5791,4105,4103,-1,5791,4103,5792,-1,5792,4103,5789,-1,5790,5793,4105,-1,4105,5793,4109,-1,4105,4109,4107,-1,4107,4109,4108,-1,5794,4111,5795,-1,5795,4111,4109,-1,5795,4109,5796,-1,5796,4109,5793,-1,5794,5797,4111,-1,4111,5797,4115,-1,4111,4115,4113,-1,4113,4115,4114,-1,5798,4117,5799,-1,5799,4117,4115,-1,5799,4115,5800,-1,5800,4115,5797,-1,5798,5801,4117,-1,4117,5801,4121,-1,4117,4121,4119,-1,4119,4121,4120,-1,5802,4123,5803,-1,5803,4123,4121,-1,5803,4121,5804,-1,5804,4121,5801,-1,5802,5805,4123,-1,4123,5805,4127,-1,4123,4127,4125,-1,4125,4127,4126,-1,5806,4129,5807,-1,5807,4129,4127,-1,5807,4127,5808,-1,5808,4127,5805,-1,5806,5809,4129,-1,4129,5809,4133,-1,4129,4133,4131,-1,4131,4133,4132,-1,5810,4135,5811,-1,5811,4135,4133,-1,5811,4133,5812,-1,5812,4133,5809,-1,5810,5813,4135,-1,4135,5813,4139,-1,4135,4139,4137,-1,4137,4139,4138,-1,5814,4141,5815,-1,5815,4141,4139,-1,5815,4139,5816,-1,5816,4139,5813,-1,5814,5817,4141,-1,4141,5817,4145,-1,4141,4145,4143,-1,4143,4145,4144,-1,5818,4147,5819,-1,5819,4147,4145,-1,5819,4145,5820,-1,5820,4145,5817,-1,5818,5821,4147,-1,4147,5821,4151,-1,4147,4151,4149,-1,4149,4151,4150,-1,5822,4153,5823,-1,5823,4153,4151,-1,5823,4151,5824,-1,5824,4151,5821,-1,5822,5825,4153,-1,4153,5825,4157,-1,4153,4157,4155,-1,4155,4157,4156,-1,5826,4159,5827,-1,5827,4159,4157,-1,5827,4157,5828,-1,5828,4157,5825,-1,5826,5829,4159,-1,4159,5829,4163,-1,4159,4163,4161,-1,4161,4163,4162,-1,5830,4165,5831,-1,5831,4165,4163,-1,5831,4163,5832,-1,5832,4163,5829,-1,5830,5833,4165,-1,4165,5833,4169,-1,4165,4169,4167,-1,4167,4169,4168,-1,5834,4171,5835,-1,5835,4171,4169,-1,5835,4169,5836,-1,5836,4169,5833,-1,5834,5837,4171,-1,4171,5837,4175,-1,4171,4175,4173,-1,4173,4175,4174,-1,5838,4177,5839,-1,5839,4177,4175,-1,5839,4175,5840,-1,5840,4175,5837,-1,5838,5841,4177,-1,4177,5841,4181,-1,4177,4181,4179,-1,4179,4181,4180,-1,5842,4183,5843,-1,5843,4183,4181,-1,5843,4181,5844,-1,5844,4181,5841,-1,5842,5845,4183,-1,4183,5845,4187,-1,4183,4187,4185,-1,4185,4187,4186,-1,5846,4189,5847,-1,5847,4189,4187,-1,5847,4187,5848,-1,5848,4187,5845,-1,5846,5849,4189,-1,4189,5849,4193,-1,4189,4193,4191,-1,4191,4193,4192,-1,5850,4195,5851,-1,5851,4195,4193,-1,5851,4193,5852,-1,5852,4193,5849,-1,5850,5853,4195,-1,4195,5853,4199,-1,4195,4199,4197,-1,4197,4199,4198,-1,5854,4201,5855,-1,5855,4201,4199,-1,5855,4199,5856,-1,5856,4199,5853,-1,5854,5857,4201,-1,4201,5857,4205,-1,4201,4205,4203,-1,4203,4205,4204,-1,5858,4207,5859,-1,5859,4207,4205,-1,5859,4205,5860,-1,5860,4205,5857,-1,5858,5861,4207,-1,4207,5861,4211,-1,4207,4211,4209,-1,4209,4211,4210,-1,5862,4213,5863,-1,5863,4213,4211,-1,5863,4211,5864,-1,5864,4211,5861,-1,5862,5865,4213,-1,4213,5865,4217,-1,4213,4217,4215,-1,4215,4217,4216,-1,5866,4219,5867,-1,5867,4219,4217,-1,5867,4217,5868,-1,5868,4217,5865,-1,5866,5869,4219,-1,4219,5869,4223,-1,4219,4223,4221,-1,4221,4223,4222,-1,5870,4225,5871,-1,5871,4225,4223,-1,5871,4223,5872,-1,5872,4223,5869,-1,5870,5873,4225,-1,4225,5873,4229,-1,4225,4229,4227,-1,4227,4229,4228,-1,5874,4231,5875,-1,5875,4231,4229,-1,5875,4229,5876,-1,5876,4229,5873,-1,5874,5877,4231,-1,4231,5877,4235,-1,4231,4235,4233,-1,4233,4235,4234,-1,5878,4237,5879,-1,5879,4237,4235,-1,5879,4235,5880,-1,5880,4235,5877,-1,5878,5881,4237,-1,4237,5881,4241,-1,4237,4241,4239,-1,4239,4241,4240,-1,5882,4243,5883,-1,5883,4243,4241,-1,5883,4241,5884,-1,5884,4241,5881,-1,5882,5885,4243,-1,4243,5885,4247,-1,4243,4247,4245,-1,4245,4247,4246,-1,5886,4249,5887,-1,5887,4249,4247,-1,5887,4247,5888,-1,5888,4247,5885,-1,5886,5889,4249,-1,4249,5889,4253,-1,4249,4253,4251,-1,4251,4253,4252,-1,5890,4255,5891,-1,5891,4255,4253,-1,5891,4253,5892,-1,5892,4253,5889,-1,5890,5893,4255,-1,4255,5893,4259,-1,4255,4259,4257,-1,4257,4259,4258,-1,5894,4261,5895,-1,5895,4261,4259,-1,5895,4259,5896,-1,5896,4259,5893,-1,5894,5897,4261,-1,4261,5897,4265,-1,4261,4265,4263,-1,4263,4265,4264,-1,5898,4267,5899,-1,5899,4267,4265,-1,5899,4265,5900,-1,5900,4265,5897,-1,5898,5901,4267,-1,4267,5901,4271,-1,4267,4271,4269,-1,4269,4271,4270,-1,5902,4273,5903,-1,5903,4273,4271,-1,5903,4271,5904,-1,5904,4271,5901,-1,5902,5905,4273,-1,4273,5905,4277,-1,4273,4277,4275,-1,4275,4277,4276,-1,5906,4279,5907,-1,5907,4279,4277,-1,5907,4277,5908,-1,5908,4277,5905,-1,5906,5909,4279,-1,4279,5909,4283,-1,4279,4283,4281,-1,4281,4283,4282,-1,5910,4285,5911,-1,5911,4285,4283,-1,5911,4283,5912,-1,5912,4283,5909,-1,5910,5913,4285,-1,4285,5913,4289,-1,4285,4289,4287,-1,4287,4289,4288,-1,5914,4291,5915,-1,5915,4291,4289,-1,5915,4289,5916,-1,5916,4289,5913,-1,5914,5917,4291,-1,4291,5917,4295,-1,4291,4295,4293,-1,4293,4295,4294,-1,5918,4297,5919,-1,5919,4297,4295,-1,5919,4295,5920,-1,5920,4295,5917,-1,5918,5921,4297,-1,4297,5921,4301,-1,4297,4301,4299,-1,4299,4301,4300,-1,5922,4303,5923,-1,5923,4303,4301,-1,5923,4301,5924,-1,5924,4301,5921,-1,5922,5925,4303,-1,4303,5925,4307,-1,4303,4307,4305,-1,4305,4307,4306,-1,5926,4309,5927,-1,5927,4309,4307,-1,5927,4307,5928,-1,5928,4307,5925,-1,5926,5929,4309,-1,4309,5929,4313,-1,4309,4313,4311,-1,4311,4313,4312,-1,5930,4315,5931,-1,5931,4315,4313,-1,5931,4313,5932,-1,5932,4313,5929,-1,5930,5933,4315,-1,4315,5933,4319,-1,4315,4319,4317,-1,4317,4319,4318,-1,5934,4321,5935,-1,5935,4321,4319,-1,5935,4319,5936,-1,5936,4319,5933,-1,5934,5937,4321,-1,4321,5937,4325,-1,4321,4325,4323,-1,4323,4325,4324,-1,5938,4327,5939,-1,5939,4327,4325,-1,5939,4325,5940,-1,5940,4325,5937,-1,5938,5941,4327,-1,4327,5941,4331,-1,4327,4331,4329,-1,4329,4331,4330,-1,5942,4333,5943,-1,5943,4333,4331,-1,5943,4331,5944,-1,5944,4331,5941,-1,5942,5945,4333,-1,4333,5945,4337,-1,4333,4337,4335,-1,4335,4337,4336,-1,5946,4339,5947,-1,5947,4339,4337,-1,5947,4337,5948,-1,5948,4337,5945,-1,5946,5949,4339,-1,4339,5949,4343,-1,4339,4343,4341,-1,4341,4343,4342,-1,5950,4345,5951,-1,5951,4345,4343,-1,5951,4343,5952,-1,5952,4343,5949,-1,5950,5953,4345,-1,4345,5953,4349,-1,4345,4349,4347,-1,4347,4349,4348,-1,5954,4351,5955,-1,5955,4351,4349,-1,5955,4349,5956,-1,5956,4349,5953,-1,5954,5957,4351,-1,4351,5957,4355,-1,4351,4355,4353,-1,4353,4355,4354,-1,5958,4357,5959,-1,5959,4357,4355,-1,5959,4355,5960,-1,5960,4355,5957,-1,5958,5961,4357,-1,4357,5961,4361,-1,4357,4361,4359,-1,4359,4361,4360,-1,5962,4363,5963,-1,5963,4363,4361,-1,5963,4361,5964,-1,5964,4361,5961,-1,5962,5965,4363,-1,4363,5965,4367,-1,4363,4367,4365,-1,4365,4367,4366,-1,5966,4369,5967,-1,5967,4369,4367,-1,5967,4367,5968,-1,5968,4367,5965,-1,5966,5969,4369,-1,4369,5969,4373,-1,4369,4373,4371,-1,4371,4373,4372,-1,5970,4375,5971,-1,5971,4375,4373,-1,5971,4373,5972,-1,5972,4373,5969,-1,5970,5973,4375,-1,4375,5973,4379,-1,4375,4379,4377,-1,4377,4379,4378,-1,5974,4381,5975,-1,5975,4381,4379,-1,5975,4379,5976,-1,5976,4379,5973,-1,5974,5977,4381,-1,4381,5977,4385,-1,4381,4385,4383,-1,4383,4385,4384,-1,5978,4387,5979,-1,5979,4387,4385,-1,5979,4385,5980,-1,5980,4385,5977,-1,5978,5981,4387,-1,4387,5981,4391,-1,4387,4391,4389,-1,4389,4391,4390,-1,5982,4393,5983,-1,5983,4393,4391,-1,5983,4391,5984,-1,5984,4391,5981,-1,5982,5985,4393,-1,4393,5985,4397,-1,4393,4397,4395,-1,4395,4397,4396,-1,5986,4399,5987,-1,5987,4399,4397,-1,5987,4397,5988,-1,5988,4397,5985,-1,5986,5989,4399,-1,4399,5989,4403,-1,4399,4403,4401,-1,4401,4403,4402,-1,5990,4405,5991,-1,5991,4405,4403,-1,5991,4403,5992,-1,5992,4403,5989,-1,5990,5993,4405,-1,4405,5993,4409,-1,4405,4409,4407,-1,4407,4409,4408,-1,5994,4411,5995,-1,5995,4411,4409,-1,5995,4409,5996,-1,5996,4409,5993,-1,5994,5997,4411,-1,4411,5997,4415,-1,4411,4415,4413,-1,4413,4415,4414,-1,5998,4417,5999,-1,5999,4417,4415,-1,5999,4415,6000,-1,6000,4415,5997,-1,5998,6001,4417,-1,4417,6001,4421,-1,4417,4421,4419,-1,4419,4421,4420,-1,6002,4423,6003,-1,6003,4423,4421,-1,6003,4421,6004,-1,6004,4421,6001,-1,6002,6005,4423,-1,4423,6005,4427,-1,4423,4427,4425,-1,4425,4427,4426,-1,6006,4429,6007,-1,6007,4429,4427,-1,6007,4427,6008,-1,6008,4427,6005,-1,6006,6009,4429,-1,4429,6009,4433,-1,4429,4433,4431,-1,4431,4433,4432,-1,6010,4435,6011,-1,6011,4435,4433,-1,6011,4433,6012,-1,6012,4433,6009,-1,6010,6013,4435,-1,4435,6013,4439,-1,4435,4439,4437,-1,4437,4439,4438,-1,6014,4441,6015,-1,6015,4441,4439,-1,6015,4439,6016,-1,6016,4439,6013,-1,6014,6017,4441,-1,4441,6017,4445,-1,4441,4445,4443,-1,4443,4445,4444,-1,6018,4447,6019,-1,6019,4447,4445,-1,6019,4445,6020,-1,6020,4445,6017,-1,6018,6021,4447,-1,4447,6021,4451,-1,4447,4451,4449,-1,4449,4451,4450,-1,6022,4453,6023,-1,6023,4453,4451,-1,6023,4451,6024,-1,6024,4451,6021,-1,6022,6025,4453,-1,4453,6025,4457,-1,4453,4457,4455,-1,4455,4457,4456,-1,6026,4459,6027,-1,6027,4459,4457,-1,6027,4457,6028,-1,6028,4457,6025,-1,6026,6029,4459,-1,4459,6029,4463,-1,4459,4463,4461,-1,4461,4463,4462,-1,6030,4465,6031,-1,6031,4465,4463,-1,6031,4463,6032,-1,6032,4463,6029,-1,6030,6033,4465,-1,4465,6033,4469,-1,4465,4469,4467,-1,4467,4469,4468,-1,6034,4471,6035,-1,6035,4471,4469,-1,6035,4469,6036,-1,6036,4469,6033,-1,6034,6037,4471,-1,4471,6037,4475,-1,4471,4475,4473,-1,4473,4475,4474,-1,6038,4477,6039,-1,6039,4477,4475,-1,6039,4475,6040,-1,6040,4475,6037,-1,6038,6041,4477,-1,4477,6041,4481,-1,4477,4481,4479,-1,4479,4481,4480,-1,6042,4483,6043,-1,6043,4483,4481,-1,6043,4481,6044,-1,6044,4481,6041,-1,6042,6045,4483,-1,4483,6045,4487,-1,4483,4487,4485,-1,4485,4487,4486,-1,6046,4489,6047,-1,6047,4489,4487,-1,6047,4487,6048,-1,6048,4487,6045,-1,6046,6049,4489,-1,4489,6049,4493,-1,4489,4493,4491,-1,4491,4493,4492,-1,6050,4495,6051,-1,6051,4495,4493,-1,6051,4493,6052,-1,6052,4493,6049,-1,6050,6053,4495,-1,4495,6053,4499,-1,4495,4499,4497,-1,4497,4499,4498,-1,6054,4501,6055,-1,6055,4501,4499,-1,6055,4499,6056,-1,6056,4499,6053,-1,6054,6057,4501,-1,4501,6057,4505,-1,4501,4505,4503,-1,4503,4505,4504,-1,6058,4507,6059,-1,6059,4507,4505,-1,6059,4505,6060,-1,6060,4505,6057,-1,6058,6061,4507,-1,4507,6061,4511,-1,4507,4511,4509,-1,4509,4511,4510,-1,6062,4513,6063,-1,6063,4513,4511,-1,6063,4511,6064,-1,6064,4511,6061,-1,6062,6065,4513,-1,4513,6065,4517,-1,4513,4517,4515,-1,4515,4517,4516,-1,6066,4519,6067,-1,6067,4519,4517,-1,6067,4517,6068,-1,6068,4517,6065,-1,6066,6069,4519,-1,4519,6069,4523,-1,4519,4523,4521,-1,4521,4523,4522,-1,6070,4525,6071,-1,6071,4525,4523,-1,6071,4523,6072,-1,6072,4523,6069,-1,6070,6073,4525,-1,4525,6073,4529,-1,4525,4529,4527,-1,4527,4529,4528,-1,6074,4531,6075,-1,6075,4531,4529,-1,6075,4529,6076,-1,6076,4529,6073,-1,6074,6077,4531,-1,4531,6077,4535,-1,4531,4535,4533,-1,4533,4535,4534,-1,6078,4537,6079,-1,6079,4537,4535,-1,6079,4535,6080,-1,6080,4535,6077,-1,6078,6081,4537,-1,4537,6081,4541,-1,4537,4541,4539,-1,4539,4541,4540,-1,6082,4543,6083,-1,6083,4543,4541,-1,6083,4541,6084,-1,6084,4541,6081,-1,6082,6085,4543,-1,4543,6085,4547,-1,4543,4547,4545,-1,4545,4547,4546,-1,6086,4549,6087,-1,6087,4549,4547,-1,6087,4547,6088,-1,6088,4547,6085,-1,6086,6089,4549,-1,4549,6089,4553,-1,4549,4553,4551,-1,4551,4553,4552,-1,6090,4555,6091,-1,6091,4555,4553,-1,6091,4553,6092,-1,6092,4553,6089,-1,6090,6093,4555,-1,4555,6093,4559,-1,4555,4559,4557,-1,4557,4559,4558,-1,6094,4561,6095,-1,6095,4561,4559,-1,6095,4559,6096,-1,6096,4559,6093,-1,6094,6097,4561,-1,4561,6097,4565,-1,4561,4565,4563,-1,4563,4565,4564,-1,6098,4567,6099,-1,6099,4567,4565,-1,6099,4565,6100,-1,6100,4565,6097,-1,6098,6101,4567,-1,4567,6101,4571,-1,4567,4571,4569,-1,4569,4571,4570,-1,6102,4573,6103,-1,6103,4573,4571,-1,6103,4571,6104,-1,6104,4571,6101,-1,6102,6105,4573,-1,4573,6105,4577,-1,4573,4577,4575,-1,4575,4577,4576,-1,6106,4579,6107,-1,6107,4579,4577,-1,6107,4577,6108,-1,6108,4577,6105,-1,6106,6109,4579,-1,4579,6109,4583,-1,4579,4583,4581,-1,4581,4583,4582,-1,6110,4585,6111,-1,6111,4585,4583,-1,6111,4583,6112,-1,6112,4583,6109,-1,6110,6113,4585,-1,4585,6113,4589,-1,4585,4589,4587,-1,4587,4589,4588,-1,4594,4593,4595,-1,4595,4593,4591,-1,4595,4591,6114,-1,6113,6115,4589,-1,4589,6115,6116,-1,4589,6116,4591,-1,4591,6116,6117,-1,4591,6117,6114,-1,6114,6118,4595,-1,4595,6118,6119,-1,4595,6119,4597,-1,4597,6119,6120,-1,4597,6120,4598,-1,6120,6121,4598,-1,4598,6121,6122,-1,4598,6122,4601,-1,4601,6122,6123,-1,4609,4604,4610,-1,4610,4604,4606,-1,4610,4606,6124,-1,6123,6125,4601,-1,4601,6125,6126,-1,4601,6126,4606,-1,4606,6126,6127,-1,4606,6127,6124,-1,4615,4614,4616,-1,4616,4614,4612,-1,4616,4612,6128,-1,6124,6129,4610,-1,4610,6129,6130,-1,4610,6130,4612,-1,4612,6130,6131,-1,4612,6131,6128,-1,6128,6132,4616,-1,4616,6132,6133,-1,4616,6133,4618,-1,4618,6133,6134,-1,4618,6134,4619,-1,6134,6135,4619,-1,4619,6135,6136,-1,4619,6136,4624,-1,4624,6136,6137,-1,6137,6138,4624,-1,4624,6138,4628,-1,4624,4628,4622,-1,4622,4628,4627,-1,6138,6139,4628,-1,4628,6139,6140,-1,4628,6140,4630,-1,4630,6140,6141,-1,4636,4631,4637,-1,4637,4631,4633,-1,4637,4633,6142,-1,6141,6143,4630,-1,4630,6143,6144,-1,4630,6144,4633,-1,4633,6144,6145,-1,4633,6145,6142,-1,6142,6146,4637,-1,4637,6146,6147,-1,4637,6147,4639,-1,4639,6147,6148,-1,4639,6148,4642,-1,4642,6148,6149,-1,6149,6150,4642,-1,4642,6150,4646,-1,4642,4646,4640,-1,4640,4646,4645,-1,6150,6151,4646,-1,4646,6151,6152,-1,4646,6152,4648,-1,4648,6152,6153,-1,6153,6154,4648,-1,4648,6154,4652,-1,4648,4652,4650,-1,4650,4652,4651,-1,6154,6155,4652,-1,4652,6155,6156,-1,4652,6156,4654,-1,4654,6156,6157,-1,6157,6158,4654,-1,4654,6158,4658,-1,4654,4658,4656,-1,4656,4658,4657,-1,6158,6159,4658,-1,4658,6159,6160,-1,4658,6160,4660,-1,4660,6160,6161,-1,6161,6162,4660,-1,4660,6162,4664,-1,4660,4664,4662,-1,4662,4664,4663,-1,6162,6163,4664,-1,4664,6163,6164,-1,4664,6164,4666,-1,4666,6164,6165,-1,6165,6166,4666,-1,4666,6166,4670,-1,4666,4670,4668,-1,4668,4670,4669,-1,6166,6167,4670,-1,4670,6167,6168,-1,4670,6168,4672,-1,4672,6168,6169,-1,6169,6170,4672,-1,4672,6170,4676,-1,4672,4676,4674,-1,4674,4676,4675,-1,6170,6171,4676,-1,4676,6171,6172,-1,4676,6172,4678,-1,4678,6172,6173,-1,6173,6174,4678,-1,4678,6174,4682,-1,4678,4682,4680,-1,4680,4682,4681,-1,6174,6175,4682,-1,4682,6175,6176,-1,4682,6176,4684,-1,4684,6176,6177,-1,6177,6178,4684,-1,4684,6178,4688,-1,4684,4688,4686,-1,4686,4688,4687,-1,6178,6179,4688,-1,4688,6179,6180,-1,4688,6180,4690,-1,4690,6180,6181,-1,6181,6182,4690,-1,4690,6182,4694,-1,4690,4694,4692,-1,4692,4694,4693,-1,6182,6183,4694,-1,4694,6183,6184,-1,4694,6184,4696,-1,4696,6184,6185,-1,6185,6186,4696,-1,4696,6186,4700,-1,4696,4700,4698,-1,4698,4700,4699,-1,6186,6187,4700,-1,4700,6187,6188,-1,4700,6188,4702,-1,4702,6188,6189,-1,6189,6190,4702,-1,4702,6190,4706,-1,4702,4706,4704,-1,4704,4706,4705,-1,6190,6191,4706,-1,4706,6191,6192,-1,4706,6192,4708,-1,4708,6192,6193,-1,6193,6194,4708,-1,4708,6194,4712,-1,4708,4712,4710,-1,4710,4712,4711,-1,6194,6195,4712,-1,4712,6195,6196,-1,4712,6196,4714,-1,4714,6196,6197,-1,6197,6198,4714,-1,4714,6198,4718,-1,4714,4718,4716,-1,4716,4718,4717,-1,6198,6199,4718,-1,4718,6199,6200,-1,4718,6200,4720,-1,4720,6200,6201,-1,6201,6202,4720,-1,4720,6202,4724,-1,4720,4724,4722,-1,4722,4724,4723,-1,6202,6203,4724,-1,4724,6203,6204,-1,4724,6204,4726,-1,4726,6204,6205,-1,6205,6206,4726,-1,4726,6206,4730,-1,4726,4730,4728,-1,4728,4730,4729,-1,6206,6207,4730,-1,4730,6207,6208,-1,4730,6208,4732,-1,4732,6208,6209,-1,6209,6210,4732,-1,4732,6210,4736,-1,4732,4736,4734,-1,4734,4736,4735,-1,6210,6211,4736,-1,4736,6211,6212,-1,4736,6212,4738,-1,4738,6212,6213,-1,6213,6214,4738,-1,4738,6214,4742,-1,4738,4742,4740,-1,4740,4742,4741,-1,6214,6215,4742,-1,4742,6215,6216,-1,4742,6216,4744,-1,4744,6216,6217,-1,6217,6218,4744,-1,4744,6218,4748,-1,4744,4748,4746,-1,4746,4748,4747,-1,6218,6219,4748,-1,4748,6219,6220,-1,4748,6220,4750,-1,4750,6220,6221,-1,6221,6222,4750,-1,4750,6222,4754,-1,4750,4754,4752,-1,4752,4754,4753,-1,6222,6223,4754,-1,4754,6223,6224,-1,4754,6224,4756,-1,4756,6224,6225,-1,6225,6226,4756,-1,4756,6226,4760,-1,4756,4760,4758,-1,4758,4760,4759,-1,6226,6227,4760,-1,4760,6227,6228,-1,4760,6228,4762,-1,4762,6228,6229,-1,6229,6230,4762,-1,4762,6230,4766,-1,4762,4766,4764,-1,4764,4766,4765,-1,6230,6231,4766,-1,4766,6231,6232,-1,4766,6232,4768,-1,4768,6232,6233,-1,6233,6234,4768,-1,4768,6234,4772,-1,4768,4772,4770,-1,4770,4772,4771,-1,6234,6235,4772,-1,4772,6235,6236,-1,4772,6236,4774,-1,4774,6236,6237,-1,6237,6238,4774,-1,4774,6238,4778,-1,4774,4778,4776,-1,4776,4778,4777,-1,6238,6239,4778,-1,4778,6239,6240,-1,4778,6240,4780,-1,4780,6240,6241,-1,6241,6242,4780,-1,4780,6242,4784,-1,4780,4784,4782,-1,4782,4784,4783,-1,6242,6243,4784,-1,4784,6243,6244,-1,4784,6244,4786,-1,4786,6244,6245,-1,6245,6246,4786,-1,4786,6246,4790,-1,4786,4790,4788,-1,4788,4790,4789,-1,6246,6247,4790,-1,4790,6247,6248,-1,4790,6248,4792,-1,4792,6248,6249,-1,6249,6250,4792,-1,4792,6250,4796,-1,4792,4796,4794,-1,4794,4796,4795,-1,6250,6251,4796,-1,4796,6251,6252,-1,4796,6252,4798,-1,4798,6252,6253,-1,6253,6254,4798,-1,4798,6254,4802,-1,4798,4802,4800,-1,4800,4802,4801,-1,6254,6255,4802,-1,4802,6255,6256,-1,4802,6256,4804,-1,4804,6256,6257,-1,6257,6258,4804,-1,4804,6258,4808,-1,4804,4808,4806,-1,4806,4808,4807,-1,6258,6259,4808,-1,4808,6259,6260,-1,4808,6260,4810,-1,4810,6260,6261,-1,6261,6262,4810,-1,4810,6262,4814,-1,4810,4814,4812,-1,4812,4814,4813,-1,6262,6263,4814,-1,4814,6263,6264,-1,4814,6264,4816,-1,4816,6264,6265,-1,6265,6266,4816,-1,4816,6266,4820,-1,4816,4820,4818,-1,4818,4820,4819,-1,6266,6267,4820,-1,4820,6267,6268,-1,4820,6268,4822,-1,4822,6268,6269,-1,6269,6270,4822,-1,4822,6270,4826,-1,4822,4826,4824,-1,4824,4826,4825,-1,6270,6271,4826,-1,4826,6271,6272,-1,4826,6272,4828,-1,4828,6272,6273,-1,6273,6274,4828,-1,4828,6274,4832,-1,4828,4832,4830,-1,4830,4832,4831,-1,6274,6275,4832,-1,4832,6275,6276,-1,4832,6276,4834,-1,4834,6276,6277,-1,6277,6278,4834,-1,4834,6278,4838,-1,4834,4838,4836,-1,4836,4838,4837,-1,6278,6279,4838,-1,4838,6279,6280,-1,4838,6280,4840,-1,4840,6280,6281,-1,6281,6282,4840,-1,4840,6282,4844,-1,4840,4844,4842,-1,4842,4844,4843,-1,6282,6283,4844,-1,4844,6283,6284,-1,4844,6284,4846,-1,4846,6284,6285,-1,6285,6286,4846,-1,4846,6286,4850,-1,4846,4850,4848,-1,4848,4850,4849,-1,6286,6287,4850,-1,4850,6287,6288,-1,4850,6288,4852,-1,4852,6288,6289,-1,6289,6290,4852,-1,4852,6290,4856,-1,4852,4856,4854,-1,4854,4856,4855,-1,6290,6291,4856,-1,4856,6291,6292,-1,4856,6292,4858,-1,4858,6292,6293,-1,6293,6294,4858,-1,4858,6294,4862,-1,4858,4862,4860,-1,4860,4862,4861,-1,6294,6295,4862,-1,4862,6295,6296,-1,4862,6296,4864,-1,4864,6296,6297,-1,6297,6298,4864,-1,4864,6298,4868,-1,4864,4868,4866,-1,4866,4868,4867,-1,6298,6299,4868,-1,4868,6299,6300,-1,4868,6300,4870,-1,4870,6300,6301,-1,6301,6302,4870,-1,4870,6302,4874,-1,4870,4874,4872,-1,4872,4874,4873,-1,6302,6303,4874,-1,4874,6303,6304,-1,4874,6304,4876,-1,4876,6304,6305,-1,6305,6306,4876,-1,4876,6306,4880,-1,4876,4880,4878,-1,4878,4880,4879,-1,6306,6307,4880,-1,4880,6307,6308,-1,4880,6308,4882,-1,4882,6308,6309,-1,6309,6310,4882,-1,4882,6310,4886,-1,4882,4886,4884,-1,4884,4886,4885,-1,6310,6311,4886,-1,4886,6311,6312,-1,4886,6312,4888,-1,4888,6312,6313,-1,6313,6314,4888,-1,4888,6314,4892,-1,4888,4892,4890,-1,4890,4892,4891,-1,6314,6315,4892,-1,4892,6315,6316,-1,4892,6316,4894,-1,4894,6316,6317,-1,6317,6318,4894,-1,4894,6318,4898,-1,4894,4898,4896,-1,4896,4898,4897,-1,6318,6319,4898,-1,4898,6319,6320,-1,4898,6320,4900,-1,4900,6320,6321,-1,6321,6322,4900,-1,4900,6322,4904,-1,4900,4904,4902,-1,4902,4904,4903,-1,6322,6323,4904,-1,4904,6323,6324,-1,4904,6324,4906,-1,4906,6324,6325,-1,6325,6326,4906,-1,4906,6326,4910,-1,4906,4910,4908,-1,4908,4910,4909,-1,6326,6327,4910,-1,4910,6327,6328,-1,4910,6328,4912,-1,4912,6328,6329,-1,6329,6330,4912,-1,4912,6330,4916,-1,4912,4916,4914,-1,4914,4916,4915,-1,6330,6331,4916,-1,4916,6331,6332,-1,4916,6332,4918,-1,4918,6332,6333,-1,6333,6334,4918,-1,4918,6334,4922,-1,4918,4922,4920,-1,4920,4922,4921,-1,6334,6335,4922,-1,4922,6335,6336,-1,4922,6336,4924,-1,4924,6336,6337,-1,6337,6338,4924,-1,4924,6338,4928,-1,4924,4928,4926,-1,4926,4928,4927,-1,6338,6339,4928,-1,4928,6339,6340,-1,4928,6340,4930,-1,4930,6340,6341,-1,6341,6342,4930,-1,4930,6342,4934,-1,4930,4934,4932,-1,4932,4934,4933,-1,6342,6343,4934,-1,4934,6343,6344,-1,4934,6344,4936,-1,4936,6344,6345,-1,6345,6346,4936,-1,4936,6346,4940,-1,4936,4940,4938,-1,4938,4940,4939,-1,6346,6347,4940,-1,4940,6347,6348,-1,4940,6348,4942,-1,4942,6348,6349,-1,6349,6350,4942,-1,4942,6350,4946,-1,4942,4946,4944,-1,4944,4946,4945,-1,6350,6351,4946,-1,4946,6351,6352,-1,4946,6352,4948,-1,4948,6352,6353,-1,6353,6354,4948,-1,4948,6354,4952,-1,4948,4952,4950,-1,4950,4952,4951,-1,6354,6355,4952,-1,4952,6355,6356,-1,4952,6356,4954,-1,4954,6356,6357,-1,6357,6358,4954,-1,4954,6358,4958,-1,4954,4958,4956,-1,4956,4958,4957,-1,6358,6359,4958,-1,4958,6359,6360,-1,4958,6360,4960,-1,4960,6360,6361,-1,6361,6362,4960,-1,4960,6362,4964,-1,4960,4964,4962,-1,4962,4964,4963,-1,6362,6363,4964,-1,4964,6363,6364,-1,4964,6364,4966,-1,4966,6364,6365,-1,6365,6366,4966,-1,4966,6366,4970,-1,4966,4970,4968,-1,4968,4970,4969,-1,6366,6367,4970,-1,4970,6367,6368,-1,4970,6368,4972,-1,4972,6368,6369,-1,6369,6370,4972,-1,4972,6370,4976,-1,4972,4976,4974,-1,4974,4976,4975,-1,6370,6371,4976,-1,4976,6371,6372,-1,4976,6372,4978,-1,4978,6372,6373,-1,6373,6374,4978,-1,4978,6374,4982,-1,4978,4982,4980,-1,4980,4982,4981,-1,6374,6375,4982,-1,4982,6375,6376,-1,4982,6376,4984,-1,4984,6376,6377,-1,6377,6378,4984,-1,4984,6378,4988,-1,4984,4988,4986,-1,4986,4988,4987,-1,6378,6379,4988,-1,4988,6379,6380,-1,4988,6380,4990,-1,4990,6380,6381,-1,6381,6382,4990,-1,4990,6382,4994,-1,4990,4994,4992,-1,4992,4994,4993,-1,6382,6383,4994,-1,4994,6383,6384,-1,4994,6384,4996,-1,4996,6384,6385,-1,6385,6386,4996,-1,4996,6386,5000,-1,4996,5000,4998,-1,4998,5000,4999,-1,6386,6387,5000,-1,5000,6387,6388,-1,5000,6388,5002,-1,5002,6388,6389,-1,6389,6390,5002,-1,5002,6390,5006,-1,5002,5006,5004,-1,5004,5006,5005,-1,6390,6391,5006,-1,5006,6391,6392,-1,5006,6392,5008,-1,5008,6392,6393,-1,6393,6394,5008,-1,5008,6394,5012,-1,5008,5012,5010,-1,5010,5012,5011,-1,6394,6395,5012,-1,5012,6395,6396,-1,5012,6396,5014,-1,5014,6396,6397,-1,6397,6398,5014,-1,5014,6398,5018,-1,5014,5018,5016,-1,5016,5018,5017,-1,6398,6399,5018,-1,5018,6399,6400,-1,5018,6400,5020,-1,5020,6400,6401,-1,6401,6402,5020,-1,5020,6402,5024,-1,5020,5024,5022,-1,5022,5024,5023,-1,6402,6403,5024,-1,5024,6403,6404,-1,5024,6404,5026,-1,5026,6404,6405,-1,6405,6406,5026,-1,5026,6406,5030,-1,5026,5030,5028,-1,5028,5030,5029,-1,6406,6407,5030,-1,5030,6407,6408,-1,5030,6408,5032,-1,5032,6408,6409,-1,6409,6410,5032,-1,5032,6410,5036,-1,5032,5036,5034,-1,5034,5036,5035,-1,6410,6411,5036,-1,5036,6411,6412,-1,5036,6412,5038,-1,5038,6412,6413,-1,6413,6414,5038,-1,5038,6414,5042,-1,5038,5042,5040,-1,5040,5042,5041,-1,6414,6415,5042,-1,5042,6415,6416,-1,5042,6416,5044,-1,5044,6416,6417,-1,6417,6418,5044,-1,5044,6418,5048,-1,5044,5048,5046,-1,5046,5048,5047,-1,6418,6419,5048,-1,5048,6419,6420,-1,5048,6420,5050,-1,5050,6420,6421,-1,6421,6422,5050,-1,5050,6422,5054,-1,5050,5054,5052,-1,5052,5054,5053,-1,6422,6423,5054,-1,5054,6423,6424,-1,5054,6424,5056,-1,5056,6424,6425,-1,6425,6426,5056,-1,5056,6426,5060,-1,5056,5060,5058,-1,5058,5060,5059,-1,6426,6427,5060,-1,5060,6427,6428,-1,5060,6428,5062,-1,5062,6428,6429,-1,6429,6430,5062,-1,5062,6430,5066,-1,5062,5066,5064,-1,5064,5066,5065,-1,6430,6431,5066,-1,5066,6431,6432,-1,5066,6432,5068,-1,5068,6432,6433,-1,6433,6434,5068,-1,5068,6434,5072,-1,5068,5072,5070,-1,5070,5072,5071,-1,6434,6435,5072,-1,5072,6435,6436,-1,5072,6436,5074,-1,5074,6436,6437,-1,6437,6438,5074,-1,5074,6438,5078,-1,5074,5078,5076,-1,5076,5078,5077,-1,6438,6439,5078,-1,5078,6439,6440,-1,5078,6440,5080,-1,5080,6440,6441,-1,6441,6442,5080,-1,5080,6442,5084,-1,5080,5084,5082,-1,5082,5084,5083,-1,6442,6443,5084,-1,5084,6443,6444,-1,5084,6444,5086,-1,5086,6444,6445,-1,6445,6446,5086,-1,5086,6446,5090,-1,5086,5090,5088,-1,5088,5090,5089,-1,6446,6447,5090,-1,5090,6447,6448,-1,5090,6448,5092,-1,5092,6448,6449,-1,6449,6450,5092,-1,5092,6450,5096,-1,5092,5096,5094,-1,5094,5096,5095,-1,6450,6451,5096,-1,5096,6451,6452,-1,5096,6452,5098,-1,5098,6452,6453,-1,6453,6454,5098,-1,5098,6454,5102,-1,5098,5102,5100,-1,5100,5102,5101,-1,6454,6455,5102,-1,5102,6455,6456,-1,5102,6456,5104,-1,5104,6456,6457,-1,6457,6458,5104,-1,5104,6458,5108,-1,5104,5108,5106,-1,5106,5108,5107,-1,6458,6459,5108,-1,5108,6459,6460,-1,5108,6460,5110,-1,5110,6460,6461,-1,6461,6462,5110,-1,5110,6462,5114,-1,5110,5114,5112,-1,5112,5114,5113,-1,6462,6463,5114,-1,5114,6463,6464,-1,5114,6464,5116,-1,5116,6464,6465,-1,6465,6466,5116,-1,5116,6466,5120,-1,5116,5120,5118,-1,5118,5120,5119,-1,6466,6467,5120,-1,5120,6467,6468,-1,5120,6468,5122,-1,5122,6468,6469,-1,6469,6470,5122,-1,5122,6470,5126,-1,5122,5126,5124,-1,5124,5126,5125,-1,6470,6471,5126,-1,5126,6471,6472,-1,5126,6472,5128,-1,5128,6472,6473,-1,6473,6474,5128,-1,5128,6474,5132,-1,5128,5132,5130,-1,5130,5132,5131,-1,6474,6475,5132,-1,5132,6475,6476,-1,5132,6476,5134,-1,5134,6476,6477,-1,6477,6478,5134,-1,5134,6478,5138,-1,5134,5138,5136,-1,5136,5138,5137,-1,6478,6479,5138,-1,5138,6479,6480,-1,5138,6480,5140,-1,5140,6480,6481,-1,6481,6482,5140,-1,5140,6482,5144,-1,5140,5144,5142,-1,5142,5144,5143,-1,6482,6483,5144,-1,5144,6483,6484,-1,5144,6484,5146,-1,5146,6484,6485,-1,6485,6486,5146,-1,5146,6486,5150,-1,5146,5150,5148,-1,5148,5150,5149,-1,6486,6487,5150,-1,5150,6487,6488,-1,5150,6488,5152,-1,5152,6488,6489,-1,6489,6490,5152,-1,5152,6490,5156,-1,5152,5156,5154,-1,5154,5156,5155,-1,6490,6491,5156,-1,5156,6491,6492,-1,5156,6492,5158,-1,5158,6492,6493,-1,6493,6494,5158,-1,5158,6494,5162,-1,5158,5162,5160,-1,5160,5162,5161,-1,6494,6495,5162,-1,5162,6495,6496,-1,5162,6496,5164,-1,5164,6496,6497,-1,6497,6498,5164,-1,5164,6498,5168,-1,5164,5168,5166,-1,5166,5168,5167,-1,6498,6499,5168,-1,5168,6499,6500,-1,5168,6500,5170,-1,5170,6500,6501,-1,6501,6502,5170,-1,5170,6502,5174,-1,5170,5174,5172,-1,5172,5174,5173,-1,6502,6503,5174,-1,5174,6503,6504,-1,5174,6504,5176,-1,5176,6504,6505,-1,6505,6506,5176,-1,5176,6506,5180,-1,5176,5180,5178,-1,5178,5180,5179,-1,6506,6507,5180,-1,5180,6507,6508,-1,5180,6508,5182,-1,5182,6508,6509,-1,6509,6510,5182,-1,5182,6510,5186,-1,5182,5186,5184,-1,5184,5186,5185,-1,6510,6511,5186,-1,5186,6511,6512,-1,5186,6512,5188,-1,5188,6512,6513,-1,6513,6514,5188,-1,5188,6514,5192,-1,5188,5192,5190,-1,5190,5192,5191,-1,6514,6515,5192,-1,5192,6515,6516,-1,5192,6516,5194,-1,5194,6516,6517,-1,6517,6518,5194,-1,5194,6518,5198,-1,5194,5198,5196,-1,5196,5198,5197,-1,6518,6519,5198,-1,5198,6519,6520,-1,5198,6520,5200,-1,5200,6520,6521,-1,6521,6522,5200,-1,5200,6522,5204,-1,5200,5204,5202,-1,5202,5204,5203,-1,6522,6523,5204,-1,5204,6523,6524,-1,5204,6524,5206,-1,5206,6524,6525,-1,6525,6526,5206,-1,5206,6526,5210,-1,5206,5210,5208,-1,5208,5210,5209,-1,6526,6527,5210,-1,5210,6527,6528,-1,5210,6528,5212,-1,5212,6528,6529,-1,6529,6530,5212,-1,5212,6530,5216,-1,5212,5216,5214,-1,5214,5216,5215,-1,6530,6531,5216,-1,5216,6531,6532,-1,5216,6532,5218,-1,5218,6532,6533,-1,6533,6534,5218,-1,5218,6534,5222,-1,5218,5222,5220,-1,5220,5222,5221,-1,6534,6535,5222,-1,5222,6535,6536,-1,5222,6536,5224,-1,5224,6536,6537,-1,6537,6538,5224,-1,5224,6538,5228,-1,5224,5228,5226,-1,5226,5228,5227,-1,6538,6539,5228,-1,5228,6539,6540,-1,5228,6540,5230,-1,5230,6540,6541,-1,6541,6542,5230,-1,5230,6542,5234,-1,5230,5234,5232,-1,5232,5234,5233,-1,6542,6543,5234,-1,5234,6543,6544,-1,5234,6544,5236,-1,5236,6544,6545,-1,6545,6546,5236,-1,5236,6546,5240,-1,5236,5240,5238,-1,5238,5240,5239,-1,6546,6547,5240,-1,5240,6547,6548,-1,5240,6548,5242,-1,5242,6548,6549,-1,6549,6550,5242,-1,5242,6550,5246,-1,5242,5246,5244,-1,5244,5246,5245,-1,6550,6551,5246,-1,5246,6551,6552,-1,5246,6552,5248,-1,5248,6552,6553,-1,6553,6554,5248,-1,5248,6554,5252,-1,5248,5252,5250,-1,5250,5252,5251,-1,6554,6555,5252,-1,5252,6555,6556,-1,5252,6556,5254,-1,5254,6556,6557,-1,6557,6558,5254,-1,5254,6558,5258,-1,5254,5258,5256,-1,5256,5258,5257,-1,6558,6559,5258,-1,5258,6559,6560,-1,5258,6560,5260,-1,5260,6560,6561,-1,6561,6562,5260,-1,5260,6562,5264,-1,5260,5264,5262,-1,5262,5264,5263,-1,6562,6563,5264,-1,5264,6563,6564,-1,5264,6564,5266,-1,5266,6564,6565,-1,6565,6566,5266,-1,5266,6566,5270,-1,5266,5270,5268,-1,5268,5270,5269,-1,6566,6567,5270,-1,5270,6567,6568,-1,5270,6568,5272,-1,5272,6568,6569,-1,6569,6570,5272,-1,5272,6570,5276,-1,5272,5276,5274,-1,5274,5276,5275,-1,6570,6571,5276,-1,5276,6571,6572,-1,5276,6572,5278,-1,5278,6572,6573,-1,6573,6574,5278,-1,5278,6574,5282,-1,5278,5282,5280,-1,5280,5282,5281,-1,6574,6575,5282,-1,5282,6575,6576,-1,5282,6576,5284,-1,5284,6576,6577,-1,6577,6578,5284,-1,5284,6578,5288,-1,5284,5288,5286,-1,5286,5288,5287,-1,6578,6579,5288,-1,5288,6579,6580,-1,5288,6580,5290,-1,5290,6580,6581,-1,6581,6582,5290,-1,5290,6582,5294,-1,5290,5294,5292,-1,5292,5294,5293,-1,6582,6583,5294,-1,5294,6583,6584,-1,5294,6584,5296,-1,5296,6584,6585,-1,6585,6586,5296,-1,5296,6586,5300,-1,5296,5300,5298,-1,5298,5300,5299,-1,6586,6587,5300,-1,5300,6587,6588,-1,5300,6588,5302,-1,5302,6588,6589,-1,6589,6590,5302,-1,5302,6590,5306,-1,5302,5306,5304,-1,5304,5306,5305,-1,6590,6591,5306,-1,5306,6591,6592,-1,5306,6592,5308,-1,5308,6592,6593,-1,5308,6593,6594,-1,6594,3600,5308,-1,5308,3600,3602,-1,5308,3602,5310,-1,5310,3602,3696,-1,3601,3597,3602,-1,3602,3597,3599,-1,3602,3599,3695,-1,3695,3599,3694,-1,3598,3594,3599,-1,3599,3594,3596,-1,3599,3596,3693,-1,3693,3596,3692,-1,3595,3591,3596,-1,3596,3591,3593,-1,3596,3593,3691,-1,3691,3593,3690,-1,3592,3588,3593,-1,3593,3588,3590,-1,3593,3590,3689,-1,3689,3590,3688,-1,3589,3585,3590,-1,3590,3585,3587,-1,3590,3587,3687,-1,3687,3587,3686,-1,3586,3582,3587,-1,3587,3582,3584,-1,3587,3584,3685,-1,3685,3584,3684,-1,3583,3579,3584,-1,3584,3579,3581,-1,3584,3581,3683,-1,3683,3581,3682,-1,3580,3576,3581,-1,3581,3576,3578,-1,3581,3578,3681,-1,3681,3578,3680,-1,3577,3573,3578,-1,3578,3573,3575,-1,3578,3575,3679,-1,3679,3575,3678,-1,3574,3570,3575,-1,3575,3570,3572,-1,3575,3572,3677,-1,3677,3572,3676,-1,3571,3567,3572,-1,3572,3567,3569,-1,3572,3569,3675,-1,3675,3569,3674,-1,3568,3564,3569,-1,3569,3564,3566,-1,3569,3566,3673,-1,3673,3566,3672,-1,3565,3561,3566,-1,3566,3561,3563,-1,3566,3563,3671,-1,3671,3563,3670,-1,3562,3558,3563,-1,3563,3558,3560,-1,3563,3560,3669,-1,3669,3560,3668,-1,3559,3555,3560,-1,3560,3555,3557,-1,3560,3557,3667,-1,3667,3557,3666,-1,3556,3552,3557,-1,3557,3552,3554,-1,3557,3554,3665,-1,3665,3554,3664,-1,3553,3549,3554,-1,3554,3549,3551,-1,3554,3551,3663,-1,3663,3551,3662,-1,3550,3546,3551,-1,3551,3546,3548,-1,3551,3548,3661,-1,3661,3548,3660,-1,3547,3543,3548,-1,3548,3543,3545,-1,3548,3545,3659,-1,3659,3545,3658,-1,3544,3540,3545,-1,3545,3540,3542,-1,3545,3542,3657,-1,3657,3542,3656,-1,3541,3537,3542,-1,3542,3537,3539,-1,3542,3539,3655,-1,3655,3539,3654,-1,3538,3534,3539,-1,3539,3534,3536,-1,3539,3536,3653,-1,3653,3536,3652,-1,3535,3531,3536,-1,3536,3531,3533,-1,3536,3533,3651,-1,3651,3533,3650,-1,3532,3528,3533,-1,3533,3528,3530,-1,3533,3530,3649,-1,3649,3530,3648,-1,3529,3525,3530,-1,3530,3525,3527,-1,3530,3527,3647,-1,3647,3527,3646,-1,3526,3522,3527,-1,3527,3522,3524,-1,3527,3524,3645,-1,3645,3524,3644,-1,3523,3519,3524,-1,3524,3519,3521,-1,3524,3521,3643,-1,3643,3521,3642,-1,3520,3516,3521,-1,3521,3516,3518,-1,3521,3518,3641,-1,3641,3518,3640,-1,3517,3513,3518,-1,3518,3513,3515,-1,3518,3515,3639,-1,3639,3515,3638,-1,3514,3510,3515,-1,3515,3510,3512,-1,3515,3512,3637,-1,3637,3512,3636,-1,3511,3507,3512,-1,3512,3507,3509,-1,3512,3509,3635,-1,3635,3509,3634,-1,3508,3504,3509,-1,3509,3504,3506,-1,3509,3506,3633,-1,3633,3506,3632,-1,3505,3501,3506,-1,3506,3501,3503,-1,3506,3503,3631,-1,3631,3503,3630,-1,3502,3498,3503,-1,3503,3498,3500,-1,3503,3500,3629,-1,3629,3500,3628,-1,3499,3495,3500,-1,3500,3495,3497,-1,3500,3497,3627,-1,3627,3497,3626,-1,3496,3492,3497,-1,3497,3492,3494,-1,3497,3494,3625,-1,3625,3494,3624,-1,3493,3489,3494,-1,3494,3489,3491,-1,3494,3491,3623,-1,3623,3491,3622,-1,3490,3486,3491,-1,3491,3486,3488,-1,3491,3488,3621,-1,3621,3488,3620,-1,3487,3483,3488,-1,3488,3483,3485,-1,3488,3485,3619,-1,3619,3485,3618,-1,3484,3480,3485,-1,3485,3480,3482,-1,3485,3482,3617,-1,3617,3482,3616,-1,3481,3477,3482,-1,3482,3477,3479,-1,3482,3479,3615,-1,3615,3479,3614,-1,3478,3474,3479,-1,3479,3474,3476,-1,3479,3476,3613,-1,3613,3476,3612,-1,3475,3471,3476,-1,3476,3471,3473,-1,3476,3473,3611,-1,3611,3473,3610,-1,3472,3468,3473,-1,3473,3468,3470,-1,3473,3470,3609,-1,3609,3470,3608,-1,3469,3465,3470,-1,3470,3465,3467,-1,3470,3467,3607,-1,3607,3467,3606,-1,3466,3462,3467,-1,3467,3462,3464,-1,3467,3464,3605,-1,3605,3464,3604,-1,3463,6595,3464,-1,3464,6595,5312,-1,3464,5312,3603,-1,3603,5312,5311,-1,6595,6596,5312,-1,5312,6596,6597,-1,5312,6597,5314,-1,5314,6597,6598,-1,5314,6598,5315,-1,5315,6598,6599,-1,5315,6599,5318,-1,5318,6599,6600,-1,5318,6600,5321,-1,5321,6600,6601,-1,5321,6601,5324,-1,5324,6601,6602,-1,5324,6602,5327,-1,5327,6602,6603,-1,5327,6603,5330,-1,5330,6603,6604,-1,5330,6604,5333,-1,5333,6604,6605,-1,5333,6605,5336,-1,5336,6605,6606,-1,5336,6606,5339,-1,5339,6606,6607,-1,5339,6607,5342,-1,5342,6607,6608,-1,5342,6608,5345,-1,5345,6608,6609,-1,5345,6609,5348,-1,5348,6609,6610,-1,5348,6610,5351,-1,5351,6610,6611,-1,5351,6611,5354,-1,5354,6611,6612,-1,5354,6612,5357,-1,5357,6612,6613,-1,5357,6613,5360,-1,5360,6613,6614,-1,5360,6614,5363,-1,5363,6614,6615,-1,5363,6615,5366,-1,5366,6615,6616,-1,5366,6616,5369,-1,5369,6616,6617,-1,5369,6617,5372,-1,5372,6617,6618,-1,5372,6618,5375,-1,6619,5380,6620,-1,6620,5380,5375,-1,6620,5375,6621,-1,6621,5375,6618,-1,6619,6622,5380,-1,5380,6622,5384,-1,5380,5384,5378,-1,5378,5384,5383,-1,6623,5386,6624,-1,6624,5386,5384,-1,6624,5384,6625,-1,6625,5384,6622,-1,6623,6626,5386,-1,5386,6626,5390,-1,5386,5390,5388,-1,5388,5390,5389,-1,6627,5392,6628,-1,6628,5392,5390,-1,6628,5390,6629,-1,6629,5390,6626,-1,6627,6630,5392,-1,5392,6630,5396,-1,5392,5396,5394,-1,5394,5396,5395,-1,6631,5398,6632,-1,6632,5398,5396,-1,6632,5396,6633,-1,6633,5396,6630,-1,6631,6634,5398,-1,5398,6634,5402,-1,5398,5402,5400,-1,5400,5402,5401,-1,6635,5404,6636,-1,6636,5404,5402,-1,6636,5402,6637,-1,6637,5402,6634,-1,6635,6638,5404,-1,5404,6638,5408,-1,5404,5408,5406,-1,5406,5408,5407,-1,6639,5410,6640,-1,6640,5410,5408,-1,6640,5408,6641,-1,6641,5408,6638,-1,6639,6642,5410,-1,5410,6642,5414,-1,5410,5414,5412,-1,5412,5414,5413,-1,6643,5416,6644,-1,6644,5416,5414,-1,6644,5414,6645,-1,6645,5414,6642,-1,6643,6646,5416,-1,5416,6646,5420,-1,5416,5420,5418,-1,5418,5420,5419,-1,6647,5422,6648,-1,6648,5422,5420,-1,6648,5420,6649,-1,6649,5420,6646,-1,6647,6650,5422,-1,5422,6650,5426,-1,5422,5426,5424,-1,5424,5426,5425,-1,6651,5428,6652,-1,6652,5428,5426,-1,6652,5426,6653,-1,6653,5426,6650,-1,6651,6654,5428,-1,5428,6654,5432,-1,5428,5432,5430,-1,5430,5432,5431,-1,6655,5434,6656,-1,6656,5434,5432,-1,6656,5432,6657,-1,6657,5432,6654,-1,6655,6658,5434,-1,5434,6658,5438,-1,5434,5438,5436,-1,5436,5438,5437,-1,6659,5440,6660,-1,6660,5440,5438,-1,6660,5438,6661,-1,6661,5438,6658,-1,6659,6662,5440,-1,5440,6662,5444,-1,5440,5444,5442,-1,5442,5444,5443,-1,6663,5446,6664,-1,6664,5446,5444,-1,6664,5444,6665,-1,6665,5444,6662,-1,6663,6666,5446,-1,5446,6666,5450,-1,5446,5450,5448,-1,5448,5450,5449,-1,6667,5452,6668,-1,6668,5452,5450,-1,6668,5450,6669,-1,6669,5450,6666,-1,6667,6670,5452,-1,5452,6670,5456,-1,5452,5456,5454,-1,5454,5456,5455,-1,6671,5458,6672,-1,6672,5458,5456,-1,6672,5456,6673,-1,6673,5456,6670,-1,6671,6674,5458,-1,5458,6674,5462,-1,5458,5462,5460,-1,5460,5462,5461,-1,6675,5464,6676,-1,6676,5464,5462,-1,6676,5462,6677,-1,6677,5462,6674,-1,6675,6678,5464,-1,5464,6678,5468,-1,5464,5468,5466,-1,5466,5468,5467,-1,6679,5470,6680,-1,6680,5470,5468,-1,6680,5468,6681,-1,6681,5468,6678,-1,6679,6682,5470,-1,5470,6682,5474,-1,5470,5474,5472,-1,5472,5474,5473,-1,6683,5476,6684,-1,6684,5476,5474,-1,6684,5474,6685,-1,6685,5474,6682,-1,6683,6686,5476,-1,5476,6686,5480,-1,5476,5480,5478,-1,5478,5480,5479,-1,6687,5482,6688,-1,6688,5482,5480,-1,6688,5480,6689,-1,6689,5480,6686,-1,6687,6690,5482,-1,5482,6690,5486,-1,5482,5486,5484,-1,5484,5486,5485,-1,6691,5488,6692,-1,6692,5488,5486,-1,6692,5486,6693,-1,6693,5486,6690,-1,6691,6694,5488,-1,5488,6694,5492,-1,5488,5492,5490,-1,5490,5492,5491,-1,6695,5494,6696,-1,6696,5494,5492,-1,6696,5492,6697,-1,6697,5492,6694,-1,6695,6698,5494,-1,5494,6698,5498,-1,5494,5498,5496,-1,5496,5498,5497,-1,6699,5500,6700,-1,6700,5500,5498,-1,6700,5498,6701,-1,6701,5498,6698,-1,6699,6702,5500,-1,5500,6702,5504,-1,5500,5504,5502,-1,5502,5504,5503,-1,6703,5506,6704,-1,6704,5506,5504,-1,6704,5504,6705,-1,6705,5504,6702,-1,6703,6706,5506,-1,5506,6706,5510,-1,5506,5510,5508,-1,5508,5510,5509,-1,6707,5512,6708,-1,6708,5512,5510,-1,6708,5510,6709,-1,6709,5510,6706,-1,6707,6710,5512,-1,5512,6710,5516,-1,5512,5516,5514,-1,5514,5516,5515,-1,6711,5518,6712,-1,6712,5518,5516,-1,6712,5516,6713,-1,6713,5516,6710,-1,6711,6714,5518,-1,5518,6714,5522,-1,5518,5522,5520,-1,5520,5522,5521,-1,6715,5524,6716,-1,6716,5524,5522,-1,6716,5522,6717,-1,6717,5522,6714,-1,6715,6718,5524,-1,5524,6718,5528,-1,5524,5528,5526,-1,5526,5528,5527,-1,6719,5530,6720,-1,6720,5530,5528,-1,6720,5528,6721,-1,6721,5528,6718,-1,6719,6722,5530,-1,5530,6722,5534,-1,5530,5534,5532,-1,5532,5534,5533,-1,6722,6723,5534,-1,5534,6723,6724,-1,5534,6724,3707,-1,3707,6724,6725,-1,3707,6725,3708,-1,6726,6727,6616,-1,6728,6729,6613,-1,6730,6731,6610,-1,6732,6733,6607,-1,6734,6735,6604,-1,6736,6737,6601,-1,6738,6739,5545,-1,6740,6741,5548,-1,3710,3709,6742,-1,2388,2387,6743,-1,54,3708,55,-1,55,3708,6725,-1,55,6725,89,-1,89,6725,6724,-1,6720,108,111,-1,6720,111,6719,-1,6719,111,110,-1,6719,110,6722,-1,6722,110,109,-1,6722,109,6723,-1,6723,109,86,-1,6723,86,6724,-1,6724,86,88,-1,6724,88,89,-1,6718,53,6721,-1,6721,53,52,-1,6721,52,6720,-1,6720,52,106,-1,6720,106,108,-1,6716,2426,6715,-1,6715,2426,94,-1,6715,94,6718,-1,6718,94,95,-1,6718,95,53,-1,6717,2422,6716,-1,6716,2422,2427,-1,6716,2427,2426,-1,2419,2306,6712,-1,6712,2306,2305,-1,6712,2305,6711,-1,6711,2305,2425,-1,6711,2425,6714,-1,6714,2425,2424,-1,6714,2424,6717,-1,6717,2424,2423,-1,6717,2423,2422,-1,2419,6712,2420,-1,2420,6712,6713,-1,2420,6713,2421,-1,2421,6713,6710,-1,2421,6710,2415,-1,2414,2413,6706,-1,6706,2413,2412,-1,6706,2412,6709,-1,6709,2412,2411,-1,6709,2411,6708,-1,6708,2411,2418,-1,6708,2418,6707,-1,6707,2418,2417,-1,6707,2417,6710,-1,6710,2417,2416,-1,6710,2416,2415,-1,2414,6706,2307,-1,2307,6706,6703,-1,2307,6703,2308,-1,2308,6703,6704,-1,2308,6704,2408,-1,2408,6704,2409,-1,2409,6704,6705,-1,2409,6705,2410,-1,2410,6705,6702,-1,2410,6702,2404,-1,2404,6702,2405,-1,2405,6702,6699,-1,2405,6699,2406,-1,2406,6699,2407,-1,2407,6699,6700,-1,2407,6700,2395,-1,2395,6700,6701,-1,2395,6701,2396,-1,2396,6701,6698,-1,2396,6698,2397,-1,6744,2399,2398,-1,6744,2398,6745,-1,2399,6744,2400,-1,2400,6744,6746,-1,2400,6746,2401,-1,2309,2394,6747,-1,6747,2394,2393,-1,2393,2403,6746,-1,6746,2403,2402,-1,6746,2402,2401,-1,2309,6747,2310,-1,2310,6747,6748,-1,2310,6748,2390,-1,2387,2386,6743,-1,6743,2386,2392,-1,6743,2392,6748,-1,6748,2392,2391,-1,6748,2391,2390,-1,2388,6743,2389,-1,2389,6743,6749,-1,2389,6749,2382,-1,2311,2385,6750,-1,6750,2385,2384,-1,6750,2384,6749,-1,6749,2384,2383,-1,6749,2383,2382,-1,2311,6750,2312,-1,2312,6750,6751,-1,2312,6751,2379,-1,2376,2375,6752,-1,6752,2375,2381,-1,6752,2381,6751,-1,6751,2381,2380,-1,6751,2380,2379,-1,2373,2372,6753,-1,6753,2372,2378,-1,6753,2378,6752,-1,6752,2378,2377,-1,6752,2377,2376,-1,2373,6753,2374,-1,2374,6753,6754,-1,2374,6754,2369,-1,2366,2365,6755,-1,6755,2365,2371,-1,6755,2371,6754,-1,6754,2371,2370,-1,6754,2370,2369,-1,6756,2361,2368,-1,6756,2368,6755,-1,6755,2368,2367,-1,6755,2367,2366,-1,2313,2364,6757,-1,6757,2364,2363,-1,6757,2363,6756,-1,6756,2363,2362,-1,6756,2362,2361,-1,2313,6757,2314,-1,2314,6757,6758,-1,2314,6758,2358,-1,2355,2354,6759,-1,6759,2354,2360,-1,6759,2360,6758,-1,6758,2360,2359,-1,6758,2359,2358,-1,2352,2351,6760,-1,6760,2351,2357,-1,6760,2357,6759,-1,6759,2357,2356,-1,6759,2356,2355,-1,2352,6760,2353,-1,2353,6760,6761,-1,2353,6761,2348,-1,2343,2350,6762,-1,6762,2350,2349,-1,6762,2349,6761,-1,6761,2349,2347,-1,6761,2347,2348,-1,6763,2345,6762,-1,6762,2345,2344,-1,6762,2344,2343,-1,2261,2342,6764,-1,6764,2342,2341,-1,6764,2341,6763,-1,6763,2341,2346,-1,6763,2346,2345,-1,2547,6765,2548,-1,2548,6765,6766,-1,2548,6766,2544,-1,2547,2551,6765,-1,6765,2551,2550,-1,6765,2550,6767,-1,6767,2550,2549,-1,6767,2549,272,-1,2541,2540,6768,-1,6768,2540,2546,-1,6768,2546,6766,-1,6766,2546,2545,-1,6766,2545,2544,-1,6742,2543,2542,-1,2534,2533,6769,-1,6769,2533,2539,-1,6769,2539,6742,-1,6742,2539,2538,-1,6742,2538,2543,-1,2534,6769,2535,-1,2535,6769,190,-1,2535,190,188,-1,2528,2532,185,-1,185,2532,2531,-1,185,2531,186,-1,2531,2530,186,-1,186,2530,2529,-1,186,2529,187,-1,187,2529,2537,-1,187,2537,188,-1,188,2537,2536,-1,188,2536,2535,-1,194,2526,195,-1,195,2526,2527,-1,195,2527,196,-1,196,2527,2528,-1,196,2528,183,-1,183,2528,185,-1,3709,200,6742,-1,6742,200,198,-1,6742,198,6769,-1,6769,198,197,-1,6769,197,190,-1,3711,3710,6768,-1,6768,3710,6742,-1,6768,6742,2541,-1,2541,6742,2542,-1,3711,6768,3712,-1,3712,6768,6766,-1,3712,6766,3713,-1,3713,6766,6765,-1,3713,6765,5552,-1,5552,6765,6767,-1,5552,6767,5551,-1,5551,6767,6770,-1,5551,6770,5550,-1,5550,6770,6771,-1,5550,6771,5549,-1,5548,6741,5547,-1,5547,6741,6772,-1,5547,6772,5546,-1,5545,6739,5544,-1,5544,6739,6773,-1,5544,6773,5543,-1,5556,5553,6774,-1,6774,5553,5541,-1,6774,5541,6775,-1,6775,5541,5542,-1,6775,5542,6776,-1,5555,6777,5554,-1,5554,6777,6778,-1,5558,5559,6779,-1,6779,5559,5560,-1,6779,5560,6778,-1,6778,5560,5557,-1,6778,5557,5554,-1,5561,6780,5564,-1,5564,6780,6781,-1,6782,5562,6781,-1,6781,5562,5563,-1,6781,5563,5564,-1,6783,5568,6782,-1,6782,5568,5565,-1,6782,5565,5562,-1,6784,5566,6783,-1,6783,5566,5567,-1,6783,5567,5568,-1,6785,5572,6784,-1,6784,5572,5569,-1,6784,5569,5566,-1,6786,5570,6785,-1,6785,5570,5571,-1,6785,5571,5572,-1,5574,5575,6787,-1,6787,5575,5576,-1,6787,5576,6786,-1,6786,5576,5573,-1,6786,5573,5570,-1,5577,6788,5580,-1,5580,6788,6789,-1,5584,5581,6790,-1,6790,5581,5578,-1,6790,5578,6789,-1,6789,5578,5579,-1,6789,5579,5580,-1,5583,6791,5582,-1,5582,6791,6792,-1,5586,5587,6793,-1,6793,5587,5588,-1,6793,5588,6792,-1,6792,5588,5585,-1,6792,5585,5582,-1,5589,6794,5592,-1,5592,6794,6795,-1,5596,5593,6796,-1,6796,5593,5590,-1,6796,5590,6795,-1,6795,5590,5591,-1,6795,5591,5592,-1,5595,6797,5594,-1,5594,6797,6798,-1,5598,5599,6799,-1,6799,5599,5600,-1,6799,5600,6798,-1,6798,5600,5597,-1,6798,5597,5594,-1,5601,6800,5604,-1,5604,6800,6801,-1,5608,5605,6802,-1,6802,5605,5602,-1,6802,5602,6801,-1,6801,5602,5603,-1,6801,5603,5604,-1,5607,6803,5606,-1,5606,6803,6804,-1,5610,5611,6805,-1,6805,5611,5612,-1,6805,5612,6804,-1,6804,5612,5609,-1,6804,5609,5606,-1,5613,6806,5616,-1,5616,6806,6807,-1,6808,5614,6807,-1,6807,5614,5615,-1,6807,5615,5616,-1,6809,5620,6808,-1,6808,5620,5617,-1,6808,5617,5614,-1,5624,5621,6810,-1,6810,5621,5618,-1,6810,5618,6809,-1,6809,5618,5619,-1,6809,5619,5620,-1,5623,6811,5622,-1,5622,6811,6812,-1,5626,5627,6813,-1,6813,5627,5628,-1,6813,5628,6812,-1,6812,5628,5625,-1,6812,5625,5622,-1,5629,6814,5632,-1,5632,6814,6815,-1,5636,5633,6816,-1,6816,5633,5630,-1,6816,5630,6815,-1,6815,5630,5631,-1,6815,5631,5632,-1,5635,6817,5634,-1,5634,6817,6818,-1,5638,5639,6819,-1,6819,5639,5640,-1,6819,5640,6818,-1,6818,5640,5637,-1,6818,5637,5634,-1,5641,6820,5644,-1,5644,6820,6821,-1,5648,5645,6822,-1,6822,5645,5642,-1,6822,5642,6821,-1,6821,5642,5643,-1,6821,5643,5644,-1,5647,6823,5646,-1,5646,6823,6824,-1,5650,5651,6825,-1,6825,5651,5652,-1,6825,5652,6824,-1,6824,5652,5649,-1,6824,5649,5646,-1,5653,6826,5656,-1,5656,6826,6827,-1,5660,5657,6828,-1,6828,5657,5654,-1,6828,5654,6827,-1,6827,5654,5655,-1,6827,5655,5656,-1,5659,6829,5658,-1,5658,6829,6830,-1,6831,5664,6830,-1,6830,5664,5661,-1,6830,5661,5658,-1,6832,5662,6831,-1,6831,5662,5663,-1,6831,5663,5664,-1,5666,5667,6833,-1,6833,5667,5668,-1,6833,5668,6832,-1,6832,5668,5665,-1,6832,5665,5662,-1,5669,6834,5672,-1,5672,6834,6835,-1,5676,5673,6836,-1,6836,5673,5670,-1,6836,5670,6835,-1,6835,5670,5671,-1,6835,5671,5672,-1,5675,6837,5674,-1,5674,6837,6838,-1,5678,5679,6839,-1,6839,5679,5680,-1,6839,5680,6838,-1,6838,5680,5677,-1,6838,5677,5674,-1,5681,6840,5684,-1,5684,6840,6841,-1,5688,5685,6842,-1,6842,5685,5682,-1,6842,5682,6841,-1,6841,5682,5683,-1,6841,5683,5684,-1,5687,6843,5686,-1,5686,6843,6844,-1,5690,5691,6845,-1,6845,5691,5692,-1,6845,5692,6844,-1,6844,5692,5689,-1,6844,5689,5686,-1,5693,6846,5696,-1,5696,6846,6847,-1,5700,5697,6848,-1,6848,5697,5694,-1,6848,5694,6847,-1,6847,5694,5695,-1,6847,5695,5696,-1,5699,6849,5698,-1,5698,6849,6850,-1,5702,5703,6851,-1,6851,5703,5704,-1,6851,5704,6850,-1,6850,5704,5701,-1,6850,5701,5698,-1,5705,6852,5708,-1,5708,6852,6853,-1,6854,5706,6853,-1,6853,5706,5707,-1,6853,5707,5708,-1,6855,5712,6854,-1,6854,5712,5709,-1,6854,5709,5706,-1,6856,5710,6855,-1,6855,5710,5711,-1,6855,5711,5712,-1,6857,5716,6856,-1,6856,5716,5713,-1,6856,5713,5710,-1,6858,5714,6857,-1,6857,5714,5715,-1,6857,5715,5716,-1,5718,5719,6859,-1,6859,5719,5720,-1,6859,5720,6858,-1,6858,5720,5717,-1,6858,5717,5714,-1,5721,6860,5724,-1,5724,6860,6861,-1,5728,5725,6862,-1,6862,5725,5722,-1,6862,5722,6861,-1,6861,5722,5723,-1,6861,5723,5724,-1,5727,6863,5726,-1,5726,6863,6864,-1,5730,5731,6865,-1,6865,5731,5732,-1,6865,5732,6864,-1,6864,5732,5729,-1,6864,5729,5726,-1,5733,6866,5736,-1,5736,6866,6867,-1,5740,5737,6868,-1,6868,5737,5734,-1,6868,5734,6867,-1,6867,5734,5735,-1,6867,5735,5736,-1,5739,6869,5738,-1,5738,6869,6870,-1,5742,5743,6871,-1,6871,5743,5744,-1,6871,5744,6870,-1,6870,5744,5741,-1,6870,5741,5738,-1,5745,6872,5748,-1,5748,6872,6873,-1,5752,5749,6874,-1,6874,5749,5746,-1,6874,5746,6873,-1,6873,5746,5747,-1,6873,5747,5748,-1,5751,6875,5750,-1,5750,6875,6876,-1,5754,5755,6877,-1,6877,5755,5756,-1,6877,5756,6876,-1,6876,5756,5753,-1,6876,5753,5750,-1,5757,6878,5760,-1,5760,6878,6879,-1,6880,5758,6879,-1,6879,5758,5759,-1,6879,5759,5760,-1,6881,5764,6880,-1,6880,5764,5761,-1,6880,5761,5758,-1,5768,5765,6882,-1,6882,5765,5762,-1,6882,5762,6881,-1,6881,5762,5763,-1,6881,5763,5764,-1,5767,6883,5766,-1,5766,6883,6884,-1,5770,5771,6885,-1,6885,5771,5772,-1,6885,5772,6884,-1,6884,5772,5769,-1,6884,5769,5766,-1,5773,6886,5776,-1,5776,6886,6887,-1,5780,5777,6888,-1,6888,5777,5774,-1,6888,5774,6887,-1,6887,5774,5775,-1,6887,5775,5776,-1,5779,6889,5778,-1,5778,6889,6890,-1,5782,5783,6891,-1,6891,5783,5784,-1,6891,5784,6890,-1,6890,5784,5781,-1,6890,5781,5778,-1,5785,6892,5788,-1,5788,6892,6893,-1,5792,5789,6894,-1,6894,5789,5786,-1,6894,5786,6893,-1,6893,5786,5787,-1,6893,5787,5788,-1,5791,6895,5790,-1,5790,6895,6896,-1,5794,5795,6897,-1,6897,5795,5796,-1,6897,5796,6896,-1,6896,5796,5793,-1,6896,5793,5790,-1,5797,6898,5800,-1,5800,6898,6899,-1,5804,5801,6900,-1,6900,5801,5798,-1,6900,5798,6899,-1,6899,5798,5799,-1,6899,5799,5800,-1,5803,6901,5802,-1,5802,6901,6902,-1,6903,5808,6902,-1,6902,5808,5805,-1,6902,5805,5802,-1,6904,5806,6903,-1,6903,5806,5807,-1,6903,5807,5808,-1,5810,5811,6905,-1,6905,5811,5812,-1,6905,5812,6904,-1,6904,5812,5809,-1,6904,5809,5806,-1,5813,6906,5816,-1,5816,6906,6907,-1,5820,5817,6908,-1,6908,5817,5814,-1,6908,5814,6907,-1,6907,5814,5815,-1,6907,5815,5816,-1,5819,6909,5818,-1,5818,6909,6910,-1,5822,5823,6911,-1,6911,5823,5824,-1,6911,5824,6910,-1,6910,5824,5821,-1,6910,5821,5818,-1,5825,6912,5828,-1,5828,6912,6913,-1,5832,5829,6914,-1,6914,5829,5826,-1,6914,5826,6913,-1,6913,5826,5827,-1,6913,5827,5828,-1,5831,6915,5830,-1,5830,6915,6916,-1,5834,5835,6917,-1,6917,5835,5836,-1,6917,5836,6916,-1,6916,5836,5833,-1,6916,5833,5830,-1,5837,6918,5840,-1,5840,6918,6919,-1,5844,5841,6920,-1,6920,5841,5838,-1,6920,5838,6919,-1,6919,5838,5839,-1,6919,5839,5840,-1,5843,6921,5842,-1,5842,6921,6922,-1,5846,5847,6923,-1,6923,5847,5848,-1,6923,5848,6922,-1,6922,5848,5845,-1,6922,5845,5842,-1,5849,6924,5852,-1,5852,6924,6925,-1,5856,5853,6926,-1,6926,5853,5850,-1,6926,5850,6925,-1,6925,5850,5851,-1,6925,5851,5852,-1,5855,6927,5854,-1,5854,6927,6928,-1,5858,5859,6929,-1,6929,5859,5860,-1,6929,5860,6928,-1,6928,5860,5857,-1,6928,5857,5854,-1,5861,6930,5864,-1,5864,6930,6931,-1,6932,5862,6931,-1,6931,5862,5863,-1,6931,5863,5864,-1,6933,5868,6932,-1,6932,5868,5865,-1,6932,5865,5862,-1,5872,5869,6934,-1,6934,5869,5866,-1,6934,5866,6933,-1,6933,5866,5867,-1,6933,5867,5868,-1,5871,6935,5870,-1,5870,6935,6936,-1,5874,5875,6937,-1,6937,5875,5876,-1,6937,5876,6936,-1,6936,5876,5873,-1,6936,5873,5870,-1,5877,6938,5880,-1,5880,6938,6939,-1,5884,5881,6940,-1,6940,5881,5878,-1,6940,5878,6939,-1,6939,5878,5879,-1,6939,5879,5880,-1,5883,6941,5882,-1,5882,6941,6942,-1,5886,5887,6943,-1,6943,5887,5888,-1,6943,5888,6942,-1,6942,5888,5885,-1,6942,5885,5882,-1,5889,6944,5892,-1,5892,6944,6945,-1,5896,5893,6946,-1,6946,5893,5890,-1,6946,5890,6945,-1,6945,5890,5891,-1,6945,5891,5892,-1,5895,6947,5894,-1,5894,6947,6948,-1,5898,5899,6949,-1,6949,5899,5900,-1,6949,5900,6948,-1,6948,5900,5897,-1,6948,5897,5894,-1,5901,6950,5904,-1,5904,6950,6951,-1,6952,5902,6951,-1,6951,5902,5903,-1,6951,5903,5904,-1,6953,5908,6952,-1,6952,5908,5905,-1,6952,5905,5902,-1,6954,5906,6953,-1,6953,5906,5907,-1,6953,5907,5908,-1,6955,5912,6954,-1,6954,5912,5909,-1,6954,5909,5906,-1,6956,5910,6955,-1,6955,5910,5911,-1,6955,5911,5912,-1,5914,5915,6957,-1,6957,5915,5916,-1,6957,5916,6956,-1,6956,5916,5913,-1,6956,5913,5910,-1,5917,6958,5920,-1,5920,6958,6959,-1,5924,5921,6960,-1,6960,5921,5918,-1,6960,5918,6959,-1,6959,5918,5919,-1,6959,5919,5920,-1,5923,6961,5922,-1,5922,6961,6962,-1,5926,5927,6963,-1,6963,5927,5928,-1,6963,5928,6962,-1,6962,5928,5925,-1,6962,5925,5922,-1,5929,6964,5932,-1,5932,6964,6965,-1,5936,5933,6966,-1,6966,5933,5930,-1,6966,5930,6965,-1,6965,5930,5931,-1,6965,5931,5932,-1,5935,6967,5934,-1,5934,6967,6968,-1,5938,5939,6969,-1,6969,5939,5940,-1,6969,5940,6968,-1,6968,5940,5937,-1,6968,5937,5934,-1,5941,6970,5944,-1,5944,6970,6971,-1,5948,5945,6972,-1,6972,5945,5942,-1,6972,5942,6971,-1,6971,5942,5943,-1,6971,5943,5944,-1,5947,6973,5946,-1,5946,6973,6974,-1,5950,5951,6975,-1,6975,5951,5952,-1,6975,5952,6974,-1,6974,5952,5949,-1,6974,5949,5946,-1,5953,6976,5956,-1,5956,6976,6977,-1,6978,5954,6977,-1,6977,5954,5955,-1,6977,5955,5956,-1,6979,5960,6978,-1,6978,5960,5957,-1,6978,5957,5954,-1,6980,5958,6979,-1,6979,5958,5959,-1,6979,5959,5960,-1,6981,5964,6980,-1,6980,5964,5961,-1,6980,5961,5958,-1,6982,5962,6981,-1,6981,5962,5963,-1,6981,5963,5964,-1,5966,5967,6983,-1,6983,5967,5968,-1,6983,5968,6982,-1,6982,5968,5965,-1,6982,5965,5962,-1,5969,6984,5972,-1,5972,6984,6985,-1,5976,5973,6986,-1,6986,5973,5970,-1,6986,5970,6985,-1,6985,5970,5971,-1,6985,5971,5972,-1,5975,6987,5974,-1,5974,6987,6988,-1,5978,5979,6989,-1,6989,5979,5980,-1,6989,5980,6988,-1,6988,5980,5977,-1,6988,5977,5974,-1,5981,6990,5984,-1,5984,6990,6991,-1,5988,5985,6992,-1,6992,5985,5982,-1,6992,5982,6991,-1,6991,5982,5983,-1,6991,5983,5984,-1,5987,6993,5986,-1,5986,6993,6994,-1,5990,5991,6995,-1,6995,5991,5992,-1,6995,5992,6994,-1,6994,5992,5989,-1,6994,5989,5986,-1,5993,6996,5996,-1,5996,6996,6997,-1,6000,5997,6998,-1,6998,5997,5994,-1,6998,5994,6997,-1,6997,5994,5995,-1,6997,5995,5996,-1,5999,6999,5998,-1,5998,6999,7000,-1,6002,6003,7001,-1,7001,6003,6004,-1,7001,6004,7000,-1,7000,6004,6001,-1,7000,6001,5998,-1,6005,7002,6008,-1,6008,7002,7003,-1,7004,6006,7003,-1,7003,6006,6007,-1,7003,6007,6008,-1,7005,6012,7004,-1,7004,6012,6009,-1,7004,6009,6006,-1,6016,6013,7006,-1,7006,6013,6010,-1,7006,6010,7005,-1,7005,6010,6011,-1,7005,6011,6012,-1,6015,7007,6014,-1,6014,7007,7008,-1,6018,6019,7009,-1,7009,6019,6020,-1,7009,6020,7008,-1,7008,6020,6017,-1,7008,6017,6014,-1,6021,7010,6024,-1,6024,7010,7011,-1,6028,6025,7012,-1,7012,6025,6022,-1,7012,6022,7011,-1,7011,6022,6023,-1,7011,6023,6024,-1,6027,7013,6026,-1,6026,7013,7014,-1,6030,6031,7015,-1,7015,6031,6032,-1,7015,6032,7014,-1,7014,6032,6029,-1,7014,6029,6026,-1,6033,7016,6036,-1,6036,7016,7017,-1,6040,6037,7018,-1,7018,6037,6034,-1,7018,6034,7017,-1,7017,6034,6035,-1,7017,6035,6036,-1,6039,7019,6038,-1,6038,7019,7020,-1,6042,6043,7021,-1,7021,6043,6044,-1,7021,6044,7020,-1,7020,6044,6041,-1,7020,6041,6038,-1,6045,7022,6048,-1,6048,7022,7023,-1,6052,6049,7024,-1,7024,6049,6046,-1,7024,6046,7023,-1,7023,6046,6047,-1,7023,6047,6048,-1,6051,7025,6050,-1,6050,7025,7026,-1,7027,6056,7026,-1,7026,6056,6053,-1,7026,6053,6050,-1,7028,6054,7027,-1,7027,6054,6055,-1,7027,6055,6056,-1,6058,6059,7029,-1,7029,6059,6060,-1,7029,6060,7028,-1,7028,6060,6057,-1,7028,6057,6054,-1,6061,7030,6064,-1,6064,7030,7031,-1,6068,6065,7032,-1,7032,6065,6062,-1,7032,6062,7031,-1,7031,6062,6063,-1,7031,6063,6064,-1,6067,7033,6066,-1,6066,7033,7034,-1,6070,6071,7035,-1,7035,6071,6072,-1,7035,6072,7034,-1,7034,6072,6069,-1,7034,6069,6066,-1,6073,7036,6076,-1,6076,7036,7037,-1,6080,6077,7038,-1,7038,6077,6074,-1,7038,6074,7037,-1,7037,6074,6075,-1,7037,6075,6076,-1,6079,7039,6078,-1,6078,7039,7040,-1,6082,6083,7041,-1,7041,6083,6084,-1,7041,6084,7040,-1,7040,6084,6081,-1,7040,6081,6078,-1,6085,7042,6088,-1,6088,7042,7043,-1,6092,6089,7044,-1,7044,6089,6086,-1,7044,6086,7043,-1,7043,6086,6087,-1,7043,6087,6088,-1,6091,7045,6090,-1,6090,7045,7046,-1,6094,6095,7047,-1,7047,6095,6096,-1,7047,6096,7046,-1,7046,6096,6093,-1,7046,6093,6090,-1,6097,7048,6100,-1,6100,7048,7049,-1,6104,6101,7050,-1,7050,6101,6098,-1,7050,6098,7049,-1,7049,6098,6099,-1,7049,6099,6100,-1,6103,7051,6102,-1,6102,7051,7052,-1,7053,6108,7052,-1,7052,6108,6105,-1,7052,6105,6102,-1,7054,6106,7053,-1,7053,6106,6107,-1,7053,6107,6108,-1,6110,6111,7055,-1,7055,6111,6112,-1,7055,6112,7054,-1,7054,6112,6109,-1,7054,6109,6106,-1,6113,7056,6115,-1,6115,7056,7057,-1,6118,6114,7058,-1,7058,6114,6117,-1,7058,6117,7057,-1,7057,6117,6116,-1,7057,6116,6115,-1,6119,7059,6120,-1,6120,7059,7060,-1,6125,6123,7061,-1,7061,6123,6122,-1,7061,6122,7060,-1,7060,6122,6121,-1,7060,6121,6120,-1,6126,7062,6127,-1,6127,7062,7063,-1,6131,6130,7064,-1,7064,6130,6129,-1,7064,6129,7063,-1,7063,6129,6124,-1,7063,6124,6127,-1,6128,7065,6132,-1,6132,7065,7066,-1,6136,6135,7067,-1,7067,6135,6134,-1,7067,6134,7066,-1,7066,6134,6133,-1,7066,6133,6132,-1,6137,7068,6138,-1,6138,7068,7069,-1,6143,6141,7070,-1,7070,6141,6140,-1,7070,6140,7069,-1,7069,6140,6139,-1,7069,6139,6138,-1,6144,7071,6145,-1,6145,7071,7072,-1,6148,6147,7073,-1,7073,6147,6146,-1,7073,6146,7072,-1,7072,6146,6142,-1,7072,6142,6145,-1,6149,7074,6150,-1,6150,7074,7075,-1,7076,6152,7075,-1,7075,6152,6151,-1,7075,6151,6150,-1,7077,6154,7076,-1,7076,6154,6153,-1,7076,6153,6152,-1,6158,6157,7078,-1,7078,6157,6156,-1,7078,6156,7077,-1,7077,6156,6155,-1,7077,6155,6154,-1,6159,7079,6160,-1,6160,7079,7080,-1,6164,6163,7081,-1,7081,6163,6162,-1,7081,6162,7080,-1,7080,6162,6161,-1,7080,6161,6160,-1,6165,7082,6166,-1,6166,7082,7083,-1,6170,6169,7084,-1,7084,6169,6168,-1,7084,6168,7083,-1,7083,6168,6167,-1,7083,6167,6166,-1,6171,7085,6172,-1,6172,7085,7086,-1,6176,6175,7087,-1,7087,6175,6174,-1,7087,6174,7086,-1,7086,6174,6173,-1,7086,6173,6172,-1,6177,7088,6178,-1,6178,7088,7089,-1,6182,6181,7090,-1,7090,6181,6180,-1,7090,6180,7089,-1,7089,6180,6179,-1,7089,6179,6178,-1,6183,7091,6184,-1,6184,7091,7092,-1,6188,6187,7093,-1,7093,6187,6186,-1,7093,6186,7092,-1,7092,6186,6185,-1,7092,6185,6184,-1,6189,7094,6190,-1,6190,7094,7095,-1,6194,6193,7096,-1,7096,6193,6192,-1,7096,6192,7095,-1,7095,6192,6191,-1,7095,6191,6190,-1,6195,7097,6196,-1,6196,7097,7098,-1,7099,6198,7098,-1,7098,6198,6197,-1,7098,6197,6196,-1,7100,6200,7099,-1,7099,6200,6199,-1,7099,6199,6198,-1,6204,6203,7101,-1,7101,6203,6202,-1,7101,6202,7100,-1,7100,6202,6201,-1,7100,6201,6200,-1,6205,7102,6206,-1,6206,7102,7103,-1,6210,6209,7104,-1,7104,6209,6208,-1,7104,6208,7103,-1,7103,6208,6207,-1,7103,6207,6206,-1,6211,7105,6212,-1,6212,7105,7106,-1,6216,6215,7107,-1,7107,6215,6214,-1,7107,6214,7106,-1,7106,6214,6213,-1,7106,6213,6212,-1,6217,7108,6218,-1,6218,7108,7109,-1,6222,6221,7110,-1,7110,6221,6220,-1,7110,6220,7109,-1,7109,6220,6219,-1,7109,6219,6218,-1,6223,7111,6224,-1,6224,7111,7112,-1,6228,6227,7113,-1,7113,6227,6226,-1,7113,6226,7112,-1,7112,6226,6225,-1,7112,6225,6224,-1,6229,7114,6230,-1,6230,7114,7115,-1,6234,6233,7116,-1,7116,6233,6232,-1,7116,6232,7115,-1,7115,6232,6231,-1,7115,6231,6230,-1,6235,7117,6236,-1,6236,7117,7118,-1,6240,6239,7119,-1,7119,6239,6238,-1,7119,6238,7118,-1,7118,6238,6237,-1,7118,6237,6236,-1,6241,7120,6242,-1,6242,7120,7121,-1,6246,6245,7122,-1,7122,6245,6244,-1,7122,6244,7121,-1,7121,6244,6243,-1,7121,6243,6242,-1,6247,7123,6248,-1,6248,7123,7124,-1,7125,6250,7124,-1,7124,6250,6249,-1,7124,6249,6248,-1,7126,6252,7125,-1,7125,6252,6251,-1,7125,6251,6250,-1,6256,6255,7127,-1,7127,6255,6254,-1,7127,6254,7126,-1,7126,6254,6253,-1,7126,6253,6252,-1,6257,7128,6258,-1,6258,7128,7129,-1,6262,6261,7130,-1,7130,6261,6260,-1,7130,6260,7129,-1,7129,6260,6259,-1,7129,6259,6258,-1,6263,7131,6264,-1,6264,7131,7132,-1,6268,6267,7133,-1,7133,6267,6266,-1,7133,6266,7132,-1,7132,6266,6265,-1,7132,6265,6264,-1,6269,7134,6270,-1,6270,7134,7135,-1,6274,6273,7136,-1,7136,6273,6272,-1,7136,6272,7135,-1,7135,6272,6271,-1,7135,6271,6270,-1,6275,7137,6276,-1,6276,7137,7138,-1,6280,6279,7139,-1,7139,6279,6278,-1,7139,6278,7138,-1,7138,6278,6277,-1,7138,6277,6276,-1,6281,7140,6282,-1,6282,7140,7141,-1,6286,6285,7142,-1,7142,6285,6284,-1,7142,6284,7141,-1,7141,6284,6283,-1,7141,6283,6282,-1,6287,7143,6288,-1,6288,7143,7144,-1,6292,6291,7145,-1,7145,6291,6290,-1,7145,6290,7144,-1,7144,6290,6289,-1,7144,6289,6288,-1,6293,7146,6294,-1,6294,7146,7147,-1,7148,6296,7147,-1,7147,6296,6295,-1,7147,6295,6294,-1,7149,6298,7148,-1,7148,6298,6297,-1,7148,6297,6296,-1,6302,6301,7150,-1,7150,6301,6300,-1,7150,6300,7149,-1,7149,6300,6299,-1,7149,6299,6298,-1,6303,7151,6304,-1,6304,7151,7152,-1,6308,6307,7153,-1,7153,6307,6306,-1,7153,6306,7152,-1,7152,6306,6305,-1,7152,6305,6304,-1,6309,7154,6310,-1,6310,7154,7155,-1,6314,6313,7156,-1,7156,6313,6312,-1,7156,6312,7155,-1,7155,6312,6311,-1,7155,6311,6310,-1,6315,7157,6316,-1,6316,7157,7158,-1,6320,6319,7159,-1,7159,6319,6318,-1,7159,6318,7158,-1,7158,6318,6317,-1,7158,6317,6316,-1,6321,7160,6322,-1,6322,7160,7161,-1,6326,6325,7162,-1,7162,6325,6324,-1,7162,6324,7161,-1,7161,6324,6323,-1,7161,6323,6322,-1,6327,7163,6328,-1,6328,7163,7164,-1,6332,6331,7165,-1,7165,6331,6330,-1,7165,6330,7164,-1,7164,6330,6329,-1,7164,6329,6328,-1,6333,7166,6334,-1,6334,7166,7167,-1,6338,6337,7168,-1,7168,6337,6336,-1,7168,6336,7167,-1,7167,6336,6335,-1,7167,6335,6334,-1,6339,7169,6340,-1,6340,7169,7170,-1,7171,6342,7170,-1,7170,6342,6341,-1,7170,6341,6340,-1,7172,6344,7171,-1,7171,6344,6343,-1,7171,6343,6342,-1,6348,6347,7173,-1,7173,6347,6346,-1,7173,6346,7172,-1,7172,6346,6345,-1,7172,6345,6344,-1,6349,7174,6350,-1,6350,7174,7175,-1,6354,6353,7176,-1,7176,6353,6352,-1,7176,6352,7175,-1,7175,6352,6351,-1,7175,6351,6350,-1,6355,7177,6356,-1,6356,7177,7178,-1,6360,6359,7179,-1,7179,6359,6358,-1,7179,6358,7178,-1,7178,6358,6357,-1,7178,6357,6356,-1,6361,7180,6362,-1,6362,7180,7181,-1,6366,6365,7182,-1,7182,6365,6364,-1,7182,6364,7181,-1,7181,6364,6363,-1,7181,6363,6362,-1,6367,7183,6368,-1,6368,7183,7184,-1,6372,6371,7185,-1,7185,6371,6370,-1,7185,6370,7184,-1,7184,6370,6369,-1,7184,6369,6368,-1,6373,7186,6374,-1,6374,7186,7187,-1,6378,6377,7188,-1,7188,6377,6376,-1,7188,6376,7187,-1,7187,6376,6375,-1,7187,6375,6374,-1,6379,7189,6380,-1,6380,7189,7190,-1,6384,6383,7191,-1,7191,6383,6382,-1,7191,6382,7190,-1,7190,6382,6381,-1,7190,6381,6380,-1,6385,7192,6386,-1,6386,7192,7193,-1,6390,6389,7194,-1,7194,6389,6388,-1,7194,6388,7193,-1,7193,6388,6387,-1,7193,6387,6386,-1,6391,7195,6392,-1,6392,7195,7196,-1,7197,6394,7196,-1,7196,6394,6393,-1,7196,6393,6392,-1,7198,6396,7197,-1,7197,6396,6395,-1,7197,6395,6394,-1,6400,6399,7199,-1,7199,6399,6398,-1,7199,6398,7198,-1,7198,6398,6397,-1,7198,6397,6396,-1,6401,7200,6402,-1,6402,7200,7201,-1,6406,6405,7202,-1,7202,6405,6404,-1,7202,6404,7201,-1,7201,6404,6403,-1,7201,6403,6402,-1,6407,7203,6408,-1,6408,7203,7204,-1,6412,6411,7205,-1,7205,6411,6410,-1,7205,6410,7204,-1,7204,6410,6409,-1,7204,6409,6408,-1,6413,7206,6414,-1,6414,7206,7207,-1,6418,6417,7208,-1,7208,6417,6416,-1,7208,6416,7207,-1,7207,6416,6415,-1,7207,6415,6414,-1,6419,7209,6420,-1,6420,7209,7210,-1,6424,6423,7211,-1,7211,6423,6422,-1,7211,6422,7210,-1,7210,6422,6421,-1,7210,6421,6420,-1,6425,7212,6426,-1,6426,7212,7213,-1,6430,6429,7214,-1,7214,6429,6428,-1,7214,6428,7213,-1,7213,6428,6427,-1,7213,6427,6426,-1,6431,7215,6432,-1,6432,7215,7216,-1,6436,6435,7217,-1,7217,6435,6434,-1,7217,6434,7216,-1,7216,6434,6433,-1,7216,6433,6432,-1,6437,7218,6438,-1,6438,7218,7219,-1,7220,6440,7219,-1,7219,6440,6439,-1,7219,6439,6438,-1,7221,6442,7220,-1,7220,6442,6441,-1,7220,6441,6440,-1,6446,6445,7222,-1,7222,6445,6444,-1,7222,6444,7221,-1,7221,6444,6443,-1,7221,6443,6442,-1,6447,7223,6448,-1,6448,7223,7224,-1,6452,6451,7225,-1,7225,6451,6450,-1,7225,6450,7224,-1,7224,6450,6449,-1,7224,6449,6448,-1,6453,7226,6454,-1,6454,7226,7227,-1,6458,6457,7228,-1,7228,6457,6456,-1,7228,6456,7227,-1,7227,6456,6455,-1,7227,6455,6454,-1,6459,7229,6460,-1,6460,7229,7230,-1,6464,6463,7231,-1,7231,6463,6462,-1,7231,6462,7230,-1,7230,6462,6461,-1,7230,6461,6460,-1,6465,7232,6466,-1,6466,7232,7233,-1,6470,6469,7234,-1,7234,6469,6468,-1,7234,6468,7233,-1,7233,6468,6467,-1,7233,6467,6466,-1,6471,7235,6472,-1,6472,7235,7236,-1,6476,6475,7237,-1,7237,6475,6474,-1,7237,6474,7236,-1,7236,6474,6473,-1,7236,6473,6472,-1,6477,7238,6478,-1,6478,7238,7239,-1,6482,6481,7240,-1,7240,6481,6480,-1,7240,6480,7239,-1,7239,6480,6479,-1,7239,6479,6478,-1,6483,7241,6484,-1,6484,7241,7242,-1,7243,6486,7242,-1,7242,6486,6485,-1,7242,6485,6484,-1,7244,6488,7243,-1,7243,6488,6487,-1,7243,6487,6486,-1,7245,6490,7244,-1,7244,6490,6489,-1,7244,6489,6488,-1,7246,6492,7245,-1,7245,6492,6491,-1,7245,6491,6490,-1,7247,6494,7246,-1,7246,6494,6493,-1,7246,6493,6492,-1,6498,6497,7248,-1,7248,6497,6496,-1,7248,6496,7247,-1,7247,6496,6495,-1,7247,6495,6494,-1,6499,7249,6500,-1,6500,7249,7250,-1,6504,6503,7251,-1,7251,6503,6502,-1,7251,6502,7250,-1,7250,6502,6501,-1,7250,6501,6500,-1,6505,7252,6506,-1,6506,7252,7253,-1,6510,6509,7254,-1,7254,6509,6508,-1,7254,6508,7253,-1,7253,6508,6507,-1,7253,6507,6506,-1,6511,7255,6512,-1,6512,7255,7256,-1,6516,6515,7257,-1,7257,6515,6514,-1,7257,6514,7256,-1,7256,6514,6513,-1,7256,6513,6512,-1,6517,7258,6518,-1,6518,7258,7259,-1,6522,6521,7260,-1,7260,6521,6520,-1,7260,6520,7259,-1,7259,6520,6519,-1,7259,6519,6518,-1,6523,7261,6524,-1,6524,7261,7262,-1,6528,6527,7263,-1,7263,6527,6526,-1,7263,6526,7262,-1,7262,6526,6525,-1,7262,6525,6524,-1,6529,7264,6530,-1,6530,7264,7265,-1,6534,6533,7266,-1,7266,6533,6532,-1,7266,6532,7265,-1,7265,6532,6531,-1,7265,6531,6530,-1,6535,7267,6536,-1,6536,7267,7268,-1,6540,6539,7269,-1,7269,6539,6538,-1,7269,6538,7268,-1,7268,6538,6537,-1,7268,6537,6536,-1,6541,7270,6542,-1,6542,7270,7271,-1,7272,6544,7271,-1,7271,6544,6543,-1,7271,6543,6542,-1,7273,6546,7272,-1,7272,6546,6545,-1,7272,6545,6544,-1,6550,6549,7274,-1,7274,6549,6548,-1,7274,6548,7273,-1,7273,6548,6547,-1,7273,6547,6546,-1,6551,7275,6552,-1,6552,7275,7276,-1,6556,6555,7277,-1,7277,6555,6554,-1,7277,6554,7276,-1,7276,6554,6553,-1,7276,6553,6552,-1,6557,7278,6558,-1,6558,7278,7279,-1,6562,6561,7280,-1,7280,6561,6560,-1,7280,6560,7279,-1,7279,6560,6559,-1,7279,6559,6558,-1,6563,7281,6564,-1,6564,7281,7282,-1,6568,6567,7283,-1,7283,6567,6566,-1,7283,6566,7282,-1,7282,6566,6565,-1,7282,6565,6564,-1,6569,7284,6570,-1,6570,7284,7285,-1,6574,6573,7286,-1,7286,6573,6572,-1,7286,6572,7285,-1,7285,6572,6571,-1,7285,6571,6570,-1,6575,7287,6576,-1,6576,7287,7288,-1,6580,6579,7289,-1,7289,6579,6578,-1,7289,6578,7288,-1,7288,6578,6577,-1,7288,6577,6576,-1,6581,7290,6582,-1,6582,7290,7291,-1,7292,6584,7291,-1,7291,6584,6583,-1,7291,6583,6582,-1,7293,6586,7292,-1,7292,6586,6585,-1,7292,6585,6584,-1,7294,6588,7293,-1,7293,6588,6587,-1,7293,6587,6586,-1,7295,6590,7294,-1,7294,6590,6589,-1,7294,6589,6588,-1,7296,6592,7295,-1,7295,6592,6591,-1,7295,6591,6590,-1,3601,3600,7297,-1,7297,3600,6594,-1,7297,6594,7296,-1,7296,6594,6593,-1,7296,6593,6592,-1,3597,7298,3598,-1,3598,7298,7299,-1,3592,3591,7300,-1,7300,3591,3595,-1,7300,3595,7299,-1,7299,3595,3594,-1,7299,3594,3598,-1,3588,7301,3589,-1,3589,7301,7302,-1,3583,3582,7303,-1,7303,3582,3586,-1,7303,3586,7302,-1,7302,3586,3585,-1,7302,3585,3589,-1,3579,7304,3580,-1,3580,7304,7305,-1,3574,3573,7306,-1,7306,3573,3577,-1,7306,3577,7305,-1,7305,3577,3576,-1,7305,3576,3580,-1,3570,7307,3571,-1,3571,7307,7308,-1,3565,3564,7309,-1,7309,3564,3568,-1,7309,3568,7308,-1,7308,3568,3567,-1,7308,3567,3571,-1,3561,7310,3562,-1,3562,7310,7311,-1,3556,3555,7312,-1,7312,3555,3559,-1,7312,3559,7311,-1,7311,3559,3558,-1,7311,3558,3562,-1,3552,7313,3553,-1,3553,7313,7314,-1,3547,3546,7315,-1,7315,3546,3550,-1,7315,3550,7314,-1,7314,3550,3549,-1,7314,3549,3553,-1,3543,7316,3544,-1,3544,7316,7317,-1,7318,3541,7317,-1,7317,3541,3540,-1,7317,3540,3544,-1,7319,3538,7318,-1,7318,3538,3537,-1,7318,3537,3541,-1,7320,3535,7319,-1,7319,3535,3534,-1,7319,3534,3538,-1,7321,3532,7320,-1,7320,3532,3531,-1,7320,3531,3535,-1,7322,3529,7321,-1,7321,3529,3528,-1,7321,3528,3532,-1,3523,3522,7323,-1,7323,3522,3526,-1,7323,3526,7322,-1,7322,3526,3525,-1,7322,3525,3529,-1,3519,7324,3520,-1,3520,7324,7325,-1,3514,3513,7326,-1,7326,3513,3517,-1,7326,3517,7325,-1,7325,3517,3516,-1,7325,3516,3520,-1,3510,7327,3511,-1,3511,7327,7328,-1,3505,3504,7329,-1,7329,3504,3508,-1,7329,3508,7328,-1,7328,3508,3507,-1,7328,3507,3511,-1,3501,7330,3502,-1,3502,7330,7331,-1,3496,3495,7332,-1,7332,3495,3499,-1,7332,3499,7331,-1,7331,3499,3498,-1,7331,3498,3502,-1,3492,7333,3493,-1,3493,7333,7334,-1,3487,3486,7335,-1,7335,3486,3490,-1,7335,3490,7334,-1,7334,3490,3489,-1,7334,3489,3493,-1,3483,7336,3484,-1,3484,7336,7337,-1,3478,3477,7338,-1,7338,3477,3481,-1,7338,3481,7337,-1,7337,3481,3480,-1,7337,3480,3484,-1,3474,7339,3475,-1,3475,7339,7340,-1,3469,3468,7341,-1,7341,3468,3472,-1,7341,3472,7340,-1,7340,3472,3471,-1,7340,3471,3475,-1,3465,7342,3466,-1,3466,7342,7343,-1,7344,3463,7343,-1,7343,3463,3462,-1,7343,3462,3466,-1,7345,6596,7344,-1,7344,6596,6595,-1,7344,6595,3463,-1,6600,6599,7346,-1,7346,6599,6598,-1,7346,6598,7345,-1,7345,6598,6597,-1,7345,6597,6596,-1,6601,6737,6602,-1,6602,6737,7347,-1,6602,7347,6603,-1,6604,6735,6605,-1,6605,6735,7348,-1,6605,7348,6606,-1,6607,6733,6608,-1,6608,6733,7349,-1,6608,7349,6609,-1,6610,6731,6611,-1,6611,6731,7350,-1,6611,7350,6612,-1,6613,6729,6614,-1,6614,6729,7351,-1,6614,7351,6615,-1,6616,6727,6617,-1,6617,6727,7352,-1,6617,7352,6618,-1,7353,7354,6621,-1,7355,6619,7354,-1,7354,6619,6620,-1,7354,6620,6621,-1,7356,6625,7355,-1,7355,6625,6622,-1,7355,6622,6619,-1,6629,6626,7357,-1,7357,6626,6623,-1,7357,6623,7356,-1,7356,6623,6624,-1,7356,6624,6625,-1,6628,7358,6627,-1,6627,7358,7359,-1,6631,6632,7360,-1,7360,6632,6633,-1,7360,6633,7359,-1,7359,6633,6630,-1,7359,6630,6627,-1,6634,7361,6637,-1,6637,7361,7362,-1,6641,6638,7363,-1,7363,6638,6635,-1,7363,6635,7362,-1,7362,6635,6636,-1,7362,6636,6637,-1,6640,7364,6639,-1,6639,7364,7365,-1,6643,6644,7366,-1,7366,6644,6645,-1,7366,6645,7365,-1,7365,6645,6642,-1,7365,6642,6639,-1,6646,7367,6649,-1,6649,7367,7368,-1,6653,6650,7369,-1,7369,6650,6647,-1,7369,6647,7368,-1,7368,6647,6648,-1,7368,6648,6649,-1,6652,7370,6651,-1,6651,7370,7371,-1,6651,7371,6654,-1,6654,7371,6657,-1,6657,7371,7372,-1,6657,7372,6656,-1,6656,7372,6655,-1,6655,7372,6764,-1,6655,6764,6658,-1,6658,6764,6661,-1,6661,6764,6763,-1,6661,6763,6660,-1,6660,6763,6659,-1,6659,6763,6762,-1,6659,6762,6662,-1,6662,6762,6665,-1,6665,6762,6761,-1,6665,6761,6664,-1,6664,6761,6663,-1,6663,6761,6760,-1,6663,6760,6666,-1,6666,6760,6669,-1,6669,6760,6759,-1,6669,6759,6668,-1,6668,6759,6667,-1,6667,6759,6758,-1,6667,6758,6670,-1,6670,6758,6673,-1,6673,6758,6757,-1,6673,6757,6672,-1,6672,6757,6671,-1,6671,6757,6756,-1,6671,6756,6674,-1,6674,6756,6677,-1,6677,6756,6755,-1,6677,6755,6676,-1,6676,6755,6675,-1,6675,6755,6754,-1,6675,6754,6678,-1,6678,6754,6681,-1,6681,6754,6753,-1,6681,6753,6680,-1,6680,6753,6679,-1,6679,6753,6752,-1,6679,6752,6682,-1,6682,6752,6685,-1,6685,6752,6751,-1,6685,6751,6684,-1,6684,6751,6683,-1,6683,6751,6750,-1,6683,6750,6686,-1,6686,6750,6689,-1,6689,6750,6749,-1,6689,6749,6688,-1,6688,6749,6687,-1,6687,6749,6743,-1,6687,6743,6690,-1,6690,6743,6693,-1,6693,6743,6748,-1,6693,6748,6692,-1,6692,6748,6691,-1,6691,6748,6747,-1,6691,6747,6694,-1,2393,6746,6747,-1,6747,6746,6697,-1,6747,6697,6694,-1,2398,2397,6745,-1,6745,2397,6698,-1,6745,6698,6744,-1,6744,6698,6695,-1,6744,6695,6746,-1,6746,6695,6696,-1,6746,6696,6697,-1,293,6771,295,-1,295,6771,6770,-1,295,6770,297,-1,297,6770,6767,-1,297,6767,298,-1,298,6767,272,-1,293,291,6771,-1,6771,291,6740,-1,6771,6740,5549,-1,5549,6740,5548,-1,283,6772,285,-1,285,6772,6741,-1,285,6741,287,-1,287,6741,6740,-1,287,6740,289,-1,289,6740,291,-1,283,281,6772,-1,6772,281,6738,-1,6772,6738,5546,-1,5546,6738,5545,-1,554,6773,275,-1,275,6773,6739,-1,275,6739,277,-1,277,6739,6738,-1,277,6738,279,-1,279,6738,281,-1,554,552,6773,-1,6773,552,6776,-1,6773,6776,5543,-1,5543,6776,5542,-1,544,6774,546,-1,546,6774,6775,-1,546,6775,548,-1,548,6775,6776,-1,548,6776,550,-1,550,6776,552,-1,544,542,6774,-1,6774,542,6777,-1,6774,6777,5556,-1,5556,6777,5555,-1,534,6779,536,-1,536,6779,6778,-1,536,6778,538,-1,538,6778,6777,-1,538,6777,540,-1,540,6777,542,-1,534,532,6779,-1,6779,532,6780,-1,6779,6780,5558,-1,5558,6780,5561,-1,532,530,6780,-1,6780,530,528,-1,6780,528,6781,-1,6781,528,526,-1,6781,526,6782,-1,526,524,6782,-1,6782,524,522,-1,6782,522,6783,-1,6783,522,520,-1,6783,520,6784,-1,6784,520,518,-1,6784,518,6785,-1,6785,518,516,-1,508,6787,510,-1,510,6787,6786,-1,510,6786,512,-1,512,6786,6785,-1,512,6785,514,-1,514,6785,516,-1,508,506,6787,-1,6787,506,6788,-1,6787,6788,5574,-1,5574,6788,5577,-1,498,6790,500,-1,500,6790,6789,-1,500,6789,502,-1,502,6789,6788,-1,502,6788,504,-1,504,6788,506,-1,498,496,6790,-1,6790,496,6791,-1,6790,6791,5584,-1,5584,6791,5583,-1,488,6793,490,-1,490,6793,6792,-1,490,6792,492,-1,492,6792,6791,-1,492,6791,494,-1,494,6791,496,-1,488,486,6793,-1,6793,486,6794,-1,6793,6794,5586,-1,5586,6794,5589,-1,478,6796,480,-1,480,6796,6795,-1,480,6795,482,-1,482,6795,6794,-1,482,6794,484,-1,484,6794,486,-1,478,476,6796,-1,6796,476,6797,-1,6796,6797,5596,-1,5596,6797,5595,-1,468,6799,470,-1,470,6799,6798,-1,470,6798,472,-1,472,6798,6797,-1,472,6797,474,-1,474,6797,476,-1,468,466,6799,-1,6799,466,6800,-1,6799,6800,5598,-1,5598,6800,5601,-1,458,6802,460,-1,460,6802,6801,-1,460,6801,462,-1,462,6801,6800,-1,462,6800,464,-1,464,6800,466,-1,458,456,6802,-1,6802,456,6803,-1,6802,6803,5608,-1,5608,6803,5607,-1,448,6805,450,-1,450,6805,6804,-1,450,6804,452,-1,452,6804,6803,-1,452,6803,454,-1,454,6803,456,-1,448,446,6805,-1,6805,446,6806,-1,6805,6806,5610,-1,5610,6806,5613,-1,446,444,6806,-1,6806,444,442,-1,6806,442,6807,-1,6807,442,440,-1,6807,440,6808,-1,432,6810,434,-1,434,6810,6809,-1,434,6809,436,-1,436,6809,6808,-1,436,6808,438,-1,438,6808,440,-1,432,430,6810,-1,6810,430,6811,-1,6810,6811,5624,-1,5624,6811,5623,-1,422,6813,424,-1,424,6813,6812,-1,424,6812,426,-1,426,6812,6811,-1,426,6811,428,-1,428,6811,430,-1,422,420,6813,-1,6813,420,6814,-1,6813,6814,5626,-1,5626,6814,5629,-1,412,6816,414,-1,414,6816,6815,-1,414,6815,416,-1,416,6815,6814,-1,416,6814,418,-1,418,6814,420,-1,412,410,6816,-1,6816,410,6817,-1,6816,6817,5636,-1,5636,6817,5635,-1,402,6819,404,-1,404,6819,6818,-1,404,6818,406,-1,406,6818,6817,-1,406,6817,408,-1,408,6817,410,-1,402,400,6819,-1,6819,400,6820,-1,6819,6820,5638,-1,5638,6820,5641,-1,392,6822,394,-1,394,6822,6821,-1,394,6821,396,-1,396,6821,6820,-1,396,6820,398,-1,398,6820,400,-1,392,390,6822,-1,6822,390,6823,-1,6822,6823,5648,-1,5648,6823,5647,-1,382,6825,384,-1,384,6825,6824,-1,384,6824,386,-1,386,6824,6823,-1,386,6823,388,-1,388,6823,390,-1,382,380,6825,-1,6825,380,6826,-1,6825,6826,5650,-1,5650,6826,5653,-1,372,6828,374,-1,374,6828,6827,-1,374,6827,376,-1,376,6827,6826,-1,376,6826,378,-1,378,6826,380,-1,372,370,6828,-1,6828,370,6829,-1,6828,6829,5660,-1,5660,6829,5659,-1,370,368,6829,-1,6829,368,366,-1,6829,366,6830,-1,6830,366,364,-1,6830,364,6831,-1,356,6833,358,-1,358,6833,6832,-1,358,6832,360,-1,360,6832,6831,-1,360,6831,362,-1,362,6831,364,-1,356,354,6833,-1,6833,354,6834,-1,6833,6834,5666,-1,5666,6834,5669,-1,346,6836,348,-1,348,6836,6835,-1,348,6835,350,-1,350,6835,6834,-1,350,6834,352,-1,352,6834,354,-1,346,344,6836,-1,6836,344,6837,-1,6836,6837,5676,-1,5676,6837,5675,-1,336,6839,338,-1,338,6839,6838,-1,338,6838,340,-1,340,6838,6837,-1,340,6837,342,-1,342,6837,344,-1,336,334,6839,-1,6839,334,6840,-1,6839,6840,5678,-1,5678,6840,5681,-1,326,6842,328,-1,328,6842,6841,-1,328,6841,330,-1,330,6841,6840,-1,330,6840,332,-1,332,6840,334,-1,326,324,6842,-1,6842,324,6843,-1,6842,6843,5688,-1,5688,6843,5687,-1,316,6845,318,-1,318,6845,6844,-1,318,6844,320,-1,320,6844,6843,-1,320,6843,322,-1,322,6843,324,-1,316,314,6845,-1,6845,314,6846,-1,6845,6846,5690,-1,5690,6846,5693,-1,306,6848,308,-1,308,6848,6847,-1,308,6847,310,-1,310,6847,6846,-1,310,6846,312,-1,312,6846,314,-1,306,304,6848,-1,6848,304,6849,-1,6848,6849,5700,-1,5700,6849,5699,-1,560,6851,558,-1,558,6851,6850,-1,558,6850,300,-1,300,6850,6849,-1,300,6849,302,-1,302,6849,304,-1,560,562,6851,-1,6851,562,6852,-1,6851,6852,5702,-1,5702,6852,5705,-1,562,564,6852,-1,6852,564,566,-1,6852,566,6853,-1,6853,566,568,-1,6853,568,6854,-1,568,570,6854,-1,6854,570,572,-1,6854,572,6855,-1,6855,572,574,-1,6855,574,6856,-1,6856,574,576,-1,6856,576,6857,-1,6857,576,578,-1,586,6859,584,-1,584,6859,6858,-1,584,6858,582,-1,582,6858,6857,-1,582,6857,580,-1,580,6857,578,-1,586,588,6859,-1,6859,588,6860,-1,6859,6860,5718,-1,5718,6860,5721,-1,596,6862,594,-1,594,6862,6861,-1,594,6861,592,-1,592,6861,6860,-1,592,6860,590,-1,590,6860,588,-1,596,598,6862,-1,6862,598,6863,-1,6862,6863,5728,-1,5728,6863,5727,-1,606,6865,604,-1,604,6865,6864,-1,604,6864,602,-1,602,6864,6863,-1,602,6863,600,-1,600,6863,598,-1,606,608,6865,-1,6865,608,6866,-1,6865,6866,5730,-1,5730,6866,5733,-1,616,6868,614,-1,614,6868,6867,-1,614,6867,612,-1,612,6867,6866,-1,612,6866,610,-1,610,6866,608,-1,616,618,6868,-1,6868,618,6869,-1,6868,6869,5740,-1,5740,6869,5739,-1,626,6871,624,-1,624,6871,6870,-1,624,6870,622,-1,622,6870,6869,-1,622,6869,620,-1,620,6869,618,-1,626,628,6871,-1,6871,628,6872,-1,6871,6872,5742,-1,5742,6872,5745,-1,636,6874,634,-1,634,6874,6873,-1,634,6873,632,-1,632,6873,6872,-1,632,6872,630,-1,630,6872,628,-1,636,638,6874,-1,6874,638,6875,-1,6874,6875,5752,-1,5752,6875,5751,-1,646,6877,644,-1,644,6877,6876,-1,644,6876,642,-1,642,6876,6875,-1,642,6875,640,-1,640,6875,638,-1,646,648,6877,-1,6877,648,6878,-1,6877,6878,5754,-1,5754,6878,5757,-1,648,650,6878,-1,6878,650,652,-1,6878,652,6879,-1,6879,652,654,-1,6879,654,6880,-1,662,6882,660,-1,660,6882,6881,-1,660,6881,658,-1,658,6881,6880,-1,658,6880,656,-1,656,6880,654,-1,662,664,6882,-1,6882,664,6883,-1,6882,6883,5768,-1,5768,6883,5767,-1,672,6885,670,-1,670,6885,6884,-1,670,6884,668,-1,668,6884,6883,-1,668,6883,666,-1,666,6883,664,-1,672,674,6885,-1,6885,674,6886,-1,6885,6886,5770,-1,5770,6886,5773,-1,682,6888,680,-1,680,6888,6887,-1,680,6887,678,-1,678,6887,6886,-1,678,6886,676,-1,676,6886,674,-1,682,684,6888,-1,6888,684,6889,-1,6888,6889,5780,-1,5780,6889,5779,-1,692,6891,690,-1,690,6891,6890,-1,690,6890,688,-1,688,6890,6889,-1,688,6889,686,-1,686,6889,684,-1,692,694,6891,-1,6891,694,6892,-1,6891,6892,5782,-1,5782,6892,5785,-1,702,6894,700,-1,700,6894,6893,-1,700,6893,698,-1,698,6893,6892,-1,698,6892,696,-1,696,6892,694,-1,702,704,6894,-1,6894,704,6895,-1,6894,6895,5792,-1,5792,6895,5791,-1,712,6897,710,-1,710,6897,6896,-1,710,6896,708,-1,708,6896,6895,-1,708,6895,706,-1,706,6895,704,-1,712,714,6897,-1,6897,714,6898,-1,6897,6898,5794,-1,5794,6898,5797,-1,722,6900,720,-1,720,6900,6899,-1,720,6899,718,-1,718,6899,6898,-1,718,6898,716,-1,716,6898,714,-1,722,724,6900,-1,6900,724,6901,-1,6900,6901,5804,-1,5804,6901,5803,-1,724,726,6901,-1,6901,726,728,-1,6901,728,6902,-1,6902,728,730,-1,6902,730,6903,-1,738,6905,736,-1,736,6905,6904,-1,736,6904,734,-1,734,6904,6903,-1,734,6903,732,-1,732,6903,730,-1,738,740,6905,-1,6905,740,6906,-1,6905,6906,5810,-1,5810,6906,5813,-1,748,6908,746,-1,746,6908,6907,-1,746,6907,744,-1,744,6907,6906,-1,744,6906,742,-1,742,6906,740,-1,748,750,6908,-1,6908,750,6909,-1,6908,6909,5820,-1,5820,6909,5819,-1,758,6911,756,-1,756,6911,6910,-1,756,6910,754,-1,754,6910,6909,-1,754,6909,752,-1,752,6909,750,-1,758,760,6911,-1,6911,760,6912,-1,6911,6912,5822,-1,5822,6912,5825,-1,768,6914,766,-1,766,6914,6913,-1,766,6913,764,-1,764,6913,6912,-1,764,6912,762,-1,762,6912,760,-1,768,770,6914,-1,6914,770,6915,-1,6914,6915,5832,-1,5832,6915,5831,-1,778,6917,776,-1,776,6917,6916,-1,776,6916,774,-1,774,6916,6915,-1,774,6915,772,-1,772,6915,770,-1,778,780,6917,-1,6917,780,6918,-1,6917,6918,5834,-1,5834,6918,5837,-1,788,6920,786,-1,786,6920,6919,-1,786,6919,784,-1,784,6919,6918,-1,784,6918,782,-1,782,6918,780,-1,788,790,6920,-1,6920,790,6921,-1,6920,6921,5844,-1,5844,6921,5843,-1,798,6923,796,-1,796,6923,6922,-1,796,6922,794,-1,794,6922,6921,-1,794,6921,792,-1,792,6921,790,-1,798,800,6923,-1,6923,800,6924,-1,6923,6924,5846,-1,5846,6924,5849,-1,808,6926,806,-1,806,6926,6925,-1,806,6925,804,-1,804,6925,6924,-1,804,6924,802,-1,802,6924,800,-1,808,810,6926,-1,6926,810,6927,-1,6926,6927,5856,-1,5856,6927,5855,-1,816,6929,814,-1,814,6929,6928,-1,814,6928,555,-1,555,6928,6927,-1,555,6927,556,-1,556,6927,810,-1,816,822,6929,-1,6929,822,6930,-1,6929,6930,5858,-1,5858,6930,5861,-1,822,817,6930,-1,6930,817,819,-1,6930,819,6931,-1,6931,819,821,-1,6931,821,6932,-1,831,6934,829,-1,829,6934,6933,-1,829,6933,827,-1,827,6933,6932,-1,827,6932,825,-1,825,6932,821,-1,831,833,6934,-1,6934,833,6935,-1,6934,6935,5872,-1,5872,6935,5871,-1,841,6937,839,-1,839,6937,6936,-1,839,6936,837,-1,837,6936,6935,-1,837,6935,835,-1,835,6935,833,-1,841,843,6937,-1,6937,843,6938,-1,6937,6938,5874,-1,5874,6938,5877,-1,851,6940,849,-1,849,6940,6939,-1,849,6939,847,-1,847,6939,6938,-1,847,6938,845,-1,845,6938,843,-1,851,853,6940,-1,6940,853,6941,-1,6940,6941,5884,-1,5884,6941,5883,-1,861,6943,859,-1,859,6943,6942,-1,859,6942,857,-1,857,6942,6941,-1,857,6941,855,-1,855,6941,853,-1,861,863,6943,-1,6943,863,6944,-1,6943,6944,5886,-1,5886,6944,5889,-1,871,6946,869,-1,869,6946,6945,-1,869,6945,867,-1,867,6945,6944,-1,867,6944,865,-1,865,6944,863,-1,871,873,6946,-1,6946,873,6947,-1,6946,6947,5896,-1,5896,6947,5895,-1,881,6949,879,-1,879,6949,6948,-1,879,6948,877,-1,877,6948,6947,-1,877,6947,875,-1,875,6947,873,-1,881,883,6949,-1,6949,883,6950,-1,6949,6950,5898,-1,5898,6950,5901,-1,883,885,6950,-1,6950,885,887,-1,6950,887,6951,-1,6951,887,890,-1,6951,890,6952,-1,6952,890,896,-1,6952,896,6953,-1,6953,896,895,-1,895,893,6953,-1,6953,893,267,-1,6953,267,6954,-1,6954,267,266,-1,6954,266,6955,-1,903,6957,901,-1,901,6957,6956,-1,901,6956,899,-1,899,6956,6955,-1,899,6955,897,-1,897,6955,266,-1,903,905,6957,-1,6957,905,6958,-1,6957,6958,5914,-1,5914,6958,5917,-1,913,6960,911,-1,911,6960,6959,-1,911,6959,909,-1,909,6959,6958,-1,909,6958,907,-1,907,6958,905,-1,913,915,6960,-1,6960,915,6961,-1,6960,6961,5924,-1,5924,6961,5923,-1,923,6963,921,-1,921,6963,6962,-1,921,6962,919,-1,919,6962,6961,-1,919,6961,917,-1,917,6961,915,-1,923,925,6963,-1,6963,925,6964,-1,6963,6964,5926,-1,5926,6964,5929,-1,933,6966,931,-1,931,6966,6965,-1,931,6965,929,-1,929,6965,6964,-1,929,6964,927,-1,927,6964,925,-1,933,935,6966,-1,6966,935,6967,-1,6966,6967,5936,-1,5936,6967,5935,-1,943,6969,941,-1,941,6969,6968,-1,941,6968,939,-1,939,6968,6967,-1,939,6967,937,-1,937,6967,935,-1,943,945,6969,-1,6969,945,6970,-1,6969,6970,5938,-1,5938,6970,5941,-1,953,6972,951,-1,951,6972,6971,-1,951,6971,949,-1,949,6971,6970,-1,949,6970,947,-1,947,6970,945,-1,953,955,6972,-1,6972,955,6973,-1,6972,6973,5948,-1,5948,6973,5947,-1,968,6975,962,-1,962,6975,6974,-1,962,6974,959,-1,959,6974,6973,-1,959,6973,957,-1,957,6973,955,-1,968,967,6975,-1,6975,967,6976,-1,6975,6976,5950,-1,5950,6976,5953,-1,967,965,6976,-1,6976,965,263,-1,6976,263,6977,-1,6977,263,262,-1,6977,262,6978,-1,6978,262,974,-1,6978,974,6979,-1,6979,974,976,-1,976,969,6979,-1,6979,969,971,-1,6979,971,6980,-1,6980,971,973,-1,6980,973,6981,-1,990,6983,988,-1,988,6983,6982,-1,988,6982,986,-1,986,6982,6981,-1,986,6981,984,-1,984,6981,973,-1,990,992,6983,-1,6983,992,6984,-1,6983,6984,5966,-1,5966,6984,5969,-1,1000,6986,998,-1,998,6986,6985,-1,998,6985,996,-1,996,6985,6984,-1,996,6984,994,-1,994,6984,992,-1,1000,1002,6986,-1,6986,1002,6987,-1,6986,6987,5976,-1,5976,6987,5975,-1,1010,6989,1008,-1,1008,6989,6988,-1,1008,6988,1006,-1,1006,6988,6987,-1,1006,6987,1004,-1,1004,6987,1002,-1,1010,1012,6989,-1,6989,1012,6990,-1,6989,6990,5978,-1,5978,6990,5981,-1,1020,6992,1018,-1,1018,6992,6991,-1,1018,6991,1016,-1,1016,6991,6990,-1,1016,6990,1014,-1,1014,6990,1012,-1,1020,1022,6992,-1,6992,1022,6993,-1,6992,6993,5988,-1,5988,6993,5987,-1,1030,6995,1028,-1,1028,6995,6994,-1,1028,6994,1026,-1,1026,6994,6993,-1,1026,6993,1024,-1,1024,6993,1022,-1,1030,1032,6995,-1,6995,1032,6996,-1,6995,6996,5990,-1,5990,6996,5993,-1,1035,6998,983,-1,983,6998,6997,-1,983,6997,981,-1,981,6997,6996,-1,981,6996,979,-1,979,6996,1032,-1,1035,1037,6998,-1,6998,1037,6999,-1,6998,6999,6000,-1,6000,6999,5999,-1,1046,7001,1044,-1,1044,7001,7000,-1,1044,7000,1041,-1,1041,7000,6999,-1,1041,6999,1039,-1,1039,6999,1037,-1,1046,1052,7001,-1,7001,1052,7002,-1,7001,7002,6002,-1,6002,7002,6005,-1,1052,1047,7002,-1,7002,1047,1049,-1,7002,1049,7003,-1,7003,1049,1051,-1,7003,1051,7004,-1,1061,7006,1059,-1,1059,7006,7005,-1,1059,7005,1057,-1,1057,7005,7004,-1,1057,7004,1055,-1,1055,7004,1051,-1,1061,1063,7006,-1,7006,1063,7007,-1,7006,7007,6016,-1,6016,7007,6015,-1,1071,7009,1069,-1,1069,7009,7008,-1,1069,7008,1067,-1,1067,7008,7007,-1,1067,7007,1065,-1,1065,7007,1063,-1,1071,1073,7009,-1,7009,1073,7010,-1,7009,7010,6018,-1,6018,7010,6021,-1,1081,7012,1079,-1,1079,7012,7011,-1,1079,7011,1077,-1,1077,7011,7010,-1,1077,7010,1075,-1,1075,7010,1073,-1,1081,1083,7012,-1,7012,1083,7013,-1,7012,7013,6028,-1,6028,7013,6027,-1,1092,7015,1090,-1,1090,7015,7014,-1,1090,7014,1087,-1,1087,7014,7013,-1,1087,7013,1085,-1,1085,7013,1083,-1,1092,1093,7015,-1,7015,1093,7016,-1,7015,7016,6030,-1,6030,7016,6033,-1,1101,7018,1099,-1,1099,7018,7017,-1,1099,7017,1097,-1,1097,7017,7016,-1,1097,7016,1095,-1,1095,7016,1093,-1,1101,1103,7018,-1,7018,1103,7019,-1,7018,7019,6040,-1,6040,7019,6039,-1,1111,7021,1109,-1,1109,7021,7020,-1,1109,7020,1107,-1,1107,7020,7019,-1,1107,7019,1105,-1,1105,7019,1103,-1,1111,1113,7021,-1,7021,1113,7022,-1,7021,7022,6042,-1,6042,7022,6045,-1,1122,7024,1120,-1,1120,7024,7023,-1,1120,7023,1117,-1,1117,7023,7022,-1,1117,7022,1115,-1,1115,7022,1113,-1,1122,1128,7024,-1,7024,1128,7025,-1,7024,7025,6052,-1,6052,7025,6051,-1,1128,1123,7025,-1,7025,1123,1125,-1,7025,1125,7026,-1,7026,1125,1127,-1,7026,1127,7027,-1,1132,7029,1134,-1,1134,7029,7028,-1,1134,7028,1137,-1,1137,7028,7027,-1,1137,7027,1135,-1,1135,7027,1127,-1,1132,1178,7029,-1,7029,1178,7030,-1,7029,7030,6058,-1,6058,7030,6061,-1,1171,7032,1173,-1,1173,7032,7031,-1,1173,7031,1175,-1,1175,7031,7030,-1,1175,7030,1177,-1,1177,7030,1178,-1,1171,1169,7032,-1,7032,1169,7033,-1,7032,7033,6068,-1,6068,7033,6067,-1,1161,7035,1163,-1,1163,7035,7034,-1,1163,7034,1165,-1,1165,7034,7033,-1,1165,7033,1167,-1,1167,7033,1169,-1,1161,1159,7035,-1,7035,1159,7036,-1,7035,7036,6070,-1,6070,7036,6073,-1,1151,7038,1153,-1,1153,7038,7037,-1,1153,7037,1155,-1,1155,7037,7036,-1,1155,7036,1157,-1,1157,7036,1159,-1,1151,1149,7038,-1,7038,1149,7039,-1,7038,7039,6080,-1,6080,7039,6079,-1,1141,7041,1143,-1,1143,7041,7040,-1,1143,7040,1145,-1,1145,7040,7039,-1,1145,7039,1147,-1,1147,7039,1149,-1,1141,1140,7041,-1,7041,1140,7042,-1,7041,7042,6082,-1,6082,7042,6085,-1,1187,7044,1183,-1,1183,7044,7043,-1,1183,7043,1181,-1,1181,7043,7042,-1,1181,7042,1179,-1,1179,7042,1140,-1,1187,1189,7044,-1,7044,1189,7045,-1,7044,7045,6092,-1,6092,7045,6091,-1,1202,7047,1196,-1,1196,7047,7046,-1,1196,7046,1193,-1,1193,7046,7045,-1,1193,7045,1191,-1,1191,7045,1189,-1,1202,1201,7047,-1,7047,1201,7048,-1,7047,7048,6094,-1,6094,7048,6097,-1,1208,7050,258,-1,258,7050,7049,-1,258,7049,259,-1,259,7049,7048,-1,259,7048,1199,-1,1199,7048,1201,-1,1208,1210,7050,-1,7050,1210,7051,-1,7050,7051,6104,-1,6104,7051,6103,-1,1210,1203,7051,-1,7051,1203,1205,-1,7051,1205,7052,-1,7052,1205,1207,-1,7052,1207,7053,-1,1224,7055,1222,-1,1222,7055,7054,-1,1222,7054,1220,-1,1220,7054,7053,-1,1220,7053,1218,-1,1218,7053,1207,-1,1224,1226,7055,-1,7055,1226,7056,-1,7055,7056,6110,-1,6110,7056,6113,-1,1215,7058,1213,-1,1213,7058,7057,-1,1213,7057,1230,-1,1230,7057,7056,-1,1230,7056,1228,-1,1228,7056,1226,-1,1215,1217,7058,-1,7058,1217,7059,-1,7058,7059,6118,-1,6118,7059,6119,-1,1239,7061,1237,-1,1237,7061,7060,-1,1237,7060,1235,-1,1235,7060,7059,-1,1235,7059,1233,-1,1233,7059,1217,-1,1239,1241,7061,-1,7061,1241,7062,-1,7061,7062,6125,-1,6125,7062,6126,-1,1250,7064,1248,-1,1248,7064,7063,-1,1248,7063,1245,-1,1245,7063,7062,-1,1245,7062,1243,-1,1243,7062,1241,-1,1250,1256,7064,-1,7064,1256,7065,-1,7064,7065,6131,-1,6131,7065,6128,-1,1259,7067,1255,-1,1255,7067,7066,-1,1255,7066,1253,-1,1253,7066,7065,-1,1253,7065,1251,-1,1251,7065,1256,-1,1259,1261,7067,-1,7067,1261,7068,-1,7067,7068,6136,-1,6136,7068,6137,-1,1274,7070,1268,-1,1268,7070,7069,-1,1268,7069,1265,-1,1265,7069,7068,-1,1265,7068,1263,-1,1263,7068,1261,-1,1274,1273,7070,-1,7070,1273,7071,-1,7070,7071,6143,-1,6143,7071,6144,-1,1280,7073,254,-1,254,7073,7072,-1,254,7072,255,-1,255,7072,7071,-1,255,7071,1271,-1,1271,7071,1273,-1,1280,1282,7073,-1,7073,1282,7074,-1,7073,7074,6148,-1,6148,7074,6149,-1,1282,1275,7074,-1,7074,1275,1277,-1,7074,1277,7075,-1,7075,1277,1279,-1,7075,1279,7076,-1,1291,7078,1289,-1,1289,7078,7077,-1,1289,7077,1287,-1,1287,7077,7076,-1,1287,7076,1285,-1,1285,7076,1279,-1,1291,1293,7078,-1,7078,1293,7079,-1,7078,7079,6158,-1,6158,7079,6159,-1,1302,7081,1300,-1,1300,7081,7080,-1,1300,7080,1297,-1,1297,7080,7079,-1,1297,7079,1295,-1,1295,7079,1293,-1,1302,1308,7081,-1,7081,1308,7082,-1,7081,7082,6164,-1,6164,7082,6165,-1,1305,7084,1303,-1,1303,7084,7083,-1,1303,7083,1312,-1,1312,7083,7082,-1,1312,7082,1310,-1,1310,7082,1308,-1,1305,1307,7084,-1,7084,1307,7085,-1,7084,7085,6170,-1,6170,7085,6171,-1,1326,7087,1320,-1,1320,7087,7086,-1,1320,7086,1317,-1,1317,7086,7085,-1,1317,7085,1315,-1,1315,7085,1307,-1,1326,1325,7087,-1,7087,1325,7088,-1,7087,7088,6176,-1,6176,7088,6177,-1,1332,7090,250,-1,250,7090,7089,-1,250,7089,251,-1,251,7089,7088,-1,251,7088,1323,-1,1323,7088,1325,-1,1332,1334,7090,-1,7090,1334,7091,-1,7090,7091,6182,-1,6182,7091,6183,-1,1337,7093,1331,-1,1331,7093,7092,-1,1331,7092,1329,-1,1329,7092,7091,-1,1329,7091,1327,-1,1327,7091,1334,-1,1337,1339,7093,-1,7093,1339,7094,-1,7093,7094,6188,-1,6188,7094,6189,-1,1348,7096,1346,-1,1346,7096,7095,-1,1346,7095,1343,-1,1343,7095,7094,-1,1343,7094,1341,-1,1341,7094,1339,-1,1348,1354,7096,-1,7096,1354,7097,-1,7096,7097,6194,-1,6194,7097,6195,-1,1354,1349,7097,-1,7097,1349,1351,-1,7097,1351,7098,-1,7098,1351,1353,-1,7098,1353,7099,-1,1363,7101,1361,-1,1361,7101,7100,-1,1361,7100,1359,-1,1359,7100,7099,-1,1359,7099,1357,-1,1357,7099,1353,-1,1363,1365,7101,-1,7101,1365,7102,-1,7101,7102,6204,-1,6204,7102,6205,-1,1374,7104,1372,-1,1372,7104,7103,-1,1372,7103,1369,-1,1369,7103,7102,-1,1369,7102,1367,-1,1367,7102,1365,-1,1374,1380,7104,-1,7104,1380,7105,-1,7104,7105,6210,-1,6210,7105,6211,-1,1377,7107,1375,-1,1375,7107,7106,-1,1375,7106,1384,-1,1384,7106,7105,-1,1384,7105,1382,-1,1382,7105,1380,-1,1377,1379,7107,-1,7107,1379,7108,-1,7107,7108,6216,-1,6216,7108,6217,-1,1394,7110,1392,-1,1392,7110,7109,-1,1392,7109,1389,-1,1389,7109,7108,-1,1389,7108,1387,-1,1387,7108,1379,-1,1394,1395,7110,-1,7110,1395,7111,-1,7110,7111,6222,-1,6222,7111,6223,-1,1403,7113,1405,-1,1405,7113,7112,-1,1405,7112,1399,-1,1399,7112,7111,-1,1399,7111,1397,-1,1397,7111,1395,-1,1403,1401,7113,-1,7113,1401,7114,-1,7113,7114,6228,-1,6228,7114,6229,-1,1413,7116,1412,-1,1412,7116,7115,-1,1412,7115,1410,-1,1410,7115,7114,-1,1410,7114,1400,-1,1400,7114,1401,-1,1413,1415,7116,-1,7116,1415,7117,-1,7116,7117,6234,-1,6234,7117,6235,-1,1424,7119,1422,-1,1422,7119,7118,-1,1422,7118,1419,-1,1419,7118,7117,-1,1419,7117,1417,-1,1417,7117,1415,-1,1424,1430,7119,-1,7119,1430,7120,-1,7119,7120,6240,-1,6240,7120,6241,-1,1433,7122,1429,-1,1429,7122,7121,-1,1429,7121,1427,-1,1427,7121,7120,-1,1427,7120,1425,-1,1425,7120,1430,-1,1433,1435,7122,-1,7122,1435,7123,-1,7122,7123,6246,-1,6246,7123,6247,-1,1435,1437,7123,-1,7123,1437,1440,-1,7123,1440,7124,-1,7124,1440,1442,-1,7124,1442,7125,-1,1450,7127,1448,-1,1448,7127,7126,-1,1448,7126,1445,-1,1445,7126,7125,-1,1445,7125,1443,-1,1443,7125,1442,-1,1450,1456,7127,-1,7127,1456,7128,-1,7127,7128,6256,-1,6256,7128,6257,-1,1453,7130,1451,-1,1451,7130,7129,-1,1451,7129,1460,-1,1460,7129,7128,-1,1460,7128,1458,-1,1458,7128,1456,-1,1453,1455,7130,-1,7130,1455,7131,-1,7130,7131,6262,-1,6262,7131,6263,-1,1469,7133,1467,-1,1467,7133,7132,-1,1467,7132,1465,-1,1465,7132,7131,-1,1465,7131,1463,-1,1463,7131,1455,-1,1469,1471,7133,-1,7133,1471,7134,-1,7133,7134,6268,-1,6268,7134,6269,-1,1479,7136,1478,-1,1478,7136,7135,-1,1478,7135,1475,-1,1475,7135,7134,-1,1475,7134,1473,-1,1473,7134,1471,-1,1479,247,7136,-1,7136,247,7137,-1,7136,7137,6274,-1,6274,7137,6275,-1,1486,7139,1484,-1,1484,7139,7138,-1,1484,7138,1482,-1,1482,7138,7137,-1,1482,7137,246,-1,246,7137,247,-1,1486,1488,7139,-1,7139,1488,7140,-1,7139,7140,6280,-1,6280,7140,6281,-1,1496,7142,1494,-1,1494,7142,7141,-1,1494,7141,1491,-1,1491,7141,7140,-1,1491,7140,1489,-1,1489,7140,1488,-1,1496,1497,7142,-1,7142,1497,7143,-1,7142,7143,6286,-1,6286,7143,6287,-1,1510,7145,1504,-1,1504,7145,7144,-1,1504,7144,1502,-1,1502,7144,7143,-1,1502,7143,1500,-1,1500,7143,1497,-1,1510,1512,7145,-1,7145,1512,7146,-1,7145,7146,6292,-1,6292,7146,6293,-1,1512,1505,7146,-1,7146,1505,1507,-1,7146,1507,7147,-1,7147,1507,1509,-1,7147,1509,7148,-1,1522,7150,1520,-1,1520,7150,7149,-1,1520,7149,1517,-1,1517,7149,7148,-1,1517,7148,1515,-1,1515,7148,1509,-1,1522,1528,7150,-1,7150,1528,7151,-1,7150,7151,6302,-1,6302,7151,6303,-1,1525,7153,1523,-1,1523,7153,7152,-1,1523,7152,1532,-1,1532,7152,7151,-1,1532,7151,1530,-1,1530,7151,1528,-1,1525,1527,7153,-1,7153,1527,7154,-1,7153,7154,6308,-1,6308,7154,6309,-1,1541,7156,1539,-1,1539,7156,7155,-1,1539,7155,1537,-1,1537,7155,7154,-1,1537,7154,1535,-1,1535,7154,1527,-1,1541,1543,7156,-1,7156,1543,7157,-1,7156,7157,6314,-1,6314,7157,6315,-1,1551,7159,1550,-1,1550,7159,7158,-1,1550,7158,1547,-1,1547,7158,7157,-1,1547,7157,1545,-1,1545,7157,1543,-1,1551,243,7159,-1,7159,243,7160,-1,7159,7160,6320,-1,6320,7160,6321,-1,1558,7162,1556,-1,1556,7162,7161,-1,1556,7161,1554,-1,1554,7161,7160,-1,1554,7160,242,-1,242,7160,243,-1,1558,1560,7162,-1,7162,1560,7163,-1,7162,7163,6326,-1,6326,7163,6327,-1,1568,7165,1566,-1,1566,7165,7164,-1,1566,7164,1563,-1,1563,7164,7163,-1,1563,7163,1561,-1,1561,7163,1560,-1,1568,1569,7165,-1,7165,1569,7166,-1,7165,7166,6332,-1,6332,7166,6333,-1,1582,7168,1576,-1,1576,7168,7167,-1,1576,7167,1574,-1,1574,7167,7166,-1,1574,7166,1572,-1,1572,7166,1569,-1,1582,1584,7168,-1,7168,1584,7169,-1,7168,7169,6338,-1,6338,7169,6339,-1,1584,1577,7169,-1,7169,1577,1579,-1,7169,1579,7170,-1,7170,1579,1581,-1,7170,1581,7171,-1,1594,7173,1592,-1,1592,7173,7172,-1,1592,7172,1589,-1,1589,7172,7171,-1,1589,7171,1587,-1,1587,7171,1581,-1,1594,1595,7173,-1,7173,1595,7174,-1,7173,7174,6348,-1,6348,7174,6349,-1,1604,7176,1602,-1,1602,7176,7175,-1,1602,7175,1599,-1,1599,7175,7174,-1,1599,7174,1597,-1,1597,7174,1595,-1,1604,1610,7176,-1,7176,1610,7177,-1,7176,7177,6354,-1,6354,7177,6355,-1,1607,7179,1605,-1,1605,7179,7178,-1,1605,7178,1614,-1,1614,7178,7177,-1,1614,7177,1612,-1,1612,7177,1610,-1,1607,1609,7179,-1,7179,1609,7180,-1,7179,7180,6360,-1,6360,7180,6361,-1,1624,7182,1622,-1,1622,7182,7181,-1,1622,7181,1619,-1,1619,7181,7180,-1,1619,7180,1617,-1,1617,7180,1609,-1,1624,1625,7182,-1,7182,1625,7183,-1,7182,7183,6366,-1,6366,7183,6367,-1,1629,7185,1631,-1,1631,7185,7184,-1,1631,7184,1633,-1,1633,7184,7183,-1,1633,7183,1635,-1,1635,7183,1625,-1,1629,1627,7185,-1,7185,1627,7186,-1,7185,7186,6372,-1,6372,7186,6373,-1,1643,7188,1642,-1,1642,7188,7187,-1,1642,7187,1640,-1,1640,7187,7186,-1,1640,7186,1626,-1,1626,7186,1627,-1,1643,1645,7188,-1,7188,1645,7189,-1,7188,7189,6378,-1,6378,7189,6379,-1,1654,7191,1652,-1,1652,7191,7190,-1,1652,7190,1650,-1,1650,7190,7189,-1,1650,7189,1648,-1,1648,7189,1645,-1,1654,1660,7191,-1,7191,1660,7192,-1,7191,7192,6384,-1,6384,7192,6385,-1,1663,7194,1659,-1,1659,7194,7193,-1,1659,7193,1657,-1,1657,7193,7192,-1,1657,7192,1655,-1,1655,7192,1660,-1,1663,1665,7194,-1,7194,1665,7195,-1,7194,7195,6390,-1,6390,7195,6391,-1,1665,1667,7195,-1,7195,1667,1669,-1,7195,1669,7196,-1,7196,1669,1672,-1,7196,1672,7197,-1,1679,7199,1678,-1,1678,7199,7198,-1,1678,7198,1675,-1,1675,7198,7197,-1,1675,7197,1674,-1,1674,7197,1672,-1,1679,1681,7199,-1,7199,1681,7200,-1,7199,7200,6400,-1,6400,7200,6401,-1,1690,7202,1688,-1,1688,7202,7201,-1,1688,7201,1685,-1,1685,7201,7200,-1,1685,7200,1683,-1,1683,7200,1681,-1,1690,1692,7202,-1,7202,1692,7203,-1,7202,7203,6406,-1,6406,7203,6407,-1,1699,7205,1698,-1,1698,7205,7204,-1,1698,7204,1695,-1,1695,7204,7203,-1,1695,7203,1693,-1,1693,7203,1692,-1,1699,1701,7205,-1,7205,1701,7206,-1,7205,7206,6412,-1,6412,7206,6413,-1,1707,7208,238,-1,238,7208,7207,-1,238,7207,239,-1,239,7207,7206,-1,239,7206,1704,-1,1704,7206,1701,-1,1707,1706,7208,-1,7208,1706,7209,-1,7208,7209,6418,-1,6418,7209,6419,-1,1716,7211,1714,-1,1714,7211,7210,-1,1714,7210,1711,-1,1711,7210,7209,-1,1711,7209,1709,-1,1709,7209,1706,-1,1716,1718,7211,-1,7211,1718,7212,-1,7211,7212,6424,-1,6424,7212,6425,-1,1725,7214,1724,-1,1724,7214,7213,-1,1724,7213,1721,-1,1721,7213,7212,-1,1721,7212,1720,-1,1720,7212,1718,-1,1725,1727,7214,-1,7214,1727,7215,-1,7214,7215,6430,-1,6430,7215,6431,-1,1734,7217,235,-1,235,7217,7216,-1,235,7216,236,-1,236,7216,7215,-1,236,7215,1729,-1,1729,7215,1727,-1,1734,1733,7217,-1,7217,1733,7218,-1,7217,7218,6436,-1,6436,7218,6437,-1,1733,1736,7218,-1,7218,1736,1738,-1,7218,1738,7219,-1,7219,1738,1743,-1,7219,1743,7220,-1,1749,7222,1750,-1,1750,7222,7221,-1,1750,7221,234,-1,234,7221,7220,-1,234,7220,1742,-1,1742,7220,1743,-1,1749,1747,7222,-1,7222,1747,7223,-1,7222,7223,6446,-1,6446,7223,6447,-1,1753,7225,228,-1,228,7225,7224,-1,228,7224,229,-1,229,7224,7223,-1,229,7223,1745,-1,1745,7223,1747,-1,1753,1752,7225,-1,7225,1752,7226,-1,7225,7226,6452,-1,6452,7226,6453,-1,1761,7228,1760,-1,1760,7228,7227,-1,1760,7227,1757,-1,1757,7227,7226,-1,1757,7226,1755,-1,1755,7226,1752,-1,1761,1763,7228,-1,7228,1763,7229,-1,7228,7229,6458,-1,6458,7229,6459,-1,1771,7231,1770,-1,1770,7231,7230,-1,1770,7230,1767,-1,1767,7230,7229,-1,1767,7229,1766,-1,1766,7229,1763,-1,1771,1773,7231,-1,7231,1773,7232,-1,7231,7232,6464,-1,6464,7232,6465,-1,1780,7234,225,-1,225,7234,7233,-1,225,7233,226,-1,226,7233,7232,-1,226,7232,1775,-1,1775,7232,1773,-1,1780,1779,7234,-1,7234,1779,7235,-1,7234,7235,6470,-1,6470,7235,6471,-1,1788,7237,1787,-1,1787,7237,7236,-1,1787,7236,1784,-1,1784,7236,7235,-1,1784,7235,1782,-1,1782,7235,1779,-1,1788,1790,7237,-1,7237,1790,7238,-1,7237,7238,6476,-1,6476,7238,6477,-1,1796,7240,221,-1,221,7240,7239,-1,221,7239,222,-1,222,7239,7238,-1,222,7238,1793,-1,1793,7238,1790,-1,1796,1795,7240,-1,7240,1795,7241,-1,7240,7241,6482,-1,6482,7241,6483,-1,1795,1798,7241,-1,7241,1798,1800,-1,7241,1800,7242,-1,7242,1800,1803,-1,7242,1803,7243,-1,1803,1804,7243,-1,7243,1804,1806,-1,7243,1806,7244,-1,7244,1806,1809,-1,7244,1809,7245,-1,7245,1809,1811,-1,7245,1811,7246,-1,7246,1811,1813,-1,1821,7248,1819,-1,1819,7248,7247,-1,1819,7247,1817,-1,1817,7247,7246,-1,1817,7246,1815,-1,1815,7246,1813,-1,1821,1823,7248,-1,7248,1823,7249,-1,7248,7249,6498,-1,6498,7249,6499,-1,1831,7251,1829,-1,1829,7251,7250,-1,1829,7250,1827,-1,1827,7250,7249,-1,1827,7249,1825,-1,1825,7249,1823,-1,1831,1833,7251,-1,7251,1833,7252,-1,7251,7252,6504,-1,6504,7252,6505,-1,1841,7254,1839,-1,1839,7254,7253,-1,1839,7253,1837,-1,1837,7253,7252,-1,1837,7252,1835,-1,1835,7252,1833,-1,1841,1843,7254,-1,7254,1843,7255,-1,7254,7255,6510,-1,6510,7255,6511,-1,1851,7257,1849,-1,1849,7257,7256,-1,1849,7256,1847,-1,1847,7256,7255,-1,1847,7255,1845,-1,1845,7255,1843,-1,1851,1853,7257,-1,7257,1853,7258,-1,7257,7258,6516,-1,6516,7258,6517,-1,1861,7260,1859,-1,1859,7260,7259,-1,1859,7259,1857,-1,1857,7259,7258,-1,1857,7258,1855,-1,1855,7258,1853,-1,1861,1863,7260,-1,7260,1863,7261,-1,7260,7261,6522,-1,6522,7261,6523,-1,1871,7263,1869,-1,1869,7263,7262,-1,1869,7262,1867,-1,1867,7262,7261,-1,1867,7261,1865,-1,1865,7261,1863,-1,1871,1873,7263,-1,7263,1873,7264,-1,7263,7264,6528,-1,6528,7264,6529,-1,1881,7266,1879,-1,1879,7266,7265,-1,1879,7265,1877,-1,1877,7265,7264,-1,1877,7264,1875,-1,1875,7264,1873,-1,1881,1883,7266,-1,7266,1883,7267,-1,7266,7267,6534,-1,6534,7267,6535,-1,1891,7269,1889,-1,1889,7269,7268,-1,1889,7268,1887,-1,1887,7268,7267,-1,1887,7267,1885,-1,1885,7267,1883,-1,1891,1893,7269,-1,7269,1893,7270,-1,7269,7270,6540,-1,6540,7270,6541,-1,1893,1895,7270,-1,7270,1895,1897,-1,7270,1897,7271,-1,7271,1897,1899,-1,7271,1899,7272,-1,1907,7274,1905,-1,1905,7274,7273,-1,1905,7273,1903,-1,1903,7273,7272,-1,1903,7272,1901,-1,1901,7272,1899,-1,1907,1909,7274,-1,7274,1909,7275,-1,7274,7275,6550,-1,6550,7275,6551,-1,1917,7277,1915,-1,1915,7277,7276,-1,1915,7276,1913,-1,1913,7276,7275,-1,1913,7275,1911,-1,1911,7275,1909,-1,1917,1919,7277,-1,7277,1919,7278,-1,7277,7278,6556,-1,6556,7278,6557,-1,1927,7280,1925,-1,1925,7280,7279,-1,1925,7279,1923,-1,1923,7279,7278,-1,1923,7278,1921,-1,1921,7278,1919,-1,1927,1929,7280,-1,7280,1929,7281,-1,7280,7281,6562,-1,6562,7281,6563,-1,1937,7283,1935,-1,1935,7283,7282,-1,1935,7282,1933,-1,1933,7282,7281,-1,1933,7281,1931,-1,1931,7281,1929,-1,1937,1939,7283,-1,7283,1939,7284,-1,7283,7284,6568,-1,6568,7284,6569,-1,1947,7286,1945,-1,1945,7286,7285,-1,1945,7285,1943,-1,1943,7285,7284,-1,1943,7284,1941,-1,1941,7284,1939,-1,1947,1949,7286,-1,7286,1949,7287,-1,7286,7287,6574,-1,6574,7287,6575,-1,1957,7289,1955,-1,1955,7289,7288,-1,1955,7288,1953,-1,1953,7288,7287,-1,1953,7287,1951,-1,1951,7287,1949,-1,1957,1959,7289,-1,7289,1959,7290,-1,7289,7290,6580,-1,6580,7290,6581,-1,1959,1961,7290,-1,7290,1961,1963,-1,7290,1963,7291,-1,7291,1963,1965,-1,7291,1965,7292,-1,7292,1965,1967,-1,7292,1967,7293,-1,7293,1967,1969,-1,1969,1971,7293,-1,7293,1971,1973,-1,7293,1973,7294,-1,7294,1973,1975,-1,7294,1975,7295,-1,7295,1975,1977,-1,7295,1977,7296,-1,1983,7297,1981,-1,1981,7297,7296,-1,1981,7296,1979,-1,1979,7296,1977,-1,1983,1985,7297,-1,7297,1985,7298,-1,7297,7298,3601,-1,3601,7298,3597,-1,2236,7300,2238,-1,2238,7300,7299,-1,2238,7299,2240,-1,2240,7299,7298,-1,2240,7298,2242,-1,2242,7298,1985,-1,2236,2234,7300,-1,7300,2234,7301,-1,7300,7301,3592,-1,3592,7301,3588,-1,2226,7303,2228,-1,2228,7303,7302,-1,2228,7302,2230,-1,2230,7302,7301,-1,2230,7301,2232,-1,2232,7301,2234,-1,2226,2224,7303,-1,7303,2224,7304,-1,7303,7304,3583,-1,3583,7304,3579,-1,2216,7306,2218,-1,2218,7306,7305,-1,2218,7305,2220,-1,2220,7305,7304,-1,2220,7304,2222,-1,2222,7304,2224,-1,2216,2214,7306,-1,7306,2214,7307,-1,7306,7307,3574,-1,3574,7307,3570,-1,2206,7309,2208,-1,2208,7309,7308,-1,2208,7308,2210,-1,2210,7308,7307,-1,2210,7307,2212,-1,2212,7307,2214,-1,2206,2204,7309,-1,7309,2204,7310,-1,7309,7310,3565,-1,3565,7310,3561,-1,2196,7312,2198,-1,2198,7312,7311,-1,2198,7311,2200,-1,2200,7311,7310,-1,2200,7310,2202,-1,2202,7310,2204,-1,2196,2194,7312,-1,7312,2194,7313,-1,7312,7313,3556,-1,3556,7313,3552,-1,2186,7315,2188,-1,2188,7315,7314,-1,2188,7314,2190,-1,2190,7314,7313,-1,2190,7313,2192,-1,2192,7313,2194,-1,2186,2184,7315,-1,7315,2184,7316,-1,7315,7316,3547,-1,3547,7316,3543,-1,2184,2182,7316,-1,7316,2182,2180,-1,7316,2180,7317,-1,7317,2180,2178,-1,7317,2178,7318,-1,7318,2178,2176,-1,7318,2176,7319,-1,7319,2176,2174,-1,2174,2172,7319,-1,7319,2172,2170,-1,7319,2170,7320,-1,7320,2170,2168,-1,7320,2168,7321,-1,2160,7323,2162,-1,2162,7323,7322,-1,2162,7322,2164,-1,2164,7322,7321,-1,2164,7321,2166,-1,2166,7321,2168,-1,2160,2158,7323,-1,7323,2158,7324,-1,7323,7324,3523,-1,3523,7324,3519,-1,2150,7326,2152,-1,2152,7326,7325,-1,2152,7325,2154,-1,2154,7325,7324,-1,2154,7324,2156,-1,2156,7324,2158,-1,2150,2148,7326,-1,7326,2148,7327,-1,7326,7327,3514,-1,3514,7327,3510,-1,2140,7329,2142,-1,2142,7329,7328,-1,2142,7328,2144,-1,2144,7328,7327,-1,2144,7327,2146,-1,2146,7327,2148,-1,2140,2138,7329,-1,7329,2138,7330,-1,7329,7330,3505,-1,3505,7330,3501,-1,2130,7332,2132,-1,2132,7332,7331,-1,2132,7331,2134,-1,2134,7331,7330,-1,2134,7330,2136,-1,2136,7330,2138,-1,2130,2128,7332,-1,7332,2128,7333,-1,7332,7333,3496,-1,3496,7333,3492,-1,2120,7335,2122,-1,2122,7335,7334,-1,2122,7334,2124,-1,2124,7334,7333,-1,2124,7333,2126,-1,2126,7333,2128,-1,2120,2118,7335,-1,7335,2118,7336,-1,7335,7336,3487,-1,3487,7336,3483,-1,2110,7338,2112,-1,2112,7338,7337,-1,2112,7337,2114,-1,2114,7337,7336,-1,2114,7336,2116,-1,2116,7336,2118,-1,2110,2108,7338,-1,7338,2108,7339,-1,7338,7339,3478,-1,3478,7339,3474,-1,2100,7341,2102,-1,2102,7341,7340,-1,2102,7340,2104,-1,2104,7340,7339,-1,2104,7339,2106,-1,2106,7339,2108,-1,2100,2098,7341,-1,7341,2098,7342,-1,7341,7342,3469,-1,3469,7342,3465,-1,2098,2096,7342,-1,7342,2096,2094,-1,7342,2094,7343,-1,7343,2094,2092,-1,7343,2092,7344,-1,2084,7346,2086,-1,2086,7346,7345,-1,2086,7345,2088,-1,2088,7345,7344,-1,2088,7344,2090,-1,2090,7344,2092,-1,2084,2082,7346,-1,7346,2082,6736,-1,7346,6736,6600,-1,6600,6736,6601,-1,2074,7347,2076,-1,2076,7347,6737,-1,2076,6737,2078,-1,2078,6737,6736,-1,2078,6736,2080,-1,2080,6736,2082,-1,2074,2072,7347,-1,7347,2072,6734,-1,7347,6734,6603,-1,6603,6734,6604,-1,2064,7348,2066,-1,2066,7348,6735,-1,2066,6735,2068,-1,2068,6735,6734,-1,2068,6734,2070,-1,2070,6734,2072,-1,2064,2062,7348,-1,7348,2062,6732,-1,7348,6732,6606,-1,6606,6732,6607,-1,2054,7349,2056,-1,2056,7349,6733,-1,2056,6733,2058,-1,2058,6733,6732,-1,2058,6732,2060,-1,2060,6732,2062,-1,2054,2052,7349,-1,7349,2052,6730,-1,7349,6730,6609,-1,6609,6730,6610,-1,2044,7350,2046,-1,2046,7350,6731,-1,2046,6731,2048,-1,2048,6731,6730,-1,2048,6730,2050,-1,2050,6730,2052,-1,2044,2042,7350,-1,7350,2042,6728,-1,7350,6728,6612,-1,6612,6728,6613,-1,2034,7351,2036,-1,2036,7351,6729,-1,2036,6729,2038,-1,2038,6729,6728,-1,2038,6728,2040,-1,2040,6728,2042,-1,2034,2032,7351,-1,7351,2032,6726,-1,7351,6726,6615,-1,6615,6726,6616,-1,2024,7352,2026,-1,2026,7352,6727,-1,2026,6727,2028,-1,2028,6727,6726,-1,2028,6726,2030,-1,2030,6726,2032,-1,2024,2022,7352,-1,7352,2022,7353,-1,7352,7353,6618,-1,6618,7353,6621,-1,2022,2020,7353,-1,7353,2020,2018,-1,7353,2018,7354,-1,7354,2018,2016,-1,7354,2016,7355,-1,2008,7357,2010,-1,2010,7357,7356,-1,2010,7356,2012,-1,2012,7356,7355,-1,2012,7355,2014,-1,2014,7355,2016,-1,2008,2006,7357,-1,7357,2006,7358,-1,7357,7358,6629,-1,6629,7358,6628,-1,1998,7360,2000,-1,2000,7360,7359,-1,2000,7359,2002,-1,2002,7359,7358,-1,2002,7358,2004,-1,2004,7358,2006,-1,1998,1996,7360,-1,7360,1996,7361,-1,7360,7361,6631,-1,6631,7361,6634,-1,1988,7363,1990,-1,1990,7363,7362,-1,1990,7362,1992,-1,1992,7362,7361,-1,1992,7361,1994,-1,1994,7361,1996,-1,1988,2251,7363,-1,7363,2251,7364,-1,7363,7364,6641,-1,6641,7364,6640,-1,2244,7366,2246,-1,2246,7366,7365,-1,2246,7365,2248,-1,2248,7365,7364,-1,2248,7364,2250,-1,2250,7364,2251,-1,2244,2260,7366,-1,7366,2260,7367,-1,7366,7367,6643,-1,6643,7367,6646,-1,2253,7369,2255,-1,2255,7369,7368,-1,2255,7368,2257,-1,2257,7368,7367,-1,2257,7367,2259,-1,2259,7367,2260,-1,2253,2273,7369,-1,7369,2273,7370,-1,7369,7370,6653,-1,6653,7370,6652,-1,2273,2272,7370,-1,7370,2272,2270,-1,7370,2270,7371,-1,7371,2270,2268,-1,7371,2268,7372,-1,2268,2266,7372,-1,7372,2266,2264,-1,7372,2264,6764,-1,6764,2264,2262,-1,6764,2262,2261,-1,2047,2049,7373,-1,1888,1886,7374,-1,7374,1886,7375,-1,230,231,7376,-1,7376,231,7377,-1,1254,1252,7378,-1,7378,1252,7379,-1,751,749,7380,-1,7380,749,7381,-1,2325,2324,7382,-1,2471,2470,7383,-1,2476,2475,7384,-1,2481,2480,7385,-1,2492,2491,7386,-1,60,2428,58,-1,58,2428,96,-1,96,2428,2316,-1,96,2316,97,-1,2316,2315,97,-1,97,2315,2320,-1,97,2320,98,-1,98,2320,2319,-1,98,2319,62,-1,62,2319,2318,-1,62,2318,63,-1,63,2318,2317,-1,63,2317,65,-1,78,77,7382,-1,7382,77,76,-1,2317,2321,65,-1,65,2321,2322,-1,65,2322,76,-1,78,7382,67,-1,67,7382,7387,-1,67,7387,3699,-1,179,3717,180,-1,180,3717,3721,-1,180,3721,181,-1,181,3721,3720,-1,3726,135,167,-1,3726,167,3727,-1,3727,167,166,-1,3727,166,3723,-1,3723,166,165,-1,3723,165,3724,-1,3724,165,128,-1,3724,128,3720,-1,3720,128,126,-1,3720,126,181,-1,3729,130,3730,-1,3730,130,132,-1,3730,132,3726,-1,3726,132,134,-1,3726,134,135,-1,3732,2524,3733,-1,3733,2524,163,-1,3733,163,3729,-1,3729,163,164,-1,3729,164,130,-1,3736,3735,2522,-1,2522,2521,3736,-1,3736,2521,2520,-1,3736,2520,3732,-1,3732,2520,2525,-1,3732,2525,2524,-1,3739,2429,3735,-1,3735,2429,2523,-1,3735,2523,2522,-1,2514,2513,3741,-1,3741,2513,2519,-1,3741,2519,3742,-1,3742,2519,2518,-1,3742,2518,3738,-1,3738,2518,2517,-1,3738,2517,3739,-1,3739,2517,2430,-1,3739,2430,2429,-1,2514,3741,2515,-1,2515,3741,3747,-1,2515,3747,2516,-1,2516,3747,3746,-1,2516,3746,2431,-1,2431,3746,3744,-1,2431,3744,2432,-1,2432,3744,3743,-1,2432,3743,2510,-1,3750,2506,3748,-1,3748,2506,2512,-1,3748,2512,3743,-1,3743,2512,2511,-1,3743,2511,2510,-1,3753,2509,3752,-1,3752,2509,2508,-1,3752,2508,3750,-1,3750,2508,2507,-1,3750,2507,2506,-1,3754,3756,2505,-1,2505,2504,3754,-1,3754,2504,2503,-1,3754,2503,3753,-1,3753,2503,2502,-1,3753,2502,2509,-1,2499,2498,7388,-1,2494,2493,7389,-1,7389,2493,2434,-1,2434,2433,7389,-1,7389,2433,2501,-1,7389,2501,7388,-1,7388,2501,2500,-1,7388,2500,2499,-1,2491,2490,7386,-1,7386,2490,2436,-1,7386,2436,7390,-1,7390,2436,2435,-1,7390,2435,2495,-1,7391,2487,2486,-1,7392,2489,7391,-1,7391,2489,2488,-1,7391,2488,2487,-1,2484,2483,7392,-1,7392,2483,2482,-1,7392,2482,2489,-1,2480,2479,7385,-1,7385,2479,2438,-1,7385,2438,7393,-1,7393,2438,2437,-1,7393,2437,2485,-1,7394,2478,7384,-1,7384,2478,2477,-1,7384,2477,2476,-1,2474,2473,7394,-1,7394,2473,2472,-1,7394,2472,2478,-1,2471,7383,2439,-1,2439,7383,7395,-1,2439,7395,2440,-1,2469,2468,7395,-1,7395,2468,2467,-1,7395,2467,2440,-1,7396,2465,7397,-1,7397,2465,2464,-1,7397,2464,2463,-1,2460,2459,7396,-1,7396,2459,2466,-1,7396,2466,2465,-1,2461,7398,2462,-1,2462,7398,7399,-1,2458,2457,7399,-1,2457,2456,7399,-1,7399,2456,2455,-1,7399,2455,2462,-1,2452,7400,2453,-1,2453,7400,7401,-1,2453,7401,2454,-1,2450,2448,7401,-1,7401,2448,2449,-1,7401,2449,2454,-1,7402,2444,2451,-1,2441,2447,7403,-1,7403,2447,2446,-1,7403,2446,7402,-1,7402,2446,2445,-1,7402,2445,2444,-1,7404,2443,2442,-1,2298,2300,7405,-1,7405,2300,2302,-1,7405,2302,7404,-1,7404,2302,2304,-1,7404,2304,2443,-1,1995,7406,1993,-1,1993,7406,7407,-1,2340,2339,7407,-1,7407,2339,2338,-1,7407,2338,1993,-1,7408,2335,7409,-1,7409,2335,2334,-1,7409,2334,2333,-1,2329,2337,7408,-1,7408,2337,2336,-1,7408,2336,2335,-1,2327,2328,7387,-1,7387,2328,2332,-1,7387,2332,7410,-1,7410,2332,2331,-1,7410,2331,2330,-1,7382,2324,7387,-1,7387,2324,2323,-1,7387,2323,2327,-1,76,2322,7382,-1,7382,2322,2326,-1,7382,2326,2325,-1,2296,7411,218,-1,218,7411,7412,-1,218,7412,219,-1,2292,7413,2294,-1,2294,7413,7414,-1,2294,7414,2295,-1,2295,7414,2275,-1,2281,2279,7415,-1,7415,2279,2277,-1,7415,2277,7416,-1,2283,7417,2285,-1,2285,7417,7418,-1,2285,7418,2287,-1,2289,7419,2290,-1,2290,7419,7420,-1,2290,7420,271,-1,271,7420,273,-1,292,294,7421,-1,7421,294,296,-1,7421,296,7422,-1,290,7423,288,-1,288,7423,7424,-1,288,7424,286,-1,284,7425,282,-1,282,7425,7426,-1,282,7426,280,-1,278,7427,276,-1,276,7427,7428,-1,276,7428,274,-1,274,7428,553,-1,547,549,7429,-1,7429,549,551,-1,7429,551,7430,-1,545,7431,543,-1,543,7431,7432,-1,543,7432,541,-1,539,7433,537,-1,537,7433,7434,-1,537,7434,535,-1,535,7434,533,-1,527,529,7435,-1,7435,529,531,-1,7435,531,7436,-1,525,7437,523,-1,523,7437,7438,-1,523,7438,521,-1,519,7439,517,-1,517,7439,7440,-1,517,7440,515,-1,515,7440,513,-1,507,509,7441,-1,7441,509,511,-1,7441,511,7442,-1,505,7443,503,-1,503,7443,7444,-1,503,7444,501,-1,499,7445,497,-1,497,7445,7446,-1,497,7446,495,-1,495,7446,493,-1,487,489,7447,-1,7447,489,491,-1,7447,491,7448,-1,481,483,7449,-1,7449,483,485,-1,7449,485,7450,-1,479,7451,477,-1,477,7451,7452,-1,477,7452,475,-1,473,7453,471,-1,471,7453,7454,-1,471,7454,469,-1,469,7454,467,-1,461,463,7455,-1,7455,463,465,-1,7455,465,7456,-1,459,7457,457,-1,457,7457,7458,-1,457,7458,455,-1,453,7459,451,-1,451,7459,7460,-1,451,7460,449,-1,449,7460,447,-1,441,443,7461,-1,7461,443,445,-1,7461,445,7462,-1,439,7463,437,-1,437,7463,7464,-1,437,7464,435,-1,433,7465,431,-1,431,7465,7466,-1,431,7466,429,-1,429,7466,427,-1,421,423,7467,-1,7467,423,425,-1,7467,425,7468,-1,419,7469,417,-1,417,7469,7470,-1,417,7470,415,-1,413,7471,411,-1,411,7471,7472,-1,411,7472,409,-1,407,7473,405,-1,405,7473,7474,-1,405,7474,403,-1,403,7474,401,-1,395,397,7475,-1,7475,397,399,-1,7475,399,7476,-1,393,7477,391,-1,391,7477,7478,-1,391,7478,389,-1,387,7479,385,-1,385,7479,7480,-1,385,7480,383,-1,383,7480,381,-1,375,377,7481,-1,7481,377,379,-1,7481,379,7482,-1,373,7483,371,-1,371,7483,7484,-1,371,7484,369,-1,367,7485,365,-1,365,7485,7486,-1,365,7486,363,-1,363,7486,361,-1,355,357,7487,-1,7487,357,359,-1,7487,359,7488,-1,353,7489,351,-1,351,7489,7490,-1,351,7490,349,-1,347,7491,345,-1,345,7491,7492,-1,345,7492,343,-1,343,7492,341,-1,335,337,7493,-1,7493,337,339,-1,7493,339,7494,-1,329,331,7495,-1,7495,331,333,-1,7495,333,7496,-1,327,7497,325,-1,325,7497,7498,-1,325,7498,323,-1,321,7499,319,-1,319,7499,7500,-1,319,7500,317,-1,317,7500,315,-1,309,311,7501,-1,7501,311,313,-1,7501,313,7502,-1,307,7503,305,-1,305,7503,7504,-1,305,7504,303,-1,301,7505,299,-1,299,7505,7506,-1,299,7506,559,-1,559,7506,561,-1,567,565,7507,-1,7507,565,563,-1,7507,563,7508,-1,569,7509,571,-1,571,7509,7510,-1,571,7510,573,-1,575,7511,577,-1,577,7511,7512,-1,577,7512,579,-1,579,7512,581,-1,587,585,7513,-1,7513,585,583,-1,7513,583,7514,-1,589,7515,591,-1,591,7515,7516,-1,591,7516,593,-1,595,7517,597,-1,597,7517,7518,-1,597,7518,599,-1,601,7519,603,-1,603,7519,7520,-1,603,7520,605,-1,605,7520,607,-1,613,611,7521,-1,7521,611,609,-1,7521,609,7522,-1,615,7523,617,-1,617,7523,7524,-1,617,7524,619,-1,621,7525,623,-1,623,7525,7526,-1,623,7526,625,-1,625,7526,627,-1,633,631,7527,-1,7527,631,629,-1,7527,629,7528,-1,635,7529,637,-1,637,7529,7530,-1,637,7530,639,-1,641,7531,643,-1,643,7531,7532,-1,643,7532,645,-1,645,7532,647,-1,653,651,7533,-1,7533,651,649,-1,7533,649,7534,-1,655,7535,657,-1,657,7535,7536,-1,657,7536,659,-1,661,7537,663,-1,663,7537,7538,-1,663,7538,665,-1,665,7538,667,-1,673,671,7539,-1,7539,671,669,-1,7539,669,7540,-1,679,677,7541,-1,7541,677,675,-1,7541,675,7542,-1,681,7543,683,-1,683,7543,7544,-1,683,7544,685,-1,687,7545,689,-1,689,7545,7546,-1,689,7546,691,-1,691,7546,693,-1,699,697,7547,-1,7547,697,695,-1,7547,695,7548,-1,701,7549,703,-1,703,7549,7550,-1,703,7550,705,-1,707,7551,709,-1,709,7551,7552,-1,709,7552,711,-1,711,7552,713,-1,719,717,7553,-1,7553,717,715,-1,7553,715,7554,-1,721,7555,723,-1,723,7555,7556,-1,723,7556,725,-1,727,7557,729,-1,729,7557,7558,-1,729,7558,731,-1,731,7558,733,-1,739,737,7559,-1,7559,737,735,-1,7559,735,7560,-1,741,7561,7562,-1,747,745,7562,-1,7562,745,743,-1,7562,743,741,-1,753,7563,755,-1,755,7563,7564,-1,755,7564,757,-1,757,7564,759,-1,765,763,7565,-1,7565,763,761,-1,7565,761,7566,-1,767,7567,769,-1,769,7567,7568,-1,769,7568,771,-1,773,7569,775,-1,775,7569,7570,-1,775,7570,777,-1,777,7570,779,-1,785,783,7571,-1,7571,783,781,-1,7571,781,7572,-1,787,7573,789,-1,789,7573,7574,-1,789,7574,791,-1,793,7575,795,-1,795,7575,7576,-1,795,7576,797,-1,797,7576,799,-1,805,803,7577,-1,7577,803,801,-1,7577,801,7578,-1,807,7579,809,-1,809,7579,7580,-1,809,7580,811,-1,557,7581,812,-1,812,7581,7582,-1,812,7582,813,-1,815,7583,823,-1,823,7583,7584,-1,823,7584,824,-1,824,7584,818,-1,828,826,7585,-1,7585,826,820,-1,7585,820,7586,-1,830,7587,832,-1,832,7587,7588,-1,832,7588,834,-1,836,7589,838,-1,838,7589,7590,-1,838,7590,840,-1,840,7590,842,-1,848,846,7591,-1,7591,846,844,-1,7591,844,7592,-1,850,7593,852,-1,852,7593,7594,-1,852,7594,854,-1,856,7595,858,-1,858,7595,7596,-1,858,7596,860,-1,860,7596,862,-1,868,866,7597,-1,7597,866,864,-1,7597,864,7598,-1,870,7599,872,-1,872,7599,7600,-1,872,7600,874,-1,876,7601,878,-1,878,7601,7602,-1,878,7602,880,-1,880,7602,882,-1,888,886,7603,-1,7603,886,884,-1,7603,884,7604,-1,894,891,7605,-1,7605,891,889,-1,7605,889,7606,-1,892,7607,269,-1,269,7607,7608,-1,269,7608,268,-1,898,7609,900,-1,900,7609,7610,-1,900,7610,902,-1,902,7610,904,-1,910,908,7611,-1,7611,908,906,-1,7611,906,7612,-1,912,7613,914,-1,914,7613,7614,-1,914,7614,916,-1,918,7615,920,-1,920,7615,7616,-1,920,7616,922,-1,922,7616,924,-1,930,928,7617,-1,7617,928,926,-1,7617,926,7618,-1,932,7619,934,-1,934,7619,7620,-1,934,7620,936,-1,938,7621,940,-1,940,7621,7622,-1,940,7622,942,-1,942,7622,944,-1,950,948,7623,-1,7623,948,946,-1,7623,946,7624,-1,952,7625,954,-1,954,7625,7626,-1,954,7626,956,-1,958,7627,960,-1,960,7627,7628,-1,960,7628,961,-1,963,7629,966,-1,966,7629,7630,-1,966,7630,964,-1,964,7630,265,-1,977,975,7631,-1,7631,975,264,-1,7631,264,7632,-1,978,7633,970,-1,970,7633,7634,-1,970,7634,972,-1,985,7635,987,-1,987,7635,7636,-1,987,7636,989,-1,989,7636,991,-1,997,995,7637,-1,7637,995,993,-1,7637,993,7638,-1,999,7639,1001,-1,1001,7639,7640,-1,1001,7640,1003,-1,1005,7641,1007,-1,1007,7641,7642,-1,1007,7642,1009,-1,1009,7642,1011,-1,1017,1015,7643,-1,7643,1015,1013,-1,7643,1013,7644,-1,1019,7645,1021,-1,1021,7645,7646,-1,1021,7646,1023,-1,1025,7647,1027,-1,1027,7647,7648,-1,1027,7648,1029,-1,1029,7648,1031,-1,980,1034,7649,-1,7649,1034,1033,-1,7649,1033,7650,-1,1038,1036,7651,-1,7651,1036,982,-1,7651,982,7652,-1,1040,7653,1042,-1,1042,7653,7654,-1,1042,7654,1043,-1,1045,7655,1053,-1,1053,7655,7656,-1,1053,7656,1054,-1,1054,7656,1048,-1,1058,1056,7657,-1,7657,1056,1050,-1,7657,1050,7658,-1,1060,7659,1062,-1,1062,7659,7660,-1,1062,7660,1064,-1,1066,7661,1068,-1,1068,7661,7662,-1,1068,7662,1070,-1,1070,7662,1072,-1,1078,1076,7663,-1,7663,1076,1074,-1,7663,1074,7664,-1,1080,7665,1082,-1,1082,7665,7666,-1,1082,7666,1084,-1,1086,7667,1088,-1,1088,7667,7668,-1,1088,7668,1089,-1,1089,7668,1091,-1,1098,1096,7669,-1,7669,1096,1094,-1,7669,1094,7670,-1,1100,7671,1102,-1,1102,7671,7672,-1,1102,7672,1104,-1,1108,1106,7673,-1,1108,7673,1110,-1,1110,7673,7674,-1,1110,7674,1112,-1,1118,1116,7675,-1,7675,1116,1114,-1,7675,1114,7676,-1,1129,1121,7677,-1,7677,1121,1119,-1,7677,1119,7678,-1,1130,7679,1124,-1,1124,7679,7680,-1,1124,7680,1126,-1,1136,7681,1138,-1,1138,7681,7682,-1,1138,7682,1139,-1,1139,7682,1133,-1,1174,1176,7683,-1,7683,1176,1131,-1,7683,1131,7684,-1,1172,7685,1170,-1,1170,7685,7686,-1,1170,7686,1168,-1,1166,7687,1164,-1,1164,7687,7688,-1,1164,7688,1162,-1,1162,7688,1160,-1,1154,1156,7689,-1,7689,1156,1158,-1,7689,1158,7690,-1,1152,7691,1150,-1,1150,7691,7692,-1,1150,7692,1148,-1,1144,1146,7693,-1,1144,7693,1142,-1,1142,7693,7694,-1,1142,7694,1184,-1,1180,1186,7695,-1,7695,1186,1185,-1,7695,1185,7696,-1,1190,1188,7697,-1,7697,1188,1182,-1,7697,1182,7698,-1,1192,7699,1194,-1,1194,7699,7700,-1,1194,7700,1195,-1,1197,7701,1200,-1,1200,7701,7702,-1,1200,7702,1198,-1,1198,7702,261,-1,1211,1209,7703,-1,7703,1209,260,-1,7703,260,7704,-1,1212,7705,1204,-1,1204,7705,7706,-1,1204,7706,1206,-1,1219,7707,1221,-1,1221,7707,7708,-1,1221,7708,1223,-1,1223,7708,1225,-1,1231,1229,7709,-1,7709,1229,1227,-1,7709,1227,7710,-1,1232,7711,1214,-1,1214,7711,7712,-1,1214,7712,1216,-1,1234,7713,1236,-1,1236,7713,7714,-1,1236,7714,1238,-1,1238,7714,1240,-1,1246,1244,7715,-1,7715,1244,1242,-1,7715,1242,7716,-1,1247,7717,7718,-1,1258,1257,7718,-1,7718,1257,1249,-1,7718,1249,1247,-1,1260,7719,1262,-1,1262,7719,7720,-1,1262,7720,1264,-1,1264,7720,1266,-1,1272,1269,7721,-1,7721,1269,1267,-1,7721,1267,7722,-1,1270,7723,257,-1,257,7723,7724,-1,257,7724,256,-1,1281,7725,1283,-1,1283,7725,7726,-1,1283,7726,1284,-1,1284,7726,1276,-1,1288,1286,7727,-1,7727,1286,1278,-1,7727,1278,7728,-1,1290,7729,1292,-1,1292,7729,7730,-1,1292,7730,1294,-1,1296,7731,1298,-1,1298,7731,7732,-1,1298,7732,1299,-1,1299,7732,1301,-1,1313,1311,7733,-1,7733,1311,1309,-1,7733,1309,7734,-1,1314,7735,1304,-1,1304,7735,7736,-1,1304,7736,1306,-1,1316,7737,1318,-1,1318,7737,7738,-1,1318,7738,1319,-1,1321,7739,1324,-1,1324,7739,7740,-1,1324,7740,1322,-1,1322,7740,253,-1,1335,1333,7741,-1,7741,1333,252,-1,7741,252,7742,-1,1336,7743,1328,-1,1328,7743,7744,-1,1328,7744,1330,-1,1338,7745,1340,-1,1340,7745,7746,-1,1340,7746,1342,-1,1342,7746,1344,-1,1355,1347,7747,-1,7747,1347,1345,-1,7747,1345,7748,-1,1356,7749,1350,-1,1350,7749,7750,-1,1350,7750,1352,-1,1358,7751,1360,-1,1360,7751,7752,-1,1360,7752,1362,-1,1362,7752,1364,-1,1370,1368,7753,-1,7753,1368,1366,-1,7753,1366,7754,-1,1371,7755,1373,-1,1373,7755,7756,-1,1373,7756,1381,-1,1383,7757,1385,-1,1385,7757,7758,-1,1385,7758,1386,-1,1386,7758,1376,-1,1390,1388,7759,-1,7759,1388,1378,-1,7759,1378,7760,-1,1396,1393,7761,-1,7761,1393,1391,-1,7761,1391,7762,-1,1398,7763,1407,-1,1407,7763,7764,-1,1407,7764,1406,-1,1404,7765,1402,-1,1402,7765,7766,-1,1402,7766,1408,-1,1408,7766,1409,-1,1416,1414,7767,-1,7767,1414,1411,-1,7767,1411,7768,-1,1418,7769,1420,-1,1420,7769,7770,-1,1420,7770,1421,-1,1423,7771,1431,-1,1431,7771,7772,-1,1431,7772,1432,-1,1432,7772,1426,-1,1436,1434,7773,-1,7773,1434,1428,-1,7773,1428,7774,-1,1438,7775,1439,-1,1439,7775,7776,-1,1439,7776,1441,-1,1444,7777,1446,-1,1446,7777,7778,-1,1446,7778,1447,-1,1447,7778,1449,-1,1461,1459,7779,-1,7779,1459,1457,-1,7779,1457,7780,-1,1462,7781,1452,-1,1452,7781,7782,-1,1452,7782,1454,-1,1466,1464,7783,-1,1466,7783,1468,-1,1468,7783,7784,-1,1468,7784,1470,-1,1476,1474,7785,-1,7785,1474,1472,-1,7785,1472,7786,-1,248,249,7787,-1,7787,249,1477,-1,7787,1477,7788,-1,1480,7789,1481,-1,1481,7789,7790,-1,1481,7790,1483,-1,1485,7791,1487,-1,1487,7791,7792,-1,1487,7792,1490,-1,1490,7792,1492,-1,1498,1495,7793,-1,7793,1495,1493,-1,7793,1493,7794,-1,1499,7795,1501,-1,1501,7795,7796,-1,1501,7796,1503,-1,1511,7797,1513,-1,1513,7797,7798,-1,1513,7798,1514,-1,1514,7798,1506,-1,1518,1516,7799,-1,7799,1516,1508,-1,7799,1508,7800,-1,1519,7801,1521,-1,1521,7801,7802,-1,1521,7802,1529,-1,1531,7803,1533,-1,1533,7803,7804,-1,1533,7804,1534,-1,1534,7804,1524,-1,1538,1536,7805,-1,7805,1536,1526,-1,7805,1526,7806,-1,1540,7807,1542,-1,1542,7807,7808,-1,1542,7808,1544,-1,1546,7809,1548,-1,1548,7809,7810,-1,1548,7810,1549,-1,245,7811,244,-1,244,7811,7812,-1,244,7812,1552,-1,1552,7812,1553,-1,1559,1557,7813,-1,7813,1557,1555,-1,7813,1555,7814,-1,1562,7815,1564,-1,1564,7815,7816,-1,1564,7816,1565,-1,1567,7817,1570,-1,1570,7817,7818,-1,1570,7818,1571,-1,1571,7818,1573,-1,1585,1583,7819,-1,7819,1583,1575,-1,7819,1575,7820,-1,1586,7821,1578,-1,1578,7821,7822,-1,1578,7822,1580,-1,1588,7823,1590,-1,1590,7823,7824,-1,1590,7824,1591,-1,1591,7824,1593,-1,1600,1598,7825,-1,7825,1598,1596,-1,7825,1596,7826,-1,1601,7827,1603,-1,1603,7827,7828,-1,1603,7828,1611,-1,1613,7829,1615,-1,1615,7829,7830,-1,1615,7830,1616,-1,1616,7830,1606,-1,1620,1618,7831,-1,7831,1618,1608,-1,7831,1608,7832,-1,1637,1623,7833,-1,7833,1623,1621,-1,7833,1621,7834,-1,1636,7835,1634,-1,1634,7835,7836,-1,1634,7836,1632,-1,1630,7837,1628,-1,1628,7837,7838,-1,1628,7838,1638,-1,1638,7838,1639,-1,1646,1644,7839,-1,7839,1644,1641,-1,7839,1641,7840,-1,1647,7841,1649,-1,1649,7841,7842,-1,1649,7842,1651,-1,1653,7843,1661,-1,1661,7843,7844,-1,1661,7844,1662,-1,1662,7844,1656,-1,1666,1664,7845,-1,7845,1664,1658,-1,7845,1658,7846,-1,1668,7847,1670,-1,1670,7847,7848,-1,1670,7848,1671,-1,1673,7849,1676,-1,1676,7849,7850,-1,1676,7850,1677,-1,1680,7851,1682,-1,1682,7851,7852,-1,1682,7852,1684,-1,1684,7852,1686,-1,1691,1689,7853,-1,7853,1689,1687,-1,7853,1687,7854,-1,1694,7855,1696,-1,1696,7855,7856,-1,1696,7856,1697,-1,1700,7857,1702,-1,1702,7857,7858,-1,1702,7858,1703,-1,1703,7858,241,-1,1705,1708,7859,-1,7859,1708,240,-1,7859,240,7860,-1,1710,7861,1712,-1,1712,7861,7862,-1,1712,7862,1713,-1,1715,7863,1717,-1,1717,7863,7864,-1,1717,7864,1719,-1,1719,7864,1722,-1,1728,1726,7865,-1,7865,1726,1723,-1,7865,1723,7866,-1,1730,7867,1731,-1,1731,7867,7868,-1,1731,7868,237,-1,1735,7869,1732,-1,1732,7869,7870,-1,1732,7870,1737,-1,1737,7870,1739,-1,232,1741,7871,-1,7871,1741,1740,-1,7871,1740,7872,-1,233,7873,7874,-1,1744,1746,7874,-1,7874,1746,1748,-1,7874,1748,233,-1,1754,7875,1751,-1,1751,7875,7876,-1,1751,7876,1756,-1,1756,7876,1758,-1,1764,1762,7877,-1,7877,1762,1759,-1,7877,1759,7878,-1,1765,7879,1768,-1,1768,7879,7880,-1,1768,7880,1769,-1,1772,7881,1774,-1,1774,7881,7882,-1,1774,7882,1776,-1,1776,7882,1777,-1,1778,1781,7883,-1,7883,1781,227,-1,7883,227,7884,-1,1783,7885,1785,-1,1785,7885,7886,-1,1785,7886,1786,-1,1789,7887,1791,-1,1791,7887,7888,-1,1791,7888,1792,-1,1792,7888,224,-1,1794,1797,7889,-1,7889,1797,223,-1,7889,223,7890,-1,1799,7891,1801,-1,1801,7891,7892,-1,1801,7892,1802,-1,1805,7893,1807,-1,1807,7893,7894,-1,1807,7894,1808,-1,1810,7895,1812,-1,1812,7895,7896,-1,1812,7896,1814,-1,1814,7896,1816,-1,1822,1820,7897,-1,7897,1820,1818,-1,7897,1818,7898,-1,1824,7899,1826,-1,1826,7899,7900,-1,1826,7900,1828,-1,1830,7901,1832,-1,1832,7901,7902,-1,1832,7902,1834,-1,1834,7902,1836,-1,1842,1840,7903,-1,7903,1840,1838,-1,7903,1838,7904,-1,1844,7905,1846,-1,1846,7905,7906,-1,1846,7906,1848,-1,1850,7907,1852,-1,1852,7907,7908,-1,1852,7908,1854,-1,1854,7908,1856,-1,1862,1860,7909,-1,7909,1860,1858,-1,7909,1858,7910,-1,1864,7911,1866,-1,1866,7911,7912,-1,1866,7912,1868,-1,1870,7913,1872,-1,1872,7913,7914,-1,1872,7914,1874,-1,1874,7914,1876,-1,1878,7915,7916,-1,1884,1882,7916,-1,7916,1882,1880,-1,7916,1880,1878,-1,1890,7917,1892,-1,1892,7917,7918,-1,1892,7918,1894,-1,1896,7919,1898,-1,1898,7919,7920,-1,1898,7920,1900,-1,1900,7920,1902,-1,1908,1906,7921,-1,7921,1906,1904,-1,7921,1904,7922,-1,1910,7923,1912,-1,1912,7923,7924,-1,1912,7924,1914,-1,1916,7925,1918,-1,1918,7925,7926,-1,1918,7926,1920,-1,1920,7926,1922,-1,1928,1926,7927,-1,7927,1926,1924,-1,7927,1924,7928,-1,1930,7929,1932,-1,1932,7929,7930,-1,1932,7930,1934,-1,1936,7931,1938,-1,1938,7931,7932,-1,1938,7932,1940,-1,1940,7932,1942,-1,1948,1946,7933,-1,7933,1946,1944,-1,7933,1944,7934,-1,1950,7935,1952,-1,1952,7935,7936,-1,1952,7936,1954,-1,1956,7937,1958,-1,1958,7937,7938,-1,1958,7938,1960,-1,1960,7938,1962,-1,1968,1966,7939,-1,7939,1966,1964,-1,7939,1964,7940,-1,1974,1972,7941,-1,7941,1972,1970,-1,7941,1970,7942,-1,1976,7943,1978,-1,1978,7943,7944,-1,1978,7944,1980,-1,1982,7945,1984,-1,1984,7945,7946,-1,1984,7946,1986,-1,1986,7946,2241,-1,2235,2237,7947,-1,7947,2237,2239,-1,7947,2239,7948,-1,2233,7949,2231,-1,2231,7949,7950,-1,2231,7950,2229,-1,2227,7951,2225,-1,2225,7951,7952,-1,2225,7952,2223,-1,2223,7952,2221,-1,2215,2217,7953,-1,7953,2217,2219,-1,7953,2219,7954,-1,2213,7955,2211,-1,2211,7955,7956,-1,2211,7956,2209,-1,2207,7957,2205,-1,2205,7957,7958,-1,2205,7958,2203,-1,2203,7958,2201,-1,2195,2197,7959,-1,7959,2197,2199,-1,7959,2199,7960,-1,2193,7961,2191,-1,2191,7961,7962,-1,2191,7962,2189,-1,2187,7963,2185,-1,2185,7963,7964,-1,2185,7964,2183,-1,2181,7965,2179,-1,2179,7965,7966,-1,2179,7966,2177,-1,2177,7966,2175,-1,2169,2171,7967,-1,7967,2171,2173,-1,7967,2173,7968,-1,2167,7969,2165,-1,2165,7969,7970,-1,2165,7970,2163,-1,2161,7971,2159,-1,2159,7971,7972,-1,2159,7972,2157,-1,2157,7972,2155,-1,2149,2151,7973,-1,7973,2151,2153,-1,7973,2153,7974,-1,2147,7975,2145,-1,2145,7975,7976,-1,2145,7976,2143,-1,2141,7977,2139,-1,2139,7977,7978,-1,2139,7978,2137,-1,2137,7978,2135,-1,2129,2131,7979,-1,7979,2131,2133,-1,7979,2133,7980,-1,2127,7981,2125,-1,2125,7981,7982,-1,2125,7982,2123,-1,2121,7983,2119,-1,2119,7983,7984,-1,2119,7984,2117,-1,2117,7984,2115,-1,2109,2111,7985,-1,7985,2111,2113,-1,7985,2113,7986,-1,2103,2105,7987,-1,7987,2105,2107,-1,7987,2107,7988,-1,2101,7989,2099,-1,2099,7989,7990,-1,2099,7990,2097,-1,2095,7991,2093,-1,2093,7991,7992,-1,2093,7992,2091,-1,2091,7992,2089,-1,2083,2085,7993,-1,7993,2085,2087,-1,7993,2087,7994,-1,2081,7995,2079,-1,2079,7995,7996,-1,2079,7996,2077,-1,2075,7997,2073,-1,2073,7997,7998,-1,2073,7998,2071,-1,2071,7998,2069,-1,2063,2065,7999,-1,7999,2065,2067,-1,7999,2067,8000,-1,2061,8001,2059,-1,2059,8001,8002,-1,2059,8002,2057,-1,2055,8003,2053,-1,2053,8003,8004,-1,2053,8004,2051,-1,2047,7373,2045,-1,2045,7373,8005,-1,2045,8005,2043,-1,2037,2039,8006,-1,8006,2039,2041,-1,8006,2041,8007,-1,2035,8008,2033,-1,2033,8008,8009,-1,2033,8009,2031,-1,2029,8010,2027,-1,2027,8010,8011,-1,2027,8011,2025,-1,2025,8011,2023,-1,2017,2019,8012,-1,8012,2019,2021,-1,8012,2021,8013,-1,2015,8014,2013,-1,2013,8014,8015,-1,2013,8015,2011,-1,2009,8016,2007,-1,2007,8016,8017,-1,2007,8017,2005,-1,2005,8017,2003,-1,1997,1999,8018,-1,8018,1999,2001,-1,8018,2001,8019,-1,3762,7389,3760,-1,3760,7389,7388,-1,3760,7388,3759,-1,3759,7388,2498,-1,3759,2498,3758,-1,3758,2498,2497,-1,3758,2497,3756,-1,3756,2497,2496,-1,3756,2496,2505,-1,3762,3764,7389,-1,7389,3764,7390,-1,7389,7390,2494,-1,2494,7390,2495,-1,3768,7386,3766,-1,3766,7386,7390,-1,3766,7390,3765,-1,3765,7390,3764,-1,3768,3770,7386,-1,7386,3770,7391,-1,7386,7391,2492,-1,2492,7391,2486,-1,3774,7392,3772,-1,3772,7392,7391,-1,3772,7391,3771,-1,3771,7391,3770,-1,3774,3776,7392,-1,7392,3776,7393,-1,7392,7393,2484,-1,2484,7393,2485,-1,3780,7385,3778,-1,3778,7385,7393,-1,3778,7393,3777,-1,3777,7393,3776,-1,3780,3782,7385,-1,7385,3782,7384,-1,7385,7384,2481,-1,2481,7384,2475,-1,3786,7394,3784,-1,3784,7394,7384,-1,3784,7384,3783,-1,3783,7384,3782,-1,3786,3788,7394,-1,7394,3788,7383,-1,7394,7383,2474,-1,2474,7383,2470,-1,3792,7395,3790,-1,3790,7395,7383,-1,3790,7383,3789,-1,3789,7383,3788,-1,3792,3794,7395,-1,7395,3794,7397,-1,7395,7397,2469,-1,2469,7397,2463,-1,3798,7396,3796,-1,3796,7396,7397,-1,3796,7397,3795,-1,3795,7397,3794,-1,3798,3800,7396,-1,7396,3800,7398,-1,7396,7398,2460,-1,2460,7398,2461,-1,3804,7399,3802,-1,3802,7399,7398,-1,3802,7398,3801,-1,3801,7398,3800,-1,3804,3806,7399,-1,7399,3806,7400,-1,7399,7400,2458,-1,2458,7400,2452,-1,3810,7401,3808,-1,3808,7401,7400,-1,3808,7400,3807,-1,3807,7400,3806,-1,3810,3812,7401,-1,7401,3812,7402,-1,7401,7402,2450,-1,2450,7402,2451,-1,3816,7403,3814,-1,3814,7403,7402,-1,3814,7402,3813,-1,3813,7402,3812,-1,3816,3818,7403,-1,7403,3818,7404,-1,7403,7404,2441,-1,2441,7404,2442,-1,3822,7405,3820,-1,3820,7405,7404,-1,3820,7404,3819,-1,3819,7404,3818,-1,3822,3824,7405,-1,7405,3824,7411,-1,7405,7411,2298,-1,2298,7411,2296,-1,3828,7412,3826,-1,3826,7412,7411,-1,3826,7411,3825,-1,3825,7411,3824,-1,3828,3830,7412,-1,7412,3830,7413,-1,7412,7413,219,-1,219,7413,2292,-1,3834,7414,3832,-1,3832,7414,7413,-1,3832,7413,3831,-1,3831,7413,3830,-1,3834,3836,7414,-1,7414,3836,7416,-1,7414,7416,2275,-1,2275,7416,2277,-1,3840,7415,3838,-1,3838,7415,7416,-1,3838,7416,3837,-1,3837,7416,3836,-1,3840,3842,7415,-1,7415,3842,7417,-1,7415,7417,2281,-1,2281,7417,2283,-1,3846,7418,3844,-1,3844,7418,7417,-1,3844,7417,3843,-1,3843,7417,3842,-1,3846,3848,7418,-1,7418,3848,7419,-1,7418,7419,2287,-1,2287,7419,2289,-1,3852,7420,3850,-1,3850,7420,7419,-1,3850,7419,3849,-1,3849,7419,3848,-1,3852,3854,7420,-1,7420,3854,7422,-1,7420,7422,273,-1,273,7422,296,-1,3858,7421,3856,-1,3856,7421,7422,-1,3856,7422,3855,-1,3855,7422,3854,-1,3858,3860,7421,-1,7421,3860,7423,-1,7421,7423,292,-1,292,7423,290,-1,3864,7424,3862,-1,3862,7424,7423,-1,3862,7423,3861,-1,3861,7423,3860,-1,3864,3866,7424,-1,7424,3866,7425,-1,7424,7425,286,-1,286,7425,284,-1,3870,7426,3868,-1,3868,7426,7425,-1,3868,7425,3867,-1,3867,7425,3866,-1,3870,3872,7426,-1,7426,3872,7427,-1,7426,7427,280,-1,280,7427,278,-1,3876,7428,3874,-1,3874,7428,7427,-1,3874,7427,3873,-1,3873,7427,3872,-1,3876,3878,7428,-1,7428,3878,7430,-1,7428,7430,553,-1,553,7430,551,-1,3882,7429,3880,-1,3880,7429,7430,-1,3880,7430,3879,-1,3879,7430,3878,-1,3882,3884,7429,-1,7429,3884,7431,-1,7429,7431,547,-1,547,7431,545,-1,3888,7432,3886,-1,3886,7432,7431,-1,3886,7431,3885,-1,3885,7431,3884,-1,3888,3890,7432,-1,7432,3890,7433,-1,7432,7433,541,-1,541,7433,539,-1,3894,7434,3892,-1,3892,7434,7433,-1,3892,7433,3891,-1,3891,7433,3890,-1,3894,3896,7434,-1,7434,3896,7436,-1,7434,7436,533,-1,533,7436,531,-1,3900,7435,3898,-1,3898,7435,7436,-1,3898,7436,3897,-1,3897,7436,3896,-1,3900,3902,7435,-1,7435,3902,7437,-1,7435,7437,527,-1,527,7437,525,-1,3906,7438,3904,-1,3904,7438,7437,-1,3904,7437,3903,-1,3903,7437,3902,-1,3906,3908,7438,-1,7438,3908,7439,-1,7438,7439,521,-1,521,7439,519,-1,3912,7440,3910,-1,3910,7440,7439,-1,3910,7439,3909,-1,3909,7439,3908,-1,3912,3914,7440,-1,7440,3914,7442,-1,7440,7442,513,-1,513,7442,511,-1,3918,7441,3916,-1,3916,7441,7442,-1,3916,7442,3915,-1,3915,7442,3914,-1,3918,3920,7441,-1,7441,3920,7443,-1,7441,7443,507,-1,507,7443,505,-1,3924,7444,3922,-1,3922,7444,7443,-1,3922,7443,3921,-1,3921,7443,3920,-1,3924,3926,7444,-1,7444,3926,7445,-1,7444,7445,501,-1,501,7445,499,-1,3930,7446,3928,-1,3928,7446,7445,-1,3928,7445,3927,-1,3927,7445,3926,-1,3930,3932,7446,-1,7446,3932,7448,-1,7446,7448,493,-1,493,7448,491,-1,3936,7447,3934,-1,3934,7447,7448,-1,3934,7448,3933,-1,3933,7448,3932,-1,3936,3938,7447,-1,7447,3938,7450,-1,7447,7450,487,-1,487,7450,485,-1,3942,7449,3940,-1,3940,7449,7450,-1,3940,7450,3939,-1,3939,7450,3938,-1,3942,3944,7449,-1,7449,3944,7451,-1,7449,7451,481,-1,481,7451,479,-1,3948,7452,3946,-1,3946,7452,7451,-1,3946,7451,3945,-1,3945,7451,3944,-1,3948,3950,7452,-1,7452,3950,7453,-1,7452,7453,475,-1,475,7453,473,-1,3954,7454,3952,-1,3952,7454,7453,-1,3952,7453,3951,-1,3951,7453,3950,-1,3954,3956,7454,-1,7454,3956,7456,-1,7454,7456,467,-1,467,7456,465,-1,3960,7455,3958,-1,3958,7455,7456,-1,3958,7456,3957,-1,3957,7456,3956,-1,3960,3962,7455,-1,7455,3962,7457,-1,7455,7457,461,-1,461,7457,459,-1,3966,7458,3964,-1,3964,7458,7457,-1,3964,7457,3963,-1,3963,7457,3962,-1,3966,3968,7458,-1,7458,3968,7459,-1,7458,7459,455,-1,455,7459,453,-1,3972,7460,3970,-1,3970,7460,7459,-1,3970,7459,3969,-1,3969,7459,3968,-1,3972,3974,7460,-1,7460,3974,7462,-1,7460,7462,447,-1,447,7462,445,-1,3978,7461,3976,-1,3976,7461,7462,-1,3976,7462,3975,-1,3975,7462,3974,-1,3978,3980,7461,-1,7461,3980,7463,-1,7461,7463,441,-1,441,7463,439,-1,3984,7464,3982,-1,3982,7464,7463,-1,3982,7463,3981,-1,3981,7463,3980,-1,3984,3986,7464,-1,7464,3986,7465,-1,7464,7465,435,-1,435,7465,433,-1,3990,7466,3988,-1,3988,7466,7465,-1,3988,7465,3987,-1,3987,7465,3986,-1,3990,3992,7466,-1,7466,3992,7468,-1,7466,7468,427,-1,427,7468,425,-1,3996,7467,3994,-1,3994,7467,7468,-1,3994,7468,3993,-1,3993,7468,3992,-1,3996,3998,7467,-1,7467,3998,7469,-1,7467,7469,421,-1,421,7469,419,-1,4002,7470,4000,-1,4000,7470,7469,-1,4000,7469,3999,-1,3999,7469,3998,-1,4002,4004,7470,-1,7470,4004,7471,-1,7470,7471,415,-1,415,7471,413,-1,4008,7472,4006,-1,4006,7472,7471,-1,4006,7471,4005,-1,4005,7471,4004,-1,4008,4010,7472,-1,7472,4010,7473,-1,7472,7473,409,-1,409,7473,407,-1,4014,7474,4012,-1,4012,7474,7473,-1,4012,7473,4011,-1,4011,7473,4010,-1,4014,4016,7474,-1,7474,4016,7476,-1,7474,7476,401,-1,401,7476,399,-1,4020,7475,4018,-1,4018,7475,7476,-1,4018,7476,4017,-1,4017,7476,4016,-1,4020,4022,7475,-1,7475,4022,7477,-1,7475,7477,395,-1,395,7477,393,-1,4026,7478,4024,-1,4024,7478,7477,-1,4024,7477,4023,-1,4023,7477,4022,-1,4026,4028,7478,-1,7478,4028,7479,-1,7478,7479,389,-1,389,7479,387,-1,4032,7480,4030,-1,4030,7480,7479,-1,4030,7479,4029,-1,4029,7479,4028,-1,4032,4034,7480,-1,7480,4034,7482,-1,7480,7482,381,-1,381,7482,379,-1,4038,7481,4036,-1,4036,7481,7482,-1,4036,7482,4035,-1,4035,7482,4034,-1,4038,4040,7481,-1,7481,4040,7483,-1,7481,7483,375,-1,375,7483,373,-1,4044,7484,4042,-1,4042,7484,7483,-1,4042,7483,4041,-1,4041,7483,4040,-1,4044,4046,7484,-1,7484,4046,7485,-1,7484,7485,369,-1,369,7485,367,-1,4050,7486,4048,-1,4048,7486,7485,-1,4048,7485,4047,-1,4047,7485,4046,-1,4050,4052,7486,-1,7486,4052,7488,-1,7486,7488,361,-1,361,7488,359,-1,4056,7487,4054,-1,4054,7487,7488,-1,4054,7488,4053,-1,4053,7488,4052,-1,4056,4058,7487,-1,7487,4058,7489,-1,7487,7489,355,-1,355,7489,353,-1,4062,7490,4060,-1,4060,7490,7489,-1,4060,7489,4059,-1,4059,7489,4058,-1,4062,4064,7490,-1,7490,4064,7491,-1,7490,7491,349,-1,349,7491,347,-1,4068,7492,4066,-1,4066,7492,7491,-1,4066,7491,4065,-1,4065,7491,4064,-1,4068,4070,7492,-1,7492,4070,7494,-1,7492,7494,341,-1,341,7494,339,-1,4074,7493,4072,-1,4072,7493,7494,-1,4072,7494,4071,-1,4071,7494,4070,-1,4074,4076,7493,-1,7493,4076,7496,-1,7493,7496,335,-1,335,7496,333,-1,4080,7495,4078,-1,4078,7495,7496,-1,4078,7496,4077,-1,4077,7496,4076,-1,4080,4082,7495,-1,7495,4082,7497,-1,7495,7497,329,-1,329,7497,327,-1,4086,7498,4084,-1,4084,7498,7497,-1,4084,7497,4083,-1,4083,7497,4082,-1,4086,4088,7498,-1,7498,4088,7499,-1,7498,7499,323,-1,323,7499,321,-1,4092,7500,4090,-1,4090,7500,7499,-1,4090,7499,4089,-1,4089,7499,4088,-1,4092,4094,7500,-1,7500,4094,7502,-1,7500,7502,315,-1,315,7502,313,-1,4098,7501,4096,-1,4096,7501,7502,-1,4096,7502,4095,-1,4095,7502,4094,-1,4098,4100,7501,-1,7501,4100,7503,-1,7501,7503,309,-1,309,7503,307,-1,4104,7504,4102,-1,4102,7504,7503,-1,4102,7503,4101,-1,4101,7503,4100,-1,4104,4106,7504,-1,7504,4106,7505,-1,7504,7505,303,-1,303,7505,301,-1,4110,7506,4108,-1,4108,7506,7505,-1,4108,7505,4107,-1,4107,7505,4106,-1,4110,4112,7506,-1,7506,4112,7508,-1,7506,7508,561,-1,561,7508,563,-1,4116,7507,4114,-1,4114,7507,7508,-1,4114,7508,4113,-1,4113,7508,4112,-1,4116,4118,7507,-1,7507,4118,7509,-1,7507,7509,567,-1,567,7509,569,-1,4122,7510,4120,-1,4120,7510,7509,-1,4120,7509,4119,-1,4119,7509,4118,-1,4122,4124,7510,-1,7510,4124,7511,-1,7510,7511,573,-1,573,7511,575,-1,4128,7512,4126,-1,4126,7512,7511,-1,4126,7511,4125,-1,4125,7511,4124,-1,4128,4130,7512,-1,7512,4130,7514,-1,7512,7514,581,-1,581,7514,583,-1,4134,7513,4132,-1,4132,7513,7514,-1,4132,7514,4131,-1,4131,7514,4130,-1,4134,4136,7513,-1,7513,4136,7515,-1,7513,7515,587,-1,587,7515,589,-1,4140,7516,4138,-1,4138,7516,7515,-1,4138,7515,4137,-1,4137,7515,4136,-1,4140,4142,7516,-1,7516,4142,7517,-1,7516,7517,593,-1,593,7517,595,-1,4146,7518,4144,-1,4144,7518,7517,-1,4144,7517,4143,-1,4143,7517,4142,-1,4146,4148,7518,-1,7518,4148,7519,-1,7518,7519,599,-1,599,7519,601,-1,4152,7520,4150,-1,4150,7520,7519,-1,4150,7519,4149,-1,4149,7519,4148,-1,4152,4154,7520,-1,7520,4154,7522,-1,7520,7522,607,-1,607,7522,609,-1,4158,7521,4156,-1,4156,7521,7522,-1,4156,7522,4155,-1,4155,7522,4154,-1,4158,4160,7521,-1,7521,4160,7523,-1,7521,7523,613,-1,613,7523,615,-1,4164,7524,4162,-1,4162,7524,7523,-1,4162,7523,4161,-1,4161,7523,4160,-1,4164,4166,7524,-1,7524,4166,7525,-1,7524,7525,619,-1,619,7525,621,-1,4170,7526,4168,-1,4168,7526,7525,-1,4168,7525,4167,-1,4167,7525,4166,-1,4170,4172,7526,-1,7526,4172,7528,-1,7526,7528,627,-1,627,7528,629,-1,4176,7527,4174,-1,4174,7527,7528,-1,4174,7528,4173,-1,4173,7528,4172,-1,4176,4178,7527,-1,7527,4178,7529,-1,7527,7529,633,-1,633,7529,635,-1,4182,7530,4180,-1,4180,7530,7529,-1,4180,7529,4179,-1,4179,7529,4178,-1,4182,4184,7530,-1,7530,4184,7531,-1,7530,7531,639,-1,639,7531,641,-1,4188,7532,4186,-1,4186,7532,7531,-1,4186,7531,4185,-1,4185,7531,4184,-1,4188,4190,7532,-1,7532,4190,7534,-1,7532,7534,647,-1,647,7534,649,-1,4194,7533,4192,-1,4192,7533,7534,-1,4192,7534,4191,-1,4191,7534,4190,-1,4194,4196,7533,-1,7533,4196,7535,-1,7533,7535,653,-1,653,7535,655,-1,4200,7536,4198,-1,4198,7536,7535,-1,4198,7535,4197,-1,4197,7535,4196,-1,4200,4202,7536,-1,7536,4202,7537,-1,7536,7537,659,-1,659,7537,661,-1,4206,7538,4204,-1,4204,7538,7537,-1,4204,7537,4203,-1,4203,7537,4202,-1,4206,4208,7538,-1,7538,4208,7540,-1,7538,7540,667,-1,667,7540,669,-1,4212,7539,4210,-1,4210,7539,7540,-1,4210,7540,4209,-1,4209,7540,4208,-1,4212,4214,7539,-1,7539,4214,7542,-1,7539,7542,673,-1,673,7542,675,-1,4218,7541,4216,-1,4216,7541,7542,-1,4216,7542,4215,-1,4215,7542,4214,-1,4218,4220,7541,-1,7541,4220,7543,-1,7541,7543,679,-1,679,7543,681,-1,4224,7544,4222,-1,4222,7544,7543,-1,4222,7543,4221,-1,4221,7543,4220,-1,4224,4226,7544,-1,7544,4226,7545,-1,7544,7545,685,-1,685,7545,687,-1,4230,7546,4228,-1,4228,7546,7545,-1,4228,7545,4227,-1,4227,7545,4226,-1,4230,4232,7546,-1,7546,4232,7548,-1,7546,7548,693,-1,693,7548,695,-1,4236,7547,4234,-1,4234,7547,7548,-1,4234,7548,4233,-1,4233,7548,4232,-1,4236,4238,7547,-1,7547,4238,7549,-1,7547,7549,699,-1,699,7549,701,-1,4242,7550,4240,-1,4240,7550,7549,-1,4240,7549,4239,-1,4239,7549,4238,-1,4242,4244,7550,-1,7550,4244,7551,-1,7550,7551,705,-1,705,7551,707,-1,4248,7552,4246,-1,4246,7552,7551,-1,4246,7551,4245,-1,4245,7551,4244,-1,4248,4250,7552,-1,7552,4250,7554,-1,7552,7554,713,-1,713,7554,715,-1,4254,7553,4252,-1,4252,7553,7554,-1,4252,7554,4251,-1,4251,7554,4250,-1,4254,4256,7553,-1,7553,4256,7555,-1,7553,7555,719,-1,719,7555,721,-1,4260,7556,4258,-1,4258,7556,7555,-1,4258,7555,4257,-1,4257,7555,4256,-1,4260,4262,7556,-1,7556,4262,7557,-1,7556,7557,725,-1,725,7557,727,-1,4266,7558,4264,-1,4264,7558,7557,-1,4264,7557,4263,-1,4263,7557,4262,-1,4266,4268,7558,-1,7558,4268,7560,-1,7558,7560,733,-1,733,7560,735,-1,4272,7559,4270,-1,4270,7559,7560,-1,4270,7560,4269,-1,4269,7560,4268,-1,4272,4274,7559,-1,7559,4274,7561,-1,7559,7561,739,-1,739,7561,741,-1,4278,7562,4276,-1,4276,7562,7561,-1,4276,7561,4275,-1,4275,7561,4274,-1,4278,4280,7562,-1,7562,4280,7381,-1,7562,7381,747,-1,747,7381,749,-1,4284,7380,4282,-1,4282,7380,7381,-1,4282,7381,4281,-1,4281,7381,4280,-1,4284,4286,7380,-1,7380,4286,7563,-1,7380,7563,751,-1,751,7563,753,-1,4290,7564,4288,-1,4288,7564,7563,-1,4288,7563,4287,-1,4287,7563,4286,-1,4290,4292,7564,-1,7564,4292,7566,-1,7564,7566,759,-1,759,7566,761,-1,4296,7565,4294,-1,4294,7565,7566,-1,4294,7566,4293,-1,4293,7566,4292,-1,4296,4298,7565,-1,7565,4298,7567,-1,7565,7567,765,-1,765,7567,767,-1,4302,7568,4300,-1,4300,7568,7567,-1,4300,7567,4299,-1,4299,7567,4298,-1,4302,4304,7568,-1,7568,4304,7569,-1,7568,7569,771,-1,771,7569,773,-1,4308,7570,4306,-1,4306,7570,7569,-1,4306,7569,4305,-1,4305,7569,4304,-1,4308,4310,7570,-1,7570,4310,7572,-1,7570,7572,779,-1,779,7572,781,-1,4314,7571,4312,-1,4312,7571,7572,-1,4312,7572,4311,-1,4311,7572,4310,-1,4314,4316,7571,-1,7571,4316,7573,-1,7571,7573,785,-1,785,7573,787,-1,4320,7574,4318,-1,4318,7574,7573,-1,4318,7573,4317,-1,4317,7573,4316,-1,4320,4322,7574,-1,7574,4322,7575,-1,7574,7575,791,-1,791,7575,793,-1,4326,7576,4324,-1,4324,7576,7575,-1,4324,7575,4323,-1,4323,7575,4322,-1,4326,4328,7576,-1,7576,4328,7578,-1,7576,7578,799,-1,799,7578,801,-1,4332,7577,4330,-1,4330,7577,7578,-1,4330,7578,4329,-1,4329,7578,4328,-1,4332,4334,7577,-1,7577,4334,7579,-1,7577,7579,805,-1,805,7579,807,-1,4338,7580,4336,-1,4336,7580,7579,-1,4336,7579,4335,-1,4335,7579,4334,-1,4338,4340,7580,-1,7580,4340,7581,-1,7580,7581,811,-1,811,7581,557,-1,4344,7582,4342,-1,4342,7582,7581,-1,4342,7581,4341,-1,4341,7581,4340,-1,4344,4346,7582,-1,7582,4346,7583,-1,7582,7583,813,-1,813,7583,815,-1,4350,7584,4348,-1,4348,7584,7583,-1,4348,7583,4347,-1,4347,7583,4346,-1,4350,4352,7584,-1,7584,4352,7586,-1,7584,7586,818,-1,818,7586,820,-1,4356,7585,4354,-1,4354,7585,7586,-1,4354,7586,4353,-1,4353,7586,4352,-1,4356,4358,7585,-1,7585,4358,7587,-1,7585,7587,828,-1,828,7587,830,-1,4362,7588,4360,-1,4360,7588,7587,-1,4360,7587,4359,-1,4359,7587,4358,-1,4362,4364,7588,-1,7588,4364,7589,-1,7588,7589,834,-1,834,7589,836,-1,4368,7590,4366,-1,4366,7590,7589,-1,4366,7589,4365,-1,4365,7589,4364,-1,4368,4370,7590,-1,7590,4370,7592,-1,7590,7592,842,-1,842,7592,844,-1,4374,7591,4372,-1,4372,7591,7592,-1,4372,7592,4371,-1,4371,7592,4370,-1,4374,4376,7591,-1,7591,4376,7593,-1,7591,7593,848,-1,848,7593,850,-1,4380,7594,4378,-1,4378,7594,7593,-1,4378,7593,4377,-1,4377,7593,4376,-1,4380,4382,7594,-1,7594,4382,7595,-1,7594,7595,854,-1,854,7595,856,-1,4386,7596,4384,-1,4384,7596,7595,-1,4384,7595,4383,-1,4383,7595,4382,-1,4386,4388,7596,-1,7596,4388,7598,-1,7596,7598,862,-1,862,7598,864,-1,4392,7597,4390,-1,4390,7597,7598,-1,4390,7598,4389,-1,4389,7598,4388,-1,4392,4394,7597,-1,7597,4394,7599,-1,7597,7599,868,-1,868,7599,870,-1,4398,7600,4396,-1,4396,7600,7599,-1,4396,7599,4395,-1,4395,7599,4394,-1,4398,4400,7600,-1,7600,4400,7601,-1,7600,7601,874,-1,874,7601,876,-1,4404,7602,4402,-1,4402,7602,7601,-1,4402,7601,4401,-1,4401,7601,4400,-1,4404,4406,7602,-1,7602,4406,7604,-1,7602,7604,882,-1,882,7604,884,-1,4410,7603,4408,-1,4408,7603,7604,-1,4408,7604,4407,-1,4407,7604,4406,-1,4410,4412,7603,-1,7603,4412,7606,-1,7603,7606,888,-1,888,7606,889,-1,4416,7605,4414,-1,4414,7605,7606,-1,4414,7606,4413,-1,4413,7606,4412,-1,4416,4418,7605,-1,7605,4418,7607,-1,7605,7607,894,-1,894,7607,892,-1,4422,7608,4420,-1,4420,7608,7607,-1,4420,7607,4419,-1,4419,7607,4418,-1,4422,4424,7608,-1,7608,4424,7609,-1,7608,7609,268,-1,268,7609,898,-1,4428,7610,4426,-1,4426,7610,7609,-1,4426,7609,4425,-1,4425,7609,4424,-1,4428,4430,7610,-1,7610,4430,7612,-1,7610,7612,904,-1,904,7612,906,-1,4434,7611,4432,-1,4432,7611,7612,-1,4432,7612,4431,-1,4431,7612,4430,-1,4434,4436,7611,-1,7611,4436,7613,-1,7611,7613,910,-1,910,7613,912,-1,4440,7614,4438,-1,4438,7614,7613,-1,4438,7613,4437,-1,4437,7613,4436,-1,4440,4442,7614,-1,7614,4442,7615,-1,7614,7615,916,-1,916,7615,918,-1,4446,7616,4444,-1,4444,7616,7615,-1,4444,7615,4443,-1,4443,7615,4442,-1,4446,4448,7616,-1,7616,4448,7618,-1,7616,7618,924,-1,924,7618,926,-1,4452,7617,4450,-1,4450,7617,7618,-1,4450,7618,4449,-1,4449,7618,4448,-1,4452,4454,7617,-1,7617,4454,7619,-1,7617,7619,930,-1,930,7619,932,-1,4458,7620,4456,-1,4456,7620,7619,-1,4456,7619,4455,-1,4455,7619,4454,-1,4458,4460,7620,-1,7620,4460,7621,-1,7620,7621,936,-1,936,7621,938,-1,4464,7622,4462,-1,4462,7622,7621,-1,4462,7621,4461,-1,4461,7621,4460,-1,4464,4466,7622,-1,7622,4466,7624,-1,7622,7624,944,-1,944,7624,946,-1,4470,7623,4468,-1,4468,7623,7624,-1,4468,7624,4467,-1,4467,7624,4466,-1,4470,4472,7623,-1,7623,4472,7625,-1,7623,7625,950,-1,950,7625,952,-1,4476,7626,4474,-1,4474,7626,7625,-1,4474,7625,4473,-1,4473,7625,4472,-1,4476,4478,7626,-1,7626,4478,7627,-1,7626,7627,956,-1,956,7627,958,-1,4482,7628,4480,-1,4480,7628,7627,-1,4480,7627,4479,-1,4479,7627,4478,-1,4482,4484,7628,-1,7628,4484,7629,-1,7628,7629,961,-1,961,7629,963,-1,4488,7630,4486,-1,4486,7630,7629,-1,4486,7629,4485,-1,4485,7629,4484,-1,4488,4490,7630,-1,7630,4490,7632,-1,7630,7632,265,-1,265,7632,264,-1,4494,7631,4492,-1,4492,7631,7632,-1,4492,7632,4491,-1,4491,7632,4490,-1,4494,4496,7631,-1,7631,4496,7633,-1,7631,7633,977,-1,977,7633,978,-1,4500,7634,4498,-1,4498,7634,7633,-1,4498,7633,4497,-1,4497,7633,4496,-1,4500,4502,7634,-1,7634,4502,7635,-1,7634,7635,972,-1,972,7635,985,-1,4506,7636,4504,-1,4504,7636,7635,-1,4504,7635,4503,-1,4503,7635,4502,-1,4506,4508,7636,-1,7636,4508,7638,-1,7636,7638,991,-1,991,7638,993,-1,4512,7637,4510,-1,4510,7637,7638,-1,4510,7638,4509,-1,4509,7638,4508,-1,4512,4514,7637,-1,7637,4514,7639,-1,7637,7639,997,-1,997,7639,999,-1,4518,7640,4516,-1,4516,7640,7639,-1,4516,7639,4515,-1,4515,7639,4514,-1,4518,4520,7640,-1,7640,4520,7641,-1,7640,7641,1003,-1,1003,7641,1005,-1,4524,7642,4522,-1,4522,7642,7641,-1,4522,7641,4521,-1,4521,7641,4520,-1,4524,4526,7642,-1,7642,4526,7644,-1,7642,7644,1011,-1,1011,7644,1013,-1,4530,7643,4528,-1,4528,7643,7644,-1,4528,7644,4527,-1,4527,7644,4526,-1,4530,4532,7643,-1,7643,4532,7645,-1,7643,7645,1017,-1,1017,7645,1019,-1,4536,7646,4534,-1,4534,7646,7645,-1,4534,7645,4533,-1,4533,7645,4532,-1,4536,4538,7646,-1,7646,4538,7647,-1,7646,7647,1023,-1,1023,7647,1025,-1,4542,7648,4540,-1,4540,7648,7647,-1,4540,7647,4539,-1,4539,7647,4538,-1,4542,4544,7648,-1,7648,4544,7650,-1,7648,7650,1031,-1,1031,7650,1033,-1,4548,7649,4546,-1,4546,7649,7650,-1,4546,7650,4545,-1,4545,7650,4544,-1,4548,4550,7649,-1,7649,4550,7652,-1,7649,7652,980,-1,980,7652,982,-1,4554,7651,4552,-1,4552,7651,7652,-1,4552,7652,4551,-1,4551,7652,4550,-1,4554,4556,7651,-1,7651,4556,7653,-1,7651,7653,1038,-1,1038,7653,1040,-1,4560,7654,4558,-1,4558,7654,7653,-1,4558,7653,4557,-1,4557,7653,4556,-1,4560,4562,7654,-1,7654,4562,7655,-1,7654,7655,1043,-1,1043,7655,1045,-1,4566,7656,4564,-1,4564,7656,7655,-1,4564,7655,4563,-1,4563,7655,4562,-1,4566,4568,7656,-1,7656,4568,7658,-1,7656,7658,1048,-1,1048,7658,1050,-1,4572,7657,4570,-1,4570,7657,7658,-1,4570,7658,4569,-1,4569,7658,4568,-1,4572,4574,7657,-1,7657,4574,7659,-1,7657,7659,1058,-1,1058,7659,1060,-1,4578,7660,4576,-1,4576,7660,7659,-1,4576,7659,4575,-1,4575,7659,4574,-1,4578,4580,7660,-1,7660,4580,7661,-1,7660,7661,1064,-1,1064,7661,1066,-1,4584,7662,4582,-1,4582,7662,7661,-1,4582,7661,4581,-1,4581,7661,4580,-1,4584,4586,7662,-1,7662,4586,7664,-1,7662,7664,1072,-1,1072,7664,1074,-1,4590,7663,4588,-1,4588,7663,7664,-1,4588,7664,4587,-1,4587,7664,4586,-1,4590,4592,7663,-1,7663,4592,7665,-1,7663,7665,1078,-1,1078,7665,1080,-1,4596,7666,4594,-1,4594,7666,7665,-1,4594,7665,4593,-1,4593,7665,4592,-1,4596,4600,7666,-1,7666,4600,7667,-1,7666,7667,1084,-1,1084,7667,1086,-1,4602,7668,4603,-1,4603,7668,7667,-1,4603,7667,4599,-1,4599,7667,4600,-1,4602,4608,7668,-1,7668,4608,7670,-1,7668,7670,1091,-1,1091,7670,1094,-1,4604,7669,4605,-1,4605,7669,7670,-1,4605,7670,4607,-1,4607,7670,4608,-1,4604,4609,7669,-1,7669,4609,7671,-1,7669,7671,1098,-1,1098,7671,1100,-1,4614,7672,4613,-1,4613,7672,7671,-1,4613,7671,4611,-1,4611,7671,4609,-1,4614,4615,7672,-1,7672,4615,7673,-1,7672,7673,1104,-1,1104,7673,1106,-1,4620,7674,4621,-1,4621,7674,7673,-1,4621,7673,4617,-1,4617,7673,4615,-1,4620,4626,7674,-1,7674,4626,7676,-1,7674,7676,1112,-1,1112,7676,1114,-1,4622,7675,4623,-1,4623,7675,7676,-1,4623,7676,4625,-1,4625,7676,4626,-1,4622,4627,7675,-1,7675,4627,7678,-1,7675,7678,1118,-1,1118,7678,1119,-1,4634,7677,4635,-1,4635,7677,7678,-1,4635,7678,4629,-1,4629,7678,4627,-1,4634,4632,7677,-1,7677,4632,7679,-1,7677,7679,1129,-1,1129,7679,1130,-1,4638,7680,4636,-1,4636,7680,7679,-1,4636,7679,4631,-1,4631,7679,4632,-1,4638,4644,7680,-1,7680,4644,7681,-1,7680,7681,1126,-1,1126,7681,1136,-1,4640,7682,4641,-1,4641,7682,7681,-1,4641,7681,4643,-1,4643,7681,4644,-1,4640,4645,7682,-1,7682,4645,7684,-1,7682,7684,1133,-1,1133,7684,1131,-1,4650,7683,4649,-1,4649,7683,7684,-1,4649,7684,4647,-1,4647,7684,4645,-1,4650,4651,7683,-1,7683,4651,7685,-1,7683,7685,1174,-1,1174,7685,1172,-1,4656,7686,4655,-1,4655,7686,7685,-1,4655,7685,4653,-1,4653,7685,4651,-1,4656,4657,7686,-1,7686,4657,7687,-1,7686,7687,1168,-1,1168,7687,1166,-1,4662,7688,4661,-1,4661,7688,7687,-1,4661,7687,4659,-1,4659,7687,4657,-1,4662,4663,7688,-1,7688,4663,7690,-1,7688,7690,1160,-1,1160,7690,1158,-1,4668,7689,4667,-1,4667,7689,7690,-1,4667,7690,4665,-1,4665,7690,4663,-1,4668,4669,7689,-1,7689,4669,7691,-1,7689,7691,1154,-1,1154,7691,1152,-1,4674,7692,4673,-1,4673,7692,7691,-1,4673,7691,4671,-1,4671,7691,4669,-1,4674,4675,7692,-1,7692,4675,7693,-1,7692,7693,1148,-1,1148,7693,1146,-1,4680,7694,4679,-1,4679,7694,7693,-1,4679,7693,4677,-1,4677,7693,4675,-1,4680,4681,7694,-1,7694,4681,7696,-1,7694,7696,1184,-1,1184,7696,1185,-1,4686,7695,4685,-1,4685,7695,7696,-1,4685,7696,4683,-1,4683,7696,4681,-1,4686,4687,7695,-1,7695,4687,7698,-1,7695,7698,1180,-1,1180,7698,1182,-1,4692,7697,4691,-1,4691,7697,7698,-1,4691,7698,4689,-1,4689,7698,4687,-1,4692,4693,7697,-1,7697,4693,7699,-1,7697,7699,1190,-1,1190,7699,1192,-1,4698,7700,4697,-1,4697,7700,7699,-1,4697,7699,4695,-1,4695,7699,4693,-1,4698,4699,7700,-1,7700,4699,7701,-1,7700,7701,1195,-1,1195,7701,1197,-1,4704,7702,4703,-1,4703,7702,7701,-1,4703,7701,4701,-1,4701,7701,4699,-1,4704,4705,7702,-1,7702,4705,7704,-1,7702,7704,261,-1,261,7704,260,-1,4710,7703,4709,-1,4709,7703,7704,-1,4709,7704,4707,-1,4707,7704,4705,-1,4710,4711,7703,-1,7703,4711,7705,-1,7703,7705,1211,-1,1211,7705,1212,-1,4716,7706,4715,-1,4715,7706,7705,-1,4715,7705,4713,-1,4713,7705,4711,-1,4716,4717,7706,-1,7706,4717,7707,-1,7706,7707,1206,-1,1206,7707,1219,-1,4722,7708,4721,-1,4721,7708,7707,-1,4721,7707,4719,-1,4719,7707,4717,-1,4722,4723,7708,-1,7708,4723,7710,-1,7708,7710,1225,-1,1225,7710,1227,-1,4728,7709,4727,-1,4727,7709,7710,-1,4727,7710,4725,-1,4725,7710,4723,-1,4728,4729,7709,-1,7709,4729,7711,-1,7709,7711,1231,-1,1231,7711,1232,-1,4734,7712,4733,-1,4733,7712,7711,-1,4733,7711,4731,-1,4731,7711,4729,-1,4734,4735,7712,-1,7712,4735,7713,-1,7712,7713,1216,-1,1216,7713,1234,-1,4740,7714,4739,-1,4739,7714,7713,-1,4739,7713,4737,-1,4737,7713,4735,-1,4740,4741,7714,-1,7714,4741,7716,-1,7714,7716,1240,-1,1240,7716,1242,-1,4746,7715,4745,-1,4745,7715,7716,-1,4745,7716,4743,-1,4743,7716,4741,-1,4746,4747,7715,-1,7715,4747,7717,-1,7715,7717,1246,-1,1246,7717,1247,-1,4752,7718,4751,-1,4751,7718,7717,-1,4751,7717,4749,-1,4749,7717,4747,-1,4752,4753,7718,-1,7718,4753,7379,-1,7718,7379,1258,-1,1258,7379,1252,-1,4758,7378,4757,-1,4757,7378,7379,-1,4757,7379,4755,-1,4755,7379,4753,-1,4758,4759,7378,-1,7378,4759,7719,-1,7378,7719,1254,-1,1254,7719,1260,-1,4764,7720,4763,-1,4763,7720,7719,-1,4763,7719,4761,-1,4761,7719,4759,-1,4764,4765,7720,-1,7720,4765,7722,-1,7720,7722,1266,-1,1266,7722,1267,-1,4770,7721,4769,-1,4769,7721,7722,-1,4769,7722,4767,-1,4767,7722,4765,-1,4770,4771,7721,-1,7721,4771,7723,-1,7721,7723,1272,-1,1272,7723,1270,-1,4776,7724,4775,-1,4775,7724,7723,-1,4775,7723,4773,-1,4773,7723,4771,-1,4776,4777,7724,-1,7724,4777,7725,-1,7724,7725,256,-1,256,7725,1281,-1,4782,7726,4781,-1,4781,7726,7725,-1,4781,7725,4779,-1,4779,7725,4777,-1,4782,4783,7726,-1,7726,4783,7728,-1,7726,7728,1276,-1,1276,7728,1278,-1,4788,7727,4787,-1,4787,7727,7728,-1,4787,7728,4785,-1,4785,7728,4783,-1,4788,4789,7727,-1,7727,4789,7729,-1,7727,7729,1288,-1,1288,7729,1290,-1,4794,7730,4793,-1,4793,7730,7729,-1,4793,7729,4791,-1,4791,7729,4789,-1,4794,4795,7730,-1,7730,4795,7731,-1,7730,7731,1294,-1,1294,7731,1296,-1,4800,7732,4799,-1,4799,7732,7731,-1,4799,7731,4797,-1,4797,7731,4795,-1,4800,4801,7732,-1,7732,4801,7734,-1,7732,7734,1301,-1,1301,7734,1309,-1,4806,7733,4805,-1,4805,7733,7734,-1,4805,7734,4803,-1,4803,7734,4801,-1,4806,4807,7733,-1,7733,4807,7735,-1,7733,7735,1313,-1,1313,7735,1314,-1,4812,7736,4811,-1,4811,7736,7735,-1,4811,7735,4809,-1,4809,7735,4807,-1,4812,4813,7736,-1,7736,4813,7737,-1,7736,7737,1306,-1,1306,7737,1316,-1,4818,7738,4817,-1,4817,7738,7737,-1,4817,7737,4815,-1,4815,7737,4813,-1,4818,4819,7738,-1,7738,4819,7739,-1,7738,7739,1319,-1,1319,7739,1321,-1,4824,7740,4823,-1,4823,7740,7739,-1,4823,7739,4821,-1,4821,7739,4819,-1,4824,4825,7740,-1,7740,4825,7742,-1,7740,7742,253,-1,253,7742,252,-1,4830,7741,4829,-1,4829,7741,7742,-1,4829,7742,4827,-1,4827,7742,4825,-1,4830,4831,7741,-1,7741,4831,7743,-1,7741,7743,1335,-1,1335,7743,1336,-1,4836,7744,4835,-1,4835,7744,7743,-1,4835,7743,4833,-1,4833,7743,4831,-1,4836,4837,7744,-1,7744,4837,7745,-1,7744,7745,1330,-1,1330,7745,1338,-1,4842,7746,4841,-1,4841,7746,7745,-1,4841,7745,4839,-1,4839,7745,4837,-1,4842,4843,7746,-1,7746,4843,7748,-1,7746,7748,1344,-1,1344,7748,1345,-1,4848,7747,4847,-1,4847,7747,7748,-1,4847,7748,4845,-1,4845,7748,4843,-1,4848,4849,7747,-1,7747,4849,7749,-1,7747,7749,1355,-1,1355,7749,1356,-1,4854,7750,4853,-1,4853,7750,7749,-1,4853,7749,4851,-1,4851,7749,4849,-1,4854,4855,7750,-1,7750,4855,7751,-1,7750,7751,1352,-1,1352,7751,1358,-1,4860,7752,4859,-1,4859,7752,7751,-1,4859,7751,4857,-1,4857,7751,4855,-1,4860,4861,7752,-1,7752,4861,7754,-1,7752,7754,1364,-1,1364,7754,1366,-1,4866,7753,4865,-1,4865,7753,7754,-1,4865,7754,4863,-1,4863,7754,4861,-1,4866,4867,7753,-1,7753,4867,7755,-1,7753,7755,1370,-1,1370,7755,1371,-1,4872,7756,4871,-1,4871,7756,7755,-1,4871,7755,4869,-1,4869,7755,4867,-1,4872,4873,7756,-1,7756,4873,7757,-1,7756,7757,1381,-1,1381,7757,1383,-1,4878,7758,4877,-1,4877,7758,7757,-1,4877,7757,4875,-1,4875,7757,4873,-1,4878,4879,7758,-1,7758,4879,7760,-1,7758,7760,1376,-1,1376,7760,1378,-1,4884,7759,4883,-1,4883,7759,7760,-1,4883,7760,4881,-1,4881,7760,4879,-1,4884,4885,7759,-1,7759,4885,7762,-1,7759,7762,1390,-1,1390,7762,1391,-1,4890,7761,4889,-1,4889,7761,7762,-1,4889,7762,4887,-1,4887,7762,4885,-1,4890,4891,7761,-1,7761,4891,7763,-1,7761,7763,1396,-1,1396,7763,1398,-1,4896,7764,4895,-1,4895,7764,7763,-1,4895,7763,4893,-1,4893,7763,4891,-1,4896,4897,7764,-1,7764,4897,7765,-1,7764,7765,1406,-1,1406,7765,1404,-1,4902,7766,4901,-1,4901,7766,7765,-1,4901,7765,4899,-1,4899,7765,4897,-1,4902,4903,7766,-1,7766,4903,7768,-1,7766,7768,1409,-1,1409,7768,1411,-1,4908,7767,4907,-1,4907,7767,7768,-1,4907,7768,4905,-1,4905,7768,4903,-1,4908,4909,7767,-1,7767,4909,7769,-1,7767,7769,1416,-1,1416,7769,1418,-1,4914,7770,4913,-1,4913,7770,7769,-1,4913,7769,4911,-1,4911,7769,4909,-1,4914,4915,7770,-1,7770,4915,7771,-1,7770,7771,1421,-1,1421,7771,1423,-1,4920,7772,4919,-1,4919,7772,7771,-1,4919,7771,4917,-1,4917,7771,4915,-1,4920,4921,7772,-1,7772,4921,7774,-1,7772,7774,1426,-1,1426,7774,1428,-1,4926,7773,4925,-1,4925,7773,7774,-1,4925,7774,4923,-1,4923,7774,4921,-1,4926,4927,7773,-1,7773,4927,7775,-1,7773,7775,1436,-1,1436,7775,1438,-1,4932,7776,4931,-1,4931,7776,7775,-1,4931,7775,4929,-1,4929,7775,4927,-1,4932,4933,7776,-1,7776,4933,7777,-1,7776,7777,1441,-1,1441,7777,1444,-1,4938,7778,4937,-1,4937,7778,7777,-1,4937,7777,4935,-1,4935,7777,4933,-1,4938,4939,7778,-1,7778,4939,7780,-1,7778,7780,1449,-1,1449,7780,1457,-1,4944,7779,4943,-1,4943,7779,7780,-1,4943,7780,4941,-1,4941,7780,4939,-1,4944,4945,7779,-1,7779,4945,7781,-1,7779,7781,1461,-1,1461,7781,1462,-1,4950,7782,4949,-1,4949,7782,7781,-1,4949,7781,4947,-1,4947,7781,4945,-1,4950,4951,7782,-1,7782,4951,7783,-1,7782,7783,1454,-1,1454,7783,1464,-1,4956,7784,4955,-1,4955,7784,7783,-1,4955,7783,4953,-1,4953,7783,4951,-1,4956,4957,7784,-1,7784,4957,7786,-1,7784,7786,1470,-1,1470,7786,1472,-1,4962,7785,4961,-1,4961,7785,7786,-1,4961,7786,4959,-1,4959,7786,4957,-1,4962,4963,7785,-1,7785,4963,7788,-1,7785,7788,1476,-1,1476,7788,1477,-1,4968,7787,4967,-1,4967,7787,7788,-1,4967,7788,4965,-1,4965,7788,4963,-1,4968,4969,7787,-1,7787,4969,7789,-1,7787,7789,248,-1,248,7789,1480,-1,4974,7790,4973,-1,4973,7790,7789,-1,4973,7789,4971,-1,4971,7789,4969,-1,4974,4975,7790,-1,7790,4975,7791,-1,7790,7791,1483,-1,1483,7791,1485,-1,4980,7792,4979,-1,4979,7792,7791,-1,4979,7791,4977,-1,4977,7791,4975,-1,4980,4981,7792,-1,7792,4981,7794,-1,7792,7794,1492,-1,1492,7794,1493,-1,4986,7793,4985,-1,4985,7793,7794,-1,4985,7794,4983,-1,4983,7794,4981,-1,4986,4987,7793,-1,7793,4987,7795,-1,7793,7795,1498,-1,1498,7795,1499,-1,4992,7796,4991,-1,4991,7796,7795,-1,4991,7795,4989,-1,4989,7795,4987,-1,4992,4993,7796,-1,7796,4993,7797,-1,7796,7797,1503,-1,1503,7797,1511,-1,4998,7798,4997,-1,4997,7798,7797,-1,4997,7797,4995,-1,4995,7797,4993,-1,4998,4999,7798,-1,7798,4999,7800,-1,7798,7800,1506,-1,1506,7800,1508,-1,5004,7799,5003,-1,5003,7799,7800,-1,5003,7800,5001,-1,5001,7800,4999,-1,5004,5005,7799,-1,7799,5005,7801,-1,7799,7801,1518,-1,1518,7801,1519,-1,5010,7802,5009,-1,5009,7802,7801,-1,5009,7801,5007,-1,5007,7801,5005,-1,5010,5011,7802,-1,7802,5011,7803,-1,7802,7803,1529,-1,1529,7803,1531,-1,5016,7804,5015,-1,5015,7804,7803,-1,5015,7803,5013,-1,5013,7803,5011,-1,5016,5017,7804,-1,7804,5017,7806,-1,7804,7806,1524,-1,1524,7806,1526,-1,5022,7805,5021,-1,5021,7805,7806,-1,5021,7806,5019,-1,5019,7806,5017,-1,5022,5023,7805,-1,7805,5023,7807,-1,7805,7807,1538,-1,1538,7807,1540,-1,5028,7808,5027,-1,5027,7808,7807,-1,5027,7807,5025,-1,5025,7807,5023,-1,5028,5029,7808,-1,7808,5029,7809,-1,7808,7809,1544,-1,1544,7809,1546,-1,5034,7810,5033,-1,5033,7810,7809,-1,5033,7809,5031,-1,5031,7809,5029,-1,5034,5035,7810,-1,7810,5035,7811,-1,7810,7811,1549,-1,1549,7811,245,-1,5040,7812,5039,-1,5039,7812,7811,-1,5039,7811,5037,-1,5037,7811,5035,-1,5040,5041,7812,-1,7812,5041,7814,-1,7812,7814,1553,-1,1553,7814,1555,-1,5046,7813,5045,-1,5045,7813,7814,-1,5045,7814,5043,-1,5043,7814,5041,-1,5046,5047,7813,-1,7813,5047,7815,-1,7813,7815,1559,-1,1559,7815,1562,-1,5052,7816,5051,-1,5051,7816,7815,-1,5051,7815,5049,-1,5049,7815,5047,-1,5052,5053,7816,-1,7816,5053,7817,-1,7816,7817,1565,-1,1565,7817,1567,-1,5058,7818,5057,-1,5057,7818,7817,-1,5057,7817,5055,-1,5055,7817,5053,-1,5058,5059,7818,-1,7818,5059,7820,-1,7818,7820,1573,-1,1573,7820,1575,-1,5064,7819,5063,-1,5063,7819,7820,-1,5063,7820,5061,-1,5061,7820,5059,-1,5064,5065,7819,-1,7819,5065,7821,-1,7819,7821,1585,-1,1585,7821,1586,-1,5070,7822,5069,-1,5069,7822,7821,-1,5069,7821,5067,-1,5067,7821,5065,-1,5070,5071,7822,-1,7822,5071,7823,-1,7822,7823,1580,-1,1580,7823,1588,-1,5076,7824,5075,-1,5075,7824,7823,-1,5075,7823,5073,-1,5073,7823,5071,-1,5076,5077,7824,-1,7824,5077,7826,-1,7824,7826,1593,-1,1593,7826,1596,-1,5082,7825,5081,-1,5081,7825,7826,-1,5081,7826,5079,-1,5079,7826,5077,-1,5082,5083,7825,-1,7825,5083,7827,-1,7825,7827,1600,-1,1600,7827,1601,-1,5088,7828,5087,-1,5087,7828,7827,-1,5087,7827,5085,-1,5085,7827,5083,-1,5088,5089,7828,-1,7828,5089,7829,-1,7828,7829,1611,-1,1611,7829,1613,-1,5094,7830,5093,-1,5093,7830,7829,-1,5093,7829,5091,-1,5091,7829,5089,-1,5094,5095,7830,-1,7830,5095,7832,-1,7830,7832,1606,-1,1606,7832,1608,-1,5100,7831,5099,-1,5099,7831,7832,-1,5099,7832,5097,-1,5097,7832,5095,-1,5100,5101,7831,-1,7831,5101,7834,-1,7831,7834,1620,-1,1620,7834,1621,-1,5106,7833,5105,-1,5105,7833,7834,-1,5105,7834,5103,-1,5103,7834,5101,-1,5106,5107,7833,-1,7833,5107,7835,-1,7833,7835,1637,-1,1637,7835,1636,-1,5112,7836,5111,-1,5111,7836,7835,-1,5111,7835,5109,-1,5109,7835,5107,-1,5112,5113,7836,-1,7836,5113,7837,-1,7836,7837,1632,-1,1632,7837,1630,-1,5118,7838,5117,-1,5117,7838,7837,-1,5117,7837,5115,-1,5115,7837,5113,-1,5118,5119,7838,-1,7838,5119,7840,-1,7838,7840,1639,-1,1639,7840,1641,-1,5124,7839,5123,-1,5123,7839,7840,-1,5123,7840,5121,-1,5121,7840,5119,-1,5124,5125,7839,-1,7839,5125,7841,-1,7839,7841,1646,-1,1646,7841,1647,-1,5130,7842,5129,-1,5129,7842,7841,-1,5129,7841,5127,-1,5127,7841,5125,-1,5130,5131,7842,-1,7842,5131,7843,-1,7842,7843,1651,-1,1651,7843,1653,-1,5136,7844,5135,-1,5135,7844,7843,-1,5135,7843,5133,-1,5133,7843,5131,-1,5136,5137,7844,-1,7844,5137,7846,-1,7844,7846,1656,-1,1656,7846,1658,-1,5142,7845,5141,-1,5141,7845,7846,-1,5141,7846,5139,-1,5139,7846,5137,-1,5142,5143,7845,-1,7845,5143,7847,-1,7845,7847,1666,-1,1666,7847,1668,-1,5148,7848,5147,-1,5147,7848,7847,-1,5147,7847,5145,-1,5145,7847,5143,-1,5148,5149,7848,-1,7848,5149,7849,-1,7848,7849,1671,-1,1671,7849,1673,-1,5154,7850,5153,-1,5153,7850,7849,-1,5153,7849,5151,-1,5151,7849,5149,-1,5154,5155,7850,-1,7850,5155,7851,-1,7850,7851,1677,-1,1677,7851,1680,-1,5160,7852,5159,-1,5159,7852,7851,-1,5159,7851,5157,-1,5157,7851,5155,-1,5160,5161,7852,-1,7852,5161,7854,-1,7852,7854,1686,-1,1686,7854,1687,-1,5166,7853,5165,-1,5165,7853,7854,-1,5165,7854,5163,-1,5163,7854,5161,-1,5166,5167,7853,-1,7853,5167,7855,-1,7853,7855,1691,-1,1691,7855,1694,-1,5172,7856,5171,-1,5171,7856,7855,-1,5171,7855,5169,-1,5169,7855,5167,-1,5172,5173,7856,-1,7856,5173,7857,-1,7856,7857,1697,-1,1697,7857,1700,-1,5178,7858,5177,-1,5177,7858,7857,-1,5177,7857,5175,-1,5175,7857,5173,-1,5178,5179,7858,-1,7858,5179,7860,-1,7858,7860,241,-1,241,7860,240,-1,5184,7859,5183,-1,5183,7859,7860,-1,5183,7860,5181,-1,5181,7860,5179,-1,5184,5185,7859,-1,7859,5185,7861,-1,7859,7861,1705,-1,1705,7861,1710,-1,5190,7862,5189,-1,5189,7862,7861,-1,5189,7861,5187,-1,5187,7861,5185,-1,5190,5191,7862,-1,7862,5191,7863,-1,7862,7863,1713,-1,1713,7863,1715,-1,5196,7864,5195,-1,5195,7864,7863,-1,5195,7863,5193,-1,5193,7863,5191,-1,5196,5197,7864,-1,7864,5197,7866,-1,7864,7866,1722,-1,1722,7866,1723,-1,5202,7865,5201,-1,5201,7865,7866,-1,5201,7866,5199,-1,5199,7866,5197,-1,5202,5203,7865,-1,7865,5203,7867,-1,7865,7867,1728,-1,1728,7867,1730,-1,5208,7868,5207,-1,5207,7868,7867,-1,5207,7867,5205,-1,5205,7867,5203,-1,5208,5209,7868,-1,7868,5209,7869,-1,7868,7869,237,-1,237,7869,1735,-1,5214,7870,5213,-1,5213,7870,7869,-1,5213,7869,5211,-1,5211,7869,5209,-1,5214,5215,7870,-1,7870,5215,7872,-1,7870,7872,1739,-1,1739,7872,1740,-1,5220,7871,5219,-1,5219,7871,7872,-1,5219,7872,5217,-1,5217,7872,5215,-1,5220,5221,7871,-1,7871,5221,7873,-1,7871,7873,232,-1,232,7873,233,-1,5226,7874,5225,-1,5225,7874,7873,-1,5225,7873,5223,-1,5223,7873,5221,-1,5226,5227,7874,-1,7874,5227,7377,-1,7874,7377,1744,-1,1744,7377,231,-1,5232,7376,5231,-1,5231,7376,7377,-1,5231,7377,5229,-1,5229,7377,5227,-1,5232,5233,7376,-1,7376,5233,7875,-1,7376,7875,230,-1,230,7875,1754,-1,5238,7876,5237,-1,5237,7876,7875,-1,5237,7875,5235,-1,5235,7875,5233,-1,5238,5239,7876,-1,7876,5239,7878,-1,7876,7878,1758,-1,1758,7878,1759,-1,5244,7877,5243,-1,5243,7877,7878,-1,5243,7878,5241,-1,5241,7878,5239,-1,5244,5245,7877,-1,7877,5245,7879,-1,7877,7879,1764,-1,1764,7879,1765,-1,5250,7880,5249,-1,5249,7880,7879,-1,5249,7879,5247,-1,5247,7879,5245,-1,5250,5251,7880,-1,7880,5251,7881,-1,7880,7881,1769,-1,1769,7881,1772,-1,5256,7882,5255,-1,5255,7882,7881,-1,5255,7881,5253,-1,5253,7881,5251,-1,5256,5257,7882,-1,7882,5257,7884,-1,7882,7884,1777,-1,1777,7884,227,-1,5262,7883,5261,-1,5261,7883,7884,-1,5261,7884,5259,-1,5259,7884,5257,-1,5262,5263,7883,-1,7883,5263,7885,-1,7883,7885,1778,-1,1778,7885,1783,-1,5268,7886,5267,-1,5267,7886,7885,-1,5267,7885,5265,-1,5265,7885,5263,-1,5268,5269,7886,-1,7886,5269,7887,-1,7886,7887,1786,-1,1786,7887,1789,-1,5274,7888,5273,-1,5273,7888,7887,-1,5273,7887,5271,-1,5271,7887,5269,-1,5274,5275,7888,-1,7888,5275,7890,-1,7888,7890,224,-1,224,7890,223,-1,5280,7889,5279,-1,5279,7889,7890,-1,5279,7890,5277,-1,5277,7890,5275,-1,5280,5281,7889,-1,7889,5281,7891,-1,7889,7891,1794,-1,1794,7891,1799,-1,5286,7892,5285,-1,5285,7892,7891,-1,5285,7891,5283,-1,5283,7891,5281,-1,5286,5287,7892,-1,7892,5287,7893,-1,7892,7893,1802,-1,1802,7893,1805,-1,5292,7894,5291,-1,5291,7894,7893,-1,5291,7893,5289,-1,5289,7893,5287,-1,5292,5293,7894,-1,7894,5293,7895,-1,7894,7895,1808,-1,1808,7895,1810,-1,5298,7896,5297,-1,5297,7896,7895,-1,5297,7895,5295,-1,5295,7895,5293,-1,5298,5299,7896,-1,7896,5299,7898,-1,7896,7898,1816,-1,1816,7898,1818,-1,5304,7897,5303,-1,5303,7897,7898,-1,5303,7898,5301,-1,5301,7898,5299,-1,5304,5305,7897,-1,7897,5305,7899,-1,7897,7899,1822,-1,1822,7899,1824,-1,5310,7900,5309,-1,5309,7900,7899,-1,5309,7899,5307,-1,5307,7899,5305,-1,5310,3696,7900,-1,7900,3696,7901,-1,7900,7901,1828,-1,1828,7901,1830,-1,3693,7902,3694,-1,3694,7902,7901,-1,3694,7901,3695,-1,3695,7901,3696,-1,3693,3692,7902,-1,7902,3692,7904,-1,7902,7904,1836,-1,1836,7904,1838,-1,3689,7903,3690,-1,3690,7903,7904,-1,3690,7904,3691,-1,3691,7904,3692,-1,3689,3688,7903,-1,7903,3688,7905,-1,7903,7905,1842,-1,1842,7905,1844,-1,3685,7906,3686,-1,3686,7906,7905,-1,3686,7905,3687,-1,3687,7905,3688,-1,3685,3684,7906,-1,7906,3684,7907,-1,7906,7907,1848,-1,1848,7907,1850,-1,3681,7908,3682,-1,3682,7908,7907,-1,3682,7907,3683,-1,3683,7907,3684,-1,3681,3680,7908,-1,7908,3680,7910,-1,7908,7910,1856,-1,1856,7910,1858,-1,3677,7909,3678,-1,3678,7909,7910,-1,3678,7910,3679,-1,3679,7910,3680,-1,3677,3676,7909,-1,7909,3676,7911,-1,7909,7911,1862,-1,1862,7911,1864,-1,3673,7912,3674,-1,3674,7912,7911,-1,3674,7911,3675,-1,3675,7911,3676,-1,3673,3672,7912,-1,7912,3672,7913,-1,7912,7913,1868,-1,1868,7913,1870,-1,3669,7914,3670,-1,3670,7914,7913,-1,3670,7913,3671,-1,3671,7913,3672,-1,3669,3668,7914,-1,7914,3668,7915,-1,7914,7915,1876,-1,1876,7915,1878,-1,3665,7916,3666,-1,3666,7916,7915,-1,3666,7915,3667,-1,3667,7915,3668,-1,3665,3664,7916,-1,7916,3664,7375,-1,7916,7375,1884,-1,1884,7375,1886,-1,3661,7374,3662,-1,3662,7374,7375,-1,3662,7375,3663,-1,3663,7375,3664,-1,3661,3660,7374,-1,7374,3660,7917,-1,7374,7917,1888,-1,1888,7917,1890,-1,3657,7918,3658,-1,3658,7918,7917,-1,3658,7917,3659,-1,3659,7917,3660,-1,3657,3656,7918,-1,7918,3656,7919,-1,7918,7919,1894,-1,1894,7919,1896,-1,3653,7920,3654,-1,3654,7920,7919,-1,3654,7919,3655,-1,3655,7919,3656,-1,3653,3652,7920,-1,7920,3652,7922,-1,7920,7922,1902,-1,1902,7922,1904,-1,3649,7921,3650,-1,3650,7921,7922,-1,3650,7922,3651,-1,3651,7922,3652,-1,3649,3648,7921,-1,7921,3648,7923,-1,7921,7923,1908,-1,1908,7923,1910,-1,3645,7924,3646,-1,3646,7924,7923,-1,3646,7923,3647,-1,3647,7923,3648,-1,3645,3644,7924,-1,7924,3644,7925,-1,7924,7925,1914,-1,1914,7925,1916,-1,3641,7926,3642,-1,3642,7926,7925,-1,3642,7925,3643,-1,3643,7925,3644,-1,3641,3640,7926,-1,7926,3640,7928,-1,7926,7928,1922,-1,1922,7928,1924,-1,3637,7927,3638,-1,3638,7927,7928,-1,3638,7928,3639,-1,3639,7928,3640,-1,3637,3636,7927,-1,7927,3636,7929,-1,7927,7929,1928,-1,1928,7929,1930,-1,3633,7930,3634,-1,3634,7930,7929,-1,3634,7929,3635,-1,3635,7929,3636,-1,3633,3632,7930,-1,7930,3632,7931,-1,7930,7931,1934,-1,1934,7931,1936,-1,3629,7932,3630,-1,3630,7932,7931,-1,3630,7931,3631,-1,3631,7931,3632,-1,3629,3628,7932,-1,7932,3628,7934,-1,7932,7934,1942,-1,1942,7934,1944,-1,3625,7933,3626,-1,3626,7933,7934,-1,3626,7934,3627,-1,3627,7934,3628,-1,3625,3624,7933,-1,7933,3624,7935,-1,7933,7935,1948,-1,1948,7935,1950,-1,3621,7936,3622,-1,3622,7936,7935,-1,3622,7935,3623,-1,3623,7935,3624,-1,3621,3620,7936,-1,7936,3620,7937,-1,7936,7937,1954,-1,1954,7937,1956,-1,3617,7938,3618,-1,3618,7938,7937,-1,3618,7937,3619,-1,3619,7937,3620,-1,3617,3616,7938,-1,7938,3616,7940,-1,7938,7940,1962,-1,1962,7940,1964,-1,3613,7939,3614,-1,3614,7939,7940,-1,3614,7940,3615,-1,3615,7940,3616,-1,3613,3612,7939,-1,7939,3612,7942,-1,7939,7942,1968,-1,1968,7942,1970,-1,3609,7941,3610,-1,3610,7941,7942,-1,3610,7942,3611,-1,3611,7942,3612,-1,3609,3608,7941,-1,7941,3608,7943,-1,7941,7943,1974,-1,1974,7943,1976,-1,3605,7944,3606,-1,3606,7944,7943,-1,3606,7943,3607,-1,3607,7943,3608,-1,3605,3604,7944,-1,7944,3604,7945,-1,7944,7945,1980,-1,1980,7945,1982,-1,5313,7946,5311,-1,5311,7946,7945,-1,5311,7945,3603,-1,3603,7945,3604,-1,5313,5317,7946,-1,7946,5317,7948,-1,7946,7948,2241,-1,2241,7948,2239,-1,5319,7947,5320,-1,5320,7947,7948,-1,5320,7948,5316,-1,5316,7948,5317,-1,5319,5323,7947,-1,7947,5323,7949,-1,7947,7949,2235,-1,2235,7949,2233,-1,5325,7950,5326,-1,5326,7950,7949,-1,5326,7949,5322,-1,5322,7949,5323,-1,5325,5329,7950,-1,7950,5329,7951,-1,7950,7951,2229,-1,2229,7951,2227,-1,5331,7952,5332,-1,5332,7952,7951,-1,5332,7951,5328,-1,5328,7951,5329,-1,5331,5335,7952,-1,7952,5335,7954,-1,7952,7954,2221,-1,2221,7954,2219,-1,5337,7953,5338,-1,5338,7953,7954,-1,5338,7954,5334,-1,5334,7954,5335,-1,5337,5341,7953,-1,7953,5341,7955,-1,7953,7955,2215,-1,2215,7955,2213,-1,5343,7956,5344,-1,5344,7956,7955,-1,5344,7955,5340,-1,5340,7955,5341,-1,5343,5347,7956,-1,7956,5347,7957,-1,7956,7957,2209,-1,2209,7957,2207,-1,5349,7958,5350,-1,5350,7958,7957,-1,5350,7957,5346,-1,5346,7957,5347,-1,5349,5353,7958,-1,7958,5353,7960,-1,7958,7960,2201,-1,2201,7960,2199,-1,5355,7959,5356,-1,5356,7959,7960,-1,5356,7960,5352,-1,5352,7960,5353,-1,5355,5359,7959,-1,7959,5359,7961,-1,7959,7961,2195,-1,2195,7961,2193,-1,5361,7962,5362,-1,5362,7962,7961,-1,5362,7961,5358,-1,5358,7961,5359,-1,5361,5365,7962,-1,7962,5365,7963,-1,7962,7963,2189,-1,2189,7963,2187,-1,5367,7964,5368,-1,5368,7964,7963,-1,5368,7963,5364,-1,5364,7963,5365,-1,5367,5371,7964,-1,7964,5371,7965,-1,7964,7965,2183,-1,2183,7965,2181,-1,5373,7966,5374,-1,5374,7966,7965,-1,5374,7965,5370,-1,5370,7965,5371,-1,5373,5377,7966,-1,7966,5377,7968,-1,7966,7968,2175,-1,2175,7968,2173,-1,5381,7967,5382,-1,5382,7967,7968,-1,5382,7968,5376,-1,5376,7968,5377,-1,5381,5379,7967,-1,7967,5379,7969,-1,7967,7969,2169,-1,2169,7969,2167,-1,5385,7970,5383,-1,5383,7970,7969,-1,5383,7969,5378,-1,5378,7969,5379,-1,5385,5387,7970,-1,7970,5387,7971,-1,7970,7971,2163,-1,2163,7971,2161,-1,5391,7972,5389,-1,5389,7972,7971,-1,5389,7971,5388,-1,5388,7971,5387,-1,5391,5393,7972,-1,7972,5393,7974,-1,7972,7974,2155,-1,2155,7974,2153,-1,5397,7973,5395,-1,5395,7973,7974,-1,5395,7974,5394,-1,5394,7974,5393,-1,5397,5399,7973,-1,7973,5399,7975,-1,7973,7975,2149,-1,2149,7975,2147,-1,5403,7976,5401,-1,5401,7976,7975,-1,5401,7975,5400,-1,5400,7975,5399,-1,5403,5405,7976,-1,7976,5405,7977,-1,7976,7977,2143,-1,2143,7977,2141,-1,5409,7978,5407,-1,5407,7978,7977,-1,5407,7977,5406,-1,5406,7977,5405,-1,5409,5411,7978,-1,7978,5411,7980,-1,7978,7980,2135,-1,2135,7980,2133,-1,5415,7979,5413,-1,5413,7979,7980,-1,5413,7980,5412,-1,5412,7980,5411,-1,5415,5417,7979,-1,7979,5417,7981,-1,7979,7981,2129,-1,2129,7981,2127,-1,5421,7982,5419,-1,5419,7982,7981,-1,5419,7981,5418,-1,5418,7981,5417,-1,5421,5423,7982,-1,7982,5423,7983,-1,7982,7983,2123,-1,2123,7983,2121,-1,5427,7984,5425,-1,5425,7984,7983,-1,5425,7983,5424,-1,5424,7983,5423,-1,5427,5429,7984,-1,7984,5429,7986,-1,7984,7986,2115,-1,2115,7986,2113,-1,5433,7985,5431,-1,5431,7985,7986,-1,5431,7986,5430,-1,5430,7986,5429,-1,5433,5435,7985,-1,7985,5435,7988,-1,7985,7988,2109,-1,2109,7988,2107,-1,5439,7987,5437,-1,5437,7987,7988,-1,5437,7988,5436,-1,5436,7988,5435,-1,5439,5441,7987,-1,7987,5441,7989,-1,7987,7989,2103,-1,2103,7989,2101,-1,5445,7990,5443,-1,5443,7990,7989,-1,5443,7989,5442,-1,5442,7989,5441,-1,5445,5447,7990,-1,7990,5447,7991,-1,7990,7991,2097,-1,2097,7991,2095,-1,5451,7992,5449,-1,5449,7992,7991,-1,5449,7991,5448,-1,5448,7991,5447,-1,5451,5453,7992,-1,7992,5453,7994,-1,7992,7994,2089,-1,2089,7994,2087,-1,5457,7993,5455,-1,5455,7993,7994,-1,5455,7994,5454,-1,5454,7994,5453,-1,5457,5459,7993,-1,7993,5459,7995,-1,7993,7995,2083,-1,2083,7995,2081,-1,5463,7996,5461,-1,5461,7996,7995,-1,5461,7995,5460,-1,5460,7995,5459,-1,5463,5465,7996,-1,7996,5465,7997,-1,7996,7997,2077,-1,2077,7997,2075,-1,5469,7998,5467,-1,5467,7998,7997,-1,5467,7997,5466,-1,5466,7997,5465,-1,5469,5471,7998,-1,7998,5471,8000,-1,7998,8000,2069,-1,2069,8000,2067,-1,5475,7999,5473,-1,5473,7999,8000,-1,5473,8000,5472,-1,5472,8000,5471,-1,5475,5477,7999,-1,7999,5477,8001,-1,7999,8001,2063,-1,2063,8001,2061,-1,5481,8002,5479,-1,5479,8002,8001,-1,5479,8001,5478,-1,5478,8001,5477,-1,5481,5483,8002,-1,8002,5483,8003,-1,8002,8003,2057,-1,2057,8003,2055,-1,5487,8004,5485,-1,5485,8004,8003,-1,5485,8003,5484,-1,5484,8003,5483,-1,5487,5489,8004,-1,8004,5489,7373,-1,8004,7373,2051,-1,2051,7373,2049,-1,5493,8005,5491,-1,5491,8005,7373,-1,5491,7373,5490,-1,5490,7373,5489,-1,5493,5495,8005,-1,8005,5495,8007,-1,8005,8007,2043,-1,2043,8007,2041,-1,5499,8006,5497,-1,5497,8006,8007,-1,5497,8007,5496,-1,5496,8007,5495,-1,5499,5501,8006,-1,8006,5501,8008,-1,8006,8008,2037,-1,2037,8008,2035,-1,5505,8009,5503,-1,5503,8009,8008,-1,5503,8008,5502,-1,5502,8008,5501,-1,5505,5507,8009,-1,8009,5507,8010,-1,8009,8010,2031,-1,2031,8010,2029,-1,5511,8011,5509,-1,5509,8011,8010,-1,5509,8010,5508,-1,5508,8010,5507,-1,5511,5513,8011,-1,8011,5513,8013,-1,8011,8013,2023,-1,2023,8013,2021,-1,5517,8012,5515,-1,5515,8012,8013,-1,5515,8013,5514,-1,5514,8013,5513,-1,5517,5519,8012,-1,8012,5519,8014,-1,8012,8014,2017,-1,2017,8014,2015,-1,5523,8015,5521,-1,5521,8015,8014,-1,5521,8014,5520,-1,5520,8014,5519,-1,5523,5525,8015,-1,8015,5525,8016,-1,8015,8016,2011,-1,2011,8016,2009,-1,5529,8017,5527,-1,5527,8017,8016,-1,5527,8016,5526,-1,5526,8016,5525,-1,5529,5531,8017,-1,8017,5531,8019,-1,8017,8019,2003,-1,2003,8019,2001,-1,5535,8018,5533,-1,5533,8018,8019,-1,5533,8019,5532,-1,5532,8019,5531,-1,5535,5536,8018,-1,8018,5536,7406,-1,8018,7406,1997,-1,1997,7406,1995,-1,5539,7407,5540,-1,5540,7407,7406,-1,5540,7406,5537,-1,5537,7406,5536,-1,5539,5538,7407,-1,7407,5538,7409,-1,7407,7409,2340,-1,2340,7409,2333,-1,3701,7408,3700,-1,3700,7408,7409,-1,3700,7409,3704,-1,3704,7409,5538,-1,3701,3702,7408,-1,7408,3702,7410,-1,7408,7410,2329,-1,2329,7410,2330,-1,3702,3703,7410,-1,7410,3703,3697,-1,7410,3697,7387,-1,7387,3697,3698,-1,7387,3698,3699,-1,
        ]
    }
}
Shape{
    appearance Appearance {
        material  Material 	{
            diffuseColor 0.0 0.0 0.0
            specularColor 0.0 0.0 0.0
            ambientIntensity 0.0
            transparency 0.0
            shininess 0.5
        }
    }
    geometry IndexedFaceSet {
        ccw TRUE
        solid FALSE
        coord DEF co Coordinate {
            point [
                -0.1189 1.0893 1.4957, -0.1184 1.0853 1.4957, -0.0657 1.0937 1.4957, -0.0747 1.0892 1.4957, -0.0655 1.0898 1.4957, -0.0655 1.0898 1.614, -0.0657 1.0937 1.614, -0.0657 1.0937 1.5549, -0.0655 1.0898 1.5549, -0.0482 1.0907 1.614, -0.0484 1.0946 1.614, -0.0482 1.0907 1.4805, -0.0484 1.0946 1.4805, -0.0484 1.0946 1.5472, -0.0482 1.0907 1.5472, -0.1185 1.0853 1.4805, -0.1189 1.0893 1.4805, -0.0747 1.0892 1.4805, -0.1189 1.0893 1.4881, -0.1185 1.0853 1.4881, -0.2226 1.0689 1.5026, -0.2234 1.0728 1.5026, -0.2226 1.0689 1.4861, -0.2234 1.0728 1.4861, -0.2133 1.0748 1.4983, -0.2125 1.0709 1.4983, -0.207 1.076 1.4957, -0.2062 1.0722 1.4957, -0.2045 1.0765 1.4954, -0.2038 1.0726 1.4954, -0.1894 1.0793 1.4936, -0.1887 1.0754 1.4936, -0.1758 1.0815 1.4959, -0.1752 1.0777 1.4958, -0.1726 1.0821 1.4964, -0.1723 1.0781 1.4963, -0.1706 1.0824 1.4973, -0.17 1.0785 1.4973, -0.1665 1.083 1.4992, -0.1664 1.0791 1.4989, -0.1655 1.0832 1.5, -0.1649 1.0793 1.5, -0.1554 1.0847 1.5077, -0.1548 1.0808 1.5077, -0.1493 1.0855 1.5175, -0.1487 1.0816 1.5175, -0.1481 1.0857 1.5193, -0.1474 1.0818 1.5197, -0.1456 1.086 1.5254, -0.1451 1.0821 1.5254, -0.1444 1.0862 1.5284, -0.1439 1.0823 1.5283, -0.144 1.0862 1.5314, -0.1435 1.0823 1.5314, -0.1423 1.0865 1.5457, -0.1418 1.0825 1.5457, -0.1439 1.0862 1.5591, -0.1433 1.0824 1.5592, -0.1444 1.0862 1.5633, -0.1436 1.0823 1.5614, -0.1459 1.086 1.5675, -0.1454 1.0821 1.5675, -0.1473 1.0858 1.5718, -0.1464 1.0819 1.5709, -0.1484 1.0856 1.5735, -0.148 1.0817 1.5734, -0.1563 1.0845 1.5859, -0.1558 1.0806 1.5859, -0.1678 1.0828 1.5941, -0.1672 1.0789 1.5941, -0.1704 1.0824 1.5959, -0.1695 1.0786 1.5957, -0.173 1.082 1.5969, -0.1724 1.0781 1.5969, -0.1771 1.0813 1.5985, -0.1759 1.0776 1.5984, -0.1789 1.081 1.5988, -0.1783 1.0771 1.5987, -0.1924 1.0787 1.6007, -0.1917 1.0749 1.6007, -0.2005 1.0772 1.5997, -0.1998 1.0734 1.5997, -0.2084 1.0758 1.5987, -0.2073 1.072 1.5988, -0.2104 1.0754 1.5979, -0.2096 1.0715 1.5979, -0.2234 1.0728 1.5927, -0.2226 1.0689 1.5927, -0.2226 1.0689 1.6108, -0.2234 1.0728 1.6108, -0.2081 1.0758 1.6151, -0.1915 1.0749 1.6162, -0.1922 1.0788 1.6162, -0.2072 1.0719 1.6144, -0.2127 1.0709 1.6138, -0.1707 1.0823 1.6126, -0.17 1.0785 1.6128, -0.1686 1.0787 1.6126, -0.1678 1.0828 1.6122, -0.1633 1.0795 1.6103, -0.143 1.0824 1.5966, -0.1435 1.0863 1.5966, -0.1548 1.0808 1.6054, -0.1553 1.0847 1.6055, -0.1587 1.0802 1.6083, -0.1586 1.0842 1.608, -0.1639 1.0834 1.6104, -0.1346 1.0874 1.5831, -0.1342 1.0835 1.583, -0.1319 1.0878 1.5791, -0.1303 1.084 1.577, -0.1293 1.0881 1.5729, -0.1288 1.0842 1.5729, -0.1274 1.0883 1.5684, -0.1266 1.0844 1.567, -0.127 1.0883 1.5655, -0.1264 1.0845 1.5655, -0.1243 1.0887 1.5447, -0.1239 1.0847 1.5447, -0.1268 1.0884 1.5265, -0.1261 1.0845 1.5265, -0.1276 1.0883 1.5209, -0.1265 1.0844 1.5236, -0.1289 1.0881 1.5175, -0.1285 1.0842 1.5175, -0.131 1.0879 1.5121, -0.1302 1.084 1.5127, -0.1333 1.0876 1.5086, -0.1329 1.0837 1.5087, -0.1414 1.0866 1.4965, -0.1409 1.0827 1.4965, -0.1541 1.0848 1.4875, -0.1536 1.0809 1.4875, -0.1586 1.0842 1.4843, -0.1582 1.0803 1.4843, -0.1622 1.0837 1.4829, -0.1616 1.0798 1.4829, -0.1671 1.0829 1.481, -0.1663 1.0791 1.481, -0.1695 1.0825 1.4806, -0.1689 1.0786 1.4806, -0.1869 1.0797 1.4783, -0.1863 1.0758 1.4783, -0.1944 1.0783 1.4789, -0.1937 1.0745 1.4789, -0.2057 1.0763 1.4799, -0.2047 1.0725 1.4799, -0.2079 1.0758 1.4807, -0.2072 1.072 1.4807, -0.2654 1.0591 1.4957, -0.2664 1.0629 1.4957, -0.3181 1.0445 1.4957, -0.3192 1.0483 1.4957, -0.2654 1.0591 1.5406, -0.2664 1.0629 1.5406, -0.2664 1.0629 1.5182, -0.2654 1.0591 1.5182, -0.3115 1.0465 1.5406, -0.3127 1.0503 1.5406, -0.3115 1.0465 1.5559, -0.3127 1.0503 1.5559, -0.3127 1.0503 1.5483, -0.3115 1.0465 1.5483, -0.2654 1.0591 1.5559, -0.2664 1.0629 1.5559, -0.2654 1.0591 1.5986, -0.2664 1.0629 1.5986, -0.2664 1.0629 1.5773, -0.2654 1.0591 1.5773, -0.3152 1.0454 1.5986, -0.3163 1.0492 1.5986, -0.3151 1.0454 1.614, -0.3163 1.0492 1.614, -0.3163 1.0492 1.6063, -0.3151 1.0454 1.6063, -0.2487 1.0631 1.614, -0.2496 1.067 1.614, -0.2487 1.0631 1.4805, -0.2496 1.067 1.4805, -0.3181 1.0445 1.4805, -0.3192 1.0483 1.4805, -0.3192 1.0483 1.4881, -0.3181 1.0445 1.4881, -0.3782 1.0286 1.4805, -0.3768 1.0249 1.4805, -0.3966 1.0216 1.4832, -0.3952 1.0179 1.4831, -0.4005 1.0201 1.4837, -0.3986 1.0166 1.4836, -0.4056 1.0181 1.4858, -0.4042 1.0144 1.4858, -0.4107 1.016 1.4878, -0.4094 1.0123 1.4878, -0.4146 1.0145 1.4905, -0.4131 1.0108 1.4905, -0.4266 1.0095 1.4992, -0.425 1.0059 1.4992, -0.4435 0.9979 1.549, -0.4451 1.0015 1.549, -0.4418 0.9986 1.5336, -0.4435 1.0022 1.5336, -0.4413 0.9989 1.5288, -0.443 1.0024 1.5293, -0.4395 0.9997 1.5236, -0.4411 1.0032 1.5236, -0.4379 1.0004 1.519, -0.4399 1.0038 1.52, -0.4369 1.0008 1.5174, -0.4384 1.0044 1.5175, -0.4259 1.0055 1.5004, -0.436 1.0012 1.5817, -0.4388 1.0043 1.5795, -0.4374 1.0006 1.5784, -0.4391 1.0041 1.5785, -0.4398 0.9995 1.573, -0.4412 1.0032 1.5729, -0.4398 0.9995 1.5728, -0.4419 1.0029 1.5711, -0.4419 0.9986 1.5605, -0.4435 1.0022 1.5605, -0.4432 0.998 1.5529, -0.425 1.0059 1.5963, -0.4266 1.0095 1.5963, -0.4331 1.0024 1.5856, -0.4347 1.006 1.5857, -0.4368 1.0051 1.5831, -0.4179 1.0131 1.6023, -0.4163 1.0095 1.6022, -0.4136 1.0149 1.6052, -0.4098 1.0122 1.6066, -0.4058 1.018 1.6088, -0.4043 1.0143 1.6089, -0.4013 1.0198 1.6109, -0.3988 1.0166 1.6112, -0.3987 1.0208 1.6113, -0.3973 1.0171 1.6114, -0.3794 1.0281 1.614, -0.3781 1.0244 1.614, -0.3421 1.0369 1.614, -0.3433 1.0407 1.614, -0.3665 1.0286 1.614, -0.3421 1.0369 1.4805, -0.3433 1.0407 1.4805, -0.3433 1.0407 1.5472, -0.3421 1.0369 1.5472, -0.3665 1.0286 1.4805, -0.4264 1.0096 1.5308, -0.4251 1.0101 1.5274, -0.4234 1.0108 1.5228, -0.4225 1.0112 1.5213, -0.4152 1.0142 1.5097, -0.4039 1.0187 1.5018, -0.4017 1.0196 1.5003, -0.3986 1.0208 1.4992, -0.3942 1.0225 1.4977, -0.3927 1.0231 1.4975, -0.3781 1.0286 1.4957, -0.3597 1.0351 1.4957, -0.3597 1.0351 1.5472, -0.3597 1.0351 1.5986, -0.3788 1.0283 1.5986, -0.3925 1.0232 1.5969, -0.3957 1.0219 1.5965, -0.3984 1.0209 1.5953, -0.4051 1.0183 1.5923, -0.4073 1.0174 1.5909, -0.4149 1.0144 1.5861, -0.426 1.0097 1.5675, -0.424 1.0106 1.5724, -0.4235 1.0108 1.5737, -0.4212 1.0117 1.577, -0.4268 1.0094 1.534, -0.4284 1.0087 1.5485, -0.4274 1.0092 1.5569, -0.426 1.0097 1.5673, -0.4134 1.0107 1.5861, -0.4059 1.0137 1.5909, -0.4044 1.0143 1.5919, -0.397 1.0172 1.5953, -0.3944 1.0183 1.5965, -0.3911 1.0195 1.5969, -0.3774 1.0246 1.5986, -0.3584 1.0314 1.5986, -0.3584 1.0314 1.5472, -0.3584 1.0314 1.4957, -0.3767 1.0249 1.4957, -0.3912 1.0194 1.4976, -0.3938 1.0185 1.4979, -0.3971 1.0172 1.4992, -0.4012 1.0156 1.5008, -0.4025 1.0151 1.5017, -0.4137 1.0106 1.5097, -0.4209 1.0076 1.5214, -0.4224 1.007 1.5238, -0.4236 1.0065 1.5274, -0.425 1.0059 1.5314, -0.4253 1.0058 1.534, -0.4269 1.0051 1.5485, -0.4262 1.0054 1.5569, -0.4262 1.0054 1.5572, -0.4244 1.0062 1.5673, -0.4241 1.0063 1.5688, -0.4225 1.0069 1.5724, -0.421 1.0076 1.5758, -0.42 1.008 1.5772
            ]
        }
        coordIndex [
            0,1,2,-1,2,1,3,-1,2,3,4,-1,5,6,7,-1,5,7,8,-1,8,7,2,-1,8,2,4,-1,9,10,5,-1,5,10,6,-1,11,12,13,-1,11,13,14,-1,14,13,10,-1,14,10,9,-1,15,16,17,-1,17,16,12,-1,17,12,11,-1,1,0,18,-1,1,18,19,-1,19,18,16,-1,19,16,15,-1,18,0,2,-1,6,10,7,-1,7,10,13,-1,7,13,2,-1,2,13,12,-1,2,12,18,-1,18,12,16,-1,20,21,22,-1,22,21,23,-1,21,20,24,-1,24,20,25,-1,24,25,26,-1,26,25,27,-1,26,27,28,-1,28,27,29,-1,28,29,30,-1,30,29,31,-1,30,31,32,-1,32,31,33,-1,32,33,34,-1,34,33,35,-1,34,35,36,-1,36,35,37,-1,36,37,38,-1,38,37,39,-1,38,39,40,-1,40,39,41,-1,40,41,42,-1,42,41,43,-1,42,43,44,-1,44,43,45,-1,44,45,46,-1,46,45,47,-1,46,47,48,-1,48,47,49,-1,48,49,50,-1,50,49,51,-1,50,51,52,-1,52,51,53,-1,52,53,54,-1,54,53,55,-1,54,55,56,-1,56,55,57,-1,56,57,58,-1,58,57,59,-1,58,59,60,-1,60,59,61,-1,60,61,62,-1,62,61,63,-1,62,63,64,-1,64,63,65,-1,64,65,66,-1,66,65,67,-1,66,67,68,-1,68,67,69,-1,68,69,70,-1,70,69,71,-1,70,71,72,-1,72,71,73,-1,72,73,74,-1,74,73,75,-1,74,75,76,-1,76,75,77,-1,76,77,78,-1,78,77,79,-1,78,79,80,-1,80,79,81,-1,80,81,82,-1,82,81,83,-1,82,83,84,-1,84,83,85,-1,84,85,86,-1,86,85,87,-1,88,89,87,-1,87,89,86,-1,90,89,88,-1,91,92,93,-1,93,92,90,-1,93,90,94,-1,94,90,88,-1,95,92,91,-1,91,96,95,-1,95,96,97,-1,95,97,98,-1,98,97,99,-1,100,101,102,-1,102,101,103,-1,102,103,104,-1,104,103,105,-1,104,105,99,-1,99,105,106,-1,99,106,98,-1,101,100,107,-1,107,100,108,-1,107,108,109,-1,109,108,110,-1,109,110,111,-1,111,110,112,-1,111,112,113,-1,113,112,114,-1,113,114,115,-1,115,114,116,-1,115,116,117,-1,117,116,118,-1,117,118,119,-1,119,118,120,-1,119,120,121,-1,121,120,122,-1,121,122,123,-1,123,122,124,-1,123,124,125,-1,125,124,126,-1,125,126,127,-1,127,126,128,-1,127,128,129,-1,129,128,130,-1,129,130,131,-1,131,130,132,-1,131,132,133,-1,133,132,134,-1,133,134,135,-1,135,134,136,-1,135,136,137,-1,137,136,138,-1,137,138,139,-1,139,138,140,-1,139,140,141,-1,141,140,142,-1,141,142,143,-1,143,142,144,-1,143,144,145,-1,145,144,146,-1,145,146,147,-1,147,146,148,-1,147,148,23,-1,23,148,22,-1,34,137,139,-1,34,139,32,-1,32,139,141,-1,32,141,30,-1,30,141,143,-1,30,143,28,-1,28,143,145,-1,28,145,26,-1,26,145,147,-1,26,147,24,-1,24,147,23,-1,24,23,21,-1,137,34,135,-1,135,34,36,-1,135,36,133,-1,133,36,38,-1,133,38,131,-1,131,38,40,-1,131,40,129,-1,40,42,129,-1,129,42,44,-1,129,44,127,-1,127,44,46,-1,127,46,125,-1,125,46,123,-1,123,46,48,-1,123,48,121,-1,121,48,50,-1,121,50,119,-1,119,50,52,-1,119,52,117,-1,52,54,117,-1,117,54,56,-1,117,56,115,-1,115,56,58,-1,115,58,113,-1,113,58,111,-1,111,58,60,-1,111,60,109,-1,109,60,62,-1,109,62,107,-1,107,62,64,-1,107,64,101,-1,101,64,66,-1,101,66,103,-1,103,66,68,-1,103,68,105,-1,105,68,106,-1,106,68,70,-1,106,70,98,-1,98,70,72,-1,98,72,95,-1,72,74,95,-1,95,74,76,-1,95,76,92,-1,76,78,92,-1,92,78,80,-1,92,80,90,-1,86,89,84,-1,84,89,90,-1,84,90,82,-1,82,90,80,-1,149,150,151,-1,151,150,152,-1,153,154,155,-1,153,155,156,-1,156,155,150,-1,156,150,149,-1,157,158,153,-1,153,158,154,-1,159,160,161,-1,159,161,162,-1,162,161,158,-1,162,158,157,-1,163,164,159,-1,159,164,160,-1,165,166,167,-1,165,167,168,-1,168,167,164,-1,168,164,163,-1,169,170,165,-1,165,170,166,-1,171,172,173,-1,171,173,174,-1,174,173,170,-1,174,170,169,-1,175,176,171,-1,171,176,172,-1,177,178,175,-1,175,178,176,-1,179,180,177,-1,177,180,178,-1,151,152,181,-1,151,181,182,-1,182,181,180,-1,182,180,179,-1,154,176,178,-1,181,152,150,-1,178,180,181,-1,181,150,178,-1,178,150,155,-1,178,155,154,-1,161,160,164,-1,158,161,154,-1,154,161,164,-1,154,164,176,-1,176,164,167,-1,176,167,166,-1,166,170,176,-1,176,170,173,-1,176,173,172,-1,183,184,185,-1,185,184,186,-1,185,186,187,-1,187,186,188,-1,187,188,189,-1,189,188,190,-1,189,190,191,-1,191,190,192,-1,191,192,193,-1,193,192,194,-1,193,194,195,-1,195,194,196,-1,197,198,199,-1,199,198,200,-1,199,200,201,-1,201,200,202,-1,201,202,203,-1,203,202,204,-1,203,204,205,-1,205,204,206,-1,205,206,207,-1,207,206,208,-1,207,208,209,-1,209,208,195,-1,209,195,196,-1,210,211,212,-1,212,211,213,-1,212,213,214,-1,214,213,215,-1,214,215,216,-1,216,215,217,-1,216,217,218,-1,218,217,219,-1,218,219,220,-1,220,219,198,-1,220,198,197,-1,221,222,223,-1,223,222,224,-1,223,224,210,-1,210,224,225,-1,210,225,211,-1,222,221,226,-1,226,221,227,-1,226,227,228,-1,228,227,229,-1,228,229,230,-1,230,229,231,-1,230,231,232,-1,232,231,233,-1,232,233,234,-1,234,233,235,-1,234,235,236,-1,236,235,237,-1,238,239,240,-1,240,239,236,-1,240,236,237,-1,241,242,243,-1,241,243,244,-1,244,243,239,-1,244,239,238,-1,242,241,183,-1,183,241,245,-1,183,245,184,-1,246,247,206,-1,206,247,208,-1,247,248,208,-1,208,248,249,-1,208,249,195,-1,195,249,250,-1,195,250,193,-1,193,250,251,-1,193,251,191,-1,191,251,252,-1,191,252,189,-1,189,252,187,-1,187,252,253,-1,187,253,185,-1,253,254,185,-1,185,254,255,-1,185,255,183,-1,183,255,256,-1,183,256,242,-1,242,256,257,-1,242,257,243,-1,243,257,258,-1,243,258,239,-1,239,258,259,-1,239,259,236,-1,259,260,236,-1,236,260,261,-1,236,261,234,-1,234,261,262,-1,234,262,232,-1,232,262,263,-1,232,263,230,-1,230,263,228,-1,263,264,228,-1,228,264,265,-1,228,265,226,-1,226,265,266,-1,267,213,268,-1,268,213,211,-1,268,211,269,-1,269,211,225,-1,269,225,270,-1,270,225,224,-1,270,224,266,-1,266,224,222,-1,266,222,226,-1,206,204,246,-1,246,204,202,-1,246,202,271,-1,271,202,200,-1,271,200,272,-1,272,200,198,-1,272,198,273,-1,273,198,219,-1,273,219,274,-1,274,219,217,-1,274,217,267,-1,267,217,215,-1,267,215,213,-1,275,266,276,-1,276,266,265,-1,276,265,277,-1,277,265,264,-1,277,264,278,-1,278,264,263,-1,278,263,279,-1,279,263,262,-1,279,262,280,-1,280,262,261,-1,280,261,281,-1,281,261,260,-1,259,282,260,-1,260,282,281,-1,282,259,258,-1,282,258,283,-1,283,258,257,-1,283,257,284,-1,256,285,257,-1,257,285,284,-1,285,256,286,-1,286,256,255,-1,286,255,287,-1,287,255,254,-1,287,254,288,-1,288,254,253,-1,288,253,289,-1,289,253,252,-1,289,252,290,-1,290,252,251,-1,290,251,291,-1,291,251,250,-1,291,250,292,-1,292,250,249,-1,292,249,293,-1,293,249,248,-1,293,248,294,-1,294,248,247,-1,294,247,295,-1,295,247,246,-1,295,246,296,-1,296,246,271,-1,296,271,297,-1,297,271,272,-1,297,272,298,-1,298,272,273,-1,298,273,299,-1,299,273,300,-1,300,273,274,-1,300,274,301,-1,301,274,267,-1,301,267,302,-1,270,303,269,-1,269,303,302,-1,269,302,268,-1,268,302,267,-1,266,275,270,-1,270,275,304,-1,270,304,303,-1,
        ]
    }
}
Shape{
    appearance Appearance {
        material  Material 	{
            diffuseColor 0.7529411764705882 0.7529411764705882 0.7529411764705882
            specularColor 0.3764705882352941 0.3764705882352941 0.3764705882352941
            ambientIntensity 0.7529
            transparency 0.0
            shininess 0.5
        }
    }
    geometry IndexedFaceSet {
        ccw TRUE
        solid FALSE
        coord DEF co Coordinate {
            point [
                -0.4269 1.0051 1.5485, -0.4262 1.0054 1.5569, -0.3584 1.0314 1.5472, -0.4262 1.0054 1.5572, -0.4244 1.0062 1.5673, -0.4241 1.0063 1.5688, -0.4225 1.0069 1.5724, -0.4134 1.0107 1.5861, -0.4059 1.0137 1.5909, -0.42 1.008 1.5772, -0.421 1.0076 1.5758, -0.4044 1.0143 1.5919, -0.397 1.0172 1.5953, -0.3944 1.0183 1.5965, -0.3911 1.0195 1.5969, -0.3774 1.0246 1.5986, -0.3584 1.0314 1.5986, -0.3584 1.0314 1.4957, -0.3767 1.0249 1.4957, -0.3912 1.0194 1.4976, -0.3938 1.0185 1.4979, -0.3971 1.0172 1.4992, -0.4012 1.0156 1.5008, -0.4025 1.0151 1.5017, -0.4137 1.0106 1.5097, -0.4209 1.0076 1.5214, -0.4224 1.007 1.5238, -0.4236 1.0065 1.5274, -0.425 1.0059 1.5314, -0.4253 1.0058 1.534
            ]
        }
        coordIndex [
            0,1,2,-1,2,1,3,-1,3,4,2,-1,2,4,5,-1,2,5,6,-1,7,8,9,-1,9,8,2,-1,9,2,10,-1,10,2,6,-1,8,11,2,-1,2,11,12,-1,2,12,13,-1,13,14,2,-1,2,14,15,-1,2,15,16,-1,2,17,18,-1,18,19,2,-1,2,19,20,-1,2,20,21,-1,21,22,2,-1,2,22,23,-1,2,23,24,-1,24,25,2,-1,2,25,26,-1,2,26,27,-1,27,28,2,-1,2,28,29,-1,2,29,0,-1,
        ]
    }
}
Shape{
    appearance Appearance {
        material  Material 	{
            diffuseColor 0.0 0.0 0.0
            specularColor 0.0 0.0 0.0
            ambientIntensity 0.0
            transparency 0.0
            shininess 0.5
        }
    }
    geometry IndexedFaceSet {
        ccw TRUE
        solid FALSE
        coord DEF co Coordinate {
            point [
                -0.5144 0.9678 1.614, -0.5125 0.9644 1.614, -0.4979 0.9764 1.614, -0.5035 0.9691 1.614, -0.4962 0.9729 1.614, -0.4751 0.9877 1.5473, -0.4503 0.9948 1.4805, -0.4519 0.9984 1.4805, -0.4676 0.9869 1.4805, -0.4693 0.9904 1.4805, -0.4751 0.9876 1.4988, -0.4792 0.9813 1.517, -0.4809 0.9848 1.517, -0.5285 0.9557 1.517, -0.5304 0.9592 1.517, -0.5035 0.9691 1.517, -0.5364 0.9558 1.4988, -0.5404 0.9491 1.4805, -0.5424 0.9525 1.4805, -0.5569 0.9395 1.4805, -0.5589 0.9429 1.4805, -0.5368 0.9556 1.5473, -0.4858 0.9824 1.5321, -0.5257 0.9617 1.5321, -0.5037 0.9734 1.5876, -0.5057 0.9724 1.5969, -0.5079 0.9713 1.5876, -0.5019 0.9699 1.5876, -0.493 0.9744 1.5598, -0.4841 0.9789 1.5321, -0.5238 0.9583 1.5321, -0.515 0.9631 1.5598, -0.506 0.9678 1.5876, -0.5038 0.9689 1.5969, -0.503 0.9694 1.592
            ]
        }
        coordIndex [
            0,1,2,-1,2,1,3,-1,2,3,4,-1,2,4,5,-1,5,4,6,-1,5,6,7,-1,8,9,6,-1,6,9,7,-1,9,8,10,-1,10,8,11,-1,10,11,12,-1,13,14,15,-1,15,14,12,-1,15,12,11,-1,14,13,16,-1,16,13,17,-1,16,17,18,-1,19,20,17,-1,17,20,18,-1,20,19,21,-1,21,19,1,-1,21,1,0,-1,16,18,20,-1,7,9,10,-1,22,12,23,-1,23,12,14,-1,10,12,7,-1,7,12,22,-1,7,22,5,-1,5,22,2,-1,22,24,2,-1,2,24,25,-1,2,25,0,-1,0,25,26,-1,0,26,21,-1,21,26,23,-1,21,23,20,-1,20,23,14,-1,20,14,16,-1,27,24,28,-1,28,24,22,-1,28,22,29,-1,23,30,22,-1,22,30,29,-1,30,23,31,-1,31,23,26,-1,31,26,32,-1,32,26,33,-1,33,26,25,-1,33,25,34,-1,34,25,24,-1,34,24,27,-1,
        ]
    }
}
Shape{
    appearance Appearance {
        material  Material 	{
            diffuseColor 0.7529411764705882 0.7529411764705882 0.7529411764705882
            specularColor 0.3764705882352941 0.3764705882352941 0.3764705882352941
            ambientIntensity 0.7529
            transparency 0.0
            shininess 0.5
        }
    }
    geometry IndexedFaceSet {
        ccw TRUE
        solid FALSE
        coord DEF co Coordinate {
            point [
                -0.4841 0.9789 1.5321, -0.5238 0.9583 1.5321, -0.493 0.9744 1.5598, -0.515 0.9631 1.5598, -0.5019 0.9699 1.5876, -0.506 0.9678 1.5876, -0.503 0.9694 1.592, -0.5038 0.9689 1.5969
            ]
        }
        coordIndex [
            0,1,2,-1,2,1,3,-1,2,3,4,-1,4,3,5,-1,4,5,6,-1,6,5,7,-1,
        ]
    }
}
Shape{
    appearance Appearance {
        material  Material 	{
            diffuseColor 0.0 0.0 0.0
            specularColor 0.0 0.0 0.0
            ambientIntensity 0.0
            transparency 0.0
            shininess 0.5
        }
    }
    geometry IndexedFaceSet {
        ccw TRUE
        solid FALSE
        coord DEF co Coordinate {
            point [
                -0.1202 1.0891 1.2841, -0.1198 1.0852 1.2841, -0.0657 1.0937 1.2841, -0.0747 1.0892 1.2841, -0.0655 1.0898 1.2841, -0.0655 1.0898 1.329, -0.0657 1.0937 1.329, -0.0657 1.0937 1.3065, -0.0655 1.0898 1.3065, -0.1131 1.0859 1.329, -0.1135 1.0898 1.329, -0.0747 1.0892 1.329, -0.1131 1.0859 1.3443, -0.1135 1.0898 1.3443, -0.1135 1.0898 1.3366, -0.1131 1.0859 1.3366, -0.0657 1.0937 1.3443, -0.0747 1.0892 1.3443, -0.0655 1.0898 1.3443, -0.0655 1.0898 1.387, -0.0657 1.0937 1.387, -0.0657 1.0937 1.3656, -0.0655 1.0898 1.3656, -0.1169 1.0855 1.387, -0.1173 1.0894 1.387, -0.0747 1.0892 1.387, -0.1169 1.0855 1.4023, -0.1173 1.0894 1.4023, -0.1173 1.0894 1.3946, -0.1169 1.0855 1.3946, -0.0482 1.0907 1.4023, -0.0484 1.0946 1.4023, -0.0747 1.0892 1.4023, -0.0483 1.0907 1.2689, -0.0485 1.0946 1.2689, -0.0484 1.0946 1.3356, -0.0483 1.0907 1.3356, -0.1198 1.0852 1.2689, -0.1203 1.0891 1.2689, -0.0747 1.0892 1.2689, -0.1203 1.0891 1.2765, -0.1198 1.0852 1.2765, -0.145 1.0821 1.3412, -0.1455 1.086 1.3412, -0.145 1.0821 1.3575, -0.1455 1.086 1.3575, -0.1506 1.0853 1.3445, -0.1501 1.0814 1.3445, -0.1532 1.085 1.3462, -0.1533 1.081 1.3466, -0.1595 1.0841 1.3492, -0.1589 1.0802 1.3492, -0.1623 1.0837 1.3505, -0.1621 1.0797 1.3506, -0.1645 1.0833 1.3509, -0.1639 1.0794 1.3509, -0.1766 1.0814 1.3528, -0.1759 1.0775 1.3528, -0.195 1.0743 1.3294, -0.1957 1.0781 1.3294, -0.194 1.0744 1.3388, -0.1944 1.0784 1.3395, -0.1938 1.0745 1.3395, -0.1941 1.0784 1.3411, -0.1929 1.0746 1.3424, -0.1936 1.0785 1.3424, -0.1926 1.0747 1.3434, -0.1928 1.0787 1.3442, -0.1919 1.0748 1.3444, -0.1926 1.0787 1.3445, -0.1911 1.075 1.3457, -0.1915 1.0789 1.346, -0.1908 1.075 1.346, -0.1913 1.0789 1.3463, -0.1893 1.0753 1.3474, -0.19 1.0792 1.3474, -0.189 1.0753 1.3477, -0.1891 1.0793 1.3481, -0.1866 1.0757 1.349, -0.1873 1.0796 1.349, -0.185 1.076 1.3499, -0.1845 1.0801 1.3504, -0.1818 1.0766 1.3509, -0.1825 1.0804 1.351, -0.1817 1.0806 1.3275, -0.1671 1.0789 1.3255, -0.1677 1.0828 1.3255, -0.1562 1.0845 1.322, -0.1556 1.0807 1.3222, -0.1547 1.0808 1.322, -0.1357 1.0833 1.2944, -0.1362 1.0872 1.2944, -0.1379 1.0831 1.3047, -0.1384 1.087 1.3047, -0.1382 1.083 1.3061, -0.1387 1.0869 1.306, -0.1392 1.0829 1.3084, -0.1397 1.0868 1.3084, -0.1405 1.0827 1.3116, -0.1408 1.0867 1.3111, -0.1409 1.0827 1.312, -0.1414 1.0866 1.312, -0.1429 1.0824 1.3147, -0.1433 1.0863 1.3147, -0.1434 1.0823 1.3154, -0.1434 1.0863 1.3148, -0.1452 1.0821 1.3168, -0.1457 1.086 1.3169, -0.147 1.0819 1.3183, -0.1464 1.0859 1.3175, -0.1491 1.0816 1.3193, -0.1496 1.0855 1.3193, -0.1527 1.085 1.321, -0.1375 1.0871 1.2861, -0.137 1.0832 1.2861, -0.1377 1.0871 1.2847, -0.1372 1.0831 1.2846, -0.1383 1.087 1.2831, -0.1378 1.0831 1.2831, -0.1392 1.0869 1.2811, -0.1387 1.083 1.2811, -0.1399 1.0868 1.2802, -0.1394 1.0829 1.2802, -0.1444 1.0862 1.2741, -0.1439 1.0823 1.2741, -0.1488 1.0856 1.2714, -0.1483 1.0817 1.2714, -0.1507 1.0853 1.2702, -0.1509 1.0813 1.2697, -0.1542 1.0848 1.2687, -0.1536 1.0809 1.2687, -0.1562 1.0846 1.2678, -0.156 1.0806 1.2678, -0.1574 1.0844 1.2677, -0.1568 1.0805 1.2677, -0.1663 1.083 1.2666, -0.1657 1.0792 1.2666, -0.1759 1.0815 1.2686, -0.1753 1.0776 1.2685, -0.1766 1.0774 1.2688, -0.1786 1.0811 1.2692, -0.1812 1.0767 1.2705, -0.195 1.0743 1.2836, -0.1957 1.0781 1.2836, -0.1877 1.0756 1.2751, -0.1884 1.0794 1.2751, -0.187 1.0757 1.2743, -0.1876 1.0796 1.2742, -0.184 1.0762 1.272, -0.1847 1.0801 1.272, -0.1828 1.0764 1.2711, -0.1836 1.0803 1.2712, -0.1819 1.0805 1.2705, -0.195 1.0743 1.2689, -0.1957 1.0781 1.2689, -0.1957 1.0781 1.2762, -0.195 1.0743 1.2762, -0.2114 1.0712 1.2689, -0.2122 1.075 1.2689, -0.2114 1.0712 1.3302, -0.2122 1.075 1.3302, -0.2122 1.075 1.2995, -0.2114 1.0712 1.2995, -0.2121 1.0751 1.3308, -0.2113 1.0712 1.3308, -0.2099 1.0755 1.3429, -0.2082 1.0718 1.3463, -0.2083 1.0758 1.3475, -0.2077 1.0719 1.3476, -0.2069 1.076 1.3519, -0.2054 1.0723 1.3533, -0.2061 1.0762 1.3533, -0.2051 1.0724 1.354, -0.2042 1.0766 1.3564, -0.2034 1.0727 1.3563, -0.204 1.0766 1.3568, -0.2025 1.0729 1.3576, -0.2032 1.0768 1.3576, -0.2023 1.0729 1.3579, -0.2011 1.0772 1.3597, -0.2003 1.0733 1.3596, -0.201 1.0772 1.3597, -0.1992 1.0735 1.3605, -0.198 1.0777 1.3615, -0.1973 1.0738 1.3614, -0.1968 1.0779 1.3622, -0.1934 1.0746 1.3633, -0.194 1.0784 1.3632, -0.1933 1.0746 1.3633, -0.1912 1.0789 1.3641, -0.1891 1.0753 1.3641, -0.1775 1.0773 1.3664, -0.1781 1.0812 1.3664, -0.1898 1.0792 1.3644, -0.1651 1.0832 1.3647, -0.1645 1.0793 1.3647, -0.1612 1.0838 1.3643, -0.1598 1.08 1.364, -0.158 1.0843 1.3629, -0.1574 1.0804 1.363, -0.1946 1.0783 1.2987, -0.1949 1.0783 1.3008, -0.1957 1.0781 1.3076, -0.1942 1.0784 1.2975, -0.1934 1.0786 1.2954, -0.1927 1.0787 1.2943, -0.1822 1.0805 1.283, -0.1838 1.0802 1.2843, -0.1886 1.0794 1.2881, -0.1725 1.0821 1.2806, -0.1788 1.0811 1.2817, -0.1795 1.0809 1.2818, -0.1813 1.0806 1.2826, -0.1706 1.0824 1.2803, -0.1654 1.0832 1.2809, -0.1646 1.0833 1.281, -0.1634 1.0835 1.2815, -0.162 1.0837 1.2821, -0.1608 1.0839 1.2829, -0.158 1.0843 1.2846, -0.1554 1.0847 1.2878, -0.1549 1.0847 1.2883, -0.1545 1.0848 1.2892, -0.1541 1.0848 1.2899, -0.154 1.0849 1.2909, -0.1542 1.0848 1.3025, -0.1544 1.0848 1.3031, -0.1531 1.085 1.2958, -0.1537 1.0849 1.3007, -0.1537 1.0849 1.3012, -0.1551 1.0847 1.3042, -0.1575 1.0844 1.3078, -0.1629 1.0836 1.3109, -0.1644 1.0833 1.3118, -0.166 1.0831 1.3122, -0.1701 1.0825 1.3131, -0.1737 1.0819 1.3137, -0.1957 1.0781 1.3167, -0.1957 1.0781 1.3121, -0.195 1.0743 1.3167, -0.184 1.0762 1.3152, -0.1731 1.078 1.3137, -0.157 1.0805 1.3078, -0.1623 1.0797 1.311, -0.1634 1.0795 1.3116, -0.1654 1.0792 1.3121, -0.1545 1.0808 1.3042, -0.1541 1.0809 1.3036, -0.1537 1.0809 1.3024, -0.1531 1.081 1.3011, -0.1531 1.081 1.3007, -0.1526 1.0811 1.2958, -0.1574 1.0804 1.2846, -0.1548 1.0808 1.2878, -0.1545 1.0808 1.2881, -0.1539 1.0809 1.2892, -0.1535 1.081 1.2901, -0.1533 1.081 1.2909, -0.1528 1.0811 1.2934, -0.1602 1.08 1.2828, -0.1613 1.0798 1.2821, -0.1629 1.0796 1.2815, -0.1642 1.0794 1.281, -0.1648 1.0793 1.2809, -0.17 1.0785 1.2803, -0.1719 1.0782 1.2805, -0.188 1.0755 1.2881, -0.1832 1.0763 1.2842, -0.1824 1.0765 1.2835, -0.1807 1.0768 1.2826, -0.1792 1.077 1.2819, -0.1782 1.0772 1.2817, -0.1736 1.0779 1.2807, -0.192 1.0748 1.2943, -0.1926 1.0747 1.2952, -0.1934 1.0746 1.2976, -0.1941 1.0744 1.2994, -0.1943 1.0744 1.3008, -0.195 1.0743 1.3076, -0.195 1.0743 1.3121
            ]
        }
        coordIndex [
            0,1,2,-1,2,1,3,-1,2,3,4,-1,5,6,7,-1,5,7,8,-1,8,7,2,-1,8,2,4,-1,9,10,11,-1,11,10,6,-1,11,6,5,-1,12,13,14,-1,12,14,15,-1,15,14,10,-1,15,10,9,-1,13,12,16,-1,16,12,17,-1,16,17,18,-1,19,20,21,-1,19,21,22,-1,22,21,16,-1,22,16,18,-1,23,24,25,-1,25,24,20,-1,25,20,19,-1,26,27,28,-1,26,28,29,-1,29,28,24,-1,29,24,23,-1,30,31,32,-1,32,31,27,-1,32,27,26,-1,33,34,35,-1,33,35,36,-1,36,35,31,-1,36,31,30,-1,37,38,39,-1,39,38,34,-1,39,34,33,-1,1,0,40,-1,1,40,41,-1,41,40,38,-1,41,38,37,-1,40,0,2,-1,38,40,34,-1,34,40,2,-1,34,2,35,-1,35,2,7,-1,7,6,35,-1,35,6,10,-1,35,10,14,-1,20,31,21,-1,21,31,35,-1,21,35,16,-1,16,35,14,-1,16,14,13,-1,20,24,31,-1,31,24,28,-1,31,28,27,-1,42,43,44,-1,44,43,45,-1,43,42,46,-1,46,42,47,-1,46,47,48,-1,48,47,49,-1,48,49,50,-1,50,49,51,-1,50,51,52,-1,52,51,53,-1,52,53,54,-1,54,53,55,-1,54,55,56,-1,56,55,57,-1,58,59,60,-1,60,59,61,-1,60,61,62,-1,62,61,63,-1,62,63,64,-1,64,63,65,-1,64,65,66,-1,66,65,67,-1,66,67,68,-1,68,67,69,-1,68,69,70,-1,70,69,71,-1,70,71,72,-1,72,71,73,-1,72,73,74,-1,74,73,75,-1,74,75,76,-1,76,75,77,-1,76,77,78,-1,78,77,79,-1,78,79,80,-1,80,79,81,-1,80,81,82,-1,82,81,83,-1,82,83,57,-1,57,83,56,-1,59,58,84,-1,84,58,85,-1,84,85,86,-1,86,85,87,-1,87,85,88,-1,87,88,89,-1,90,91,92,-1,92,91,93,-1,92,93,94,-1,94,93,95,-1,94,95,96,-1,96,95,97,-1,96,97,98,-1,98,97,99,-1,98,99,100,-1,100,99,101,-1,100,101,102,-1,102,101,103,-1,102,103,104,-1,104,103,105,-1,104,105,106,-1,106,105,107,-1,106,107,108,-1,108,107,109,-1,108,109,110,-1,110,109,111,-1,110,111,89,-1,89,111,112,-1,89,112,87,-1,91,90,113,-1,113,90,114,-1,113,114,115,-1,115,114,116,-1,115,116,117,-1,117,116,118,-1,117,118,119,-1,119,118,120,-1,119,120,121,-1,121,120,122,-1,121,122,123,-1,123,122,124,-1,123,124,125,-1,125,124,126,-1,125,126,127,-1,127,126,128,-1,127,128,129,-1,129,128,130,-1,129,130,131,-1,131,130,132,-1,131,132,133,-1,133,132,134,-1,133,134,135,-1,135,134,136,-1,137,135,136,-1,136,138,137,-1,137,138,139,-1,137,139,140,-1,140,139,141,-1,142,143,144,-1,144,143,145,-1,144,145,146,-1,146,145,147,-1,146,147,148,-1,148,147,149,-1,148,149,150,-1,150,149,151,-1,150,151,141,-1,141,151,152,-1,141,152,140,-1,153,154,155,-1,153,155,156,-1,156,155,143,-1,156,143,142,-1,157,158,153,-1,153,158,154,-1,159,160,161,-1,159,161,162,-1,162,161,158,-1,162,158,157,-1,160,159,163,-1,163,159,164,-1,163,164,165,-1,165,164,166,-1,165,166,167,-1,167,166,168,-1,167,168,169,-1,169,168,170,-1,169,170,171,-1,171,170,172,-1,171,172,173,-1,173,172,174,-1,173,174,175,-1,175,174,176,-1,175,176,177,-1,177,176,178,-1,177,178,179,-1,179,178,180,-1,179,180,181,-1,181,180,182,-1,181,182,183,-1,183,182,184,-1,183,184,185,-1,185,184,186,-1,185,186,187,-1,187,186,188,-1,187,188,189,-1,189,188,190,-1,191,192,190,-1,190,192,193,-1,190,193,189,-1,192,191,194,-1,194,191,195,-1,194,195,196,-1,196,195,197,-1,196,197,198,-1,198,197,199,-1,198,199,45,-1,45,199,44,-1,155,154,158,-1,45,43,46,-1,46,48,45,-1,45,48,50,-1,45,50,198,-1,198,50,52,-1,198,52,196,-1,196,52,54,-1,196,54,194,-1,194,54,56,-1,194,56,192,-1,192,56,83,-1,192,83,193,-1,193,83,81,-1,193,81,189,-1,189,81,79,-1,189,79,187,-1,187,79,77,-1,187,77,185,-1,185,77,183,-1,183,77,181,-1,181,77,75,-1,181,75,179,-1,179,75,177,-1,177,75,73,-1,177,73,175,-1,175,73,173,-1,173,73,71,-1,173,71,171,-1,171,71,69,-1,171,69,169,-1,69,67,169,-1,169,67,65,-1,169,65,167,-1,167,65,63,-1,167,63,165,-1,165,63,61,-1,165,61,163,-1,200,143,201,-1,201,143,202,-1,200,203,143,-1,143,203,204,-1,143,204,205,-1,206,145,207,-1,207,145,143,-1,207,143,208,-1,208,143,205,-1,135,137,209,-1,209,137,140,-1,209,140,210,-1,210,140,152,-1,210,152,211,-1,211,152,151,-1,211,151,212,-1,212,151,149,-1,212,149,206,-1,206,149,147,-1,206,147,145,-1,209,213,135,-1,135,213,214,-1,135,214,133,-1,214,215,133,-1,133,215,216,-1,133,216,131,-1,131,216,217,-1,131,217,129,-1,129,217,218,-1,129,218,127,-1,127,218,219,-1,127,219,125,-1,125,219,123,-1,123,219,220,-1,123,220,121,-1,121,220,221,-1,121,221,119,-1,119,221,222,-1,119,222,117,-1,117,222,223,-1,117,223,115,-1,115,223,113,-1,113,223,224,-1,113,224,91,-1,225,226,99,-1,224,227,91,-1,91,227,228,-1,91,228,93,-1,93,228,229,-1,93,229,95,-1,95,229,225,-1,95,225,97,-1,97,225,99,-1,107,105,230,-1,230,105,103,-1,230,103,226,-1,226,103,101,-1,226,101,99,-1,107,230,109,-1,109,230,231,-1,109,231,111,-1,111,231,112,-1,112,231,232,-1,112,232,87,-1,232,233,87,-1,87,233,234,-1,87,234,86,-1,86,234,235,-1,86,235,236,-1,237,59,236,-1,236,59,84,-1,236,84,86,-1,61,59,163,-1,163,59,237,-1,163,237,160,-1,160,237,161,-1,237,238,161,-1,161,238,202,-1,161,202,158,-1,158,202,143,-1,158,143,155,-1,239,237,240,-1,240,237,236,-1,240,236,241,-1,231,242,232,-1,232,242,243,-1,232,243,233,-1,233,243,244,-1,233,244,234,-1,234,244,245,-1,234,245,235,-1,235,245,241,-1,235,241,236,-1,242,231,246,-1,246,231,230,-1,246,230,247,-1,247,230,226,-1,247,226,248,-1,248,226,225,-1,248,225,249,-1,249,225,229,-1,249,229,250,-1,250,229,228,-1,250,228,251,-1,251,228,227,-1,219,252,220,-1,220,252,253,-1,220,253,221,-1,221,253,254,-1,221,254,222,-1,222,254,255,-1,222,255,223,-1,223,255,256,-1,223,256,224,-1,224,256,257,-1,224,257,227,-1,227,257,258,-1,227,258,251,-1,252,219,259,-1,259,219,218,-1,259,218,260,-1,260,218,217,-1,260,217,261,-1,261,217,216,-1,261,216,262,-1,262,216,215,-1,262,215,263,-1,263,215,214,-1,263,214,264,-1,264,214,213,-1,264,213,265,-1,265,213,209,-1,208,266,207,-1,207,266,267,-1,207,267,206,-1,206,267,268,-1,206,268,212,-1,212,268,269,-1,212,269,211,-1,211,269,270,-1,211,270,210,-1,210,270,271,-1,210,271,209,-1,209,271,272,-1,209,272,265,-1,266,208,273,-1,273,208,205,-1,273,205,274,-1,274,205,204,-1,274,204,275,-1,275,204,203,-1,275,203,276,-1,276,203,200,-1,276,200,277,-1,277,200,201,-1,277,201,278,-1,278,201,202,-1,278,202,238,-1,278,238,279,-1,279,238,237,-1,279,237,239,-1,
        ]
    }
}
Shape{
    appearance Appearance {
        material  Material 	{
            diffuseColor 0.7529411764705882 0.7529411764705882 0.7529411764705882
            specularColor 0.3764705882352941 0.3764705882352941 0.3764705882352941
            ambientIntensity 0.7529
            transparency 0.0
            shininess 0.5
        }
    }
    geometry IndexedFaceSet {
        ccw TRUE
        solid FALSE
        coord DEF co Coordinate {
            point [
                -0.184 1.0762 1.3152, -0.192 1.0748 1.2943, -0.1926 1.0747 1.2952, -0.1934 1.0746 1.2976, -0.1941 1.0744 1.2994, -0.1943 1.0744 1.3008, -0.195 1.0743 1.3076, -0.195 1.0743 1.3121, -0.195 1.0743 1.3167, -0.1623 1.0797 1.311, -0.157 1.0805 1.3078, -0.1545 1.0808 1.3042, -0.1537 1.0809 1.3024, -0.1538 1.0809 1.3025, -0.1541 1.0809 1.3036, -0.1531 1.081 1.3011, -0.1531 1.081 1.3007, -0.1526 1.0811 1.2958, -0.1528 1.0811 1.2934, -0.1533 1.081 1.2909, -0.1535 1.081 1.2901, -0.1539 1.0809 1.2892, -0.1545 1.0808 1.2881, -0.1548 1.0808 1.2878, -0.1574 1.0804 1.2846, -0.1654 1.0792 1.3121, -0.1634 1.0795 1.3116, -0.1602 1.08 1.2828, -0.1613 1.0798 1.2821, -0.1629 1.0796 1.2815, -0.1642 1.0794 1.281, -0.1648 1.0793 1.2809, -0.17 1.0785 1.2803, -0.1792 1.077 1.2819, -0.1807 1.0768 1.2826, -0.1731 1.078 1.3137, -0.1719 1.0782 1.2805, -0.1736 1.0779 1.2807, -0.1782 1.0772 1.2817, -0.1824 1.0765 1.2835, -0.1832 1.0763 1.2842, -0.188 1.0755 1.2881
            ]
        }
        coordIndex [
            0,1,2,-1,2,3,0,-1,0,3,4,-1,0,4,5,-1,5,6,0,-1,0,6,7,-1,0,7,8,-1,9,10,11,-1,12,13,14,-1,14,13,11,-1,12,15,13,-1,13,15,16,-1,13,16,17,-1,17,18,13,-1,13,18,19,-1,13,19,11,-1,11,19,20,-1,11,20,21,-1,21,22,11,-1,11,22,23,-1,11,23,9,-1,24,25,23,-1,23,25,26,-1,23,26,9,-1,24,27,25,-1,25,27,28,-1,25,28,29,-1,29,30,25,-1,25,30,31,-1,25,31,32,-1,33,34,35,-1,32,36,25,-1,25,36,37,-1,25,37,35,-1,35,37,38,-1,35,38,33,-1,34,39,35,-1,35,39,40,-1,35,40,0,-1,0,40,41,-1,0,41,1,-1,
        ]
    }
}
Shape{
    appearance Appearance {
        material  Material 	{
            diffuseColor 0.0 0.0 0.0
            specularColor 0.0 0.0 0.0
            ambientIntensity 0.0
            transparency 0.0
            shininess 0.5
        }
    }
    geometry IndexedFaceSet {
        ccw TRUE
        solid FALSE
        coord DEF co Coordinate {
            point [
                -0.2336 1.0666 1.2722, -0.2344 1.0704 1.2722, -0.2336 1.0666 1.2895, -0.2344 1.0704 1.2895, -0.2468 1.0676 1.2679, -0.2588 1.0607 1.2666, -0.2597 1.0646 1.2666, -0.2459 1.0638 1.2682, -0.2441 1.0642 1.2684, -0.272 1.0615 1.2682, -0.2651 1.0592 1.2671, -0.271 1.0577 1.2681, -0.2752 1.0607 1.2686, -0.2745 1.0568 1.2687, -0.2771 1.0602 1.2695, -0.2761 1.0564 1.2695, -0.2868 1.0576 1.2742, -0.2857 1.0538 1.2742, -0.2902 1.0567 1.2776, -0.2891 1.0529 1.2776, -0.291 1.0565 1.2785, -0.2906 1.0525 1.2792, -0.2936 1.0557 1.2818, -0.2926 1.0519 1.2819, -0.2944 1.0555 1.2829, -0.2935 1.0517 1.2832, -0.2948 1.0554 1.2839, -0.2938 1.0516 1.2839, -0.2957 1.0552 1.286, -0.2948 1.0513 1.2865, -0.2959 1.0551 1.287, -0.2948 1.0513 1.287, -0.2972 1.0548 1.2948, -0.2961 1.051 1.2948, -0.2965 1.0549 1.3007, -0.2956 1.0511 1.3, -0.2954 1.0512 1.3006, -0.2964 1.055 1.3018, -0.2947 1.0513 1.3035, -0.2958 1.0552 1.3035, -0.2947 1.0514 1.3039, -0.2952 1.0553 1.3051, -0.2934 1.0517 1.3059, -0.2907 1.0525 1.3106, -0.2918 1.0563 1.3106, -0.2946 1.0555 1.306, -0.282 1.0589 1.318, -0.2698 1.058 1.3229, -0.2708 1.0618 1.3229, -0.2808 1.0551 1.3177, -0.2831 1.0545 1.3166, -0.2676 1.0585 1.3238, -0.2541 1.0619 1.3311, -0.255 1.0657 1.3311, -0.2619 1.064 1.3267, -0.254 1.066 1.3323, -0.2521 1.0623 1.3338, -0.253 1.0662 1.3338, -0.2524 1.0663 1.3347, -0.2514 1.0625 1.3348, -0.2523 1.0663 1.3349, -0.2514 1.0625 1.3349, -0.2519 1.0664 1.3361, -0.251 1.0626 1.3361, -0.251 1.0626 1.3361, -0.2518 1.0665 1.3362, -0.2505 1.0627 1.34, -0.2514 1.0666 1.34, -0.2519 1.0664 1.3427, -0.251 1.0626 1.3427, -0.2519 1.0664 1.3428, -0.2524 1.0663 1.3446, -0.2512 1.0626 1.3437, -0.2515 1.0625 1.3445, -0.2526 1.0663 1.345, -0.2518 1.0624 1.3453, -0.2529 1.0662 1.3456, -0.252 1.0624 1.3456, -0.2534 1.0661 1.3464, -0.2527 1.0622 1.3466, -0.2537 1.066 1.3467, -0.2528 1.0622 1.3467, -0.2564 1.0654 1.3492, -0.2555 1.0615 1.3492, -0.2613 1.0642 1.3515, -0.2603 1.0604 1.3515, -0.2625 1.0639 1.3521, -0.2616 1.0601 1.3521, -0.2638 1.0636 1.3522, -0.2629 1.0597 1.3522, -0.2692 1.0622 1.3528, -0.2683 1.0584 1.3528, -0.2788 1.0597 1.3515, -0.2778 1.0559 1.3514, -0.2815 1.059 1.3511, -0.2812 1.055 1.3509, -0.2838 1.0584 1.35, -0.2828 1.0546 1.3501, -0.2927 1.056 1.3459, -0.2917 1.0522 1.3459, -0.2917 1.0522 1.3621, -0.2927 1.056 1.3621, -0.282 1.0589 1.3654, -0.2699 1.058 1.3664, -0.2708 1.0618 1.3664, -0.2809 1.0551 1.365, -0.2843 1.0542 1.3646, -0.2592 1.0647 1.3647, -0.2639 1.0595 1.3659, -0.2583 1.0609 1.3648, -0.2562 1.0654 1.3643, -0.255 1.0617 1.3642, -0.2544 1.0658 1.3634, -0.2535 1.062 1.3634, -0.2451 1.068 1.3588, -0.2442 1.0642 1.3588, -0.2419 1.0688 1.3557, -0.241 1.0649 1.3556, -0.2411 1.0689 1.3548, -0.2394 1.0653 1.354, -0.2382 1.0696 1.3513, -0.2374 1.0657 1.3513, -0.2374 1.0697 1.3503, -0.2364 1.0659 1.3499, -0.237 1.0698 1.3492, -0.2361 1.066 1.3492, -0.2361 1.07 1.3472, -0.2351 1.0662 1.3467, -0.2359 1.0701 1.3462, -0.235 1.0662 1.3462, -0.2346 1.0704 1.3385, -0.2337 1.0665 1.3385, -0.235 1.0703 1.3337, -0.234 1.0665 1.3352, -0.2342 1.0664 1.3337, -0.235 1.0703 1.3332, -0.2347 1.0663 1.3307, -0.2356 1.0701 1.3307, -0.2348 1.0663 1.3303, -0.236 1.0701 1.3292, -0.2359 1.0661 1.3281, -0.2383 1.0655 1.3234, -0.2392 1.0694 1.3234, -0.2366 1.0699 1.3281, -0.2485 1.0673 1.3158, -0.2584 1.0608 1.3108, -0.2593 1.0647 1.3108, -0.2477 1.0634 1.316, -0.2462 1.0637 1.3167, -0.2613 1.0601 1.3096, -0.2754 1.0566 1.3022, -0.2763 1.0604 1.3022, -0.2683 1.0625 1.3071, -0.277 1.0602 1.3016, -0.277 1.0561 1.3004, -0.2789 1.0597 1.2992, -0.2779 1.0559 1.2992, -0.2792 1.0596 1.2987, -0.2785 1.0558 1.2983, -0.2796 1.0595 1.298, -0.2786 1.0557 1.298, -0.2799 1.0595 1.2972, -0.279 1.0556 1.2969, -0.28 1.0594 1.2968, -0.279 1.0556 1.2968, -0.2805 1.0593 1.2932, -0.2795 1.0555 1.2932, -0.2793 1.0596 1.2903, -0.2783 1.0558 1.2903, -0.2782 1.0599 1.2878, -0.2769 1.0562 1.2872, -0.2767 1.0603 1.2856, -0.2757 1.0565 1.2856, -0.2757 1.0606 1.284, -0.2745 1.0568 1.2838, -0.2752 1.0607 1.2835, -0.2743 1.0569 1.2835, -0.2743 1.0609 1.2826, -0.2733 1.0571 1.2826, -0.2743 1.0609 1.2826, -0.2733 1.0571 1.2826, -0.2733 1.0612 1.2821, -0.2723 1.0574 1.2821, -0.2729 1.0613 1.2818, -0.2718 1.0575 1.2818, -0.2717 1.0616 1.2815, -0.2708 1.0578 1.2815, -0.2702 1.062 1.281, -0.2689 1.0582 1.2809, -0.2692 1.0622 1.2809, -0.2683 1.0584 1.2809, -0.2613 1.0642 1.2803, -0.2604 1.0604 1.2803, -0.2488 1.0672 1.2824, -0.252 1.0624 1.2813, -0.2479 1.0633 1.2824, -0.2471 1.0676 1.2827, -0.2449 1.064 1.2832, -0.2441 1.0682 1.2843, -0.2431 1.0644 1.2842, -0.3505 1.0341 1.2924, -0.3517 1.0379 1.2924, -0.3665 1.0285 1.3393, -0.3641 1.0336 1.3283, -0.375 1.0255 1.3642, -0.3764 1.0292 1.3642, -0.3506 1.0383 1.2883, -0.3481 1.0349 1.2847, -0.3494 1.0387 1.2847, -0.3474 1.0393 1.2925, -0.3462 1.0356 1.2925, -0.3355 1.0432 1.3284, -0.3224 1.0432 1.3642, -0.3236 1.047 1.3642, -0.3045 1.0486 1.3642, -0.3056 1.0524 1.3642, -0.3236 1.047 1.3166, -0.3403 1.0375 1.2691, -0.3415 1.0413 1.2691, -0.338 1.0424 1.2604, -0.3333 1.0398 1.2518, -0.3345 1.0436 1.2518, -0.3169 1.0449 1.2383, -0.318 1.0487 1.2383, -0.323 1.043 1.24, -0.3242 1.0468 1.24, -0.3238 1.0428 1.2402, -0.3249 1.0466 1.2402, -0.3254 1.0423 1.241, -0.3265 1.0461 1.241, -0.3263 1.042 1.2415, -0.3276 1.0457 1.2416, -0.3268 1.0419 1.242, -0.328 1.0456 1.242, -0.328 1.0415 1.2431, -0.3292 1.0452 1.2432, -0.328 1.0415 1.2431, -0.3296 1.0451 1.2436, -0.3302 1.0408 1.2465, -0.3314 1.0445 1.2466, -0.3323 1.0401 1.2498, -0.3078 1.0476 1.2402, -0.3089 1.0514 1.2402, -0.3123 1.0463 1.2392, -0.3133 1.0501 1.239, -0.3155 1.0453 1.2384, -0.3078 1.0476 1.2254, -0.3089 1.0514 1.2254, -0.3089 1.0514 1.2328, -0.3078 1.0476 1.2328, -0.3141 1.0498 1.2244, -0.3181 1.0445 1.224, -0.3193 1.0483 1.224, -0.3279 1.0456 1.2269, -0.3267 1.0419 1.2269, -0.3287 1.0454 1.2271, -0.3278 1.0415 1.2272, -0.3301 1.0449 1.2278, -0.3289 1.0412 1.2278, -0.3364 1.0429 1.231, -0.3352 1.0392 1.231, -0.3368 1.0428 1.2312, -0.3357 1.039 1.2312, -0.3399 1.0418 1.2339, -0.3387 1.038 1.2339, -0.3414 1.0413 1.2351, -0.3402 1.0375 1.2352, -0.343 1.0408 1.2373, -0.3417 1.0371 1.2373, -0.3455 1.0399 1.2409, -0.3448 1.0361 1.2417, -0.3467 1.0396 1.2433, -0.3455 1.0358 1.2433, -0.3518 1.0379 1.2545, -0.3505 1.0341 1.2545, -0.3665 1.0284 1.2973, -0.3913 1.0194 1.3642, -0.3927 1.0231 1.3642, -0.3723 1.0307 1.3093, -0.424 1.0063 1.2841, -0.4255 1.01 1.2841, -0.4738 0.9839 1.2841, -0.4755 0.9875 1.2841, -0.424 1.0063 1.329, -0.4255 1.01 1.329, -0.4255 1.01 1.3065, -0.424 1.0063 1.3065, -0.4676 0.9869 1.329, -0.4693 0.9904 1.329, -0.4676 0.9869 1.3443, -0.4693 0.9904 1.3443, -0.4693 0.9904 1.3366, -0.4676 0.9869 1.3366, -0.424 1.0063 1.3443, -0.4255 1.0099 1.3443, -0.424 1.0063 1.387, -0.4255 1.0099 1.387, -0.4255 1.0099 1.3656, -0.424 1.0063 1.3656, -0.471 0.9852 1.3869, -0.4727 0.9888 1.3869, -0.471 0.9853 1.4023, -0.4727 0.9888 1.4023, -0.4727 0.9888 1.3946, -0.471 0.9853 1.3946, -0.4081 1.0129 1.4023, -0.4095 1.0165 1.4023, -0.408 1.0129 1.2689, -0.4095 1.0165 1.2689, -0.4095 1.0165 1.3356, -0.408 1.0129 1.3356, -0.4738 0.9839 1.2689, -0.4755 0.9875 1.2689, -0.4755 0.9875 1.2765, -0.4738 0.9839 1.2765, -0.5307 0.959 1.2689, -0.5288 0.9556 1.2689, -0.5479 0.9493 1.2715, -0.5459 0.9459 1.2715, -0.5515 0.9472 1.2721, -0.549 0.9441 1.2719, -0.5563 0.9444 1.2741, -0.5543 0.941 1.2741, -0.561 0.9417 1.2761, -0.5591 0.9382 1.2762, -0.5646 0.9395 1.2789, -0.5625 0.9361 1.2789, -0.5757 0.9328 1.2876, -0.5736 0.9294 1.2876, -0.5907 0.9187 1.3373, -0.5928 0.922 1.3373, -0.5891 0.9197 1.3219, -0.5913 0.923 1.3219, -0.5886 0.92 1.3172, -0.5909 0.9233 1.3177, -0.587 0.9211 1.312, -0.5891 0.9244 1.312, -0.5855 0.922 1.3073, -0.588 0.9251 1.3083, -0.5846 0.9226 1.3058, -0.5866 0.926 1.3059, -0.5745 0.9289 1.2888, -0.5838 0.9231 1.37, -0.5869 0.9257 1.3679, -0.5851 0.9223 1.3668, -0.5873 0.9255 1.3668, -0.5872 0.9209 1.3613, -0.5892 0.9243 1.3613, -0.5873 0.9209 1.3612, -0.5898 0.9239 1.3595, -0.5892 0.9197 1.3488, -0.5913 0.923 1.3488, -0.5904 0.9189 1.3412, -0.5736 0.9294 1.3846, -0.5757 0.9328 1.3846, -0.581 0.9248 1.374, -0.5832 0.9281 1.3741, -0.5851 0.9269 1.3714, -0.5676 0.9377 1.3906, -0.5655 0.9343 1.3905, -0.5637 0.9401 1.3935, -0.5595 0.938 1.3949, -0.5564 0.9443 1.3972, -0.5544 0.9409 1.3972, -0.5523 0.9468 1.3993, -0.5493 0.944 1.3996, -0.5499 0.9481 1.3996, -0.5479 0.9447 1.3998, -0.532 0.9583 1.4023, -0.5301 0.9549 1.4023, -0.4982 0.9763 1.4023, -0.5035 0.9691 1.4023, -0.4964 0.9727 1.4023, -0.4964 0.9727 1.2689, -0.4982 0.9762 1.2689, -0.4982 0.9763 1.3356, -0.4964 0.9727 1.3356, -0.5035 0.9691 1.2689, -0.5756 0.9328 1.3192, -0.5744 0.9336 1.3158, -0.5728 0.9346 1.3111, -0.5719 0.9351 1.3097, -0.5652 0.9392 1.298, -0.5547 0.9453 1.2902, -0.5526 0.9466 1.2886, -0.5497 0.9482 1.2876, -0.5456 0.9506 1.286, -0.5442 0.9514 1.2858, -0.5306 0.9591 1.2841, -0.5135 0.9683 1.2841, -0.5135 0.9683 1.3355, -0.5135 0.9683 1.3869, -0.5314 0.9586 1.3869, -0.5441 0.9514 1.3852, -0.5471 0.9498 1.3848, -0.5496 0.9483 1.3836, -0.5729 0.9345 1.3621, -0.5708 0.9358 1.3653, -0.5649 0.9393 1.3744, -0.5579 0.9435 1.3792, -0.5559 0.9447 1.3806, -0.5733 0.9342 1.3607, -0.5759 0.9326 1.3223, -0.5774 0.9317 1.3368, -0.5764 0.9323 1.3452, -0.5752 0.9331 1.3556, -0.5752 0.9331 1.3558, -0.5628 0.936 1.3744, -0.5559 0.9401 1.3793, -0.5545 0.9409 1.3802, -0.5476 0.9449 1.3836, -0.5452 0.9463 1.3848, -0.5422 0.948 1.3852, -0.5295 0.9552 1.3869, -0.5117 0.9648 1.3869, -0.5117 0.9648 1.3355, -0.5117 0.9648 1.2841, -0.5287 0.9556 1.2841, -0.5422 0.948 1.2859, -0.5446 0.9467 1.2862, -0.5477 0.9448 1.2876, -0.5515 0.9427 1.2891, -0.5528 0.9419 1.2901, -0.5632 0.9358 1.298, -0.5698 0.9317 1.3097, -0.5712 0.9309 1.3122, -0.5724 0.9302 1.3157, -0.5736 0.9294 1.3197, -0.5739 0.9292 1.3223, -0.5753 0.9284 1.3368, -0.5747 0.9287 1.3452, -0.5747 0.9287 1.3455, -0.573 0.9298 1.3556, -0.5728 0.9299 1.3571, -0.5713 0.9309 1.3607, -0.5699 0.9317 1.3641, -0.5689 0.9323 1.3655
            ]
        }
        coordIndex [
            0,1,2,-1,2,1,3,-1,4,1,0,-1,5,6,7,-1,7,6,4,-1,7,4,8,-1,8,4,0,-1,9,6,5,-1,5,10,9,-1,9,10,11,-1,9,11,12,-1,12,11,13,-1,12,13,14,-1,14,13,15,-1,14,15,16,-1,16,15,17,-1,16,17,18,-1,18,17,19,-1,18,19,20,-1,20,19,21,-1,20,21,22,-1,22,21,23,-1,22,23,24,-1,24,23,25,-1,24,25,26,-1,26,25,27,-1,26,27,28,-1,28,27,29,-1,28,29,30,-1,30,29,31,-1,30,31,32,-1,32,31,33,-1,34,32,33,-1,33,35,34,-1,34,35,36,-1,34,36,37,-1,37,36,38,-1,37,38,39,-1,39,38,40,-1,39,40,41,-1,41,40,42,-1,43,44,42,-1,42,44,45,-1,42,45,41,-1,46,44,43,-1,47,48,49,-1,49,48,46,-1,49,46,50,-1,50,46,43,-1,48,47,51,-1,52,53,51,-1,51,53,54,-1,51,54,48,-1,53,52,55,-1,55,52,56,-1,55,56,57,-1,57,56,58,-1,58,56,59,-1,58,59,60,-1,60,59,61,-1,60,61,62,-1,61,63,62,-1,62,63,64,-1,62,64,65,-1,65,64,66,-1,65,66,67,-1,67,66,68,-1,68,66,69,-1,68,69,70,-1,70,69,71,-1,69,72,71,-1,71,72,73,-1,71,73,74,-1,74,73,75,-1,74,75,76,-1,76,75,77,-1,76,77,78,-1,78,77,79,-1,78,79,80,-1,80,79,81,-1,80,81,82,-1,82,81,83,-1,82,83,84,-1,84,83,85,-1,84,85,86,-1,86,85,87,-1,86,87,88,-1,88,87,89,-1,88,89,90,-1,90,89,91,-1,90,91,92,-1,92,91,93,-1,92,93,94,-1,94,93,95,-1,94,95,96,-1,96,95,97,-1,96,97,98,-1,98,97,99,-1,100,101,99,-1,99,101,98,-1,102,101,100,-1,103,104,105,-1,105,104,102,-1,105,102,106,-1,106,102,100,-1,107,104,103,-1,103,108,107,-1,107,108,109,-1,107,109,110,-1,110,109,111,-1,110,111,112,-1,112,111,113,-1,112,113,114,-1,114,113,115,-1,114,115,116,-1,116,115,117,-1,116,117,118,-1,118,117,119,-1,118,119,120,-1,120,119,121,-1,120,121,122,-1,122,121,123,-1,122,123,124,-1,124,123,125,-1,124,125,126,-1,126,125,127,-1,126,127,128,-1,128,127,129,-1,128,129,130,-1,130,129,131,-1,132,130,131,-1,131,133,132,-1,132,133,134,-1,132,134,135,-1,135,134,136,-1,135,136,137,-1,137,136,138,-1,137,138,139,-1,139,138,140,-1,141,142,140,-1,140,142,143,-1,140,143,139,-1,144,142,141,-1,145,146,147,-1,147,146,144,-1,147,144,148,-1,148,144,141,-1,146,145,149,-1,150,151,149,-1,149,151,152,-1,149,152,146,-1,151,150,153,-1,153,150,154,-1,153,154,155,-1,155,154,156,-1,155,156,157,-1,157,156,158,-1,157,158,159,-1,159,158,160,-1,159,160,161,-1,161,160,162,-1,161,162,163,-1,163,162,164,-1,163,164,165,-1,165,164,166,-1,165,166,167,-1,167,166,168,-1,167,168,169,-1,169,168,170,-1,169,170,171,-1,171,170,172,-1,171,172,173,-1,173,172,174,-1,173,174,175,-1,175,174,176,-1,175,176,177,-1,177,176,178,-1,177,178,179,-1,179,178,180,-1,179,180,181,-1,181,180,182,-1,181,182,183,-1,183,182,184,-1,183,184,185,-1,185,184,186,-1,185,186,187,-1,187,186,188,-1,187,188,189,-1,189,188,190,-1,189,190,191,-1,191,190,192,-1,193,191,192,-1,192,194,193,-1,193,194,195,-1,193,195,196,-1,196,195,197,-1,196,197,198,-1,198,197,199,-1,198,199,3,-1,3,199,2,-1,161,39,159,-1,159,39,41,-1,159,41,157,-1,157,41,45,-1,157,45,155,-1,155,45,44,-1,155,44,153,-1,153,44,151,-1,151,44,46,-1,151,46,152,-1,152,46,48,-1,152,48,146,-1,146,48,54,-1,146,54,144,-1,144,54,53,-1,144,53,142,-1,53,55,142,-1,142,55,57,-1,142,57,143,-1,143,57,58,-1,143,58,139,-1,139,58,60,-1,139,60,137,-1,137,60,62,-1,137,62,135,-1,135,62,65,-1,135,65,132,-1,132,65,67,-1,132,67,130,-1,130,67,68,-1,130,68,128,-1,128,68,70,-1,128,70,126,-1,126,70,124,-1,124,70,71,-1,124,71,122,-1,122,71,74,-1,122,74,120,-1,120,74,118,-1,118,74,76,-1,118,76,116,-1,76,78,116,-1,116,78,80,-1,116,80,114,-1,114,80,82,-1,114,82,112,-1,112,82,84,-1,112,84,110,-1,110,84,86,-1,110,86,107,-1,107,86,88,-1,107,88,104,-1,88,90,104,-1,104,90,92,-1,104,92,102,-1,98,101,96,-1,96,101,102,-1,96,102,94,-1,94,102,92,-1,26,28,167,-1,167,28,30,-1,167,30,165,-1,165,30,32,-1,165,32,163,-1,163,32,34,-1,163,34,161,-1,161,34,37,-1,161,37,39,-1,169,22,167,-1,167,22,24,-1,167,24,26,-1,173,16,171,-1,171,16,18,-1,171,18,169,-1,169,18,20,-1,169,20,22,-1,173,175,16,-1,16,175,177,-1,16,177,14,-1,14,177,179,-1,179,181,14,-1,14,181,183,-1,14,183,12,-1,12,183,185,-1,12,185,9,-1,185,187,9,-1,9,187,189,-1,9,189,6,-1,189,191,6,-1,6,191,193,-1,6,193,4,-1,3,1,198,-1,198,1,4,-1,198,4,196,-1,196,4,193,-1,200,201,202,-1,202,201,203,-1,202,203,204,-1,204,203,205,-1,201,200,206,-1,206,200,207,-1,206,207,208,-1,208,207,209,-1,209,207,210,-1,209,210,211,-1,211,210,212,-1,211,212,213,-1,214,215,212,-1,212,215,213,-1,215,214,216,-1,216,214,217,-1,216,217,218,-1,218,217,219,-1,219,217,220,-1,219,220,221,-1,222,223,224,-1,224,223,225,-1,224,225,226,-1,226,225,227,-1,226,227,228,-1,228,227,229,-1,228,229,230,-1,230,229,231,-1,230,231,232,-1,232,231,233,-1,232,233,234,-1,234,233,235,-1,234,235,236,-1,236,235,237,-1,236,237,238,-1,238,237,239,-1,238,239,240,-1,240,239,221,-1,240,221,220,-1,241,242,243,-1,243,242,244,-1,243,244,245,-1,245,244,223,-1,245,223,222,-1,246,247,248,-1,246,248,249,-1,249,248,242,-1,249,242,241,-1,247,246,250,-1,250,246,251,-1,250,251,252,-1,252,251,253,-1,253,251,254,-1,253,254,255,-1,255,254,256,-1,255,256,257,-1,257,256,258,-1,257,258,259,-1,259,258,260,-1,259,260,261,-1,261,260,262,-1,261,262,263,-1,263,262,264,-1,263,264,265,-1,265,264,266,-1,265,266,267,-1,267,266,268,-1,267,268,269,-1,269,268,270,-1,269,270,271,-1,271,270,272,-1,271,272,273,-1,273,272,274,-1,273,274,275,-1,276,277,275,-1,275,277,278,-1,275,278,273,-1,205,277,204,-1,204,277,276,-1,277,205,278,-1,278,205,203,-1,203,201,278,-1,278,201,206,-1,278,206,273,-1,273,206,208,-1,213,215,211,-1,211,215,216,-1,211,216,209,-1,209,216,218,-1,209,218,208,-1,208,218,271,-1,208,271,273,-1,218,219,271,-1,271,219,221,-1,271,221,269,-1,269,221,239,-1,269,239,267,-1,267,239,265,-1,265,239,237,-1,265,237,263,-1,263,237,235,-1,263,235,261,-1,261,235,233,-1,261,233,259,-1,233,231,259,-1,259,231,229,-1,259,229,257,-1,257,229,227,-1,257,227,255,-1,255,227,225,-1,244,250,223,-1,223,250,252,-1,223,252,225,-1,225,252,253,-1,225,253,255,-1,242,248,244,-1,244,248,247,-1,244,247,250,-1,279,280,281,-1,281,280,282,-1,283,284,285,-1,283,285,286,-1,286,285,280,-1,286,280,279,-1,287,288,283,-1,283,288,284,-1,289,290,291,-1,289,291,292,-1,292,291,288,-1,292,288,287,-1,293,294,289,-1,289,294,290,-1,295,296,297,-1,295,297,298,-1,298,297,294,-1,298,294,293,-1,299,300,295,-1,295,300,296,-1,301,302,303,-1,301,303,304,-1,304,303,300,-1,304,300,299,-1,305,306,301,-1,301,306,302,-1,307,308,309,-1,307,309,310,-1,310,309,306,-1,310,306,305,-1,311,312,307,-1,307,312,308,-1,281,282,313,-1,281,313,314,-1,314,313,312,-1,314,312,311,-1,313,282,280,-1,312,313,308,-1,308,313,280,-1,308,280,309,-1,309,280,285,-1,285,284,309,-1,309,284,288,-1,309,288,291,-1,296,306,297,-1,297,306,309,-1,297,309,294,-1,294,309,291,-1,294,291,290,-1,296,300,306,-1,306,300,303,-1,306,303,302,-1,315,316,317,-1,317,316,318,-1,317,318,319,-1,319,318,320,-1,319,320,321,-1,321,320,322,-1,321,322,323,-1,323,322,324,-1,323,324,325,-1,325,324,326,-1,325,326,327,-1,327,326,328,-1,329,330,331,-1,331,330,332,-1,331,332,333,-1,333,332,334,-1,333,334,335,-1,335,334,336,-1,335,336,337,-1,337,336,338,-1,337,338,339,-1,339,338,340,-1,339,340,341,-1,341,340,327,-1,341,327,328,-1,342,343,344,-1,344,343,345,-1,344,345,346,-1,346,345,347,-1,346,347,348,-1,348,347,349,-1,348,349,350,-1,350,349,351,-1,350,351,352,-1,352,351,330,-1,352,330,329,-1,353,354,355,-1,355,354,356,-1,355,356,342,-1,342,356,357,-1,342,357,343,-1,354,353,358,-1,358,353,359,-1,358,359,360,-1,360,359,361,-1,360,361,362,-1,362,361,363,-1,362,363,364,-1,364,363,365,-1,364,365,366,-1,366,365,367,-1,366,367,368,-1,368,367,369,-1,368,369,370,-1,370,369,371,-1,370,371,372,-1,373,374,375,-1,373,375,376,-1,376,375,370,-1,376,370,372,-1,316,315,377,-1,377,315,374,-1,377,374,373,-1,378,379,338,-1,338,379,340,-1,379,380,340,-1,340,380,381,-1,340,381,327,-1,327,381,382,-1,327,382,325,-1,325,382,383,-1,325,383,323,-1,323,383,321,-1,321,383,384,-1,321,384,319,-1,319,384,385,-1,319,385,317,-1,385,386,317,-1,317,386,387,-1,317,387,315,-1,315,387,388,-1,315,388,374,-1,374,388,389,-1,374,389,375,-1,375,389,390,-1,375,390,370,-1,370,390,391,-1,370,391,368,-1,391,392,368,-1,368,392,393,-1,368,393,366,-1,366,393,394,-1,366,394,364,-1,364,394,395,-1,364,395,362,-1,362,395,360,-1,396,356,397,-1,397,356,354,-1,397,354,398,-1,398,354,358,-1,398,358,399,-1,399,358,360,-1,399,360,400,-1,400,360,395,-1,401,343,396,-1,396,343,357,-1,396,357,356,-1,338,336,378,-1,378,336,334,-1,378,334,402,-1,402,334,332,-1,402,332,403,-1,403,332,330,-1,403,330,404,-1,404,330,351,-1,404,351,405,-1,405,351,349,-1,405,349,406,-1,406,349,347,-1,406,347,401,-1,401,347,345,-1,401,345,343,-1,407,398,408,-1,408,398,399,-1,408,399,409,-1,409,399,400,-1,409,400,410,-1,410,400,395,-1,410,395,411,-1,411,395,394,-1,411,394,412,-1,412,394,393,-1,412,393,413,-1,413,393,392,-1,391,414,392,-1,392,414,413,-1,414,391,390,-1,414,390,415,-1,415,390,389,-1,415,389,416,-1,388,417,389,-1,389,417,416,-1,417,388,418,-1,418,388,387,-1,418,387,419,-1,419,387,386,-1,419,386,420,-1,420,386,385,-1,420,385,421,-1,421,385,384,-1,421,384,422,-1,422,384,383,-1,422,383,423,-1,423,383,382,-1,423,382,424,-1,424,382,381,-1,424,381,425,-1,425,381,380,-1,425,380,426,-1,426,380,379,-1,426,379,427,-1,427,379,378,-1,427,378,428,-1,428,378,402,-1,428,402,429,-1,429,402,403,-1,429,403,430,-1,430,403,404,-1,430,404,431,-1,431,404,432,-1,432,404,405,-1,432,405,433,-1,433,405,406,-1,433,406,434,-1,397,435,396,-1,396,435,434,-1,396,434,401,-1,401,434,406,-1,398,407,397,-1,397,407,436,-1,397,436,435,-1,
        ]
    }
}
Shape{
    appearance Appearance {
        material  Material 	{
            diffuseColor 0.7529411764705882 0.7529411764705882 0.7529411764705882
            specularColor 0.3764705882352941 0.3764705882352941 0.3764705882352941
            ambientIntensity 0.7529
            transparency 0.0
            shininess 0.5
        }
    }
    geometry IndexedFaceSet {
        ccw TRUE
        solid FALSE
        coord DEF co Coordinate {
            point [
                -0.5117 0.9648 1.3355, -0.5117 0.9648 1.2841, -0.5287 0.9556 1.2841, -0.5422 0.948 1.2859, -0.5446 0.9467 1.2862, -0.5477 0.9448 1.2876, -0.5515 0.9427 1.2891, -0.5528 0.9419 1.2901, -0.5632 0.9358 1.298, -0.5698 0.9317 1.3097, -0.5712 0.9309 1.3122, -0.5724 0.9302 1.3157, -0.5736 0.9294 1.3197, -0.5739 0.9292 1.3223, -0.5753 0.9284 1.3368, -0.5747 0.9287 1.3452, -0.5747 0.9287 1.3455, -0.573 0.9298 1.3556, -0.5728 0.9299 1.3571, -0.5713 0.9309 1.3607, -0.5699 0.9317 1.3641, -0.5689 0.9323 1.3655, -0.5628 0.936 1.3744, -0.5559 0.9401 1.3793, -0.5545 0.9409 1.3802, -0.5476 0.9449 1.3836, -0.5452 0.9463 1.3848, -0.5422 0.948 1.3852, -0.5295 0.9552 1.3869, -0.5117 0.9648 1.3869
            ]
        }
        coordIndex [
            0,1,2,-1,2,3,0,-1,0,3,4,-1,0,4,5,-1,5,6,0,-1,0,6,7,-1,0,7,8,-1,8,9,0,-1,0,9,10,-1,0,10,11,-1,11,12,0,-1,0,12,13,-1,0,13,14,-1,14,15,0,-1,0,15,16,-1,0,16,17,-1,17,18,0,-1,0,18,19,-1,0,19,20,-1,20,21,0,-1,0,21,22,-1,0,22,23,-1,23,24,0,-1,0,24,25,-1,0,25,26,-1,26,27,0,-1,0,27,28,-1,0,28,29,-1,
        ]
    }
}
Shape{
    appearance Appearance {
        material  Material 	{
            diffuseColor 0.0 0.0 0.0
            specularColor 0.0 0.0 0.0
            ambientIntensity 0.0
            transparency 0.0
            shininess 0.5
        }
    }
    geometry IndexedFaceSet {
        ccw TRUE
        solid FALSE
        coord DEF co Coordinate {
            point [
                -0.6389 0.886 1.4023, -0.6412 0.8891 1.4023, -0.6538 0.8751 1.4023, -0.6561 0.8782 1.4023, -0.6311 0.8913 1.3774, -0.6203 0.9038 1.3356, -0.597 0.9147 1.2689, -0.5991 0.918 1.2689, -0.6128 0.9041 1.2689, -0.615 0.9074 1.2689, -0.6203 0.9038 1.2871, -0.6234 0.8969 1.3054, -0.6256 0.9001 1.3054, -0.6311 0.8913 1.3054, -0.6484 0.8839 1.3054, -0.6683 0.8641 1.3054, -0.6707 0.8672 1.3054, -0.6761 0.863 1.2871, -0.679 0.8557 1.2689, -0.6814 0.8588 1.2689, -0.6889 0.8528 1.2689, -0.6939 0.8437 1.2689, -0.6964 0.8468 1.2689, -0.6764 0.8627 1.3356, -0.6664 0.8705 1.3205, -0.6301 0.897 1.3204, -0.6502 0.8826 1.3759, -0.6482 0.8841 1.3853, -0.6464 0.8853 1.3759, -0.6441 0.8822 1.3759, -0.636 0.888 1.3482, -0.6279 0.8938 1.3204, -0.6461 0.8807 1.3204, -0.664 0.8673 1.3205, -0.656 0.8734 1.3482, -0.6479 0.8794 1.3759, -0.6459 0.8809 1.3853, -0.6451 0.8814 1.3803
            ]
        }
        coordIndex [
            0,1,2,-1,2,1,3,-1,1,0,4,-1,1,4,5,-1,5,4,6,-1,5,6,7,-1,8,9,6,-1,6,9,7,-1,9,8,10,-1,10,8,11,-1,10,11,12,-1,12,11,13,-1,12,13,14,-1,14,13,15,-1,14,15,16,-1,16,15,17,-1,17,15,18,-1,17,18,19,-1,19,18,20,-1,20,18,21,-1,20,21,22,-1,22,21,23,-1,23,21,2,-1,23,2,3,-1,7,9,10,-1,17,19,20,-1,17,20,16,-1,16,20,24,-1,16,24,14,-1,14,24,25,-1,14,25,12,-1,10,12,7,-1,7,12,25,-1,7,25,5,-1,5,25,1,-1,20,22,24,-1,24,22,23,-1,24,23,26,-1,26,23,3,-1,26,3,27,-1,27,3,1,-1,27,1,28,-1,28,1,25,-1,29,28,30,-1,30,28,25,-1,30,25,31,-1,31,25,32,-1,32,25,24,-1,32,24,33,-1,33,24,34,-1,34,24,26,-1,34,26,35,-1,35,26,36,-1,36,26,27,-1,36,27,37,-1,37,27,28,-1,37,28,29,-1,
        ]
    }
}
Shape{
    appearance Appearance {
        material  Material 	{
            diffuseColor 0.7529411764705882 0.7529411764705882 0.7529411764705882
            specularColor 0.3764705882352941 0.3764705882352941 0.3764705882352941
            ambientIntensity 0.7529
            transparency 0.0
            shininess 0.5
        }
    }
    geometry IndexedFaceSet {
        ccw TRUE
        solid FALSE
        coord DEF co Coordinate {
            point [
                -0.6479 0.8794 1.3759, -0.6461 0.8807 1.3204, -0.656 0.8734 1.3482, -0.664 0.8673 1.3205, -0.6459 0.8809 1.3853, -0.6451 0.8814 1.3803, -0.6441 0.8822 1.3759, -0.636 0.888 1.3482, -0.6279 0.8938 1.3204
            ]
        }
        coordIndex [
            0,1,2,-1,2,1,3,-1,4,5,0,-1,0,5,6,-1,0,6,1,-1,1,6,7,-1,1,7,8,-1,
        ]
    }
}
Shape{
    appearance Appearance {
        material  Material 	{
            diffuseColor 0.0 0.0 0.0
            specularColor 0.0 0.0 0.0
            ambientIntensity 0.0
            transparency 0.0
            shininess 0.5
        }
    }
    geometry IndexedFaceSet {
        ccw TRUE
        solid FALSE
        coord DEF co Coordinate {
            point [
                0.0965 1.0915 1.3111, 0.0961 1.0875 1.3111, 0.094 1.0917 1.3147, 0.0936 1.0878 1.3147, 0.076 1.0931 1.3414, 0.0815 1.0887 1.3319, 0.0743 1.0932 1.3454, 0.0747 1.0892 1.3443, 0.0611 1.0901 1.4012, 0.0613 1.094 1.4012, 0.0646 1.0899 1.3721, 0.066 1.0937 1.3695, 0.0653 1.0898 1.3695, 0.0669 1.0937 1.3631, 0.0677 1.0897 1.3616, 0.0676 1.0936 1.3616, 0.0707 1.0895 1.3517, 0.0741 1.0893 1.3455, 0.0693 1.0935 1.4336, 0.069 1.0896 1.4334, 0.0712 1.0934 1.4386, 0.0708 1.0895 1.4386, 0.0747 1.0892 1.4497, 0.081 1.0927 1.4646, 0.0783 1.089 1.4602, 0.0808 1.0888 1.4645, 0.0819 1.0927 1.4671, 0.0904 1.092 1.4797, 0.0884 1.0882 1.4783, 0.0898 1.0881 1.4799, 0.0943 1.0917 1.4854, 0.1008 1.091 1.4912, 0.1546 1.0808 1.5255, 0.1552 1.0847 1.5255, 0.1208 1.0851 1.5074, 0.1194 1.0891 1.5056, 0.1188 1.0853 1.506, 0.1125 1.0899 1.5017, 0.1012 1.0871 1.4929, 0.1001 1.0872 1.4916, 0.1601 1.084 1.5361, 0.1597 1.08 1.536, 0.1617 1.0837 1.5392, 0.1672 1.0829 1.5504, 0.1668 1.079 1.5503, 0.1688 1.0787 1.5545, 0.1763 1.0815 1.566, 0.2052 1.0724 1.6004, 0.2059 1.0762 1.6004, 0.1898 1.0751 1.5836, 0.191 1.0789 1.5831, 0.1828 1.0764 1.5759, 0.1761 1.0775 1.5657, 0.2273 1.0717 1.6145, 0.217 1.07 1.6089, 0.2227 1.0688 1.6126, 0.2263 1.068 1.6149, 0.2509 1.0667 1.63, 0.2474 1.0634 1.6286, 0.2584 1.0648 1.633, 0.2574 1.061 1.6332, 0.2811 1.0591 1.642, 0.2703 1.0579 1.6392, 0.2802 1.0552 1.6417, 0.2829 1.0586 1.6427, 0.2854 1.0538 1.643, 0.3303 1.0408 1.6498, 0.3315 1.0445 1.6498, 0.2952 1.0512 1.6456, 0.2939 1.0554 1.6443, 0.2863 1.0577 1.6432, 0.358 1.0357 1.6468, 0.3623 1.0301 1.6459, 0.3767 1.0289 1.6423, 0.3665 1.0285 1.645, 0.3755 1.0253 1.6429, 0.3942 1.0225 1.638, 0.3868 1.0211 1.6402, 0.3998 1.0202 1.6348, 0.3986 1.0166 1.635, 0.4092 1.0124 1.6303, 0.4218 1.0112 1.6223, 0.437 1.0008 1.6128, 0.4385 1.0044 1.6128, 0.4591 0.9952 1.5934, 0.4749 0.9834 1.571, 0.4767 0.9869 1.571, 0.4574 0.9916 1.5934, 0.4566 0.992 1.5944, 0.4867 0.982 1.5723, 0.4945 0.9737 1.5729, 0.4963 0.9772 1.5729, 0.5893 0.9196 1.5274, 0.5914 0.9229 1.5274, 0.573 0.9298 1.5426, 0.5744 0.9333 1.5416, 0.4977 0.9765 1.5727, 0.4959 0.973 1.5727, 0.5002 0.9708 1.5722, 0.5035 0.969 1.5715, 0.533 0.9577 1.5664, 0.5311 0.9543 1.5664, 0.5376 0.9551 1.5646, 0.5357 0.9517 1.5647, 0.5433 0.9519 1.5623, 0.5429 0.9476 1.5619, 0.5448 0.951 1.5617, 0.5553 0.945 1.5575, 0.5502 0.9435 1.5592, 0.5599 0.9422 1.5537, 0.5581 0.9388 1.5539, 0.5676 0.9331 1.5475, 0.5912 0.9183 1.5245, 0.6116 0.9097 1.4937, 0.6094 0.9064 1.4945, 0.6097 0.9063 1.494, 0.6141 0.908 1.4896, 0.6176 0.9056 1.4796, 0.6157 0.9022 1.4797, 0.6181 0.9005 1.474, 0.6229 0.902 1.4649, 0.621 0.8986 1.4614, 0.6233 0.9017 1.4615, 0.6235 0.9016 1.4597, 0.6264 0.8948 1.4192, 0.6287 0.898 1.4192, 0.6232 0.897 1.4515, 0.6214 0.8983 1.4597, 0.6239 0.9013 1.3801, 0.6226 0.8974 1.3855, 0.6231 0.9019 1.3773, 0.6207 0.8987 1.3773, 0.6203 0.9038 1.3674, 0.5933 0.917 1.3158, 0.5955 0.9203 1.3158, 0.6088 0.9068 1.3419, 0.6139 0.9081 1.3492, 0.6118 0.9048 1.3491, 0.6166 0.9063 1.3542, 0.6175 0.901 1.3627, 0.6185 0.9003 1.3672, 0.5883 0.9249 1.3081, 0.5781 0.9313 1.2979, 0.5698 0.9317 1.2924, 0.5718 0.9351 1.2925, 0.5692 0.9321 1.2918, 0.5658 0.9388 1.2875, 0.5563 0.9398 1.2831, 0.5581 0.9432 1.2837, 0.5524 0.9422 1.2805, 0.5432 0.9518 1.2767, 0.5281 0.956 1.2703, 0.53 0.9594 1.2703, 0.5224 0.9635 1.257, 0.5208 0.9599 1.2568, 0.5102 0.97 1.2357, 0.5134 0.9639 1.2431, 0.5092 0.9705 1.2346, 0.5071 0.9672 1.2349, 0.5035 0.9691 1.2303, 0.5003 0.9752 1.2249, 0.5009 0.9704 1.2269, 0.4985 0.9716 1.2249, 0.4984 0.9761 1.2229, 0.4923 0.9792 1.2191, 0.4474 0.9962 1.2058, 0.449 0.9998 1.2058, 0.4732 0.9842 1.2111, 0.4814 0.9845 1.2141, 0.4797 0.981 1.2138, 0.4863 0.9822 1.2153, 0.4901 0.9759 1.2182, 0.4907 0.9756 1.2187, 0.3819 1.0272 1.2397, 0.3885 1.0247 1.2326, 0.3872 1.021 1.2329, 0.3892 1.0244 1.2318, 0.3937 1.0185 1.2273, 0.3994 1.0205 1.2252, 0.3979 1.0169 1.2251, 0.4056 1.0181 1.2212, 0.4128 1.0109 1.2172, 0.4173 1.0132 1.2169, 0.4156 1.0097 1.2163, 0.4218 1.0113 1.2153, 0.4444 1.0018 1.2072, 0.3828 1.0226 1.2366, 0.3806 1.0234 1.2398, 0.3803 1.0278 1.2414, 0.3761 1.0293 1.2489, 0.3745 1.0257 1.2487, 0.374 1.0259 1.2494, 0.3726 1.0306 1.255, 0.3693 1.0276 1.2609, 0.371 1.0312 1.261, 0.3591 1.0312 1.3007, 0.3604 1.0349 1.3007, 0.3665 1.0286 1.2685, 0.3668 1.0285 1.2673, 0.3591 1.0312 1.3102, 0.3604 1.0349 1.3102, 0.2957 1.0509 1.3453, 0.2312 1.0671 1.3804, 0.2321 1.0709 1.3804, 0.2968 1.0549 1.3453, 0.294 1.0556 1.3468, 0.3009 1.0496 1.3424, 0.2465 1.0677 1.4055, 0.2599 1.0605 1.4306, 0.2609 1.0643 1.4306, 0.2939 1.0552 1.4128, 0.3134 1.046 1.4017, 0.3224 1.0473 1.3974, 0.3664 1.0282 1.3725, 0.3829 1.0268 1.3642, 0.3815 1.0231 1.3642, 0.3866 1.0254 1.3678, 0.3856 1.0216 1.368, 0.387 1.0253 1.3681, 0.4062 1.0178 1.3835, 0.3958 1.0177 1.3773, 0.4046 1.0142 1.3836, 0.4094 1.0166 1.3862, 0.4098 1.0122 1.3873, 0.4161 1.0138 1.3891, 0.4145 1.0102 1.3891, 0.4219 1.0115 1.3916, 0.4252 1.0058 1.3931, 0.4474 0.9962 1.3965, 0.449 0.9998 1.3965, 0.426 1.0054 1.3933, 0.4276 1.009 1.393, 0.4235 1.0108 1.3923, 0.4628 0.9935 1.3933, 0.4693 0.986 1.391, 0.4708 0.9896 1.3905, 0.473 0.9843 1.39, 0.4884 0.9811 1.3843, 0.4866 0.9776 1.3842, 0.4906 0.9801 1.3836, 0.4915 0.9752 1.3821, 0.4986 0.976 1.3781, 0.4967 0.9725 1.3781, 0.5028 0.9739 1.3752, 0.5029 0.9694 1.3734, 0.5063 0.972 1.3712, 0.5273 0.9564 1.3339, 0.5292 0.9599 1.3339, 0.5145 0.9633 1.3584, 0.5146 0.9677 1.3603, 0.5129 0.9641 1.3604, 0.5123 0.9689 1.3644, 0.5045 0.9685 1.3713, 0.5035 0.9691 1.3725, 0.5364 0.9558 1.3396, 0.5344 0.9524 1.3396, 0.5764 0.9277 1.4211, 0.5785 0.931 1.4211, 0.5722 0.9303 1.3939, 0.5734 0.9342 1.3918, 0.5716 0.9307 1.3918, 0.5726 0.9347 1.3871, 0.5668 0.9336 1.377, 0.5689 0.9369 1.377, 0.5662 0.934 1.3751, 0.5683 0.9373 1.3753, 0.5615 0.9367 1.3676, 0.5636 0.9401 1.3676, 0.5582 0.9387 1.3622, 0.5604 0.942 1.3624, 0.5542 0.9411 1.358, 0.556 0.9445 1.3581, 0.5441 0.9469 1.3475, 0.5433 0.9519 1.3457, 0.5401 0.9537 1.3425, 0.5437 0.9471 1.4962, 0.5459 0.9504 1.4966, 0.55 0.9435 1.4908, 0.5525 0.9466 1.49, 0.5505 0.9432 1.4901, 0.5536 0.946 1.4889, 0.5542 0.9411 1.4847, 0.5562 0.9445 1.4847, 0.558 0.9389 1.4792, 0.5625 0.9407 1.4744, 0.561 0.9371 1.4722, 0.5632 0.9403 1.4723, 0.5667 0.9336 1.4586, 0.5701 0.9362 1.4517, 0.5685 0.9326 1.4519, 0.574 0.9338 1.4398, 0.5252 0.9619 1.5071, 0.5327 0.9579 1.5048, 0.5345 0.9524 1.5024, 0.5364 0.9558 1.5025, 0.5389 0.9499 1.5002, 0.5433 0.9519 1.4982, 0.5457 0.9506 1.4968, 0.5235 0.9585 1.5078, 0.5233 0.9586 1.5079, 0.4954 0.9776 1.516, 0.5035 0.969 1.5133, 0.4937 0.9741 1.516, 0.4828 0.9839 1.5139, 0.4869 0.9775 1.5152, 0.481 0.9803 1.5141, 0.4719 0.9892 1.5122, 0.4678 0.9868 1.5114, 0.4688 0.9906 1.5107, 0.467 0.9871 1.511, 0.4499 0.9994 1.5018, 0.4482 0.9958 1.5018, 0.4401 1.0037 1.5197, 0.4384 1.0001 1.5196, 0.4343 1.0062 1.5303, 0.4302 1.0037 1.5345, 0.4276 1.009 1.5396, 0.4264 1.0053 1.5399, 0.4219 1.0114 1.5477, 0.4169 1.0093 1.5536, 0.4142 1.0146 1.5585, 0.4126 1.0153 1.5599, 0.4109 1.0117 1.5597, 0.4006 1.02 1.5704, 0.4031 1.0149 1.5678, 0.3992 1.0164 1.5703, 0.3985 1.0209 1.5723, 0.3874 1.025 1.5776, 0.3876 1.0209 1.5778, 0.3863 1.0213 1.5782, 0.3748 1.0298 1.5835, 0.367 1.0284 1.5854, 0.3682 1.032 1.5849, 0.3294 1.041 1.5928, 0.3306 1.0448 1.5928, 0.3658 1.0289 1.5858, 0.3665 1.0286 1.5855, 0.3233 1.047 1.591, 0.2939 1.0553 1.5816, 0.2961 1.051 1.5837, 0.2843 1.058 1.5785, 0.2832 1.0544 1.579, 0.2716 1.0616 1.5745, 0.2689 1.0582 1.5737, 0.2589 1.0647 1.5672, 0.2578 1.0609 1.5676, 0.2471 1.0676 1.5604, 0.2503 1.0628 1.5634, 0.2438 1.0683 1.5572, 0.243 1.0644 1.5571, 0.2341 1.0705 1.5478, 0.2334 1.0666 1.5477, 0.2245 1.0685 1.5359, 0.2246 1.0725 1.5336, 0.2356 1.0661 1.5508, 0.2329 1.0707 1.5466, 0.2235 1.0687 1.5338, 0.2227 1.0689 1.5321, 0.2201 1.0734 1.5263, 0.2165 1.0741 1.5164, 0.2005 1.0733 1.4743, 0.2012 1.0771 1.4743, 0.2142 1.0706 1.5148, 0.215 1.0704 1.5166, 0.193 1.0746 1.4743, 0.1937 1.0785 1.4743, 0.1791 1.081 1.4702, 0.1664 1.0791 1.4663, 0.1627 1.0835 1.4638, 0.162 1.0797 1.4642, 0.1617 1.0837 1.4634, 0.1525 1.0851 1.4598, 0.1489 1.0816 1.458, 0.1493 1.0855 1.4575, 0.1486 1.0816 1.4577, 0.1412 1.0866 1.4518, 0.1198 1.0852 1.4003, 0.1202 1.0891 1.4003, 0.1263 1.0845 1.4273, 0.1274 1.0883 1.4283, 0.1268 1.0844 1.4283, 0.1283 1.0882 1.4315, 0.1312 1.0839 1.4382, 0.1317 1.0878 1.4382, 0.1326 1.0837 1.4415, 0.1344 1.0875 1.4436, 0.136 1.0833 1.4459, 0.1364 1.0872 1.446, 0.14 1.0828 1.451, 0.1408 1.0827 1.4517, 0.1279 1.0882 1.375, 0.1248 1.0846 1.3808, 0.1271 1.0844 1.3748, 0.1313 1.0878 1.3639, 0.1323 1.0838 1.361, 0.1337 1.0875 1.36, 0.133 1.0837 1.3599, 0.139 1.0869 1.3508, 0.1388 1.0829 1.3509, 0.1391 1.0869 1.3508, 0.1399 1.0828 1.3492, 0.1447 1.0861 1.3452, 0.1442 1.0822 1.3453, 0.1467 1.0859 1.3432, 0.1519 1.0852 1.34, 0.1486 1.0816 1.3414, 0.1513 1.0813 1.34, 0.1578 1.0843 1.3364, 0.1608 1.0799 1.3349, 0.1874 1.0756 1.3263, 0.1881 1.0795 1.3263, 0.1622 1.0797 1.3342, 0.1617 1.0837 1.3351, 0.1614 1.0837 1.3352, 0.2302 1.0713 1.3263, 0.2227 1.0689 1.3263, 0.2294 1.0675 1.3263, 0.2358 1.0701 1.3272, 0.2349 1.0663 1.3272, 0.2414 1.0688 1.3254, 0.2405 1.065 1.3256, 0.2406 1.065 1.3256, 0.2489 1.0672 1.323, 0.2494 1.063 1.3221, 0.2503 1.0668 1.3221, 0.251 1.0626 1.3214, 0.2545 1.0658 1.3197, 0.2535 1.062 1.3196, 0.2547 1.0658 1.3196, 0.2554 1.0616 1.3183, 0.2568 1.0653 1.3178, 0.2568 1.0653 1.3177, 0.2559 1.0614 1.3177, 0.2587 1.0648 1.3152, 0.2578 1.061 1.3153, 0.2579 1.061 1.3153, 0.2594 1.0647 1.3144, 0.2595 1.0606 1.3118, 0.2636 1.0596 1.2978, 0.2645 1.0634 1.2978, 0.2611 1.0602 1.3079, 0.262 1.064 1.3079, 0.2607 1.0603 1.3095, 0.2617 1.0641 1.3092, 0.2605 1.0644 1.3118, 0.2637 1.0636 1.2948, 0.261 1.0643 1.2868, 0.2602 1.0604 1.2868, 0.2595 1.0646 1.2824, 0.2594 1.0606 1.2843, 0.2586 1.0648 1.281, 0.2576 1.061 1.281, 0.2564 1.0654 1.2776, 0.2562 1.0614 1.2785, 0.2554 1.0616 1.2777, 0.2541 1.0659 1.2754, 0.2533 1.0621 1.2754, 0.2532 1.0621 1.2754, 0.2533 1.0661 1.2747, 0.25 1.0628 1.2734, 0.2368 1.0659 1.2684, 0.2376 1.0697 1.2684, 0.2463 1.0637 1.2716, 0.2472 1.0675 1.2715, 0.2479 1.0633 1.2721, 0.2483 1.0673 1.2719, 0.2509 1.0667 1.2734, 0.1818 1.0766 1.2684, 0.1825 1.0804 1.2684, 0.2227 1.0689 1.2684, 0.164 1.0833 1.2729, 0.1634 1.0795 1.2725, 0.1617 1.0836 1.2735, 0.1572 1.0804 1.2739, 0.1479 1.0857 1.2768, 0.1399 1.0828 1.2799, 0.1405 1.0866 1.2802, 0.1361 1.0833 1.2812, 0.1268 1.0884 1.2865, 0.1249 1.0846 1.288, 0.1253 1.0885 1.2877, 0.1221 1.0888 1.2903, 0.118 1.0854 1.2922, 0.1214 1.085 1.2901, 0.4219 1.0115 1.2787, 0.4242 1.0105 1.2753, 0.4242 1.0105 1.2753, 0.4275 1.0091 1.2723, 0.4292 1.0084 1.2707, 0.4319 1.0072 1.2693, 0.4369 1.0051 1.2667, 0.4377 1.0047 1.2665, 0.4499 0.9994 1.2627, 0.4587 0.9954 1.2653, 0.4598 0.9949 1.2656, 0.4664 0.9918 1.2686, 0.4686 0.9908 1.2695, 0.4715 0.9894 1.2718, 0.4737 0.9883 1.2735, 0.4743 0.988 1.2743, 0.4775 0.9865 1.2782, 0.4776 0.9864 1.2784, 0.48 0.9853 1.2833, 0.4811 0.9848 1.2855, 0.482 0.9843 1.2896, 0.4832 0.9837 1.2945, 0.4833 0.9837 1.2956, 0.4835 0.9836 1.3011, 0.4835 0.9836 1.3015, 0.4825 0.9841 1.308, 0.4821 0.9843 1.3105, 0.4807 0.9849 1.3143, 0.4793 0.9856 1.318, 0.4783 0.9861 1.3195, 0.4753 0.9876 1.3241, 0.4751 0.9876 1.3243, 0.4717 0.9893 1.3274, 0.4701 0.99 1.3289, 0.4499 0.9994 1.3367, 0.4615 0.994 1.3331, 0.4627 0.9935 1.3328, 0.4672 0.9914 1.3304, 0.4402 1.0036 1.3339, 0.436 1.0054 1.3321, 0.4311 1.0076 1.3299, 0.4297 1.0082 1.3289, 0.4258 1.0098 1.3259, 0.4219 1.0115 1.3211, 0.4227 1.0111 1.3222, 0.4219 1.0115 1.3212, 0.42 1.0122 1.3175, 0.4184 1.0129 1.3142, 0.4175 1.0133 1.3111, 0.4161 1.0139 1.3055, 0.416 1.0139 1.3046, 0.4157 1.014 1.2981, 0.4157 1.014 1.2978, 0.4169 1.0135 1.2909, 0.4173 1.0134 1.2886, 0.4188 1.0127 1.2847, 0.4202 1.0122 1.2813, 0.4213 1.0117 1.2796, 0.4227 1.0069 1.2753, 0.422 1.0071 1.276, 0.4212 1.0075 1.3222, 0.4482 0.9958 1.3367, 0.4344 1.0019 1.3323, 0.4336 1.0022 1.332, 0.4282 1.0045 1.3288, 0.4263 1.0053 1.3277, 0.4244 1.0062 1.3257, 0.4217 1.0073 1.323, 0.4185 1.0086 1.3176, 0.4176 1.009 1.3161, 0.4161 1.0096 1.3111, 0.4149 1.0101 1.3071, 0.4146 1.0102 1.3046, 0.4142 1.0104 1.2988, 0.4143 1.0103 1.2981, 0.4198 1.0081 1.2796, 0.4184 1.0087 1.2818, 0.4173 1.0091 1.2846, 0.4155 1.0098 1.2895, 0.4153 1.0099 1.2909, 0.4259 1.0055 1.2722, 0.4265 1.0053 1.2716, 0.4304 1.0036 1.2693, 0.4483 0.9958 1.2627, 0.4362 1.0011 1.2666, 0.4333 1.0023 1.2676, 0.457 0.9918 1.2655, 0.4628 0.9891 1.2674, 0.4647 0.9882 1.2686, 0.4699 0.9858 1.2716, 0.47 0.9857 1.2717, 0.4726 0.9845 1.2744, 0.4745 0.9836 1.2764, 0.4756 0.983 1.2783, 0.4784 0.9817 1.2832, 0.4785 0.9817 1.2833, 0.4803 0.9807 1.2896, 0.4811 0.9803 1.2923, 0.4814 0.9802 1.2956, 0.4818 0.98 1.3008, 0.4817 0.9801 1.3011, 0.4808 0.9805 1.308, 0.4805 0.9807 1.31, 0.479 0.9814 1.3143, 0.4778 0.982 1.3176, 0.4766 0.9826 1.3195, 0.4742 0.9837 1.3234, 0.4735 0.984 1.3241, 0.4701 0.9857 1.3276, 0.4696 0.9859 1.328, 0.4655 0.9878 1.3304, 0.4598 0.9905 1.333, 0.4629 0.9891 1.332
            ]
        }
        coordIndex [
            0,1,2,-1,2,1,3,-1,2,3,4,-1,4,3,5,-1,4,5,6,-1,6,5,7,-1,8,9,10,-1,10,9,11,-1,10,11,12,-1,12,11,13,-1,12,13,14,-1,14,13,15,-1,14,15,16,-1,16,15,6,-1,16,6,17,-1,17,6,7,-1,9,8,18,-1,18,8,19,-1,18,19,20,-1,19,21,20,-1,20,21,22,-1,20,22,23,-1,22,24,23,-1,23,24,25,-1,23,25,26,-1,26,25,27,-1,25,28,27,-1,27,28,29,-1,27,29,30,-1,30,29,31,-1,32,33,34,-1,34,33,35,-1,34,35,36,-1,36,35,37,-1,36,37,38,-1,38,37,31,-1,38,31,39,-1,39,31,29,-1,33,32,40,-1,40,32,41,-1,40,41,42,-1,42,41,43,-1,41,44,43,-1,43,44,45,-1,43,45,46,-1,47,48,49,-1,49,48,50,-1,49,50,51,-1,51,50,46,-1,51,46,52,-1,52,46,45,-1,53,48,54,-1,54,48,47,-1,54,55,53,-1,53,55,56,-1,53,56,57,-1,57,56,58,-1,57,58,59,-1,59,58,60,-1,59,60,61,-1,60,62,61,-1,61,62,63,-1,61,63,64,-1,64,63,65,-1,66,67,68,-1,68,67,69,-1,68,69,65,-1,65,69,70,-1,65,70,64,-1,67,66,71,-1,71,66,72,-1,71,72,73,-1,72,74,73,-1,73,74,75,-1,73,75,76,-1,76,75,77,-1,76,77,78,-1,77,79,78,-1,78,79,80,-1,78,80,81,-1,81,80,82,-1,81,82,83,-1,84,83,82,-1,85,86,87,-1,87,86,84,-1,87,84,88,-1,88,84,82,-1,86,85,89,-1,89,85,90,-1,89,90,91,-1,92,93,94,-1,94,93,95,-1,91,90,96,-1,96,90,97,-1,97,98,96,-1,96,98,99,-1,96,99,100,-1,100,99,101,-1,100,101,102,-1,102,101,103,-1,102,103,104,-1,104,103,105,-1,104,105,106,-1,106,105,107,-1,107,105,108,-1,107,108,109,-1,109,108,110,-1,109,110,95,-1,95,110,111,-1,95,111,94,-1,93,92,112,-1,93,112,113,-1,112,114,113,-1,113,114,115,-1,113,115,116,-1,116,115,117,-1,115,118,117,-1,117,118,119,-1,117,119,120,-1,120,119,121,-1,120,121,122,-1,122,121,123,-1,124,125,126,-1,126,125,123,-1,126,123,127,-1,127,123,121,-1,125,124,128,-1,128,124,129,-1,128,129,130,-1,130,129,131,-1,130,131,132,-1,133,134,135,-1,135,134,136,-1,135,136,137,-1,137,136,138,-1,137,138,139,-1,139,138,132,-1,139,132,140,-1,140,132,131,-1,141,134,133,-1,141,133,142,-1,142,133,143,-1,142,143,144,-1,144,143,145,-1,144,145,146,-1,146,145,147,-1,146,147,148,-1,148,147,149,-1,148,149,150,-1,150,149,151,-1,150,151,152,-1,152,151,153,-1,153,151,154,-1,153,154,155,-1,155,154,156,-1,155,156,157,-1,156,158,157,-1,157,158,159,-1,157,159,160,-1,159,161,160,-1,160,161,162,-1,160,162,163,-1,163,162,164,-1,165,166,167,-1,167,166,168,-1,167,168,169,-1,169,168,170,-1,169,170,171,-1,171,170,164,-1,171,164,172,-1,172,164,162,-1,173,174,175,-1,175,174,176,-1,175,176,177,-1,177,176,178,-1,177,178,179,-1,179,178,180,-1,179,180,181,-1,181,180,182,-1,181,182,183,-1,183,182,184,-1,183,184,165,-1,165,184,185,-1,165,185,166,-1,175,186,173,-1,173,186,187,-1,173,187,188,-1,188,187,189,-1,187,190,189,-1,189,190,191,-1,189,191,192,-1,192,191,193,-1,192,193,194,-1,195,196,197,-1,197,196,194,-1,197,194,198,-1,198,194,193,-1,199,200,195,-1,195,200,196,-1,201,202,203,-1,204,200,199,-1,203,205,201,-1,201,205,204,-1,201,204,206,-1,206,204,199,-1,203,202,207,-1,207,202,208,-1,207,208,209,-1,209,208,210,-1,210,208,211,-1,210,211,212,-1,212,211,213,-1,212,213,214,-1,214,213,215,-1,214,215,216,-1,216,215,217,-1,216,217,218,-1,218,217,219,-1,217,220,219,-1,219,220,221,-1,219,221,222,-1,222,221,223,-1,222,223,224,-1,224,223,225,-1,224,225,226,-1,226,225,227,-1,228,229,230,-1,230,229,231,-1,230,231,227,-1,227,231,232,-1,227,232,226,-1,229,228,233,-1,233,228,234,-1,233,234,235,-1,235,234,236,-1,235,236,237,-1,237,236,238,-1,237,238,239,-1,239,238,240,-1,239,240,241,-1,241,240,242,-1,241,242,243,-1,243,242,244,-1,243,244,245,-1,246,247,248,-1,248,247,249,-1,248,249,250,-1,250,249,251,-1,250,251,252,-1,252,251,245,-1,252,245,253,-1,253,245,244,-1,247,246,254,-1,254,246,255,-1,256,257,258,-1,258,257,259,-1,258,259,260,-1,260,259,261,-1,260,261,262,-1,262,261,263,-1,262,263,264,-1,264,263,265,-1,264,265,266,-1,266,265,267,-1,266,267,268,-1,268,267,269,-1,268,269,270,-1,270,269,271,-1,270,271,272,-1,272,271,273,-1,272,273,255,-1,255,273,274,-1,255,274,254,-1,275,276,277,-1,277,276,278,-1,277,278,279,-1,279,278,280,-1,279,280,281,-1,281,280,282,-1,281,282,283,-1,283,282,284,-1,283,284,285,-1,285,284,286,-1,285,286,287,-1,287,286,288,-1,287,288,289,-1,289,288,290,-1,289,290,256,-1,256,290,257,-1,291,292,293,-1,293,292,294,-1,293,294,295,-1,295,294,296,-1,295,296,275,-1,275,296,297,-1,275,297,276,-1,293,298,291,-1,291,298,299,-1,291,299,300,-1,300,299,301,-1,300,301,302,-1,303,300,302,-1,302,304,303,-1,303,304,305,-1,303,305,306,-1,306,305,307,-1,306,307,308,-1,308,307,309,-1,308,309,310,-1,310,309,311,-1,310,311,312,-1,312,311,313,-1,312,313,314,-1,314,313,315,-1,314,315,316,-1,316,315,317,-1,316,317,318,-1,318,317,319,-1,318,319,320,-1,320,319,321,-1,321,319,322,-1,321,322,323,-1,322,324,323,-1,323,324,325,-1,323,325,326,-1,326,325,327,-1,325,328,327,-1,327,328,329,-1,327,329,330,-1,330,329,331,-1,330,331,332,-1,333,334,335,-1,335,334,332,-1,335,332,336,-1,336,332,331,-1,337,334,333,-1,337,333,338,-1,338,333,339,-1,338,339,340,-1,340,339,341,-1,340,341,342,-1,342,341,343,-1,342,343,344,-1,344,343,345,-1,344,345,346,-1,346,345,347,-1,346,347,348,-1,348,347,349,-1,348,349,350,-1,351,352,353,-1,349,354,350,-1,350,354,351,-1,350,351,355,-1,355,351,353,-1,352,356,353,-1,353,356,357,-1,353,357,358,-1,358,357,359,-1,360,361,362,-1,362,361,359,-1,362,359,363,-1,363,359,357,-1,364,365,360,-1,360,365,361,-1,365,364,366,-1,366,364,367,-1,366,367,368,-1,368,367,369,-1,368,369,370,-1,370,369,371,-1,371,369,372,-1,371,372,373,-1,373,372,374,-1,373,374,375,-1,376,377,378,-1,378,377,379,-1,378,379,380,-1,380,379,381,-1,380,381,382,-1,382,381,383,-1,382,383,384,-1,384,383,385,-1,384,385,386,-1,386,385,387,-1,386,387,388,-1,388,387,375,-1,388,375,389,-1,389,375,374,-1,390,377,376,-1,376,391,390,-1,390,391,392,-1,390,392,393,-1,393,392,394,-1,393,394,395,-1,395,394,396,-1,395,396,397,-1,397,396,398,-1,397,398,399,-1,399,398,400,-1,399,400,401,-1,401,400,402,-1,401,402,403,-1,403,402,404,-1,402,405,404,-1,404,405,406,-1,404,406,407,-1,407,406,408,-1,409,410,411,-1,411,410,412,-1,411,412,408,-1,408,412,413,-1,408,413,407,-1,410,409,414,-1,414,409,415,-1,414,415,416,-1,414,416,417,-1,417,416,418,-1,419,417,418,-1,418,420,419,-1,419,420,421,-1,419,421,422,-1,422,421,423,-1,422,423,424,-1,424,423,425,-1,424,425,426,-1,426,425,427,-1,426,427,428,-1,428,427,429,-1,428,429,430,-1,430,429,431,-1,431,429,432,-1,431,432,433,-1,432,434,433,-1,433,434,435,-1,433,435,436,-1,436,435,437,-1,438,439,440,-1,440,439,441,-1,440,441,442,-1,442,441,443,-1,442,443,437,-1,437,443,444,-1,437,444,436,-1,445,439,438,-1,445,438,446,-1,446,438,447,-1,446,447,448,-1,448,447,449,-1,448,449,450,-1,450,449,451,-1,450,451,452,-1,451,453,452,-1,452,453,454,-1,452,454,455,-1,454,456,455,-1,455,456,457,-1,455,457,458,-1,458,457,459,-1,460,461,462,-1,462,461,463,-1,462,463,464,-1,464,463,465,-1,464,465,459,-1,459,465,466,-1,459,466,458,-1,467,468,469,-1,469,468,461,-1,469,461,460,-1,468,467,470,-1,470,467,471,-1,470,471,472,-1,472,471,473,-1,472,473,474,-1,474,473,475,-1,474,475,476,-1,476,475,477,-1,476,477,478,-1,478,477,479,-1,478,479,480,-1,480,479,481,-1,1,0,482,-1,482,0,481,-1,482,481,483,-1,483,481,479,-1,207,209,210,-1,461,468,410,-1,410,468,470,-1,410,470,412,-1,410,414,461,-1,461,414,417,-1,461,417,419,-1,419,422,461,-1,461,422,424,-1,461,424,426,-1,426,428,461,-1,461,428,430,-1,461,430,431,-1,431,433,446,-1,446,433,436,-1,446,436,444,-1,444,443,446,-1,446,443,441,-1,446,441,445,-1,445,441,439,-1,446,448,431,-1,431,448,450,-1,431,450,452,-1,452,455,431,-1,431,455,458,-1,431,458,466,-1,466,465,431,-1,431,465,463,-1,431,463,461,-1,35,33,370,-1,370,371,35,-1,35,371,373,-1,35,373,37,-1,37,373,375,-1,23,385,383,-1,23,383,20,-1,23,26,385,-1,385,26,27,-1,385,27,387,-1,387,27,30,-1,387,30,375,-1,375,30,31,-1,375,31,37,-1,383,381,20,-1,20,381,379,-1,20,379,18,-1,18,379,377,-1,15,13,390,-1,390,13,11,-1,390,11,377,-1,377,11,9,-1,377,9,18,-1,15,390,6,-1,6,390,393,-1,6,393,4,-1,4,393,395,-1,4,395,2,-1,395,397,2,-1,2,397,399,-1,2,399,0,-1,0,399,401,-1,0,401,481,-1,407,480,404,-1,404,480,481,-1,404,481,403,-1,403,481,401,-1,470,472,412,-1,412,472,474,-1,412,474,413,-1,413,474,476,-1,413,476,407,-1,407,476,478,-1,407,478,480,-1,359,361,365,-1,70,69,338,-1,70,338,64,-1,346,48,344,-1,344,48,53,-1,344,53,342,-1,342,53,57,-1,342,57,340,-1,340,57,59,-1,340,59,338,-1,338,59,61,-1,338,61,64,-1,346,348,48,-1,48,348,350,-1,48,350,50,-1,358,46,353,-1,353,46,50,-1,353,50,355,-1,355,50,350,-1,365,366,42,-1,358,359,46,-1,46,359,365,-1,46,365,43,-1,43,365,42,-1,33,40,370,-1,370,40,42,-1,370,42,368,-1,368,42,366,-1,318,320,81,-1,81,320,321,-1,321,323,81,-1,81,323,326,-1,81,326,78,-1,78,326,327,-1,78,327,76,-1,76,327,330,-1,76,330,73,-1,73,330,332,-1,73,332,71,-1,71,332,334,-1,71,334,67,-1,67,334,69,-1,69,334,337,-1,69,337,338,-1,312,314,86,-1,86,314,316,-1,86,316,84,-1,84,316,318,-1,84,318,83,-1,83,318,81,-1,303,306,86,-1,104,292,102,-1,102,292,291,-1,102,291,100,-1,100,291,300,-1,100,300,96,-1,96,300,91,-1,303,86,300,-1,300,86,89,-1,300,89,91,-1,306,308,86,-1,86,308,310,-1,86,310,312,-1,134,141,271,-1,271,141,142,-1,271,142,273,-1,273,142,144,-1,273,144,146,-1,271,269,134,-1,134,269,267,-1,134,267,136,-1,136,267,265,-1,136,265,138,-1,138,265,263,-1,138,263,132,-1,132,263,261,-1,132,261,130,-1,130,261,259,-1,130,259,128,-1,128,259,257,-1,117,288,116,-1,116,288,286,-1,116,286,113,-1,117,120,288,-1,288,120,122,-1,288,122,290,-1,290,122,123,-1,290,123,257,-1,257,123,125,-1,257,125,128,-1,286,284,113,-1,113,284,282,-1,113,282,93,-1,282,280,93,-1,93,280,278,-1,93,278,95,-1,106,296,104,-1,104,296,294,-1,104,294,292,-1,278,276,95,-1,95,276,297,-1,95,297,109,-1,109,297,296,-1,109,296,107,-1,107,296,106,-1,484,485,184,-1,184,485,486,-1,486,487,184,-1,184,487,488,-1,184,488,489,-1,489,490,184,-1,184,490,491,-1,184,491,185,-1,185,491,492,-1,185,492,166,-1,166,492,493,-1,166,493,168,-1,168,493,494,-1,168,494,170,-1,170,494,495,-1,170,495,164,-1,164,495,496,-1,164,496,163,-1,163,496,497,-1,163,497,160,-1,160,497,157,-1,157,497,498,-1,157,498,155,-1,155,498,499,-1,155,499,500,-1,500,501,155,-1,155,501,502,-1,155,502,503,-1,504,505,247,-1,505,506,247,-1,247,506,507,-1,247,507,508,-1,508,509,247,-1,247,509,510,-1,247,510,511,-1,511,512,247,-1,247,512,513,-1,247,513,249,-1,249,513,514,-1,249,514,251,-1,251,514,515,-1,251,515,245,-1,245,515,516,-1,245,516,243,-1,243,516,517,-1,518,233,519,-1,519,233,235,-1,519,235,520,-1,520,235,237,-1,520,237,521,-1,521,237,239,-1,521,239,517,-1,517,239,241,-1,517,241,243,-1,522,231,518,-1,518,231,229,-1,518,229,233,-1,523,226,522,-1,522,226,232,-1,522,232,231,-1,523,524,226,-1,226,524,525,-1,226,525,526,-1,146,148,273,-1,273,148,150,-1,273,150,274,-1,152,247,150,-1,150,247,254,-1,150,254,274,-1,503,504,155,-1,155,504,247,-1,155,247,153,-1,153,247,152,-1,214,178,176,-1,176,174,214,-1,214,174,173,-1,214,173,188,-1,188,189,214,-1,214,189,192,-1,214,192,194,-1,216,218,527,-1,526,528,226,-1,226,528,529,-1,226,529,224,-1,224,529,222,-1,527,218,529,-1,529,218,219,-1,529,219,222,-1,216,527,214,-1,214,527,530,-1,214,530,531,-1,531,532,214,-1,214,532,533,-1,214,533,534,-1,534,535,214,-1,214,535,536,-1,214,536,178,-1,536,537,178,-1,178,537,538,-1,178,538,539,-1,539,540,178,-1,178,540,541,-1,178,541,180,-1,180,541,484,-1,180,484,182,-1,182,484,184,-1,203,207,205,-1,205,207,210,-1,205,210,204,-1,204,210,212,-1,204,212,200,-1,200,212,214,-1,200,214,196,-1,196,214,194,-1,487,486,542,-1,542,486,543,-1,529,528,544,-1,518,545,522,-1,522,545,546,-1,522,546,523,-1,523,546,547,-1,523,547,524,-1,524,547,548,-1,524,548,525,-1,525,548,549,-1,525,549,526,-1,526,549,550,-1,526,550,528,-1,528,550,551,-1,528,551,544,-1,529,544,527,-1,527,544,552,-1,527,552,530,-1,530,552,553,-1,530,553,531,-1,531,553,554,-1,531,554,532,-1,532,554,533,-1,533,554,555,-1,533,555,534,-1,534,555,556,-1,534,556,535,-1,535,556,557,-1,535,557,558,-1,486,485,543,-1,543,485,484,-1,543,484,559,-1,559,484,541,-1,559,541,560,-1,560,541,540,-1,560,540,561,-1,561,540,539,-1,561,539,562,-1,562,539,538,-1,562,538,563,-1,563,538,537,-1,563,537,558,-1,558,537,536,-1,558,536,535,-1,542,564,487,-1,487,564,565,-1,487,565,488,-1,488,565,566,-1,567,492,568,-1,568,492,491,-1,568,491,569,-1,569,491,490,-1,569,490,566,-1,566,490,489,-1,566,489,488,-1,492,567,493,-1,493,567,570,-1,493,570,494,-1,494,570,495,-1,570,571,495,-1,495,571,572,-1,495,572,496,-1,496,572,497,-1,572,573,497,-1,497,573,574,-1,497,574,498,-1,498,574,575,-1,498,575,499,-1,499,575,500,-1,575,576,500,-1,500,576,577,-1,500,577,501,-1,501,577,578,-1,501,578,502,-1,502,578,579,-1,502,579,503,-1,503,579,504,-1,504,579,580,-1,504,580,505,-1,505,580,581,-1,505,581,506,-1,506,581,582,-1,506,582,507,-1,582,583,507,-1,507,583,584,-1,507,584,508,-1,508,584,585,-1,508,585,509,-1,509,585,510,-1,510,585,586,-1,510,586,511,-1,511,586,587,-1,511,587,512,-1,512,587,588,-1,512,588,513,-1,513,588,589,-1,513,589,514,-1,589,590,514,-1,514,590,591,-1,514,591,515,-1,515,591,592,-1,515,592,516,-1,516,592,593,-1,516,593,517,-1,517,593,594,-1,545,518,595,-1,595,518,519,-1,595,519,596,-1,596,519,520,-1,596,520,594,-1,594,520,521,-1,594,521,517,-1,
        ]
    }
}
Shape{
    appearance Appearance {
        material  Material 	{
            diffuseColor 0.7529411764705882 0.7529411764705882 0.7529411764705882
            specularColor 0.3764705882352941 0.3764705882352941 0.3764705882352941
            ambientIntensity 0.7529
            transparency 0.0
            shininess 0.5
        }
    }
    geometry IndexedFaceSet {
        ccw TRUE
        solid FALSE
        coord DEF co Coordinate {
            point [
                0.4701 0.9857 1.3276, 0.4735 0.984 1.3241, 0.4227 1.0069 1.2753, 0.4742 0.9837 1.3234, 0.4766 0.9826 1.3195, 0.4778 0.982 1.3176, 0.479 0.9814 1.3143, 0.4805 0.9807 1.31, 0.4808 0.9805 1.308, 0.4817 0.9801 1.3011, 0.4818 0.98 1.3008, 0.4814 0.9802 1.2956, 0.4811 0.9803 1.2923, 0.4803 0.9807 1.2896, 0.4785 0.9817 1.2833, 0.4784 0.9817 1.2832, 0.4756 0.983 1.2783, 0.4745 0.9836 1.2764, 0.4726 0.9845 1.2744, 0.47 0.9857 1.2717, 0.4699 0.9858 1.2716, 0.4647 0.9882 1.2686, 0.457 0.9918 1.2655, 0.4483 0.9958 1.2627, 0.4362 1.0011 1.2666, 0.4628 0.9891 1.2674, 0.4333 1.0023 1.2676, 0.4304 1.0036 1.2693, 0.4265 1.0053 1.2716, 0.4259 1.0055 1.2722, 0.422 1.0071 1.276, 0.4655 0.9878 1.3304, 0.4696 0.9859 1.328, 0.4198 1.0081 1.2796, 0.4184 1.0087 1.2818, 0.4173 1.0091 1.2846, 0.4155 1.0098 1.2895, 0.4153 1.0099 1.2909, 0.4143 1.0103 1.2981, 0.4142 1.0104 1.2988, 0.4146 1.0102 1.3046, 0.4149 1.0101 1.3071, 0.4161 1.0096 1.3111, 0.4176 1.009 1.3161, 0.4185 1.0086 1.3176, 0.4212 1.0075 1.3222, 0.4217 1.0073 1.323, 0.4244 1.0062 1.3257, 0.4282 1.0045 1.3288, 0.4336 1.0022 1.332, 0.4598 0.9905 1.333, 0.4344 1.0019 1.3323, 0.4482 0.9958 1.3367, 0.4263 1.0053 1.3277, 0.4629 0.9891 1.332
            ]
        }
        coordIndex [
            0,1,2,-1,2,1,3,-1,3,4,2,-1,2,4,5,-1,2,5,6,-1,6,7,2,-1,2,7,8,-1,2,8,9,-1,9,10,2,-1,2,10,11,-1,2,11,12,-1,12,13,2,-1,2,13,14,-1,2,14,15,-1,15,16,2,-1,2,16,17,-1,2,17,18,-1,18,19,2,-1,2,19,20,-1,2,20,21,-1,22,23,24,-1,22,24,25,-1,25,24,21,-1,21,24,26,-1,21,26,27,-1,27,28,21,-1,21,28,29,-1,21,29,2,-1,30,31,2,-1,2,31,32,-1,2,32,0,-1,30,33,31,-1,31,33,34,-1,31,34,35,-1,35,36,31,-1,31,36,37,-1,31,37,38,-1,38,39,31,-1,31,39,40,-1,31,40,41,-1,41,42,31,-1,31,42,43,-1,31,43,44,-1,44,45,31,-1,31,45,46,-1,31,46,47,-1,48,49,50,-1,50,49,51,-1,50,51,52,-1,47,53,31,-1,31,53,48,-1,31,48,54,-1,54,48,50,-1,
        ]
    }
}