#VRML V2.0 utf8
# 3D model generated by easyeda2kicad.py (https://github.com/uPesy/easyeda2kicad.py)

Shape{
    appearance Appearance {
        material  Material 	{
            diffuseColor 0.25098039215686274 0.25098039215686274 0.25098039215686274
            specularColor 0.12549019607843137 0.12549019607843137 0.12549019607843137
            ambientIntensity 0.251
            transparency 0.0
            shininess 0.5
        }
    }
    geometry IndexedFaceSet {
        ccw TRUE
        solid FALSE
        coord DEF co Coordinate {
            point [
                2.4975 -0.9313 0.9094, 2.4975 -0.8433 0.9094, 2.1835 -0.8433 0.9094, 2.4975 -0.3733 0.9094, 2.1835 -0.3733 0.9094, 2.0471 -1.1395 0.9094, 2.0451 -1.1397 0.9094, 2.0645 -1.1397 0.9094, 2.0301 -1.1395 0.9094, 2.0279 -1.1387 0.9094, 2.0279 -1.1397 0.9094, 2.1274 -0.9337 0.9094, 2.1274 -0.9337 0.9094, 2.1274 -0.9313 0.9094, -0.9009 -0.8615 0.9094, -0.8869 -0.8433 0.9094, -1.0039 -0.8433 0.9094, 2.0066 -1.0122 0.9094, 2.0014 -1.0127 0.9094, 2.0199 -1.0127 0.9094, 1.8359 -1.0236 0.9094, 1.841 -1.0362 0.9094, 1.8783 -1.0362 0.9094, 1.7584 -0.9401 0.9094, 1.7773 -0.962 0.9094, 1.8783 -0.9313 0.9094, 1.7891 -0.9851 0.9094, 1.7919 -0.986 0.9094, 1.6266 -0.9241 0.9094, 1.6528 -0.9139 0.9094, 1.3898 -0.8433 0.9094, 1.681 -0.9105 0.9094, 1.7049 -0.913 0.9094, 1.8783 -0.8433 0.9094, 1.7334 -0.9232 0.9094, 1.7454 -0.9313 0.9094, 1.6149 -0.9313 0.9094, 1.3898 -0.9313 0.9094, 1.6127 -0.9327 0.9094, 1.3898 -1.0127 0.9094, 1.4904 -1.0127 0.9094, 1.4954 -1.0015 0.9094, 1.5091 -0.9839 0.9094, 1.5521 -0.9594 0.9094, 1.5745 -0.9566 0.9094, 1.5993 -0.9441 0.9094, 1.5811 -0.9569 0.9094, 1.5876 -0.9577 0.9094, 1.5129 -0.9803 0.9094, 1.531 -0.9676 0.9094, 1.5518 -1.1382 0.9094, 1.5445 -1.136 0.9094, 1.3898 -1.1397 0.9094, 1.524 -1.126 0.9094, 1.5062 -1.1109 0.9094, 1.4932 -1.0923 0.9094, 1.4851 -1.0711 0.9094, 1.3898 -1.0362 0.9094, 1.4823 -1.0488 0.9094, 1.4825 -1.0434 0.9094, 1.4837 -1.0362 0.9094, 1.4863 -1.022 0.9094, 1.5771 -1.1693 0.9094, 1.5659 -1.1609 0.9094, 1.3898 -1.1714 0.9094, 1.5575 -1.1504 0.9094, 1.5525 -1.1397 0.9094, 1.3898 -1.2652 0.9094, 1.5902 -1.1748 0.9094, 1.5823 -1.1714 0.9094, 1.6294 -1.1714 0.9094, 1.6196 -1.1752 0.9094, 1.8783 -1.2652 0.9094, 1.6058 -1.1769 0.9094, 1.6037 -1.1769 0.9094, 1.6592 -1.1397 0.9094, 1.6591 -1.14 0.9094, 1.8783 -1.1714 0.9094, 1.6523 -1.1527 0.9094, 1.6437 -1.1624 0.9094, 1.6323 -1.1703 0.9094, 1.7319 -1.1061 0.9094, 1.7358 -1.1046 0.9094, 1.7425 -1.0722 0.9094, 1.8244 -1.1137 0.9094, 1.809 -1.1268 0.9094, 1.8783 -1.1397 0.9094, 1.6485 -1.0818 0.9094, 1.7248 -1.042 0.9094, 1.6386 -1.0728 0.9094, 1.6265 -1.0663 0.9094, 1.7284 -1.1086 0.9094, 1.8357 -1.098 0.9094, 1.8099 -1.0551 0.9094, 1.8072 -1.0442 0.9094, 1.8029 -1.0362 0.9094, 1.5196 -1.0362 0.9094, 1.8429 -1.041 0.9094, 1.8455 -1.0596 0.9094, 1.8429 -1.0799 0.9094, 1.7402 -1.104 0.9094, 1.7407 -1.1041 0.9094, 1.7424 -1.1045 0.9094, 1.523 -1.0704 0.9094, 1.5297 -1.0819 0.9094, 1.5586 -1.0878 0.9094, 1.5399 -1.0924 0.9094, 1.5523 -1.1001 0.9094, 1.5796 -1.069 0.9094, 1.568 -1.0771 0.9094, 1.5182 -1.0477 0.9094, 1.5189 -1.0565 0.9094, 1.5922 -1.0642 0.9094, 1.6058 -1.0625 0.9094, 1.6127 -1.0629 0.9094, 1.7225 -1.1217 0.9094, 1.7227 -1.1194 0.9094, 1.6628 -1.1143 0.9094, 1.7238 -1.1151 0.9094, 1.726 -1.1112 0.9094, 1.7986 -1.0903 0.9094, 1.8049 -1.0814 0.9094, 1.8088 -1.0713 0.9094, 1.8102 -1.0602 0.9094, 1.7358 -1.1388 0.9094, 1.7321 -1.1373 0.9094, 1.7284 -1.1347 0.9094, 1.7271 -1.1334 0.9094, 1.7246 -1.1298 0.9094, 1.7231 -1.1259 0.9094, 1.6624 -1.126 0.9094, 1.6628 -1.12 0.9094, 1.7916 -1.1353 0.9094, 1.7726 -1.1393 0.9094, 1.739 -1.1393 0.9094, 1.7436 -1.1046 0.9094, 1.7692 -1.1046 0.9094, 1.7795 -1.1026 0.9094, 1.7895 -1.098 0.9094, 1.7979 -1.0911 0.9094, 1.7612 -1.0158 0.9094, 1.5247 -1.0212 0.9094, 1.5199 -1.0339 0.9094, 1.7658 -1.0158 0.9094, 1.8019 -1.0344 0.9094, 1.7954 -1.0271 0.9094, 1.7866 -1.021 0.9094, 1.7767 -1.0171 0.9094, 1.7489 -0.9815 0.9094, 1.7361 -0.9662 0.9094, 1.6053 -0.9993 0.9094, 1.7347 -0.965 0.9094, 1.7187 -0.9539 0.9094, 1.614 -0.9813 0.9094, 1.5307 -1.0127 0.9094, 1.6013 -0.9971 0.9094, 1.7606 -1.0127 0.9094, 1.7577 -0.9999 0.9094, 1.5885 -0.9924 0.9094, 1.5751 -0.9907 0.9094, 1.5691 -0.9911 0.9094, 1.6267 -0.966 0.9094, 1.7009 -0.947 0.9094, 1.642 -0.9549 0.9094, 1.6815 -0.9446 0.9094, 1.6606 -0.9473 0.9094, 1.555 -0.9944 0.9094, 1.5424 -1.0012 0.9094, 1.5326 -1.0098 0.9094, 1.8089 -0.9944 0.9094, 1.8243 -1.0074 0.9094, 1.8783 -1.0127 0.9094, 1.8281 -1.0127 0.9094, 1.9537 -1.1397 0.9094, 1.9111 -1.1391 0.9094, 1.9537 -1.1391 0.9094, 1.9111 -1.059 0.9094, 1.9537 -1.0362 0.9094, 1.9523 -1.059 0.9094, 1.9523 -1.0682 0.9094, 1.9214 -1.0682 0.9094, 1.9214 -1.0938 0.9094, 1.9214 -1.103 0.9094, 1.9214 -1.1299 0.9094, 1.95 -1.103 0.9094, 1.9537 -1.1299 0.9094, 1.95 -1.0938 0.9094, 1.9554 -1.0362 0.9094, 1.9541 -1.1391 0.9094, 1.9554 -1.1397 0.9094, 1.9541 -1.1299 0.9094, 2.2128 -0.9901 0.9094, 2.1835 -0.9901 0.9094, 2.221 -1.012 0.9094, 2.1835 -1.0127 0.9094, 2.2324 -1.012 0.9094, 2.4975 -1.0127 0.9094, 2.2019 -0.932 0.9094, 2.1835 -0.9313 0.9094, 2.1795 -0.9901 0.9094, 2.1718 -1.012 0.9094, 2.1582 -1.0127 0.9094, 2.1604 -1.012 0.9094, 2.1582 -0.9313 0.9094, 2.1835 -0.9514 0.9094, 2.1909 -0.932 0.9094, 2.0645 -0.976 0.9094, 2.0429 -0.976 0.9094, 2.0645 -1.0029 0.9094, 2.0429 -1.0029 0.9094, 2.0832 -0.9313 0.9094, 2.0645 -0.9313 0.9094, 2.0738 -0.932 0.9094, 2.0645 -0.932 0.9094, 2.0715 -0.976 0.9094, 2.0756 -1.0029 0.9094, 2.0715 -0.9668 0.9094, 2.0738 -0.9412 0.9094, 2.0645 -0.9668 0.9094, 2.0645 -0.9412 0.9094, 2.0429 -0.9412 0.9094, 2.0429 -0.9668 0.9094, 2.0832 -1.0127 0.9094, 2.0756 -1.012 0.9094, 2.0645 -1.0127 0.9094, 2.0645 -1.012 0.9094, 2.0326 -1.012 0.9094, 2.0326 -0.932 0.9094, 2.0279 -0.9313 0.9094, 2.0279 -1.0127 0.9094, 2.0199 -0.9313 0.9094, 2.0165 -0.9447 0.9094, 2.0165 -0.9339 0.9094, 1.9959 -1.0042 0.9094, 2.0005 -1.004 0.9094, 2.0152 -1.0094 0.9094, 2.0094 -1.0021 0.9094, 2.0165 -0.9988 0.9094, 2.0165 -1.0087 0.9094, 1.9877 -0.9414 0.9094, 1.9814 -0.9443 0.9094, 1.9758 -0.9488 0.9094, 2.0146 -0.9437 0.9094, 1.9752 -0.9495 0.9094, 1.9714 -0.9551 0.9094, 1.9687 -0.962 0.9094, 1.9674 -0.9729 0.9094, 1.9674 -0.9739 0.9094, 1.9687 -0.9837 0.9094, 1.9771 -0.9975 0.9094, 1.9824 -1.0011 0.9094, 1.9881 -1.0033 0.9094, 2.0063 -0.9408 0.9094, 1.9977 -0.9399 0.9094, 1.9946 -0.9401 0.9094, 1.9713 -0.9901 0.9094, 1.9753 -0.9957 0.9094, 1.9919 -0.9313 0.9094, 1.9976 -0.9306 0.9094, 2.0199 -0.8433 0.9094, 1.9989 -0.9306 0.9094, 2.0056 -0.9313 0.9094, 2.0092 -0.9316 0.9094, 1.9803 -1.0112 0.9094, 1.9728 -1.0075 0.9094, 1.9554 -1.0127 0.9094, 1.9669 -1.0025 0.9094, 1.9661 -1.0016 0.9094, 1.9614 -0.9948 0.9094, 1.9554 -0.9313 0.9094, 1.9589 -0.9577 0.9094, 1.963 -0.949 0.9094, 1.9581 -0.9864 0.9094, 1.9566 -0.9735 0.9094, 1.9568 -0.9679 0.9094, 1.9681 -0.9424 0.9094, 1.9699 -0.9407 0.9094, 1.9777 -0.9352 0.9094, 1.9889 -1.0131 0.9094, 1.9872 -1.0127 0.9094, 1.9944 -1.0134 0.9094, 2.0199 -1.0362 0.9094, 2.4975 0.0645 0.9094, 2.34 0.0645 0.9094, 2.34 1.6796 0.9094, -1.0039 0.0645 0.9094, -1.0039 -0.3733 0.9094, -0.9267 0.0645 0.9094, -0.233 -0.3733 0.9094, -0.9267 1.6796 0.9094, -0.233 2.5054 0.9094, -1.0039 1.6796 0.9094, -1.0039 2.5054 0.9094, -1.0841 2.5054 0.9094, -1.0841 1.6796 0.9094, -0.233 -1.0127 0.9094, -0.233 -0.9313 0.9094, -0.5821 -0.9469 0.9094, -0.619 -0.8433 0.9094, -0.605 -0.8615 0.9094, -0.233 -0.8433 0.9094, -0.5879 -0.9027 0.9094, -0.5842 -0.9313 0.9094, -0.8737 -0.8261 0.9094, -0.8383 -0.799 0.9094, -0.6322 -0.8261 0.9094, -0.6675 -0.799 0.9094, -0.7971 -0.7819 0.9094, -0.7529 -0.7761 0.9094, -0.7087 -0.7819 0.9094, -1.0039 -0.9313 0.9094, -0.9217 -0.9313 0.9094, -0.9179 -0.9027 0.9094, -1.0039 -1.0127 0.9094, -0.9179 -0.9911 0.9094, -0.9237 -0.9469 0.9094, -1.0039 -1.0362 0.9094, -0.9009 -1.0323 0.9094, -0.909 -1.0127 0.9094, -0.233 -1.1397 0.9094, -0.6675 -1.0948 0.9094, -0.7087 -1.1119 0.9094, -1.0039 -1.1397 0.9094, -0.7529 -1.1177 0.9094, -0.7971 -1.1119 0.9094, -0.233 -1.0362 0.9094, -0.608 -1.0362 0.9094, -0.6322 -1.0677 0.9094, -0.8383 -1.0948 0.9094, -0.8737 -1.0677 0.9094, -0.8979 -1.0362 0.9094, -0.5879 -0.9911 0.9094, -0.5969 -1.0127 0.9094, -0.605 -1.0323 0.9094, 2.1467 -0.9454 0.9094, 2.1517 -0.9524 0.9094, 2.1534 -0.9864 0.9094, 2.1493 -0.9946 0.9094, 2.1439 -0.9426 0.9094, 2.1274 -1.01 0.9094, 2.1274 -1.0127 0.9094, 2.1354 -1.0069 0.9094, 2.1439 -1.0008 0.9094, 2.1368 -0.9376 0.9094, 2.1546 -0.96 0.9094, 2.1559 -0.971 0.9094, 2.1556 -0.9772 0.9094, 2.1136 -0.932 0.9094, 2.1153 -0.932 0.9094, 2.1262 -1.0104 0.9094, 2.1128 -1.012 0.9094, 2.0907 -1.012 0.9094, 2.0907 -0.932 0.9094, 1.9759 -1.1397 0.9094, 1.972 -1.1383 0.9094, 1.9693 -1.0859 0.9094, 1.9693 -1.0956 0.9094, 2.0199 -1.1397 0.9094, 2.0097 -1.1391 0.9094, 1.9997 -1.1391 0.9094, 1.9947 -1.136 0.9094, 1.9911 -1.1384 0.9094, 1.9873 -1.1397 0.9094, 1.9654 -1.1317 0.9094, 1.9642 -1.1283 0.9094, 1.9687 -1.1359 0.9094, 1.9675 -1.1348 0.9094, 1.9676 -1.112 0.9094, 1.9706 -1.1093 0.9094, 1.9748 -1.1071 0.9094, 1.9759 -1.0914 0.9094, 1.9827 -1.1051 0.9094, 1.9915 -1.0891 0.9094, 1.9881 -1.0887 0.9094, 1.9822 -1.0893 0.9094, 2.0051 -1.0866 0.9094, 2.0072 -1.0897 0.9094, 2.0088 -1.0941 0.9094, 2.0097 -1.1023 0.9094, 1.9637 -1.1237 0.9094, 1.9642 -1.1189 0.9094, 1.9655 -1.1152 0.9094, 1.9997 -1.1302 0.9094, 1.9994 -1.1302 0.9094, 1.9978 -1.1326 0.9094, 1.9997 -1.1027 0.9094, 1.9993 -1.0983 0.9094, 1.9983 -1.0947 0.9094, 1.9971 -1.0926 0.9094, 1.9951 -1.0811 0.9094, 1.9993 -1.0824 0.9094, 2.0026 -1.0843 0.9094, 1.9956 -1.091 0.9094, 1.9938 -1.0899 0.9094, 1.9726 -1.0841 0.9094, 1.9802 -1.0815 0.9094, 1.989 -1.0806 0.9094, 1.987 -1.1398 0.9094, 2.0199 -1.1714 0.9094, 1.9554 -1.1714 0.9094, 1.9819 -1.1404 0.9094, 1.9761 -1.1397 0.9094, 2.0233 -1.137 0.9094, 2.0233 -1.1267 0.9094, 2.0233 -1.0973 0.9094, 2.0237 -1.0937 0.9094, 2.0249 -1.1043 0.9094, 2.0238 -1.1012 0.9094, 2.0279 -1.1293 0.9094, 2.0279 -1.1081 0.9094, 2.0267 -1.1288 0.9094, 2.0278 -1.1081 0.9094, 2.0262 -1.1063 0.9094, 2.0279 -1.1714 0.9094, 2.0388 -1.1404 0.9094, 2.0325 -1.1397 0.9094, 2.0645 -1.1714 0.9094, 2.0592 -1.0831 0.9094, 2.0592 -1.0928 0.9094, 2.0298 -1.0851 0.9094, 2.0324 -1.0835 0.9094, 2.0279 -1.0362 0.9094, 2.0614 -1.1275 0.9094, 2.0602 -1.1307 0.9094, 2.0583 -1.1334 0.9094, 2.0249 -1.0905 0.9094, 2.0268 -1.0878 0.9094, 2.0279 -1.0868 0.9094, 2.0379 -1.0814 0.9094, 2.0456 -1.0806 0.9094, 2.0645 -1.0362 0.9094, 2.0519 -1.0811 0.9094, 2.0585 -1.114 0.9094, 2.0604 -1.1168 0.9094, 2.0615 -1.1198 0.9094, 2.0619 -1.1235 0.9094, 2.0555 -1.1359 0.9094, 2.0526 -1.1376 0.9094, 2.0446 -1.0887 0.9094, 2.0417 -1.0889 0.9094, 2.0337 -1.0964 0.9094, 2.039 -1.0896 0.9094, 2.0367 -1.0908 0.9094, 2.0338 -1.0977 0.9094, 2.0342 -1.0993 0.9094, 2.0349 -1.1006 0.9094, 2.0359 -1.1017 0.9094, 2.0394 -1.1039 0.9094, 2.0517 -1.0896 0.9094, 2.0456 -1.1066 0.9094, 2.0574 -1.0918 0.9094, 2.0495 -1.1082 0.9094, 2.0562 -1.1119 0.9094, 2.0352 -1.0922 0.9094, 2.0344 -1.0934 0.9094, 2.0339 -1.0948 0.9094, 2.0329 -1.1313 0.9094, 2.0385 -1.1139 0.9094, 2.0326 -1.1112 0.9094, 2.0398 -1.1322 0.9094, 2.0402 -1.1322 0.9094, 2.0451 -1.1167 0.9094, 2.0454 -1.1316 0.9094, 2.0516 -1.1245 0.9094, 2.0515 -1.1232 0.9094, 2.048 -1.1307 0.9094, 2.0489 -1.1301 0.9094, 2.05 -1.1291 0.9094, 2.0509 -1.1278 0.9094, 2.0514 -1.1264 0.9094, 2.0511 -1.1217 0.9094, 2.0503 -1.1203 0.9094, 2.049 -1.119 0.9094, 2.1116 -1.0819 0.9094, 2.122 -1.0819 0.9094, 2.1274 -1.0362 0.9094, 2.0933 -1.1248 0.9094, 2.0945 -1.1296 0.9094, 2.0948 -1.1296 0.9094, 2.0832 -1.0362 0.9094, 2.0832 -1.0958 0.9094, 2.096 -1.1249 0.9094, 2.0952 -1.1276 0.9094, 2.0832 -1.1227 0.9094, 2.0671 -1.0819 0.9094, 2.0783 -1.0819 0.9094, 2.0892 -1.1397 0.9094, 2.0896 -1.1389 0.9094, 2.0832 -1.1529 0.9094, 2.0832 -1.1529 0.9094, 2.0832 -1.1397 0.9094, 2.0852 -1.1493 0.9094, 2.0692 -1.1562 0.9094, 2.0692 -1.1652 0.9094, 2.0712 -1.1569 0.9094, 2.0749 -1.1574 0.9094, 2.0773 -1.1571 0.9094, 2.0832 -1.1642 0.9094, 2.0797 -1.1655 0.9094, 2.0832 -1.1714 0.9094, 2.0757 -1.166 0.9094, 2.0734 -1.1659 0.9094, 2.0795 -1.1563 0.9094, 2.0813 -1.155 0.9094, 2.0961 -1.1477 0.9094, 2.0915 -1.1565 0.9094, 2.1274 -1.1714 0.9094, 2.0992 -1.1397 0.9094, 2.0879 -1.1609 0.9094, 2.0872 -1.1616 0.9094, 2.0837 -1.164 0.9094, 2.1582 -1.103 0.9094, 2.1432 -1.103 0.9094, 2.1582 -1.1299 0.9094, 2.1432 -1.1299 0.9094, 2.1741 -1.059 0.9094, 2.1741 -1.0682 0.9094, 2.1835 -1.0362 0.9094, 2.1759 -1.1299 0.9094, 2.1835 -1.1397 0.9094, 2.1759 -1.1391 0.9094, 2.1582 -1.1397 0.9094, 2.1718 -1.103 0.9094, 2.1718 -1.0938 0.9094, 2.1582 -1.0938 0.9094, 2.1582 -1.0682 0.9094, 2.1432 -1.0682 0.9094, 2.1432 -1.0938 0.9094, 2.1582 -1.1391 0.9094, 2.1328 -1.1391 0.9094, 2.1274 -1.1397 0.9094, 2.1328 -1.059 0.9094, 2.1582 -1.059 0.9094, 2.1582 -1.0362 0.9094, 2.4975 1.6796 0.9094, 2.4975 2.5054 0.9094, 2.1835 2.5054 0.9094, 2.1582 2.5054 0.9094, 2.1582 -0.3733 0.9094, 2.1274 2.5054 0.9094, 2.1274 -0.3733 0.9094, 2.0832 2.5054 0.9094, 2.0832 -0.3733 0.9094, 2.0645 2.5054 0.9094, 2.0645 -0.3733 0.9094, 2.0279 2.5054 0.9094, 2.0279 -0.3733 0.9094, 1.2388 0.3638 0.9094, 1.1684 0.2519 0.9094, 1.3898 -0.3733 0.9094, 0.8381 1.1958 0.9094, 0.9629 1.1521 0.9094, 1.3898 2.5054 0.9094, 1.0749 0.1584 0.9094, 0.9629 0.088 0.9094, 0.8381 0.0443 0.9094, 1.0749 1.0818 0.9094, 1.1684 0.9883 0.9094, 1.2388 0.8763 0.9094, 1.2824 0.7515 0.9094, 1.2972 0.6201 0.9094, 1.2824 0.4887 0.9094, 0.7067 0.0295 0.9094, 0.5753 0.0443 0.9094, 0.4505 0.088 0.9094, 0.3385 0.1584 0.9094, 0.245 0.2519 0.9094, 0.1746 0.3638 0.9094, 0.5753 1.1958 0.9094, 0.7067 1.2106 0.9094, 0.1746 0.8763 0.9094, 0.245 0.9883 0.9094, 0.1309 0.4887 0.9094, 0.1161 0.6201 0.9094, 0.1309 0.7515 0.9094, 0.3385 1.0818 0.9094, 0.4505 1.1521 0.9094, 2.1582 -0.8433 0.9094, 2.1274 -0.8433 0.9094, 2.0832 -0.8433 0.9094, 2.0645 -0.8433 0.9094, 2.0279 -0.8433 0.9094, 2.0199 2.5054 0.9094, 1.9554 2.5054 0.9094, 2.0199 -0.3733 0.9094, 1.9554 -0.3733 0.9094, 1.9554 -0.8433 0.9094, 1.9861 -0.932 0.9094, 1.8783 2.5054 0.9094, 1.8783 -0.3733 0.9094, 1.9537 2.5054 0.9094, 1.9537 -0.3733 0.9094, 1.9537 -0.8433 0.9094, 1.9537 -0.9313 0.9094, 1.9537 -1.0127 0.9094, 1.9533 -1.0029 0.9094, 1.9533 -1.012 0.9094, 1.9111 -1.012 0.9094, 1.9214 -1.0029 0.9094, 1.9214 -0.932 0.9094, 1.9111 -0.932 0.9094, 2.2721 -1.1391 0.9094, 2.2606 -1.1391 0.9094, 2.3213 -1.1391 0.9094, 2.3131 -1.1172 0.9094, 2.2798 -1.1172 0.9094, 2.3327 -1.1391 0.9094, 2.4975 -1.1397 0.9094, 2.3022 -1.059 0.9094, 2.4975 -1.0362 0.9094, 2.2537 -1.1134 0.9094, 2.2558 -1.1042 0.9094, 2.2911 -1.059 0.9094, 2.2562 -1.098 0.9094, 2.2549 -1.0871 0.9094, 2.2495 -1.1216 0.9094, 2.2441 -1.1278 0.9094, 2.2357 -1.1339 0.9094, 2.2265 -1.1374 0.9094, 2.213 -1.1391 0.9094, 2.191 -1.1391 0.9094, 2.191 -1.059 0.9094, 2.2139 -1.059 0.9094, 2.2441 -1.0696 0.9094, 2.247 -1.0724 0.9094, 2.252 -1.0794 0.9094, 2.2156 -1.059 0.9094, 2.2276 -1.0607 0.9094, 2.2371 -1.0646 0.9094, 2.1582 -1.1714 0.9094, 2.1835 -1.1714 0.9094, 2.4975 -1.1714 0.9094, 1.9537 -1.1714 0.9094, 1.9537 -1.2652 0.9094, 1.9554 -1.2652 0.9094, 2.0199 -1.2652 0.9094, 2.0279 -1.2652 0.9094, 2.0645 -1.2652 0.9094, 2.0832 -1.2652 0.9094, 2.1274 -1.2652 0.9094, 2.1582 -1.2652 0.9094, 2.1835 -1.2652 0.9094, 2.4975 -1.2652 0.9094, -0.233 -1.1714 0.9094, -0.233 -1.2652 0.9094, -1.0039 -1.1714 0.9094, -1.0039 -1.2652 0.9094, -1.0841 0.0645 0.9094, -1.0841 -0.3733 0.9094, -1.0841 -0.8433 0.9094, -1.0841 -0.9313 0.9094, -1.0841 -1.0127 0.9094, -1.0841 -1.0362 0.9094, -1.0841 -1.1397 0.9094, -1.0841 -1.1714 0.9094, -1.0841 -1.2652 0.9094, -0.1398 -1.2067 0.0039, -0.1398 -1.4232 0.0039, -0.3366 -1.2067 0.0039, -0.3366 -1.4232 0.0039, 0.3327 -1.2067 0.0039, 0.3327 -1.4232 0.0039, 0.1358 -1.2067 0.0039, 0.1358 -1.4232 0.0039, 0.8051 -1.2067 0.0039, 0.8051 -1.4232 0.0039, 0.6083 -1.2067 0.0039, 0.6083 -1.4232 0.0039, 1.2776 -1.2067 0.0039, 1.2776 -1.4232 0.0039, 1.0807 -1.2067 0.0039, 1.0807 -1.4232 0.0039, 1.75 -1.2067 0.0039, 1.75 -1.4232 0.0039, 1.5531 -1.2067 0.0039, 1.5531 -1.4232 0.0039, 2.2224 -1.2067 0.0039, 2.2224 -1.4232 0.0039, 2.0256 -1.2067 0.0039, 2.0256 -1.4232 0.0039, 2.6358 2.6634 0.0039, 2.6555 2.6634 0.0039, 2.6555 -1.3839 0.0039, -1.2421 -1.3839 0.0039, -1.2421 2.6634 0.0039, -0.8878 0.1634 0.0039, -1.2224 2.6634 0.0039, -0.8878 2.6634 0.0039, 2.3012 0.1634 0.0039, 2.498 -0.9508 0.0039, -0.6122 -0.9508 0.0039, 2.6332 -1.4193 0.0039, 2.6249 -1.4222 0.0039, 2.6161 -1.4232 0.0039, 2.498 -1.4232 0.0039, -1.2408 -1.394 0.0039, -1.0846 -0.9508 0.0039, -0.8091 -0.9508 0.0039, -0.8091 -1.4232 0.0039, -0.6122 -1.4232 0.0039, 2.3012 2.6634 0.0039, 2.6545 -1.3926 0.0039, 2.6516 -1.4009 0.0039, 2.6469 -1.4084 0.0039, 2.6407 -1.4146 0.0039, -1.0846 -1.4232 0.0039, -1.2028 -1.4232 0.0039, -1.2129 -1.4219 0.0039, -1.2224 -1.418 0.0039, -1.2306 -1.4117 0.0039, -1.2369 -1.4035 0.0039
            ]
        }
        coordIndex [
            0,1,2,-1,1,3,4,-1,5,6,7,-1,8,9,10,-1,11,12,13,-1,14,15,16,-1,17,18,19,-1,20,21,22,-1,23,24,25,-1,25,24,26,-1,25,26,27,-1,28,29,30,-1,31,32,33,-1,33,32,34,-1,33,34,25,-1,25,34,35,-1,25,35,23,-1,28,30,36,-1,36,30,37,-1,36,37,38,-1,39,40,37,-1,37,40,41,-1,37,41,42,-1,37,43,38,-1,38,43,44,-1,38,44,45,-1,45,44,46,-1,45,46,47,-1,42,48,37,-1,37,48,49,-1,37,49,43,-1,50,51,52,-1,52,51,53,-1,52,53,54,-1,54,55,52,-1,52,55,56,-1,52,56,57,-1,57,56,58,-1,58,59,57,-1,57,59,60,-1,57,60,39,-1,39,60,61,-1,39,61,40,-1,62,63,64,-1,64,63,65,-1,64,65,52,-1,52,65,66,-1,52,66,50,-1,67,68,64,-1,64,68,69,-1,64,69,62,-1,70,71,72,-1,72,71,73,-1,72,73,67,-1,67,73,74,-1,67,74,68,-1,75,76,77,-1,77,76,78,-1,78,79,77,-1,77,79,80,-1,77,80,70,-1,81,82,83,-1,84,85,86,-1,87,88,89,-1,89,88,90,-1,81,83,91,-1,84,86,92,-1,93,94,88,-1,88,94,95,-1,88,95,96,-1,21,97,22,-1,22,97,98,-1,22,98,86,-1,86,98,99,-1,86,99,92,-1,82,100,83,-1,83,100,101,-1,83,101,102,-1,103,104,105,-1,105,104,106,-1,105,106,107,-1,108,96,109,-1,109,96,110,-1,109,110,105,-1,105,110,111,-1,105,111,103,-1,108,112,96,-1,96,112,113,-1,96,113,88,-1,88,113,114,-1,88,114,90,-1,115,116,117,-1,117,116,118,-1,117,118,83,-1,83,118,119,-1,83,119,91,-1,120,121,83,-1,83,121,122,-1,83,122,88,-1,88,122,123,-1,88,123,93,-1,124,125,75,-1,75,125,126,-1,75,126,127,-1,127,128,75,-1,75,128,129,-1,75,129,130,-1,130,129,115,-1,130,115,131,-1,131,115,117,-1,85,132,86,-1,86,132,133,-1,86,133,75,-1,75,133,134,-1,75,134,124,-1,102,135,83,-1,83,135,136,-1,83,136,137,-1,137,138,83,-1,83,138,139,-1,83,139,120,-1,140,141,142,-1,142,96,140,-1,140,96,95,-1,140,95,143,-1,143,95,144,-1,144,145,143,-1,143,145,146,-1,143,146,147,-1,148,149,150,-1,149,151,150,-1,150,151,152,-1,150,152,153,-1,154,150,155,-1,141,140,154,-1,154,140,156,-1,154,156,150,-1,150,156,157,-1,150,157,148,-1,155,158,154,-1,154,158,159,-1,154,159,160,-1,153,152,161,-1,161,152,162,-1,161,162,163,-1,163,162,164,-1,163,164,165,-1,166,167,160,-1,160,167,168,-1,160,168,154,-1,27,169,25,-1,25,169,170,-1,25,170,171,-1,171,170,172,-1,171,172,20,-1,86,173,174,-1,174,173,175,-1,86,174,22,-1,22,174,176,-1,22,176,177,-1,177,176,178,-1,177,178,179,-1,179,180,181,-1,182,183,184,-1,184,183,185,-1,184,185,186,-1,181,186,179,-1,179,186,185,-1,179,185,177,-1,177,185,187,-1,175,173,188,-1,188,173,189,-1,188,189,190,-1,191,192,193,-1,193,192,194,-1,193,194,195,-1,196,0,197,-1,197,0,198,-1,192,199,194,-1,194,199,200,-1,194,200,201,-1,201,200,202,-1,201,202,203,-1,203,202,204,-1,203,204,198,-1,198,204,205,-1,198,205,197,-1,206,207,208,-1,208,207,209,-1,210,211,212,-1,212,211,213,-1,206,208,214,-1,214,208,215,-1,214,215,216,-1,216,215,217,-1,216,217,218,-1,217,219,218,-1,218,219,220,-1,218,220,221,-1,212,217,210,-1,210,217,215,-1,210,215,222,-1,222,215,223,-1,222,223,224,-1,224,223,225,-1,224,225,226,-1,213,211,227,-1,227,211,228,-1,227,228,226,-1,226,228,229,-1,226,229,224,-1,19,230,231,-1,231,230,232,-1,233,234,231,-1,17,19,235,-1,234,236,231,-1,231,236,237,-1,231,237,19,-1,19,237,238,-1,19,238,235,-1,239,240,241,-1,242,243,231,-1,231,243,244,-1,231,244,245,-1,245,246,231,-1,231,246,247,-1,231,247,248,-1,249,250,231,-1,231,250,251,-1,231,251,233,-1,242,252,243,-1,243,252,253,-1,243,253,241,-1,241,253,254,-1,241,254,239,-1,248,255,231,-1,231,255,256,-1,231,256,249,-1,257,258,259,-1,258,260,259,-1,259,260,261,-1,259,261,230,-1,230,261,262,-1,230,262,232,-1,263,264,265,-1,264,266,265,-1,265,266,267,-1,265,267,268,-1,269,270,271,-1,268,272,265,-1,265,272,273,-1,265,273,269,-1,269,273,274,-1,269,274,270,-1,271,275,269,-1,269,275,276,-1,269,276,277,-1,187,278,279,-1,278,187,280,-1,280,187,281,-1,280,281,18,-1,3,282,4,-1,4,282,283,-1,4,283,284,-1,285,286,287,-1,287,286,288,-1,287,288,289,-1,289,288,290,-1,289,290,291,-1,290,292,291,-1,291,292,293,-1,291,293,294,-1,295,296,297,-1,298,299,300,-1,300,299,301,-1,300,301,296,-1,296,301,302,-1,296,302,297,-1,16,15,286,-1,286,15,303,-1,286,303,304,-1,298,300,305,-1,305,300,288,-1,305,288,306,-1,304,307,286,-1,286,307,308,-1,286,308,288,-1,288,308,309,-1,288,309,306,-1,310,311,16,-1,16,311,312,-1,16,312,14,-1,313,314,310,-1,310,314,315,-1,310,315,311,-1,316,317,313,-1,313,317,318,-1,313,318,314,-1,319,320,321,-1,322,323,324,-1,325,326,319,-1,319,326,327,-1,319,327,320,-1,324,328,322,-1,322,328,329,-1,322,329,316,-1,316,329,330,-1,316,330,317,-1,297,331,295,-1,295,331,332,-1,295,332,325,-1,325,332,333,-1,325,333,326,-1,334,335,203,-1,201,336,337,-1,334,203,338,-1,339,340,341,-1,341,340,201,-1,341,201,342,-1,342,201,337,-1,13,12,203,-1,203,12,343,-1,203,343,338,-1,335,344,203,-1,203,344,345,-1,203,345,201,-1,201,345,346,-1,201,346,336,-1,210,347,13,-1,13,347,348,-1,13,348,11,-1,339,349,340,-1,340,349,350,-1,340,350,222,-1,222,350,351,-1,222,351,210,-1,210,351,352,-1,210,352,347,-1,353,354,189,-1,185,190,187,-1,187,190,189,-1,187,189,355,-1,355,189,356,-1,357,358,359,-1,360,361,359,-1,359,361,362,-1,359,362,357,-1,189,363,364,-1,354,365,189,-1,189,365,366,-1,189,366,363,-1,367,368,356,-1,356,368,369,-1,356,369,370,-1,370,369,371,-1,372,373,371,-1,371,373,374,-1,371,374,370,-1,375,376,281,-1,281,376,377,-1,281,377,378,-1,364,379,189,-1,189,379,380,-1,189,380,356,-1,356,380,381,-1,356,381,367,-1,382,383,359,-1,359,383,384,-1,359,384,360,-1,385,386,371,-1,371,386,387,-1,371,387,388,-1,389,390,281,-1,281,390,391,-1,281,391,375,-1,388,392,371,-1,371,392,393,-1,371,393,372,-1,355,394,187,-1,187,394,395,-1,187,395,281,-1,281,395,396,-1,281,396,389,-1,362,397,398,-1,398,397,399,-1,399,397,400,-1,399,400,401,-1,10,9,357,-1,357,9,402,-1,357,402,403,-1,404,405,281,-1,406,407,403,-1,407,404,403,-1,403,404,281,-1,403,281,357,-1,357,281,378,-1,357,378,358,-1,408,409,410,-1,410,409,411,-1,410,411,403,-1,403,411,412,-1,403,412,406,-1,413,414,415,-1,414,413,6,-1,6,413,416,-1,6,416,7,-1,417,418,7,-1,419,420,421,-1,422,423,7,-1,7,423,424,-1,405,425,281,-1,281,425,426,-1,281,426,421,-1,421,426,427,-1,421,427,419,-1,420,428,421,-1,421,428,429,-1,421,429,430,-1,430,429,431,-1,430,431,417,-1,432,433,418,-1,418,433,434,-1,418,434,7,-1,7,434,435,-1,7,435,422,-1,424,436,7,-1,7,436,437,-1,7,437,5,-1,438,439,440,-1,440,439,441,-1,440,441,442,-1,440,443,438,-1,438,443,444,-1,438,444,445,-1,445,446,438,-1,438,446,447,-1,438,447,448,-1,448,447,449,-1,448,449,450,-1,450,449,451,-1,450,451,418,-1,418,451,452,-1,418,452,432,-1,453,454,442,-1,442,454,455,-1,442,455,440,-1,456,457,408,-1,408,457,458,-1,408,458,409,-1,456,459,457,-1,457,459,460,-1,457,460,461,-1,461,460,462,-1,461,463,464,-1,462,465,461,-1,461,465,466,-1,461,466,467,-1,467,468,461,-1,461,468,469,-1,461,469,463,-1,464,470,461,-1,461,470,471,-1,461,471,472,-1,473,474,475,-1,476,477,478,-1,475,479,473,-1,473,479,480,-1,473,480,481,-1,481,480,476,-1,481,476,482,-1,482,476,478,-1,483,484,7,-1,417,7,430,-1,430,7,484,-1,430,484,479,-1,479,484,485,-1,479,485,480,-1,486,487,483,-1,488,489,490,-1,490,489,491,-1,490,491,486,-1,486,483,490,-1,490,483,7,-1,490,7,492,-1,492,7,416,-1,492,416,493,-1,492,494,490,-1,490,494,495,-1,490,495,496,-1,497,498,499,-1,499,498,500,-1,499,500,416,-1,416,500,501,-1,416,501,493,-1,496,502,490,-1,490,502,503,-1,490,503,488,-1,504,505,506,-1,504,506,507,-1,505,508,506,-1,506,508,509,-1,506,509,499,-1,499,509,510,-1,499,510,497,-1,511,512,513,-1,513,512,514,-1,515,516,517,-1,517,516,518,-1,517,518,519,-1,519,518,520,-1,519,520,521,-1,511,513,522,-1,522,513,518,-1,522,518,523,-1,523,518,516,-1,523,516,524,-1,516,525,524,-1,524,525,526,-1,524,526,527,-1,520,528,521,-1,521,528,529,-1,521,529,530,-1,530,529,531,-1,515,517,532,-1,532,517,533,-1,532,533,531,-1,531,533,475,-1,531,475,530,-1,530,475,474,-1,530,474,507,-1,534,535,284,-1,284,535,536,-1,284,536,4,-1,4,536,537,-1,4,537,538,-1,538,537,539,-1,538,539,540,-1,540,539,541,-1,540,541,542,-1,542,541,543,-1,542,543,544,-1,544,543,545,-1,544,545,546,-1,547,548,549,-1,550,551,552,-1,548,553,549,-1,549,553,554,-1,549,554,555,-1,551,556,552,-1,552,556,557,-1,552,557,558,-1,558,559,552,-1,552,559,560,-1,552,560,549,-1,549,560,561,-1,549,561,547,-1,562,563,288,-1,288,563,564,-1,564,565,288,-1,288,565,566,-1,288,566,567,-1,290,568,552,-1,552,568,569,-1,552,569,550,-1,570,571,290,-1,567,572,288,-1,288,572,573,-1,288,573,290,-1,290,573,574,-1,290,574,570,-1,571,575,290,-1,290,575,576,-1,290,576,568,-1,1,4,2,-1,2,4,538,-1,2,538,577,-1,577,538,540,-1,577,540,578,-1,578,540,542,-1,578,542,579,-1,579,542,544,-1,579,544,580,-1,580,544,546,-1,580,546,581,-1,582,583,584,-1,584,583,585,-1,584,585,259,-1,259,585,586,-1,259,586,257,-1,257,586,269,-1,257,269,587,-1,587,269,277,-1,588,552,589,-1,589,552,549,-1,589,549,33,-1,33,549,30,-1,33,30,31,-1,31,30,29,-1,0,2,198,-1,198,2,577,-1,198,577,203,-1,203,577,578,-1,203,578,13,-1,13,578,579,-1,13,579,210,-1,210,579,580,-1,210,580,211,-1,211,580,581,-1,211,581,228,-1,590,588,591,-1,591,588,589,-1,591,589,592,-1,592,589,33,-1,592,33,593,-1,593,33,25,-1,545,582,546,-1,546,582,584,-1,546,584,581,-1,581,584,259,-1,581,259,228,-1,228,259,230,-1,228,230,229,-1,229,230,19,-1,583,590,585,-1,585,590,591,-1,585,591,586,-1,586,591,592,-1,586,592,269,-1,269,592,593,-1,269,593,265,-1,265,593,594,-1,593,595,594,-1,594,595,596,-1,594,596,597,-1,598,595,599,-1,599,595,593,-1,599,593,600,-1,600,593,25,-1,600,25,597,-1,597,25,171,-1,597,171,594,-1,18,281,19,-1,19,281,421,-1,19,421,229,-1,229,421,430,-1,229,430,224,-1,224,430,479,-1,224,479,222,-1,222,479,475,-1,222,475,340,-1,340,475,533,-1,340,533,201,-1,201,533,517,-1,201,517,194,-1,20,22,171,-1,171,22,177,-1,171,177,594,-1,594,177,187,-1,594,187,265,-1,265,187,279,-1,265,279,263,-1,601,602,519,-1,603,604,605,-1,605,601,603,-1,603,601,519,-1,603,519,606,-1,606,519,607,-1,606,607,608,-1,608,607,609,-1,610,602,611,-1,611,602,612,-1,611,612,613,-1,613,612,614,-1,610,615,602,-1,602,615,616,-1,602,616,617,-1,197,195,196,-1,196,195,194,-1,196,194,609,-1,609,194,517,-1,609,517,608,-1,608,517,612,-1,617,618,602,-1,602,618,619,-1,602,619,519,-1,519,619,620,-1,519,620,517,-1,517,620,621,-1,517,621,622,-1,623,624,612,-1,612,624,625,-1,612,625,614,-1,622,626,517,-1,517,626,627,-1,517,627,612,-1,612,627,628,-1,612,628,623,-1,507,506,530,-1,530,506,629,-1,530,629,521,-1,521,629,630,-1,521,630,519,-1,519,630,631,-1,519,631,607,-1,362,398,357,-1,357,398,413,-1,357,413,10,-1,10,413,415,-1,10,415,8,-1,75,77,86,-1,86,77,632,-1,86,632,173,-1,173,632,399,-1,173,399,189,-1,189,399,401,-1,189,401,353,-1,70,72,77,-1,77,72,633,-1,77,633,632,-1,632,633,634,-1,632,634,399,-1,399,634,635,-1,399,635,398,-1,398,635,636,-1,398,636,413,-1,413,636,637,-1,413,637,416,-1,416,637,638,-1,416,638,499,-1,499,638,639,-1,499,639,506,-1,506,639,640,-1,506,640,629,-1,629,640,641,-1,629,641,630,-1,630,641,642,-1,630,642,631,-1,555,562,549,-1,549,562,288,-1,549,288,30,-1,30,288,300,-1,30,300,37,-1,37,300,296,-1,37,296,39,-1,39,296,295,-1,39,295,57,-1,57,295,325,-1,57,325,52,-1,52,325,319,-1,52,319,64,-1,64,319,643,-1,64,643,67,-1,67,643,644,-1,321,323,319,-1,319,323,322,-1,319,322,643,-1,643,322,645,-1,643,645,644,-1,644,645,646,-1,285,647,286,-1,286,647,648,-1,286,648,16,-1,16,648,649,-1,16,649,310,-1,310,649,650,-1,310,650,313,-1,313,650,651,-1,313,651,316,-1,316,651,652,-1,316,652,322,-1,322,652,653,-1,322,653,645,-1,645,653,654,-1,645,654,646,-1,646,654,655,-1,656,657,658,-1,658,657,659,-1,660,661,662,-1,662,661,663,-1,664,665,666,-1,666,665,667,-1,668,669,670,-1,670,669,671,-1,672,673,674,-1,674,673,675,-1,676,677,678,-1,678,677,679,-1,680,681,682,-1,683,684,685,-1,685,684,686,-1,685,686,687,-1,688,689,685,-1,685,689,690,-1,691,692,689,-1,689,692,693,-1,689,693,694,-1,695,683,696,-1,696,683,685,-1,696,685,697,-1,697,685,690,-1,697,690,698,-1,698,690,699,-1,700,680,688,-1,688,680,682,-1,688,682,689,-1,689,682,701,-1,689,701,702,-1,702,703,689,-1,689,703,704,-1,689,704,691,-1,705,706,696,-1,696,706,707,-1,696,707,708,-1,708,709,696,-1,696,709,710,-1,696,710,695,-1,
        ]
    }
}
Shape{
    appearance Appearance {
        material  Material 	{
            diffuseColor 0.7529411764705882 0.7529411764705882 0.7529411764705882
            specularColor 0.3764705882352941 0.3764705882352941 0.3764705882352941
            ambientIntensity 0.7529
            transparency 0.0
            shininess 0.5
        }
    }
    geometry IndexedFaceSet {
        ccw TRUE
        solid FALSE
        coord DEF co Coordinate {
            point [
                2.2224 -1.2067 0.0039, 2.2224 -1.2067 0.0, 2.2224 -1.4232 0.0039, 2.2224 -1.6594 0.0, 2.2224 -1.4232 0.2008, 2.2224 -1.6594 0.2008, 1.75 -1.2067 0.0039, 1.75 -1.2067 0.0, 1.75 -1.4232 0.0039, 1.75 -1.6594 0.0, 1.75 -1.4232 0.2008, 1.75 -1.6594 0.2008, 2.0256 -1.2067 0.0, 2.0256 -1.2067 0.0039, 2.0256 -1.4232 0.0039, 2.0256 -1.4232 0.2008, 2.0256 -1.6594 0.2008, 2.0256 -1.6594 0.0, 1.2776 -1.2067 0.0039, 1.2776 -1.2067 0.0, 1.2776 -1.4232 0.0039, 1.2776 -1.6594 0.0, 1.2776 -1.4232 0.2008, 1.2776 -1.6594 0.2008, 1.5531 -1.2067 0.0, 1.5531 -1.2067 0.0039, 1.5531 -1.4232 0.0039, 1.5531 -1.4232 0.2008, 1.5531 -1.6594 0.2008, 1.5531 -1.6594 0.0, 0.8051 -1.2067 0.0039, 0.8051 -1.2067 0.0, 0.8051 -1.4232 0.0039, 0.8051 -1.6594 0.0, 0.8051 -1.4232 0.2008, 0.8051 -1.6594 0.2008, 1.0807 -1.2067 0.0, 1.0807 -1.2067 0.0039, 1.0807 -1.4232 0.0039, 1.0807 -1.4232 0.2008, 1.0807 -1.6594 0.2008, 1.0807 -1.6594 0.0, 0.3327 -1.2067 0.0039, 0.3327 -1.2067 0.0, 0.3327 -1.4232 0.0039, 0.3327 -1.6594 0.0, 0.3327 -1.4232 0.2008, 0.3327 -1.6594 0.2008, 0.6083 -1.2067 0.0, 0.6083 -1.2067 0.0039, 0.6083 -1.4232 0.0039, 0.6083 -1.4232 0.2008, 0.6083 -1.6594 0.2008, 0.6083 -1.6594 0.0, -0.1398 -1.2067 0.0039, -0.1398 -1.2067 0.0, -0.1398 -1.4232 0.0039, -0.1398 -1.6594 0.0, -0.1398 -1.4232 0.2008, -0.1398 -1.6594 0.2008, 0.1358 -1.2067 0.0, 0.1358 -1.2067 0.0039, 0.1358 -1.4232 0.0039, 0.1358 -1.4232 0.2008, 0.1358 -1.6594 0.2008, 0.1358 -1.6594 0.0, -0.3366 -1.2067 0.0, -0.3366 -1.2067 0.0039, -0.3366 -1.4232 0.0039, -0.3366 -1.4232 0.2008, -0.3366 -1.6594 0.2008, -0.3366 -1.6594 0.0
            ]
        }
        coordIndex [
            0,1,2,-1,2,1,3,-1,2,3,4,-1,4,3,5,-1,6,7,8,-1,8,7,9,-1,8,9,10,-1,10,9,11,-1,12,13,14,-1,15,16,14,-1,14,16,17,-1,14,17,12,-1,18,19,20,-1,20,19,21,-1,20,21,22,-1,22,21,23,-1,24,25,26,-1,27,28,26,-1,26,28,29,-1,26,29,24,-1,30,31,32,-1,32,31,33,-1,32,33,34,-1,34,33,35,-1,36,37,38,-1,39,40,38,-1,38,40,41,-1,38,41,36,-1,42,43,44,-1,44,43,45,-1,44,45,46,-1,46,45,47,-1,48,49,50,-1,51,52,50,-1,50,52,53,-1,50,53,48,-1,54,55,56,-1,56,55,57,-1,56,57,58,-1,58,57,59,-1,60,61,62,-1,63,64,62,-1,62,64,65,-1,62,65,60,-1,66,67,68,-1,69,70,68,-1,68,70,71,-1,68,71,66,-1,
        ]
    }
}
Shape{
    appearance Appearance {
        material  Material 	{
            diffuseColor 0.25098039215686274 0.25098039215686274 0.25098039215686274
            specularColor 0.12549019607843137 0.12549019607843137 0.12549019607843137
            ambientIntensity 0.251
            transparency 0.0
            shininess 0.5
        }
    }
    geometry IndexedFaceSet {
        ccw TRUE
        solid FALSE
        coord DEF co Coordinate {
            point [
                -1.2028 -1.4232 0.0039, -1.0846 -1.4232 0.0039, -1.2028 -1.4232 0.2008, -1.0846 -1.4232 0.2008, -0.8091 -1.4232 0.0039, -0.6122 -1.4232 0.0039, -0.8091 -1.4232 0.2008, -0.6122 -1.4232 0.2008, -0.3366 -1.4232 0.0039, -0.1398 -1.4232 0.0039, -0.3366 -1.4232 0.2008, -0.1398 -1.4232 0.2008, 0.1358 -1.4232 0.0039, 0.3327 -1.4232 0.0039, 0.1358 -1.4232 0.2008, 0.3327 -1.4232 0.2008, 0.6083 -1.4232 0.0039, 0.8051 -1.4232 0.0039, 0.6083 -1.4232 0.2008, 0.8051 -1.4232 0.2008, 1.0807 -1.4232 0.0039, 1.2776 -1.4232 0.0039, 1.0807 -1.4232 0.2008, 1.2776 -1.4232 0.2008, 1.5531 -1.4232 0.0039, 1.75 -1.4232 0.0039, 1.5531 -1.4232 0.2008, 1.75 -1.4232 0.2008, 2.0256 -1.4232 0.0039, 2.2224 -1.4232 0.0039, 2.0256 -1.4232 0.2008, 2.2224 -1.4232 0.2008, -1.2421 2.6634 0.0039, -1.2421 2.6634 0.1368, -1.2224 2.6634 0.0039, -1.228 2.6634 0.1715, -1.2224 2.6634 0.1821, -1.2421 2.6246 0.2008, -1.2421 1.5604 0.2008, -1.1229 2.5054 0.8769, -1.1229 1.6796 0.8769, -1.0841 1.6409 0.8769, -1.2034 1.5217 0.2008, -0.9654 1.6409 0.8769, -1.0846 1.5217 0.2008, -0.9654 0.1032 0.8769, -1.0846 0.2224 0.2008, -1.0841 0.1032 0.8769, -1.2034 0.2224 0.2008, -1.2421 -1.3845 0.2008, -1.1229 -1.2652 0.8769, -1.2421 -1.3839 0.2008, -1.1229 0.0645 0.8769, -1.2421 0.1837 0.2008, 2.6161 -1.4232 0.2008, 2.6167 -1.4232 0.2008, 2.4975 -1.304 0.8769, -1.0841 -1.304 0.8769, -1.2034 -1.4232 0.2008, 2.498 -1.4232 0.2008, 2.6555 0.1837 0.2008, 2.5363 0.0645 0.8769, 2.6555 -1.3839 0.2008, 2.5363 -1.2652 0.8769, 2.6555 -1.3845 0.2008, 2.4975 0.1032 0.8769, 2.6167 0.2224 0.2008, 2.3788 0.1032 0.8769, 2.498 0.2224 0.2008, 2.3788 1.6409 0.8769, 2.498 1.5217 0.2008, 2.4975 1.6409 0.8769, 2.6167 1.5217 0.2008, 2.6555 1.5604 0.2008, 2.6555 2.6246 0.2008, 2.5363 1.6796 0.8769, 2.5363 2.5054 0.8769, 2.6167 2.6634 0.2008, -1.2034 2.6634 0.2008, 2.4975 2.5442 0.8769, -1.0841 2.5442 0.8769, 2.6542 0.1938 0.2008, 2.6542 1.5503 0.2008, 2.6404 1.5296 0.2008, 2.6442 1.5329 0.2008, 2.6476 1.5367 0.2008, 2.6526 1.5455 0.2008, 2.6504 1.541 0.2008, 2.6362 1.5268 0.2008, 2.6317 1.5246 0.2008, 2.6268 1.523 0.2008, 2.6317 0.2195 0.2008, 2.6362 0.2173 0.2008, 2.6404 0.2145 0.2008, 2.6442 0.2112 0.2008, 2.6476 0.2074 0.2008, 2.6268 0.2211 0.2008, 2.6504 0.2031 0.2008, 2.6526 0.1986 0.2008, 2.6555 2.6634 0.0039, 2.6555 -1.3839 0.0039, 2.6555 2.6634 0.1368, 2.6555 2.6492 0.1715, 2.6555 2.636 0.1934, 2.6555 2.633 0.1966, 2.6555 2.6301 0.1989, 2.6555 2.6273 0.2003, 2.6555 2.6259 0.2007, 2.6161 -1.4232 0.0039, 2.498 -1.4232 0.0039, -1.2421 -1.3839 0.0039, -1.2421 2.6259 0.2007, -1.2421 2.633 0.1966, -1.2421 2.636 0.1934, -1.2421 2.6492 0.1715, -1.2421 2.6273 0.2003, -1.2421 2.6301 0.1989, 2.6414 2.6634 0.1715, 2.6358 2.6634 0.0039, 2.6358 2.6634 0.1821, -1.2408 1.5503 0.2008, -1.227 1.5296 0.2008, -1.2308 1.5329 0.2008, -1.2342 1.5367 0.2008, -1.237 0.2031 0.2008, -1.2342 0.2074 0.2008, -1.2308 0.2112 0.2008, -1.227 0.2145 0.2008, -1.2228 0.2173 0.2008, -1.2183 0.2195 0.2008, -1.2135 0.2211 0.2008, -1.2135 1.523 0.2008, -1.2183 1.5246 0.2008, -1.2228 1.5268 0.2008, -1.237 1.541 0.2008, -1.2392 1.5455 0.2008, -1.2408 0.1938 0.2008, -1.2392 0.1986 0.2008
            ]
        }
        coordIndex [
            0,1,2,-1,2,1,3,-1,4,5,6,-1,6,5,7,-1,8,9,10,-1,10,9,11,-1,12,13,14,-1,14,13,15,-1,16,17,18,-1,18,17,19,-1,20,21,22,-1,22,21,23,-1,24,25,26,-1,26,25,27,-1,28,29,30,-1,30,29,31,-1,32,33,34,-1,34,33,35,-1,34,35,36,-1,37,38,39,-1,39,38,40,-1,41,42,43,-1,43,42,44,-1,43,44,45,-1,45,44,46,-1,45,46,47,-1,47,46,48,-1,49,50,51,-1,51,50,52,-1,51,52,53,-1,54,55,56,-1,57,58,2,-1,56,22,23,-1,2,3,57,-1,57,3,6,-1,57,6,7,-1,23,26,56,-1,56,26,27,-1,56,27,30,-1,7,10,57,-1,57,10,11,-1,57,11,14,-1,30,31,56,-1,56,31,59,-1,56,59,54,-1,14,15,57,-1,57,15,18,-1,57,18,56,-1,56,18,19,-1,56,19,22,-1,60,61,62,-1,62,61,63,-1,62,63,64,-1,65,66,67,-1,67,66,68,-1,67,68,69,-1,69,68,70,-1,69,70,71,-1,71,70,72,-1,73,74,75,-1,75,74,76,-1,77,78,79,-1,79,78,80,-1,60,73,81,-1,81,73,82,-1,83,81,84,-1,84,81,85,-1,82,86,81,-1,81,86,87,-1,81,87,85,-1,83,88,81,-1,81,88,89,-1,81,89,90,-1,91,92,90,-1,92,93,90,-1,90,93,94,-1,90,94,95,-1,70,68,72,-1,72,68,66,-1,72,66,90,-1,90,66,96,-1,90,96,91,-1,95,97,90,-1,90,97,98,-1,90,98,81,-1,74,73,99,-1,99,73,60,-1,99,60,100,-1,100,60,62,-1,99,101,102,-1,102,103,99,-1,99,103,104,-1,99,104,105,-1,105,106,99,-1,99,106,107,-1,99,107,74,-1,54,59,108,-1,108,59,109,-1,110,51,53,-1,110,53,32,-1,53,38,32,-1,32,38,37,-1,32,37,111,-1,112,113,32,-1,32,113,114,-1,32,114,33,-1,111,115,32,-1,32,115,116,-1,32,116,112,-1,101,99,117,-1,117,99,118,-1,117,118,119,-1,120,38,53,-1,48,46,44,-1,121,122,53,-1,53,122,123,-1,124,125,44,-1,125,126,44,-1,44,126,127,-1,44,127,128,-1,128,129,44,-1,44,129,130,-1,44,130,48,-1,131,132,53,-1,53,132,133,-1,53,133,121,-1,123,134,53,-1,53,134,135,-1,53,135,120,-1,131,53,42,-1,42,53,136,-1,42,136,44,-1,44,136,137,-1,44,137,124,-1,
        ]
    }
}
Shape{
    appearance Appearance {
        material  Material 	{
            diffuseColor 0.7529411764705882 0.7529411764705882 0.7529411764705882
            specularColor 0.3764705882352941 0.3764705882352941 0.3764705882352941
            ambientIntensity 0.7529
            transparency 0.0
            shininess 0.5
        }
    }
    geometry IndexedFaceSet {
        ccw TRUE
        solid FALSE
        coord DEF co Coordinate {
            point [
                0.9429 2.8996 0.2008, 0.4705 2.8996 0.2008, 0.9429 2.7815 0.2008, 0.4705 2.7815 0.2008, 2.1634 2.8996 0.2008, 2.6167 2.6634 0.2008, 2.6358 2.8996 0.2008, 2.6268 2.6621 0.2008, 2.6358 2.6585 0.2008, -0.75 2.7815 0.2008, -0.75 2.8996 0.2008, -1.2034 2.6634 0.2008, -1.2224 2.8996 0.2008, -1.2135 2.6621 0.2008, -1.2224 2.6585 0.2008, 2.1634 2.7815 0.2008, 0.9429 2.8996 0.0, 0.9429 2.7815 0.0, 0.4705 2.8996 0.0, 0.4705 2.7815 0.0, -0.75 2.7815 0.0, -0.75 2.8996 0.0, -1.2224 2.8996 0.0, -1.2224 2.6634 0.1821, -1.2224 2.6634 0.0039, -1.2224 2.6634 0.0, -0.8878 2.6634 0.0039, -0.8878 2.6634 0.0, -0.8878 0.1634 0.0039, -0.8878 0.1634 0.0, 2.3012 0.1634 0.0039, 2.3012 0.1634 0.0, 2.3012 2.6634 0.0039, 2.3012 2.6634 0.0, 2.6358 2.6634 0.0039, 2.6358 2.6634 0.0, 2.6358 2.8996 0.0, 2.6358 2.6634 0.1821, 2.1634 2.8996 0.0, 2.1634 2.7815 0.0, 2.2224 -1.4232 0.2008, 2.2224 -1.6594 0.2008, 2.498 -1.4232 0.2008, 2.498 -1.6594 0.2008, 2.498 -0.9508 0.0, 2.498 -0.9508 0.0039, 2.498 -1.4232 0.0039, 2.498 -1.6594 0.0, -0.6122 -0.9508 0.0039, -0.6122 -0.9508 0.0, 2.439 -1.6594 0.0, 2.439 -1.6594 0.0984, 2.2815 -1.6594 0.0984, 2.2815 -1.6594 0.0, 2.2224 -1.6594 0.0, 1.8091 -1.6594 0.0, 1.75 -1.6594 0.0, 1.8091 -1.5807 0.0, 1.75 -1.2067 0.0, 0.8642 -1.6594 0.0, 0.8051 -1.6594 0.0, 0.8642 -1.5807 0.0, 0.8051 -1.2067 0.0, -0.0807 -1.6594 0.0, -0.1398 -1.6594 0.0, -0.0807 -1.5807 0.0, -0.1398 -1.2067 0.0, -0.5532 -1.6594 0.0, -0.6122 -1.6594 0.0, -0.5532 -1.5807 0.0, -0.3957 -1.5807 0.0, 2.2815 -1.5807 0.0, 2.439 -1.5807 0.0, 2.2224 -1.2067 0.0, 2.0256 -1.2067 0.0, 2.0256 -1.6594 0.0, 1.9665 -1.5807 0.0, 1.9665 -1.6594 0.0, 1.2776 -1.2067 0.0, 1.0807 -1.2067 0.0, 1.3366 -1.5807 0.0, 1.5531 -1.2067 0.0, 1.4941 -1.5807 0.0, 1.5531 -1.6594 0.0, 1.4941 -1.6594 0.0, 1.3366 -1.6594 0.0, 1.2776 -1.6594 0.0, 1.0807 -1.6594 0.0, 1.0217 -1.5807 0.0, 1.0217 -1.6594 0.0, 0.3327 -1.2067 0.0, 0.1358 -1.2067 0.0, 0.3917 -1.5807 0.0, 0.6083 -1.2067 0.0, 0.5492 -1.5807 0.0, 0.6083 -1.6594 0.0, 0.5492 -1.6594 0.0, 0.3917 -1.6594 0.0, 0.3327 -1.6594 0.0, 0.1358 -1.6594 0.0, 0.0768 -1.5807 0.0, 0.0768 -1.6594 0.0, -0.3366 -1.2067 0.0, -0.3366 -1.6594 0.0, -0.3957 -1.6594 0.0, 1.75 -1.4232 0.2008, 1.75 -1.6594 0.2008, 2.0256 -1.4232 0.2008, 2.0256 -1.6594 0.2008, 1.9665 -1.6594 0.0984, 1.8091 -1.6594 0.0984, 1.2776 -1.4232 0.2008, 1.2776 -1.6594 0.2008, 1.5531 -1.4232 0.2008, 1.5531 -1.6594 0.2008, 1.4941 -1.6594 0.0984, 1.3366 -1.6594 0.0984, 0.8051 -1.4232 0.2008, 0.8051 -1.6594 0.2008, 1.0807 -1.4232 0.2008, 1.0807 -1.6594 0.2008, 1.0217 -1.6594 0.0984, 0.8642 -1.6594 0.0984, 0.3327 -1.4232 0.2008, 0.3327 -1.6594 0.2008, 0.6083 -1.4232 0.2008, 0.6083 -1.6594 0.2008, 0.5492 -1.6594 0.0984, 0.3917 -1.6594 0.0984, -0.1398 -1.4232 0.2008, -0.1398 -1.6594 0.2008, 0.1358 -1.4232 0.2008, 0.1358 -1.6594 0.2008, 0.0768 -1.6594 0.0984, -0.0807 -1.6594 0.0984, -0.6122 -1.4232 0.2008, -0.6122 -1.6594 0.2008, -0.3366 -1.4232 0.2008, -0.3366 -1.6594 0.2008, -0.6122 -1.4232 0.0039, -0.3957 -1.6594 0.0984, -0.5532 -1.6594 0.0984, -1.0846 -1.4232 0.2008, -1.0846 -1.6594 0.2008, -0.8091 -1.4232 0.2008, -0.8091 -1.6594 0.2008, -1.0846 -0.9508 0.0039, -1.0846 -0.9508 0.0, -1.0846 -1.4232 0.0039, -1.0846 -1.6594 0.0, -0.8091 -0.9508 0.0, -0.8091 -0.9508 0.0039, -0.8091 -1.4232 0.0039, -0.8091 -1.6594 0.0, -0.8681 -1.6594 0.0, -0.8681 -1.6594 0.0984, -1.0256 -1.6594 0.0984, -1.0256 -1.6594 0.0, -0.8681 -1.5807 0.0, -1.0256 -1.5807 0.0, 2.2815 -1.5807 0.0984, 2.439 -1.5807 0.0984, -1.0256 -1.5807 0.0984, -0.8681 -1.5807 0.0984, -0.5532 -1.5807 0.0984, -0.3957 -1.5807 0.0984, -0.0807 -1.5807 0.0984, 0.0768 -1.5807 0.0984, 0.3917 -1.5807 0.0984, 0.5492 -1.5807 0.0984, 0.8642 -1.5807 0.0984, 1.0217 -1.5807 0.0984, 1.3366 -1.5807 0.0984, 1.4941 -1.5807 0.0984, 1.8091 -1.5807 0.0984, 1.9665 -1.5807 0.0984, -0.3366 -1.2067 0.0039, -0.1398 -1.2067 0.0039, 0.1358 -1.2067 0.0039, 0.3327 -1.2067 0.0039, 0.6083 -1.2067 0.0039, 0.8051 -1.2067 0.0039, 1.0807 -1.2067 0.0039, 1.2776 -1.2067 0.0039, 1.5531 -1.2067 0.0039, 1.75 -1.2067 0.0039, 2.0256 -1.2067 0.0039, 2.2224 -1.2067 0.0039
            ]
        }
        coordIndex [
            0,1,2,-1,2,1,3,-1,4,5,6,-1,6,5,7,-1,6,7,8,-1,9,10,11,-1,11,10,12,-1,11,12,13,-1,13,12,14,-1,4,15,5,-1,5,15,2,-1,5,2,11,-1,11,2,3,-1,11,3,9,-1,16,0,17,-1,17,0,2,-1,18,1,16,-1,16,1,0,-1,19,3,18,-1,18,3,1,-1,20,9,19,-1,19,9,3,-1,21,10,20,-1,20,10,9,-1,22,12,21,-1,21,12,10,-1,23,14,12,-1,23,12,24,-1,24,12,22,-1,24,22,25,-1,24,25,26,-1,26,25,27,-1,26,27,28,-1,28,27,29,-1,28,29,30,-1,30,29,31,-1,30,31,32,-1,32,31,33,-1,32,33,34,-1,34,33,35,-1,35,36,34,-1,34,36,6,-1,34,6,37,-1,37,6,8,-1,38,4,36,-1,36,4,6,-1,39,15,38,-1,38,15,4,-1,17,2,39,-1,39,2,15,-1,36,35,33,-1,36,33,38,-1,22,21,20,-1,25,22,27,-1,27,22,20,-1,27,20,29,-1,29,20,31,-1,18,16,19,-1,19,16,17,-1,20,19,31,-1,31,19,17,-1,31,17,33,-1,33,17,39,-1,33,39,38,-1,40,41,42,-1,42,41,43,-1,44,45,46,-1,42,43,46,-1,46,43,47,-1,46,47,44,-1,48,45,49,-1,49,45,44,-1,50,47,51,-1,51,47,43,-1,51,43,52,-1,52,43,41,-1,52,41,53,-1,53,41,54,-1,55,56,57,-1,57,56,58,-1,59,60,61,-1,61,60,62,-1,63,64,65,-1,65,64,66,-1,67,68,69,-1,69,68,49,-1,69,49,70,-1,71,44,72,-1,72,44,47,-1,72,47,50,-1,53,54,71,-1,71,54,73,-1,71,73,44,-1,44,73,74,-1,44,74,49,-1,74,75,76,-1,76,75,77,-1,78,79,49,-1,80,81,82,-1,82,81,83,-1,82,83,84,-1,85,86,80,-1,80,86,78,-1,80,78,81,-1,81,78,49,-1,81,49,58,-1,58,49,74,-1,58,74,57,-1,57,74,76,-1,79,87,88,-1,88,87,89,-1,90,91,49,-1,92,93,94,-1,94,93,95,-1,94,95,96,-1,97,98,92,-1,92,98,90,-1,92,90,93,-1,93,90,49,-1,93,49,62,-1,62,49,79,-1,62,79,61,-1,61,79,88,-1,91,99,100,-1,100,99,101,-1,100,65,91,-1,91,65,66,-1,91,66,49,-1,49,66,102,-1,49,102,70,-1,70,102,103,-1,70,103,104,-1,105,106,107,-1,107,106,108,-1,77,75,109,-1,109,75,108,-1,109,108,110,-1,110,108,106,-1,110,106,55,-1,55,106,56,-1,111,112,113,-1,113,112,114,-1,84,83,115,-1,115,83,114,-1,115,114,116,-1,116,114,112,-1,116,112,85,-1,85,112,86,-1,117,118,119,-1,119,118,120,-1,89,87,121,-1,121,87,120,-1,121,120,122,-1,122,120,118,-1,122,118,59,-1,59,118,60,-1,123,124,125,-1,125,124,126,-1,96,95,127,-1,127,95,126,-1,127,126,128,-1,128,126,124,-1,128,124,97,-1,97,124,98,-1,129,130,131,-1,131,130,132,-1,101,99,133,-1,133,99,132,-1,133,132,134,-1,134,132,130,-1,134,130,63,-1,63,130,64,-1,135,136,137,-1,137,136,138,-1,48,49,139,-1,139,49,68,-1,139,68,135,-1,135,68,136,-1,104,103,140,-1,140,103,138,-1,140,138,141,-1,141,138,136,-1,141,136,67,-1,67,136,68,-1,142,143,144,-1,144,143,145,-1,146,147,148,-1,148,147,149,-1,148,149,142,-1,142,149,143,-1,150,151,152,-1,144,145,152,-1,152,145,153,-1,152,153,150,-1,151,150,146,-1,146,150,147,-1,154,153,155,-1,155,153,145,-1,155,145,156,-1,156,145,143,-1,156,143,157,-1,157,143,149,-1,153,154,158,-1,157,149,159,-1,159,149,147,-1,159,147,158,-1,158,147,150,-1,158,150,153,-1,160,52,71,-1,71,52,53,-1,51,161,50,-1,50,161,72,-1,161,160,72,-1,72,160,71,-1,161,51,160,-1,160,51,52,-1,162,156,159,-1,159,156,157,-1,155,163,154,-1,154,163,158,-1,163,162,158,-1,158,162,159,-1,163,155,162,-1,162,155,156,-1,164,141,69,-1,69,141,67,-1,140,165,104,-1,104,165,70,-1,165,164,70,-1,70,164,69,-1,165,140,164,-1,164,140,141,-1,166,134,65,-1,65,134,63,-1,133,167,101,-1,101,167,100,-1,167,166,100,-1,100,166,65,-1,167,133,166,-1,166,133,134,-1,168,128,92,-1,92,128,97,-1,127,169,96,-1,96,169,94,-1,169,168,94,-1,94,168,92,-1,169,127,168,-1,168,127,128,-1,170,122,61,-1,61,122,59,-1,121,171,89,-1,89,171,88,-1,171,170,88,-1,88,170,61,-1,171,121,170,-1,170,121,122,-1,172,116,80,-1,80,116,85,-1,115,173,84,-1,84,173,82,-1,173,172,82,-1,82,172,80,-1,173,115,172,-1,172,115,116,-1,174,110,57,-1,57,110,55,-1,109,175,77,-1,77,175,76,-1,175,174,76,-1,76,174,57,-1,175,109,174,-1,174,109,110,-1,176,102,177,-1,177,102,66,-1,178,91,179,-1,179,91,90,-1,180,93,181,-1,181,93,62,-1,182,79,183,-1,183,79,78,-1,184,81,185,-1,185,81,58,-1,186,74,187,-1,187,74,73,-1,
        ]
    }
}
Shape{
    appearance Appearance {
        material  Material 	{
            diffuseColor 0.25098039215686274 0.25098039215686274 0.25098039215686274
            specularColor 0.12549019607843137 0.12549019607843137 0.12549019607843137
            ambientIntensity 0.251
            transparency 0.0
            shininess 0.5
        }
    }
    geometry IndexedFaceSet {
        ccw TRUE
        solid FALSE
        coord DEF co Coordinate {
            point [
                2.6161 -1.4232 0.2008, 2.6161 -1.4232 0.0039, 2.6167 -1.4232 0.2008, 2.6249 -1.4222 0.0039, 2.6249 -1.422 0.2014, 2.6267 -1.4218 0.2016, 2.6332 -1.4193 0.0039, 2.6331 -1.4191 0.2019, 2.636 -1.4179 0.202, 2.6407 -1.4146 0.0039, 2.6405 -1.4144 0.2021, 2.644 -1.4117 0.2022, 2.6469 -1.4084 0.0039, 2.6467 -1.4082 0.2021, 2.6501 -1.4037 0.202, 2.6516 -1.4009 0.0039, 2.6514 -1.4008 0.2019, 2.6541 -1.3944 0.2016, 2.6545 -1.3926 0.0039, 2.6543 -1.3926 0.2014, 2.6555 -1.3839 0.0039, 2.6555 -1.3839 0.2008, 2.6555 -1.3845 0.2008, -1.2421 -1.3839 0.2008, -1.2421 -1.3839 0.0039, -1.2421 -1.3845 0.2008, -1.2408 -1.394 0.0039, -1.2407 -1.394 0.2015, -1.2407 -1.3944 0.2016, -1.2369 -1.4035 0.0039, -1.2368 -1.4035 0.202, -1.2368 -1.4037 0.202, -1.2306 -1.4117 0.0039, -1.2306 -1.4117 0.2022, -1.2226 -1.4179 0.202, -1.2224 -1.418 0.0039, -1.2224 -1.4179 0.202, -1.2133 -1.4218 0.2016, -1.2129 -1.4219 0.0039, -1.2129 -1.4218 0.2015, -1.2028 -1.4232 0.0039, -1.2028 -1.4232 0.2008, -1.2034 -1.4232 0.2008, 2.5347 -1.2751 0.8784, 2.5363 -1.2652 0.8769, 2.5245 -1.2922 0.8796, 2.5347 -1.2752 0.8784, 2.5307 -1.2843 0.8793, 2.5307 -1.2844 0.8793, 2.5166 -1.2984 0.8793, 2.5166 -1.2984 0.8793, 2.5075 -1.3024 0.8784, 2.5074 -1.3024 0.8784, 2.4975 -1.304 0.8769, -1.0841 -1.304 0.8769, -1.0841 -1.3015 0.8854, 2.4975 -1.3015 0.8854, -1.0841 -1.3014 0.8857, 2.4975 -1.3014 0.8857, -1.0841 -1.2969 0.8934, 2.4975 -1.2969 0.8934, -1.0841 -1.2968 0.8936, 2.4975 -1.2968 0.8936, -1.0841 -1.2907 0.9001, 2.4975 -1.2907 0.9001, -1.0841 -1.2905 0.9002, 2.4975 -1.2905 0.9002, -1.0841 -1.283 0.9052, 2.4975 -1.283 0.9052, -1.0841 -1.2829 0.9052, 2.4975 -1.2829 0.9052, -1.0841 -1.2744 0.9084, 2.4975 -1.2744 0.9084, -1.0841 -1.2743 0.9084, 2.4975 -1.2743 0.9084, 2.4975 -1.2652 0.9094, -1.0841 -1.2652 0.9094, -1.1213 -1.2751 0.8784, -1.0927 -1.3026 0.8782, -1.094 -1.3024 0.8784, -1.1007 -1.2995 0.879, -1.1032 -1.2984 0.8793, -1.1078 -1.2949 0.8795, -1.1111 -1.2922 0.8796, -1.1138 -1.2889 0.8795, -1.1173 -1.2843 0.8793, -1.1184 -1.2818 0.879, -1.1215 -1.2738 0.8782, -1.1229 -1.2652 0.8769, 2.5291 -1.2652 0.8936, 2.5229 -1.2652 0.9001, 2.5221 -1.2718 0.9001, 2.5147 -1.2698 0.9052, 2.5063 -1.2676 0.9084, 2.5054 -1.2698 0.9084, 2.5021 -1.2731 0.9084, 2.504 -1.2717 0.9084, 2.4999 -1.2741 0.9084, 2.5066 -1.2652 0.9084, 2.5325 -1.2746 0.8854, 2.5289 -1.2834 0.8854, 2.5232 -1.2909 0.8854, 2.5156 -1.2966 0.8854, 2.5069 -1.3003 0.8854, 2.5228 -1.2652 0.9002, 2.5153 -1.2652 0.9052, 2.5152 -1.2652 0.9052, 2.5067 -1.2652 0.9084, 2.5129 -1.2741 0.9052, 2.5101 -1.2778 0.9052, 2.5064 -1.2806 0.9052, 2.5021 -1.2824 0.9052, 2.5195 -1.278 0.9001, 2.5155 -1.2832 0.9001, 2.5102 -1.2873 0.9001, 2.5041 -1.2898 0.9001, 2.5336 -1.2652 0.8857, 2.5292 -1.2652 0.8934, 2.5281 -1.2734 0.8934, 2.525 -1.2811 0.8934, 2.5199 -1.2877 0.8934, 2.5134 -1.2927 0.8934, 2.5057 -1.2959 0.8934, 2.5338 -1.2652 0.8854, -1.0912 -1.2962 0.8934, -1.0898 -1.29 0.9001, -1.0881 -1.2826 0.9052, -1.0862 -1.2741 0.9084, -1.0881 -1.2735 0.9084, -1.0924 -1.2692 0.9084, -1.0913 -1.2709 0.9084, -1.093 -1.2673 0.9084, -1.0922 -1.3006 0.8854, -1.0999 -1.2979 0.8854, -1.1067 -1.2936 0.8854, -1.1125 -1.2878 0.8854, -1.1168 -1.281 0.8854, -1.1195 -1.2733 0.8854, -1.1204 -1.2652 0.8854, -1.0932 -1.2652 0.9084, -1.0952 -1.2791 0.9052, -1.098 -1.2763 0.9052, -1.1001 -1.2729 0.9052, -1.1015 -1.2692 0.9052, -1.0918 -1.2812 0.9052, -1.0898 -1.2724 0.9084, -1.0933 -1.2652 0.9084, -1.1018 -1.2652 0.9052, -1.1019 -1.2652 0.9052, -1.1094 -1.2652 0.9002, -1.0952 -1.2881 0.9001, -1.1 -1.2851 0.9001, -1.104 -1.2811 0.9001, -1.1071 -1.2763 0.9001, -1.1089 -1.2709 0.9001, -1.0979 -1.2938 0.8934, -1.1039 -1.29 0.8934, -1.1089 -1.285 0.8934, -1.1127 -1.279 0.8934, -1.1151 -1.2723 0.8934, -1.1096 -1.2652 0.9001, -1.1157 -1.2652 0.8936, -1.1158 -1.2652 0.8934, -1.1203 -1.2652 0.8857, 2.6167 0.2224 0.2008, 2.4975 0.1032 0.8769, 2.5061 0.1019 0.8782, 2.6268 0.2211 0.2008, 2.5074 0.1017 0.8784, 2.6317 0.2195 0.2008, 2.514 0.0987 0.879, 2.6362 0.2173 0.2008, 2.5166 0.0976 0.8793, 2.6404 0.2145 0.2008, 2.5212 0.0941 0.8795, 2.6442 0.2112 0.2008, 2.5245 0.0915 0.8796, 2.6476 0.2074 0.2008, 2.5272 0.0881 0.8795, 2.6504 0.2031 0.2008, 2.5307 0.0835 0.8793, 2.6526 0.1986 0.2008, 2.5318 0.081 0.879, 2.6542 0.1938 0.2008, 2.5347 0.0743 0.8784, 2.6555 0.1837 0.2008, 2.5349 0.073 0.8782, 2.5363 0.0645 0.8769, 2.5338 0.0645 0.8854, 2.5336 0.0645 0.8857, 2.5292 0.0645 0.8934, 2.5291 0.0645 0.8936, 2.5229 0.0645 0.9001, 2.5228 0.0645 0.9002, 2.5153 0.0645 0.9052, 2.5152 0.0645 0.9052, 2.5067 0.0645 0.9084, 2.5066 0.0645 0.9084, 2.4975 0.0645 0.9094, -1.1229 0.0645 0.8769, -1.1204 0.0645 0.8854, -1.1203 0.0645 0.8857, -1.1158 0.0645 0.8934, -1.1157 0.0645 0.8936, -1.1096 0.0645 0.9001, -1.1094 0.0645 0.9002, -1.1019 0.0645 0.9052, -1.1018 0.0645 0.9052, -1.0933 0.0645 0.9084, -1.0932 0.0645 0.9084, -1.0841 0.0645 0.9094, -1.1213 0.0743 0.8784, -1.2421 0.1837 0.2008, -1.2408 0.1938 0.2008, -1.2392 0.1986 0.2008, -1.1213 0.0744 0.8784, -1.237 0.2031 0.2008, -1.1173 0.0835 0.8793, -1.2342 0.2074 0.2008, -1.1173 0.0836 0.8793, -1.2308 0.2112 0.2008, -1.1111 0.0915 0.8796, -1.227 0.2145 0.2008, -1.1033 0.0976 0.8793, -1.2228 0.2173 0.2008, -1.1032 0.0976 0.8793, -1.2183 0.2195 0.2008, -1.0941 0.1016 0.8784, -1.2135 0.2211 0.2008, -1.094 0.1017 0.8784, -1.0841 0.1032 0.8769, -1.2034 0.2224 0.2008, 2.4975 0.1006 0.8857, 2.4975 0.0962 0.8934, 2.5046 0.0954 0.8934, 2.4975 0.096 0.8936, 2.4975 0.0899 0.9001, 2.5032 0.0892 0.9001, 2.5015 0.0818 0.9052, 2.4995 0.0734 0.9084, 2.5015 0.0727 0.9084, 2.5057 0.0684 0.9084, 2.5047 0.0701 0.9084, 2.5064 0.0665 0.9084, 2.4975 0.0735 0.9084, 2.5056 0.0998 0.8854, 2.5132 0.0971 0.8854, 2.5201 0.0928 0.8854, 2.5259 0.0871 0.8854, 2.5302 0.0802 0.8854, 2.5329 0.0725 0.8854, 2.4975 0.0897 0.9002, 2.4975 0.0822 0.9052, 2.4975 0.0821 0.9052, 2.4975 0.0736 0.9084, 2.5086 0.0783 0.9052, 2.5114 0.0755 0.9052, 2.5135 0.0722 0.9052, 2.5148 0.0684 0.9052, 2.5052 0.0805 0.9052, 2.5032 0.0716 0.9084, 2.5086 0.0874 0.9001, 2.5134 0.0843 0.9001, 2.5174 0.0803 0.9001, 2.5204 0.0755 0.9001, 2.5223 0.0701 0.9001, 2.5113 0.093 0.8934, 2.5173 0.0892 0.8934, 2.5223 0.0842 0.8934, 2.5261 0.0782 0.8934, 2.5284 0.0715 0.8934, 2.4975 0.1007 0.8854, -1.1087 0.071 0.9001, -1.1013 0.069 0.9052, -1.093 0.0668 0.9084, -1.092 0.069 0.9084, -1.0887 0.0724 0.9084, -1.0906 0.0709 0.9084, -1.0865 0.0733 0.9084, -1.1192 0.0738 0.8854, -1.1155 0.0826 0.8854, -1.1098 0.0901 0.8854, -1.1023 0.0959 0.8854, -1.0935 0.0995 0.8854, -1.0841 0.1007 0.8854, -1.0841 0.0735 0.9084, -1.0995 0.0733 0.9052, -1.0967 0.077 0.9052, -1.093 0.0798 0.9052, -1.0887 0.0816 0.9052, -1.0841 0.0736 0.9084, -1.0841 0.0821 0.9052, -1.0841 0.0822 0.9052, -1.0841 0.0897 0.9002, -1.1062 0.0772 0.9001, -1.1021 0.0824 0.9001, -1.0969 0.0865 0.9001, -1.0907 0.089 0.9001, -1.1148 0.0727 0.8934, -1.1116 0.0803 0.8934, -1.1066 0.0869 0.8934, -1.1 0.0919 0.8934, -1.0923 0.0951 0.8934, -1.0841 0.0899 0.9001, -1.0841 0.096 0.8936, -1.0841 0.0962 0.8934, -1.0841 0.1006 0.8857, 2.3778 0.1022 0.8814, 2.3762 0.1006 0.8857, 2.3741 0.0985 0.8898, 2.3716 0.096 0.8936, 2.3577 0.0821 0.9053, 2.3491 0.0735 0.9084, 2.34 0.0645 0.9094, 2.3653 0.0898 0.9002, 2.3788 0.1032 0.8769, -0.952 0.0898 0.9002, -0.9582 0.096 0.8936, -0.9608 0.0985 0.8898, -0.9628 0.1006 0.8857, -0.9644 0.1022 0.8814, -0.9654 0.1032 0.8769, -0.9443 0.0821 0.9053, -0.9357 0.0735 0.9084, -0.9267 0.0645 0.9094, 2.3778 1.6419 0.8814, 2.3762 1.6435 0.8857, 2.34 1.6796 0.9094, 2.3491 1.6706 0.9084, 2.3577 1.662 0.9053, 2.3653 1.6543 0.9002, 2.3716 1.6481 0.8936, 2.3741 1.6456 0.8898, 2.3788 1.6409 0.8769, -0.9644 1.6419 0.8814, -0.9654 1.6409 0.8769, -0.9628 1.6435 0.8857, -0.9582 1.6481 0.8936, -0.9608 1.6456 0.8898, -0.952 1.6543 0.9002, -0.9443 1.662 0.9053, -0.9357 1.6706 0.9084, -0.9267 1.6796 0.9094, 2.5363 1.6796 0.8769, 2.5347 1.6698 0.8784, 2.6555 1.5604 0.2008, 2.6542 1.5503 0.2008, 2.6526 1.5455 0.2008, 2.5347 1.6697 0.8784, 2.6504 1.541 0.2008, 2.5307 1.6606 0.8793, 2.6476 1.5367 0.2008, 2.5307 1.6605 0.8793, 2.6442 1.5329 0.2008, 2.5245 1.6526 0.8796, 2.6404 1.5296 0.2008, 2.5166 1.6465 0.8793, 2.6362 1.5268 0.2008, 2.5166 1.6465 0.8793, 2.6317 1.5246 0.2008, 2.5075 1.6425 0.8784, 2.6268 1.523 0.2008, 2.5074 1.6424 0.8784, 2.4975 1.6409 0.8769, 2.6167 1.5217 0.2008, 2.4975 1.6481 0.8936, 2.4975 1.6479 0.8934, 2.4975 1.6435 0.8857, 2.4975 1.6434 0.8854, 2.4975 1.6542 0.9001, 2.4975 1.6544 0.9002, 2.4975 1.6619 0.9052, 2.4975 1.662 0.9052, 2.4975 1.6705 0.9084, 2.4975 1.6706 0.9084, 2.4975 1.6796 0.9094, -1.0841 1.6435 0.8857, -1.0841 1.6481 0.8936, -1.0841 1.6706 0.9084, -1.0841 1.6796 0.9094, -1.0841 1.6705 0.9084, -1.0841 1.662 0.9052, -1.0841 1.6619 0.9052, -1.0841 1.6544 0.9002, -1.0841 1.6542 0.9001, -1.0841 1.6479 0.8934, -1.0841 1.6434 0.8854, -1.0841 1.6409 0.8769, -1.2034 1.5217 0.2008, -1.0927 1.6422 0.8782, -1.2135 1.523 0.2008, -1.094 1.6424 0.8784, -1.2183 1.5246 0.2008, -1.1007 1.6453 0.879, -1.2228 1.5268 0.2008, -1.1032 1.6465 0.8793, -1.227 1.5296 0.2008, -1.1078 1.65 0.8795, -1.2308 1.5329 0.2008, -1.1111 1.6526 0.8796, -1.2342 1.5367 0.2008, -1.1138 1.656 0.8795, -1.237 1.541 0.2008, -1.1173 1.6606 0.8793, -1.2392 1.5455 0.2008, -1.1184 1.6631 0.879, -1.2408 1.5503 0.2008, -1.1213 1.6698 0.8784, -1.2421 1.5604 0.2008, -1.1215 1.6711 0.8782, -1.1229 1.6796 0.8769, 2.5291 1.6796 0.8936, 2.5229 1.6796 0.9001, 2.5221 1.6731 0.9001, 2.5147 1.675 0.9052, 2.5063 1.6773 0.9084, 2.5054 1.6751 0.9084, 2.5021 1.6717 0.9084, 2.504 1.6732 0.9084, 2.4999 1.6708 0.9084, 2.5066 1.6796 0.9084, 2.5325 1.6703 0.8854, 2.5289 1.6615 0.8854, 2.5232 1.654 0.8854, 2.5156 1.6482 0.8854, 2.5069 1.6446 0.8854, 2.5228 1.6796 0.9002, 2.5153 1.6796 0.9052, 2.5152 1.6796 0.9052, 2.5067 1.6796 0.9084, 2.5129 1.6708 0.9052, 2.5101 1.6671 0.9052, 2.5064 1.6643 0.9052, 2.5021 1.6625 0.9052, 2.5195 1.6669 0.9001, 2.5155 1.6617 0.9001, 2.5102 1.6576 0.9001, 2.5041 1.6551 0.9001, 2.5336 1.6796 0.8857, 2.5292 1.6796 0.8934, 2.5281 1.6714 0.8934, 2.525 1.6638 0.8934, 2.5199 1.6572 0.8934, 2.5134 1.6522 0.8934, 2.5057 1.649 0.8934, 2.5338 1.6796 0.8854, -1.0912 1.6487 0.8934, -1.0898 1.6549 0.9001, -1.0881 1.6623 0.9052, -1.0862 1.6707 0.9084, -1.0881 1.6714 0.9084, -1.0924 1.6757 0.9084, -1.0913 1.674 0.9084, -1.093 1.6776 0.9084, -1.0922 1.6443 0.8854, -1.0999 1.647 0.8854, -1.1067 1.6513 0.8854, -1.1125 1.657 0.8854, -1.1168 1.6639 0.8854, -1.1195 1.6716 0.8854, -1.1204 1.6796 0.8854, -1.0932 1.6796 0.9084, -1.0952 1.6658 0.9052, -1.098 1.6686 0.9052, -1.1001 1.6719 0.9052, -1.1015 1.6757 0.9052, -1.0918 1.6636 0.9052, -1.0898 1.6725 0.9084, -1.0933 1.6796 0.9084, -1.1018 1.6796 0.9052, -1.1019 1.6796 0.9052, -1.1094 1.6796 0.9002, -1.0952 1.6567 0.9001, -1.1 1.6598 0.9001, -1.104 1.6638 0.9001, -1.1071 1.6686 0.9001, -1.1089 1.674 0.9001, -1.0979 1.6511 0.8934, -1.1039 1.6549 0.8934, -1.1089 1.6599 0.8934, -1.1127 1.6659 0.8934, -1.1151 1.6726 0.8934, -1.1096 1.6796 0.9001, -1.1157 1.6796 0.8936, -1.1158 1.6796 0.8934, -1.1203 1.6796 0.8857, 2.6414 2.6634 0.1715, 2.6358 2.6634 0.1821, 2.6358 2.6585 0.2008, 2.514 2.5397 0.879, 2.5166 2.5386 0.8793, 2.5212 2.535 0.8795, 2.6555 2.6634 0.1368, 2.5245 2.5324 0.8796, 2.5272 2.529 0.8795, 2.6555 2.6492 0.1715, 2.5307 2.5245 0.8793, 2.6555 2.636 0.1934, 2.5318 2.5219 0.879, 2.5347 2.5152 0.8784, 2.6555 2.6259 0.2007, 2.6555 2.6273 0.2003, 2.6555 2.6246 0.2008, 2.5349 2.5139 0.8782, 2.5363 2.5054 0.8769, 2.6555 2.6301 0.1989, 2.6555 2.633 0.1966, 2.5074 2.5426 0.8784, 2.6268 2.6621 0.2008, 2.5061 2.5428 0.8782, 2.6167 2.6634 0.2008, 2.4975 2.5442 0.8769, 2.5338 2.5054 0.8854, 2.5336 2.5054 0.8857, 2.5292 2.5054 0.8934, 2.5291 2.5054 0.8936, 2.5229 2.5054 0.9001, 2.5228 2.5054 0.9002, 2.5153 2.5054 0.9052, 2.5152 2.5054 0.9052, 2.5067 2.5054 0.9084, 2.5066 2.5054 0.9084, 2.4975 2.5054 0.9094, -1.1229 2.5054 0.8769, -1.1204 2.5054 0.8854, -1.1203 2.5054 0.8857, -1.1158 2.5054 0.8934, -1.1157 2.5054 0.8936, -1.1096 2.5054 0.9001, -1.1094 2.5054 0.9002, -1.1019 2.5054 0.9052, -1.1018 2.5054 0.9052, -1.0933 2.5054 0.9084, -1.0932 2.5054 0.9084, -1.0841 2.5054 0.9094, -1.0941 2.5426 0.8784, -1.2135 2.6621 0.2008, -1.2224 2.6585 0.2008, -1.2224 2.6634 0.1821, -1.228 2.6634 0.1715, -1.1032 2.5386 0.8793, -1.094 2.5426 0.8784, -1.0841 2.5442 0.8769, -1.2034 2.6634 0.2008, -1.2421 2.633 0.1966, -1.2421 2.6301 0.1989, -1.1213 2.5152 0.8784, -1.2421 2.6273 0.2003, -1.2421 2.6259 0.2007, -1.2421 2.6246 0.2008, -1.1213 2.5153 0.8784, -1.2421 2.6492 0.1715, -1.2421 2.636 0.1934, -1.1173 2.5245 0.8793, -1.1173 2.5245 0.8793, -1.2421 2.6634 0.1368, -1.1111 2.5324 0.8796, -1.1033 2.5385 0.8793, 2.4975 2.5415 0.8857, 2.4975 2.5371 0.8934, 2.5046 2.5363 0.8934, 2.4975 2.537 0.8936, 2.4975 2.5308 0.9001, 2.5032 2.5302 0.9001, 2.5015 2.5227 0.9052, 2.4995 2.5143 0.9084, 2.5015 2.5136 0.9084, 2.5057 2.5094 0.9084, 2.5047 2.5111 0.9084, 2.5064 2.5074 0.9084, 2.4975 2.5145 0.9084, 2.5056 2.5407 0.8854, 2.5132 2.5381 0.8854, 2.5201 2.5337 0.8854, 2.5259 2.528 0.8854, 2.5302 2.5211 0.8854, 2.5329 2.5135 0.8854, 2.4975 2.5307 0.9002, 2.4975 2.5232 0.9052, 2.4975 2.5231 0.9052, 2.4975 2.5145 0.9084, 2.5086 2.5193 0.9052, 2.5114 2.5165 0.9052, 2.5135 2.5131 0.9052, 2.5148 2.5093 0.9052, 2.5052 2.5214 0.9052, 2.5032 2.5125 0.9084, 2.5086 2.5283 0.9001, 2.5134 2.5253 0.9001, 2.5174 2.5213 0.9001, 2.5204 2.5164 0.9001, 2.5223 2.5111 0.9001, 2.5113 2.534 0.8934, 2.5173 2.5302 0.8934, 2.5223 2.5252 0.8934, 2.5261 2.5192 0.8934, 2.5284 2.5125 0.8934, 2.4975 2.5417 0.8854, -1.1087 2.512 0.9001, -1.1013 2.51 0.9052, -1.093 2.5078 0.9084, -1.092 2.51 0.9084, -1.0887 2.5133 0.9084, -1.0906 2.5119 0.9084, -1.0865 2.5142 0.9084, -1.1192 2.5148 0.8854, -1.1155 2.5235 0.8854, -1.1098 2.531 0.8854, -1.1023 2.5368 0.8854, -1.0935 2.5404 0.8854, -1.0841 2.5417 0.8854, -1.0841 2.5145 0.9084, -1.0995 2.5143 0.9052, -1.0967 2.518 0.9052, -1.093 2.5208 0.9052, -1.0887 2.5226 0.9052, -1.0841 2.5145 0.9084, -1.0841 2.5231 0.9052, -1.0841 2.5232 0.9052, -1.0841 2.5307 0.9002, -1.1062 2.5181 0.9001, -1.1021 2.5234 0.9001, -1.0969 2.5274 0.9001, -1.0907 2.53 0.9001, -1.1148 2.5136 0.8934, -1.1116 2.5213 0.8934, -1.1066 2.5278 0.8934, -1.1 2.5329 0.8934, -1.0923 2.536 0.8934, -1.0841 2.5308 0.9001, -1.0841 2.537 0.8936, -1.0841 2.5371 0.8934, -1.0841 2.5415 0.8857, -0.5821 -0.9469 0.8701, -0.5842 -0.9313 0.9094, -0.5879 -0.9027 0.8701, -0.5879 -0.9027 0.9094, -0.605 -0.8615 0.8701, -0.605 -0.8615 0.9094, -0.619 -0.8433 0.9094, -0.6322 -0.8261 0.8701, -0.6322 -0.8261 0.9094, -0.6675 -0.799 0.8701, -0.6675 -0.799 0.9094, -0.7087 -0.7819 0.8701, -0.7087 -0.7819 0.9094, -0.7529 -0.7761 0.8701, -0.7529 -0.7761 0.9094, -0.7971 -0.7819 0.8701, -0.7971 -0.7819 0.9094, -0.8383 -0.799 0.8701, -0.8383 -0.799 0.9094, -0.8737 -0.8261 0.8701, -0.8737 -0.8261 0.9094, -0.8869 -0.8433 0.9094, -0.9009 -0.8615 0.8701, -0.9009 -0.8615 0.9094, -0.9179 -0.9027 0.8701, -0.9179 -0.9027 0.9094, -0.9217 -0.9313 0.9094, -0.9237 -0.9469 0.8701, -0.9237 -0.9469 0.9094, -0.9179 -0.9911 0.8701, -0.9179 -0.9911 0.9094, -0.909 -1.0127 0.9094, -0.9009 -1.0323 0.8701, -0.9009 -1.0323 0.9094, -0.8979 -1.0362 0.9094, -0.8737 -1.0677 0.8701, -0.8737 -1.0677 0.9094, -0.8383 -1.0948 0.8701, -0.8383 -1.0948 0.9094, -0.7971 -1.1119 0.8701, -0.7971 -1.1119 0.9094, -0.7529 -1.1177 0.8701, -0.7529 -1.1177 0.9094, -0.7087 -1.1119 0.8701, -0.7087 -1.1119 0.9094, -0.6675 -1.0948 0.8701, -0.6675 -1.0948 0.9094, -0.6322 -1.0677 0.8701, -0.6322 -1.0677 0.9094, -0.608 -1.0362 0.9094, -0.605 -1.0323 0.8701, -0.605 -1.0323 0.9094, -0.5969 -1.0127 0.9094, -0.5879 -0.9911 0.8701, -0.5879 -0.9911 0.9094, -0.5821 -0.9469 0.9094
            ]
        }
        coordIndex [
            0,1,2,-1,2,1,3,-1,2,3,4,-1,4,3,5,-1,5,3,6,-1,5,6,7,-1,7,6,8,-1,8,6,9,-1,8,9,10,-1,10,9,11,-1,11,9,12,-1,11,12,13,-1,13,12,14,-1,14,12,15,-1,14,15,16,-1,16,15,17,-1,17,15,18,-1,17,18,19,-1,20,21,18,-1,18,21,22,-1,18,22,19,-1,23,24,25,-1,25,24,26,-1,25,26,27,-1,27,26,28,-1,28,26,29,-1,28,29,30,-1,30,29,31,-1,31,29,32,-1,31,32,33,-1,33,32,34,-1,34,32,35,-1,34,35,36,-1,36,35,37,-1,37,35,38,-1,37,38,39,-1,40,41,38,-1,38,41,42,-1,38,42,39,-1,14,16,43,-1,43,16,17,-1,43,17,44,-1,44,17,19,-1,44,19,22,-1,45,11,13,-1,43,46,14,-1,14,46,47,-1,14,47,13,-1,13,47,48,-1,13,48,45,-1,11,45,10,-1,10,45,49,-1,10,49,8,-1,8,49,50,-1,8,50,7,-1,7,50,51,-1,7,51,5,-1,5,51,52,-1,5,52,4,-1,4,52,53,-1,4,53,2,-1,54,53,55,-1,55,53,56,-1,55,56,57,-1,57,56,58,-1,57,58,59,-1,59,58,60,-1,59,60,61,-1,61,60,62,-1,61,62,63,-1,63,62,64,-1,63,64,65,-1,65,64,66,-1,65,66,67,-1,67,66,68,-1,67,68,69,-1,69,68,70,-1,69,70,71,-1,71,70,72,-1,71,72,73,-1,72,74,73,-1,73,74,75,-1,73,75,76,-1,27,28,77,-1,42,54,39,-1,39,54,78,-1,39,78,37,-1,37,78,79,-1,37,79,36,-1,36,79,80,-1,36,80,34,-1,80,81,34,-1,34,81,82,-1,34,82,33,-1,82,83,33,-1,33,83,84,-1,33,84,31,-1,31,84,85,-1,31,85,30,-1,30,85,28,-1,28,85,86,-1,28,86,77,-1,27,77,25,-1,25,77,87,-1,25,87,88,-1,89,90,91,-1,92,93,94,-1,75,95,96,-1,97,95,75,-1,94,93,75,-1,98,75,93,-1,99,46,43,-1,46,99,47,-1,47,99,100,-1,47,100,48,-1,48,100,101,-1,48,101,45,-1,45,101,102,-1,45,102,49,-1,49,102,50,-1,50,102,103,-1,50,103,51,-1,51,103,52,-1,52,103,56,-1,52,56,53,-1,74,97,75,-1,104,105,92,-1,92,105,106,-1,92,106,93,-1,93,106,107,-1,93,107,98,-1,108,96,109,-1,109,96,95,-1,109,95,110,-1,110,95,97,-1,110,97,111,-1,74,72,97,-1,97,72,70,-1,97,70,111,-1,111,70,68,-1,111,68,66,-1,91,108,112,-1,112,108,109,-1,112,109,113,-1,113,109,110,-1,113,110,114,-1,114,110,111,-1,114,111,115,-1,115,111,66,-1,116,117,118,-1,118,117,89,-1,89,91,118,-1,118,91,112,-1,118,112,119,-1,119,112,113,-1,119,113,120,-1,120,113,114,-1,120,114,121,-1,121,114,115,-1,121,115,122,-1,90,104,91,-1,91,104,92,-1,91,92,108,-1,108,92,94,-1,108,94,96,-1,96,94,75,-1,116,99,123,-1,123,99,43,-1,123,43,44,-1,66,64,115,-1,115,64,62,-1,115,62,122,-1,122,62,60,-1,122,60,58,-1,116,118,99,-1,99,118,119,-1,99,119,100,-1,100,119,120,-1,100,120,101,-1,101,120,121,-1,101,121,102,-1,102,121,122,-1,102,122,103,-1,103,122,58,-1,103,58,56,-1,57,59,124,-1,61,63,125,-1,126,127,128,-1,76,129,130,-1,131,129,76,-1,128,127,76,-1,73,76,127,-1,78,132,79,-1,79,132,133,-1,79,133,80,-1,80,133,81,-1,81,133,134,-1,81,134,82,-1,82,134,83,-1,83,134,135,-1,83,135,84,-1,84,135,85,-1,85,135,136,-1,85,136,86,-1,86,136,77,-1,77,136,137,-1,77,137,87,-1,87,137,138,-1,87,138,88,-1,139,131,76,-1,65,67,126,-1,126,67,69,-1,126,69,127,-1,127,69,71,-1,127,71,73,-1,140,130,141,-1,141,130,129,-1,141,129,142,-1,142,129,131,-1,142,131,143,-1,63,65,125,-1,125,65,126,-1,125,126,144,-1,144,126,128,-1,144,128,145,-1,145,128,76,-1,139,146,131,-1,131,146,147,-1,131,147,143,-1,143,147,148,-1,143,148,149,-1,150,140,151,-1,151,140,141,-1,151,141,152,-1,152,141,142,-1,152,142,153,-1,153,142,143,-1,153,143,154,-1,154,143,149,-1,124,150,155,-1,155,150,151,-1,155,151,156,-1,156,151,152,-1,156,152,157,-1,157,152,153,-1,157,153,158,-1,158,153,154,-1,158,154,159,-1,59,61,124,-1,124,61,125,-1,124,125,150,-1,150,125,144,-1,150,144,140,-1,140,144,145,-1,140,145,130,-1,130,145,76,-1,78,54,132,-1,132,54,55,-1,132,55,57,-1,149,160,154,-1,154,160,161,-1,154,161,159,-1,159,161,162,-1,159,162,163,-1,57,124,132,-1,132,124,155,-1,132,155,133,-1,133,155,156,-1,133,156,134,-1,134,156,157,-1,134,157,135,-1,135,157,158,-1,135,158,136,-1,136,158,159,-1,136,159,137,-1,137,159,163,-1,137,163,138,-1,164,165,166,-1,164,166,167,-1,167,166,168,-1,167,168,169,-1,169,168,170,-1,169,170,171,-1,171,170,172,-1,171,172,173,-1,173,172,174,-1,173,174,175,-1,175,174,176,-1,175,176,177,-1,177,176,178,-1,177,178,179,-1,179,178,180,-1,179,180,181,-1,181,180,182,-1,181,182,183,-1,183,182,184,-1,183,184,185,-1,185,184,186,-1,185,186,187,-1,44,187,123,-1,123,187,188,-1,123,188,116,-1,116,188,189,-1,116,189,117,-1,117,189,190,-1,117,190,89,-1,89,190,191,-1,89,191,90,-1,90,191,192,-1,90,192,104,-1,104,192,193,-1,104,193,105,-1,105,193,194,-1,105,194,106,-1,106,194,195,-1,106,195,107,-1,107,195,196,-1,107,196,98,-1,196,197,98,-1,98,197,198,-1,98,198,75,-1,199,88,200,-1,200,88,138,-1,200,138,201,-1,201,138,163,-1,201,163,202,-1,202,163,162,-1,202,162,203,-1,203,162,161,-1,203,161,204,-1,204,161,160,-1,204,160,205,-1,205,160,149,-1,205,149,206,-1,206,149,148,-1,206,148,207,-1,207,148,147,-1,207,147,208,-1,208,147,146,-1,208,146,209,-1,146,139,209,-1,209,139,76,-1,209,76,210,-1,199,211,212,-1,212,211,213,-1,213,211,214,-1,214,211,215,-1,214,215,216,-1,216,215,217,-1,216,217,218,-1,218,217,219,-1,218,219,220,-1,220,219,221,-1,220,221,222,-1,222,221,223,-1,222,223,224,-1,224,223,225,-1,224,225,226,-1,226,225,227,-1,226,227,228,-1,227,229,228,-1,228,229,230,-1,228,230,231,-1,232,233,234,-1,235,236,237,-1,238,239,240,-1,198,241,242,-1,243,241,198,-1,240,239,198,-1,244,198,239,-1,166,245,168,-1,168,245,246,-1,168,246,170,-1,170,246,172,-1,172,246,247,-1,172,247,174,-1,174,247,176,-1,176,247,248,-1,176,248,178,-1,178,248,180,-1,180,248,249,-1,180,249,182,-1,182,249,184,-1,184,249,250,-1,184,250,186,-1,186,250,188,-1,186,188,187,-1,197,243,198,-1,251,252,238,-1,238,252,253,-1,238,253,239,-1,239,253,254,-1,239,254,244,-1,255,242,256,-1,256,242,241,-1,256,241,257,-1,257,241,243,-1,257,243,258,-1,236,251,237,-1,237,251,238,-1,237,238,259,-1,259,238,240,-1,259,240,260,-1,260,240,198,-1,197,196,243,-1,243,196,195,-1,243,195,258,-1,258,195,194,-1,258,194,193,-1,261,255,262,-1,262,255,256,-1,262,256,263,-1,263,256,257,-1,263,257,264,-1,264,257,258,-1,264,258,265,-1,265,258,193,-1,234,261,266,-1,266,261,262,-1,266,262,267,-1,267,262,263,-1,267,263,268,-1,268,263,264,-1,268,264,269,-1,269,264,265,-1,269,265,270,-1,233,235,234,-1,234,235,237,-1,234,237,261,-1,261,237,259,-1,261,259,255,-1,255,259,260,-1,255,260,242,-1,242,260,198,-1,166,165,245,-1,245,165,271,-1,245,271,232,-1,193,192,265,-1,265,192,191,-1,265,191,270,-1,270,191,190,-1,270,190,189,-1,232,234,245,-1,245,234,266,-1,245,266,246,-1,246,266,267,-1,246,267,247,-1,247,267,268,-1,247,268,248,-1,248,268,269,-1,248,269,249,-1,249,269,270,-1,249,270,250,-1,250,270,189,-1,250,189,188,-1,203,204,272,-1,273,274,275,-1,210,276,277,-1,278,276,210,-1,275,274,210,-1,209,210,274,-1,279,215,211,-1,215,279,217,-1,217,279,280,-1,217,280,219,-1,219,280,281,-1,219,281,221,-1,221,281,282,-1,221,282,223,-1,223,282,225,-1,225,282,283,-1,225,283,227,-1,227,283,229,-1,229,283,284,-1,229,284,230,-1,285,278,210,-1,205,206,273,-1,273,206,207,-1,273,207,274,-1,274,207,208,-1,274,208,209,-1,286,277,287,-1,287,277,276,-1,287,276,288,-1,288,276,278,-1,288,278,289,-1,285,290,278,-1,278,290,291,-1,278,291,289,-1,289,291,292,-1,289,292,293,-1,272,286,294,-1,294,286,287,-1,294,287,295,-1,295,287,288,-1,295,288,296,-1,296,288,289,-1,296,289,297,-1,297,289,293,-1,201,202,298,-1,298,202,203,-1,203,272,298,-1,298,272,294,-1,298,294,299,-1,299,294,295,-1,299,295,300,-1,300,295,296,-1,300,296,301,-1,301,296,297,-1,301,297,302,-1,204,205,272,-1,272,205,273,-1,272,273,286,-1,286,273,275,-1,286,275,277,-1,277,275,210,-1,201,279,200,-1,200,279,211,-1,200,211,199,-1,293,303,297,-1,297,303,304,-1,297,304,302,-1,302,304,305,-1,302,305,306,-1,201,298,279,-1,279,298,299,-1,279,299,280,-1,280,299,300,-1,280,300,281,-1,281,300,301,-1,281,301,282,-1,282,301,302,-1,282,302,283,-1,283,302,306,-1,283,306,284,-1,307,308,232,-1,309,310,235,-1,311,312,244,-1,244,312,313,-1,244,313,198,-1,244,254,311,-1,311,254,253,-1,311,253,314,-1,253,252,314,-1,314,252,251,-1,314,251,310,-1,310,251,236,-1,310,236,235,-1,309,235,308,-1,308,235,233,-1,308,233,232,-1,307,232,315,-1,315,232,271,-1,315,271,165,-1,316,317,304,-1,304,317,318,-1,304,318,305,-1,305,318,319,-1,305,319,306,-1,306,319,320,-1,306,320,284,-1,284,320,321,-1,284,321,230,-1,304,303,316,-1,316,303,293,-1,316,293,322,-1,293,292,322,-1,322,292,291,-1,322,291,323,-1,323,291,290,-1,290,285,323,-1,323,285,210,-1,323,210,324,-1,325,326,308,-1,327,313,312,-1,327,312,328,-1,328,312,311,-1,328,311,329,-1,329,311,314,-1,329,314,330,-1,330,314,310,-1,330,310,331,-1,308,326,309,-1,309,326,310,-1,310,326,332,-1,310,332,331,-1,325,308,333,-1,333,308,307,-1,333,307,315,-1,334,335,321,-1,334,321,336,-1,336,321,320,-1,336,320,319,-1,318,337,319,-1,319,337,338,-1,319,338,336,-1,318,317,337,-1,337,317,316,-1,337,316,339,-1,339,316,322,-1,339,322,340,-1,340,322,323,-1,340,323,341,-1,341,323,324,-1,341,324,342,-1,343,344,345,-1,345,344,346,-1,346,344,347,-1,347,344,348,-1,347,348,349,-1,349,348,350,-1,349,350,351,-1,351,350,352,-1,351,352,353,-1,353,352,354,-1,353,354,355,-1,355,354,356,-1,355,356,357,-1,357,356,358,-1,357,358,359,-1,359,358,360,-1,359,360,361,-1,360,362,361,-1,361,362,363,-1,361,363,364,-1,330,331,365,-1,365,331,332,-1,365,332,366,-1,366,332,326,-1,366,326,367,-1,367,326,325,-1,367,325,368,-1,368,325,333,-1,368,333,363,-1,365,369,330,-1,330,369,370,-1,330,370,329,-1,370,371,329,-1,329,371,372,-1,329,372,328,-1,328,372,373,-1,373,374,328,-1,328,374,375,-1,328,375,327,-1,334,336,376,-1,338,337,377,-1,340,341,378,-1,378,341,342,-1,378,342,379,-1,378,380,340,-1,340,380,381,-1,340,381,339,-1,381,382,339,-1,339,382,383,-1,339,383,337,-1,337,383,384,-1,337,384,377,-1,338,377,336,-1,336,377,385,-1,336,385,376,-1,334,376,335,-1,335,376,386,-1,335,386,387,-1,388,387,389,-1,388,389,390,-1,390,389,391,-1,390,391,392,-1,392,391,393,-1,392,393,394,-1,394,393,395,-1,394,395,396,-1,396,395,397,-1,396,397,398,-1,398,397,399,-1,398,399,400,-1,400,399,401,-1,400,401,402,-1,402,401,403,-1,402,403,404,-1,404,403,405,-1,404,405,406,-1,406,405,407,-1,406,407,408,-1,408,407,409,-1,408,409,410,-1,411,412,413,-1,414,415,416,-1,375,417,418,-1,419,417,375,-1,416,415,375,-1,420,375,415,-1,421,348,344,-1,348,421,350,-1,350,421,422,-1,350,422,352,-1,352,422,423,-1,352,423,354,-1,354,423,424,-1,354,424,356,-1,356,424,358,-1,358,424,425,-1,358,425,360,-1,360,425,362,-1,362,425,368,-1,362,368,363,-1,374,419,375,-1,426,427,414,-1,414,427,428,-1,414,428,415,-1,415,428,429,-1,415,429,420,-1,430,418,431,-1,431,418,417,-1,431,417,432,-1,432,417,419,-1,432,419,433,-1,374,373,419,-1,419,373,372,-1,419,372,433,-1,433,372,371,-1,433,371,370,-1,413,430,434,-1,434,430,431,-1,434,431,435,-1,435,431,432,-1,435,432,436,-1,436,432,433,-1,436,433,437,-1,437,433,370,-1,438,439,440,-1,440,439,411,-1,411,413,440,-1,440,413,434,-1,440,434,441,-1,441,434,435,-1,441,435,442,-1,442,435,436,-1,442,436,443,-1,443,436,437,-1,443,437,444,-1,412,426,413,-1,413,426,414,-1,413,414,430,-1,430,414,416,-1,430,416,418,-1,418,416,375,-1,438,421,445,-1,445,421,344,-1,445,344,343,-1,370,369,437,-1,437,369,365,-1,437,365,444,-1,444,365,366,-1,444,366,367,-1,438,440,421,-1,421,440,441,-1,421,441,422,-1,422,441,442,-1,422,442,423,-1,423,442,443,-1,423,443,424,-1,424,443,444,-1,424,444,425,-1,425,444,367,-1,425,367,368,-1,376,385,446,-1,377,384,447,-1,448,449,450,-1,379,451,452,-1,453,451,379,-1,450,449,379,-1,378,379,449,-1,389,454,391,-1,391,454,455,-1,399,397,456,-1,456,397,395,-1,456,395,455,-1,455,395,393,-1,455,393,391,-1,399,456,401,-1,401,456,457,-1,401,457,403,-1,403,457,458,-1,403,458,405,-1,405,458,407,-1,407,458,459,-1,407,459,409,-1,409,459,460,-1,409,460,410,-1,461,453,379,-1,383,382,448,-1,448,382,381,-1,448,381,449,-1,449,381,380,-1,449,380,378,-1,462,452,463,-1,463,452,451,-1,463,451,464,-1,464,451,453,-1,464,453,465,-1,384,383,447,-1,447,383,448,-1,447,448,466,-1,466,448,450,-1,466,450,467,-1,467,450,379,-1,461,468,453,-1,453,468,469,-1,453,469,465,-1,465,469,470,-1,465,470,471,-1,472,462,473,-1,473,462,463,-1,473,463,474,-1,474,463,464,-1,474,464,475,-1,475,464,465,-1,475,465,476,-1,476,465,471,-1,446,472,477,-1,477,472,473,-1,477,473,478,-1,478,473,474,-1,478,474,479,-1,479,474,475,-1,479,475,480,-1,480,475,476,-1,480,476,481,-1,385,377,446,-1,446,377,447,-1,446,447,472,-1,472,447,466,-1,472,466,462,-1,462,466,467,-1,462,467,452,-1,452,467,379,-1,389,387,454,-1,454,387,386,-1,454,386,376,-1,471,482,476,-1,476,482,483,-1,476,483,481,-1,481,483,484,-1,481,484,485,-1,376,446,454,-1,454,446,477,-1,454,477,455,-1,455,477,478,-1,455,478,456,-1,456,478,479,-1,456,479,457,-1,457,479,480,-1,457,480,458,-1,458,480,481,-1,458,481,459,-1,459,481,485,-1,459,485,460,-1,486,487,488,-1,488,489,490,-1,488,490,486,-1,486,490,491,-1,486,491,492,-1,491,493,492,-1,492,493,494,-1,492,494,495,-1,495,494,496,-1,495,496,497,-1,497,496,498,-1,497,498,499,-1,500,501,499,-1,500,499,502,-1,502,499,503,-1,502,503,504,-1,501,505,499,-1,499,505,506,-1,499,506,497,-1,489,488,507,-1,507,488,508,-1,507,508,509,-1,509,508,510,-1,509,510,511,-1,343,504,445,-1,445,504,512,-1,445,512,438,-1,438,512,513,-1,438,513,439,-1,439,513,514,-1,439,514,411,-1,411,514,515,-1,411,515,412,-1,412,515,516,-1,412,516,426,-1,426,516,517,-1,426,517,427,-1,427,517,518,-1,427,518,428,-1,428,518,519,-1,428,519,429,-1,429,519,520,-1,429,520,420,-1,520,521,420,-1,420,521,522,-1,420,522,375,-1,523,410,524,-1,524,410,460,-1,524,460,525,-1,525,460,485,-1,525,485,526,-1,526,485,484,-1,526,484,527,-1,527,484,483,-1,527,483,528,-1,528,483,482,-1,528,482,529,-1,529,482,471,-1,529,471,530,-1,530,471,470,-1,530,470,531,-1,531,470,469,-1,531,469,532,-1,532,469,468,-1,532,468,533,-1,468,461,533,-1,533,461,379,-1,533,379,534,-1,535,536,537,-1,538,539,537,-1,537,539,540,-1,537,540,535,-1,535,541,536,-1,536,541,542,-1,536,542,543,-1,544,545,546,-1,546,545,547,-1,546,547,523,-1,523,547,548,-1,523,548,549,-1,550,551,546,-1,546,551,552,-1,546,552,544,-1,550,553,551,-1,551,553,554,-1,551,554,555,-1,555,554,556,-1,555,556,539,-1,539,556,557,-1,539,557,540,-1,558,559,560,-1,561,562,563,-1,564,565,566,-1,522,567,568,-1,569,567,522,-1,566,565,522,-1,570,522,565,-1,509,571,507,-1,507,571,572,-1,493,491,573,-1,573,491,490,-1,573,490,572,-1,572,490,489,-1,572,489,507,-1,493,573,494,-1,494,573,574,-1,494,574,496,-1,496,574,575,-1,496,575,498,-1,498,575,499,-1,499,575,576,-1,499,576,503,-1,503,576,512,-1,503,512,504,-1,521,569,522,-1,577,578,564,-1,564,578,579,-1,564,579,565,-1,565,579,580,-1,565,580,570,-1,581,568,582,-1,582,568,567,-1,582,567,583,-1,583,567,569,-1,583,569,584,-1,562,577,563,-1,563,577,564,-1,563,564,585,-1,585,564,566,-1,585,566,586,-1,586,566,522,-1,521,520,569,-1,569,520,519,-1,569,519,584,-1,584,519,518,-1,584,518,517,-1,587,581,588,-1,588,581,582,-1,588,582,589,-1,589,582,583,-1,589,583,590,-1,590,583,584,-1,590,584,591,-1,591,584,517,-1,560,587,592,-1,592,587,588,-1,592,588,593,-1,593,588,589,-1,593,589,594,-1,594,589,590,-1,594,590,595,-1,595,590,591,-1,595,591,596,-1,559,561,560,-1,560,561,563,-1,560,563,587,-1,587,563,585,-1,587,585,581,-1,581,585,586,-1,581,586,568,-1,568,586,522,-1,509,511,571,-1,571,511,597,-1,571,597,558,-1,517,516,591,-1,591,516,515,-1,591,515,596,-1,596,515,514,-1,596,514,513,-1,558,560,571,-1,571,560,592,-1,571,592,572,-1,572,592,593,-1,572,593,573,-1,573,593,594,-1,573,594,574,-1,574,594,595,-1,574,595,575,-1,575,595,596,-1,575,596,576,-1,576,596,513,-1,576,513,512,-1,527,528,598,-1,599,600,601,-1,534,602,603,-1,604,602,534,-1,601,600,534,-1,533,534,600,-1,605,550,546,-1,550,605,553,-1,553,605,606,-1,553,606,554,-1,554,606,607,-1,554,607,556,-1,556,607,608,-1,556,608,557,-1,557,608,540,-1,540,608,609,-1,540,609,535,-1,535,609,541,-1,541,609,610,-1,541,610,542,-1,611,604,534,-1,529,530,599,-1,599,530,531,-1,599,531,600,-1,600,531,532,-1,600,532,533,-1,612,603,613,-1,613,603,602,-1,613,602,614,-1,614,602,604,-1,614,604,615,-1,611,616,604,-1,604,616,617,-1,604,617,615,-1,615,617,618,-1,615,618,619,-1,598,612,620,-1,620,612,613,-1,620,613,621,-1,621,613,614,-1,621,614,622,-1,622,614,615,-1,622,615,623,-1,623,615,619,-1,525,526,624,-1,624,526,527,-1,527,598,624,-1,624,598,620,-1,624,620,625,-1,625,620,621,-1,625,621,626,-1,626,621,622,-1,626,622,627,-1,627,622,623,-1,627,623,628,-1,528,529,598,-1,598,529,599,-1,598,599,612,-1,612,599,601,-1,612,601,603,-1,603,601,534,-1,525,605,524,-1,524,605,546,-1,524,546,523,-1,619,629,623,-1,623,629,630,-1,623,630,628,-1,628,630,631,-1,628,631,632,-1,525,624,605,-1,605,624,625,-1,605,625,606,-1,606,625,626,-1,606,626,607,-1,607,626,627,-1,607,627,608,-1,608,627,628,-1,608,628,609,-1,609,628,632,-1,609,632,610,-1,511,542,597,-1,597,542,610,-1,597,610,558,-1,558,610,632,-1,558,632,559,-1,559,632,631,-1,559,631,561,-1,561,631,630,-1,561,630,562,-1,562,630,629,-1,562,629,577,-1,577,629,619,-1,577,619,578,-1,578,619,618,-1,578,618,579,-1,579,618,617,-1,579,617,580,-1,580,617,616,-1,580,616,570,-1,616,611,570,-1,570,611,534,-1,570,534,522,-1,633,634,635,-1,635,634,636,-1,635,636,637,-1,636,638,637,-1,637,638,639,-1,637,639,640,-1,640,639,641,-1,640,641,642,-1,642,641,643,-1,642,643,644,-1,644,643,645,-1,644,645,646,-1,646,645,647,-1,646,647,648,-1,648,647,649,-1,648,649,650,-1,650,649,651,-1,650,651,652,-1,651,653,652,-1,652,653,654,-1,652,654,655,-1,655,654,656,-1,655,656,657,-1,656,658,657,-1,657,658,659,-1,657,659,660,-1,660,659,661,-1,660,661,662,-1,661,663,662,-1,662,663,664,-1,662,664,665,-1,664,666,665,-1,665,666,667,-1,665,667,668,-1,668,667,669,-1,668,669,670,-1,670,669,671,-1,670,671,672,-1,672,671,673,-1,672,673,674,-1,674,673,675,-1,674,675,676,-1,676,675,677,-1,676,677,678,-1,678,677,679,-1,678,679,680,-1,679,681,680,-1,680,681,682,-1,680,682,683,-1,682,684,683,-1,683,684,685,-1,683,685,686,-1,686,685,687,-1,686,687,633,-1,633,687,688,-1,633,688,634,-1,
        ]
    }
}
Shape{
    appearance Appearance {
        material  Material 	{
            diffuseColor 0.7529411764705882 0.7529411764705882 0.7529411764705882
            specularColor 0.3764705882352941 0.3764705882352941 0.3764705882352941
            ambientIntensity 0.7529
            transparency 0.0
            shininess 0.5
        }
    }
    geometry IndexedFaceSet {
        ccw TRUE
        solid FALSE
        coord DEF co Coordinate {
            point [
                -0.605 -1.0323 0.8701, -0.5879 -0.9911 0.8701, -0.7529 -0.9469 0.8701, -0.5821 -0.9469 0.8701, -0.5879 -0.9027 0.8701, -0.7087 -1.1119 0.8701, -0.6675 -1.0948 0.8701, -0.6322 -1.0677 0.8701, -0.8383 -1.0948 0.8701, -0.7971 -1.1119 0.8701, -0.7529 -1.1177 0.8701, -0.9179 -0.9911 0.8701, -0.9009 -1.0323 0.8701, -0.8737 -1.0677 0.8701, -0.9009 -0.8615 0.8701, -0.9179 -0.9027 0.8701, -0.9237 -0.9469 0.8701, -0.7971 -0.7819 0.8701, -0.8383 -0.799 0.8701, -0.8737 -0.8261 0.8701, -0.6675 -0.799 0.8701, -0.7087 -0.7819 0.8701, -0.7529 -0.7761 0.8701, -0.605 -0.8615 0.8701, -0.6322 -0.8261 0.8701
            ]
        }
        coordIndex [
            0,1,2,-1,2,1,3,-1,2,3,4,-1,5,6,2,-1,2,6,7,-1,2,7,0,-1,8,9,2,-1,2,9,10,-1,2,10,5,-1,11,12,2,-1,2,12,13,-1,2,13,8,-1,14,15,2,-1,2,15,16,-1,2,16,11,-1,17,18,2,-1,2,18,19,-1,2,19,14,-1,20,21,2,-1,2,21,22,-1,2,22,17,-1,4,23,2,-1,2,23,24,-1,2,24,20,-1,
        ]
    }
}
Shape{
    appearance Appearance {
        material  Material 	{
            diffuseColor 0.25098039215686274 0.25098039215686274 0.25098039215686274
            specularColor 0.12549019607843137 0.12549019607843137 0.12549019607843137
            ambientIntensity 0.251
            transparency 0.0
            shininess 0.5
        }
    }
    geometry IndexedFaceSet {
        ccw TRUE
        solid FALSE
        coord DEF co Coordinate {
            point [
                1.2972 0.6201 0.8701, 1.2972 0.6201 0.9094, 1.2824 0.7515 0.8701, 1.2824 0.7515 0.9094, 1.2388 0.8763 0.8701, 1.2388 0.8763 0.9094, 1.1684 0.9883 0.8701, 1.1684 0.9883 0.9094, 1.0749 1.0818 0.8701, 1.0749 1.0818 0.9094, 0.9629 1.1521 0.8701, 0.9629 1.1521 0.9094, 0.8381 1.1958 0.8701, 0.8381 1.1958 0.9094, 0.7067 1.2106 0.8701, 0.7067 1.2106 0.9094, 0.5753 1.1958 0.8701, 0.5753 1.1958 0.9094, 0.4505 1.1521 0.8701, 0.4505 1.1521 0.9094, 0.3385 1.0818 0.8701, 0.3385 1.0818 0.9094, 0.245 0.9883 0.8701, 0.245 0.9883 0.9094, 0.1746 0.8763 0.8701, 0.1746 0.8763 0.9094, 0.1309 0.7515 0.8701, 0.1309 0.7515 0.9094, 0.1161 0.6201 0.8701, 0.1161 0.6201 0.9094, 0.1309 0.4887 0.8701, 0.1309 0.4887 0.9094, 0.1746 0.3638 0.8701, 0.1746 0.3638 0.9094, 0.245 0.2519 0.8701, 0.245 0.2519 0.9094, 0.3385 0.1584 0.8701, 0.3385 0.1584 0.9094, 0.4505 0.088 0.8701, 0.4505 0.088 0.9094, 0.5753 0.0443 0.8701, 0.5753 0.0443 0.9094, 0.7067 0.0295 0.8701, 0.7067 0.0295 0.9094, 0.8381 0.0443 0.8701, 0.8381 0.0443 0.9094, 0.9629 0.088 0.8701, 0.9629 0.088 0.9094, 1.0749 0.1584 0.8701, 1.0749 0.1584 0.9094, 1.1684 0.2519 0.8701, 1.1684 0.2519 0.9094, 1.2388 0.3638 0.8701, 1.2388 0.3638 0.9094, 1.2824 0.4887 0.8701, 1.2824 0.4887 0.9094, 0.7067 0.6201 0.8701
            ]
        }
        coordIndex [
            0,1,2,-1,2,1,3,-1,2,3,4,-1,4,3,5,-1,4,5,6,-1,6,5,7,-1,6,7,8,-1,8,7,9,-1,8,9,10,-1,10,9,11,-1,10,11,12,-1,12,11,13,-1,12,13,14,-1,14,13,15,-1,14,15,16,-1,16,15,17,-1,16,17,18,-1,18,17,19,-1,18,19,20,-1,20,19,21,-1,20,21,22,-1,22,21,23,-1,22,23,24,-1,24,23,25,-1,24,25,26,-1,26,25,27,-1,26,27,28,-1,28,27,29,-1,28,29,30,-1,30,29,31,-1,30,31,32,-1,32,31,33,-1,32,33,34,-1,34,33,35,-1,34,35,36,-1,36,35,37,-1,36,37,38,-1,38,37,39,-1,38,39,40,-1,40,39,41,-1,40,41,42,-1,42,41,43,-1,42,43,44,-1,44,43,45,-1,44,45,46,-1,46,45,47,-1,46,47,48,-1,48,47,49,-1,48,49,50,-1,50,49,51,-1,50,51,52,-1,52,51,53,-1,52,53,54,-1,54,53,55,-1,54,55,0,-1,0,55,1,-1,0,2,56,-1,50,52,56,-1,56,52,54,-1,56,54,0,-1,44,46,56,-1,56,46,48,-1,56,48,50,-1,38,40,56,-1,56,40,42,-1,56,42,44,-1,32,34,56,-1,56,34,36,-1,56,36,38,-1,26,28,56,-1,56,28,30,-1,56,30,32,-1,20,22,56,-1,56,22,24,-1,56,24,26,-1,14,16,56,-1,56,16,18,-1,56,18,20,-1,8,10,56,-1,56,10,12,-1,56,12,14,-1,2,4,56,-1,56,4,6,-1,56,6,8,-1,
        ]
    }
}
Shape{
    appearance Appearance {
        material  Material 	{
            diffuseColor 1.0 1.0 1.0
            specularColor 0.5019607843137255 0.5019607843137255 0.5019607843137255
            ambientIntensity 1.0
            transparency 0.0
            shininess 0.5
        }
    }
    geometry IndexedFaceSet {
        ccw TRUE
        solid FALSE
        coord DEF co Coordinate {
            point [
                1.9533 -1.0029 0.9134, 1.9533 -1.012 0.9134, 1.9533 -1.0029 0.9094, 1.9533 -1.012 0.9094, 1.9214 -1.0029 0.9134, 1.9214 -1.0029 0.9094, 1.9214 -0.932 0.9134, 1.9214 -0.932 0.9094, 1.9111 -0.932 0.9134, 1.9111 -0.932 0.9094, 1.9111 -1.012 0.9134, 1.9111 -1.012 0.9094, 1.9944 -1.0134 0.9134, 1.9944 -1.0134 0.9094, 2.0066 -1.0122 0.9134, 2.0014 -1.0127 0.9094, 2.0066 -1.0122 0.9094, 2.0152 -1.0094 0.9094, 2.0152 -1.0094 0.9134, 2.0165 -1.0087 0.9094, 2.0165 -1.0087 0.9134, 2.0165 -0.9988 0.9134, 2.0165 -0.9988 0.9094, 2.0094 -1.0021 0.9094, 2.0094 -1.0021 0.9134, 2.0005 -1.004 0.9094, 2.0005 -1.004 0.9134, 1.9959 -1.0042 0.9094, 1.9959 -1.0042 0.9134, 1.9881 -1.0033 0.9094, 1.9881 -1.0033 0.9134, 1.9824 -1.0011 0.9094, 1.9824 -1.0011 0.9134, 1.9771 -0.9975 0.9094, 1.9771 -0.9975 0.9134, 1.9753 -0.9957 0.9094, 1.9753 -0.9957 0.9134, 1.9713 -0.9901 0.9094, 1.9713 -0.9901 0.9134, 1.9687 -0.9837 0.9094, 1.9687 -0.9837 0.9134, 1.9674 -0.9739 0.9094, 1.9674 -0.9739 0.9134, 1.9674 -0.9729 0.9094, 1.9674 -0.9729 0.9134, 1.9687 -0.962 0.9094, 1.9687 -0.962 0.9134, 1.9714 -0.9551 0.9094, 1.9714 -0.9551 0.9134, 1.9752 -0.9495 0.9094, 1.9752 -0.9495 0.9134, 1.9758 -0.9488 0.9094, 1.9758 -0.9488 0.9134, 1.9814 -0.9443 0.9094, 1.9814 -0.9443 0.9134, 1.9877 -0.9414 0.9094, 1.9877 -0.9414 0.9134, 1.9946 -0.9401 0.9094, 1.9946 -0.9401 0.9134, 1.9977 -0.9399 0.9094, 1.9977 -0.9399 0.9134, 2.0063 -0.9408 0.9094, 2.0063 -0.9408 0.9134, 2.0146 -0.9437 0.9094, 2.0146 -0.9437 0.9134, 2.0165 -0.9447 0.9094, 2.0165 -0.9447 0.9134, 2.0165 -0.9339 0.9134, 2.0165 -0.9339 0.9094, 1.9976 -0.9306 0.9094, 1.9976 -0.9306 0.9134, 1.9989 -0.9306 0.9134, 2.0092 -0.9316 0.9094, 2.0092 -0.9316 0.9134, 2.0056 -0.9313 0.9094, 1.9989 -0.9306 0.9094, 1.9919 -0.9313 0.9094, 1.9861 -0.932 0.9134, 1.9861 -0.932 0.9094, 1.9777 -0.9352 0.9094, 1.9777 -0.9352 0.9134, 1.9699 -0.9407 0.9094, 1.9699 -0.9407 0.9134, 1.9681 -0.9424 0.9094, 1.9681 -0.9424 0.9134, 1.963 -0.949 0.9094, 1.963 -0.949 0.9134, 1.9589 -0.9577 0.9094, 1.9589 -0.9577 0.9134, 1.9568 -0.9679 0.9094, 1.9568 -0.9679 0.9134, 1.9566 -0.9735 0.9094, 1.9566 -0.9735 0.9134, 1.9581 -0.9864 0.9094, 1.9581 -0.9864 0.9134, 1.9614 -0.9948 0.9094, 1.9614 -0.9948 0.9134, 1.9661 -1.0016 0.9094, 1.9661 -1.0016 0.9134, 1.9669 -1.0025 0.9094, 1.9669 -1.0025 0.9134, 1.9889 -1.0131 0.9134, 1.9728 -1.0075 0.9094, 1.9728 -1.0075 0.9134, 1.9803 -1.0112 0.9094, 1.9803 -1.0112 0.9134, 1.9872 -1.0127 0.9094, 1.9889 -1.0131 0.9094, 2.0756 -1.0029 0.9134, 2.0756 -1.012 0.9134, 2.0756 -1.0029 0.9094, 2.0756 -1.012 0.9094, 2.0429 -1.0029 0.9094, 2.0429 -1.0029 0.9134, 2.0645 -1.0029 0.9094, 2.0429 -0.976 0.9134, 2.0429 -0.976 0.9094, 2.0715 -0.976 0.9134, 2.0645 -0.976 0.9094, 2.0715 -0.976 0.9094, 2.0715 -0.9668 0.9134, 2.0715 -0.9668 0.9094, 2.0429 -0.9668 0.9094, 2.0429 -0.9668 0.9134, 2.0645 -0.9668 0.9094, 2.0429 -0.9412 0.9134, 2.0429 -0.9412 0.9094, 2.0738 -0.9412 0.9134, 2.0645 -0.9412 0.9094, 2.0738 -0.9412 0.9094, 2.0738 -0.932 0.9134, 2.0738 -0.932 0.9094, 2.0326 -0.932 0.9094, 2.0326 -0.932 0.9134, 2.0645 -0.932 0.9094, 2.0326 -1.012 0.9134, 2.0326 -1.012 0.9094, 2.0645 -1.012 0.9094, 2.1439 -1.0008 0.9134, 2.1493 -0.9946 0.9134, 2.1407 -0.9893 0.9134, 2.1434 -0.9833 0.9134, 2.1534 -0.9864 0.9134, 2.1448 -0.9759 0.9134, 2.1556 -0.9772 0.9134, 2.1451 -0.9713 0.9134, 2.1559 -0.971 0.9134, 2.1442 -0.9624 0.9134, 2.1546 -0.96 0.9134, 2.1421 -0.9562 0.9134, 2.1517 -0.9524 0.9134, 2.1391 -0.9516 0.9134, 2.1467 -0.9454 0.9134, 2.1363 -0.9487 0.9134, 2.1439 -0.9426 0.9134, 2.1304 -0.9448 0.9134, 2.1368 -0.9376 0.9134, 2.1235 -0.9423 0.9134, 2.1274 -0.9337 0.9134, 2.1153 -0.932 0.9134, 2.1132 -0.9412 0.9134, 2.1136 -0.932 0.9134, 2.1011 -0.9412 0.9134, 2.0907 -0.932 0.9134, 2.1011 -1.0029 0.9134, 2.0907 -1.012 0.9134, 2.1127 -1.0029 0.9134, 2.1128 -1.012 0.9134, 2.1237 -1.0016 0.9134, 2.1262 -1.0104 0.9134, 2.1303 -0.9991 0.9134, 2.1354 -1.0069 0.9134, 2.1355 -0.9955 0.9134, 2.1365 -0.9946 0.9134, 2.1128 -1.012 0.9094, 2.0907 -1.012 0.9094, 2.1439 -1.0008 0.9094, 2.1262 -1.0104 0.9094, 2.1274 -1.01 0.9094, 2.1354 -1.0069 0.9094, 2.1493 -0.9946 0.9094, 2.1534 -0.9864 0.9094, 2.1556 -0.9772 0.9094, 2.1559 -0.971 0.9094, 2.1546 -0.96 0.9094, 2.1517 -0.9524 0.9094, 2.1467 -0.9454 0.9094, 2.1439 -0.9426 0.9094, 2.1368 -0.9376 0.9094, 2.1274 -0.9337 0.9094, 2.1274 -0.9337 0.9094, 2.1153 -0.932 0.9094, 2.1136 -0.932 0.9094, 2.0907 -0.932 0.9094, 2.1132 -0.9412 0.9094, 2.1011 -0.9412 0.9094, 2.1011 -1.0029 0.9094, 2.1127 -1.0029 0.9094, 2.1365 -0.9946 0.9094, 2.1355 -0.9955 0.9094, 2.1303 -0.9991 0.9094, 2.1237 -1.0016 0.9094, 2.1451 -0.9713 0.9094, 2.1448 -0.9759 0.9094, 2.1434 -0.9833 0.9094, 2.1407 -0.9893 0.9094, 2.1363 -0.9487 0.9094, 2.1391 -0.9516 0.9094, 2.1421 -0.9562 0.9094, 2.1442 -0.9624 0.9094, 2.1235 -0.9423 0.9094, 2.1304 -0.9448 0.9094
            ]
        }
        coordIndex [
            0,1,2,-1,2,1,3,-1,4,0,5,-1,5,0,2,-1,6,4,7,-1,7,4,5,-1,8,6,9,-1,9,6,7,-1,10,8,11,-1,11,8,9,-1,1,10,3,-1,3,10,11,-1,6,8,4,-1,4,8,10,-1,4,10,0,-1,0,10,1,-1,12,13,14,-1,14,13,15,-1,15,16,14,-1,14,16,17,-1,14,17,18,-1,18,17,19,-1,18,19,20,-1,21,20,22,-1,22,20,19,-1,21,22,23,-1,21,23,24,-1,24,23,25,-1,24,25,26,-1,26,25,27,-1,26,27,28,-1,28,27,29,-1,28,29,30,-1,30,29,31,-1,30,31,32,-1,32,31,33,-1,32,33,34,-1,34,33,35,-1,34,35,36,-1,36,35,37,-1,36,37,38,-1,38,37,39,-1,38,39,40,-1,40,39,41,-1,40,41,42,-1,42,41,43,-1,42,43,44,-1,44,43,45,-1,44,45,46,-1,46,45,47,-1,46,47,48,-1,48,47,49,-1,48,49,50,-1,50,49,51,-1,50,51,52,-1,52,51,53,-1,52,53,54,-1,54,53,55,-1,54,55,56,-1,56,55,57,-1,56,57,58,-1,58,57,59,-1,58,59,60,-1,60,59,61,-1,60,61,62,-1,62,61,63,-1,62,63,64,-1,64,63,65,-1,64,65,66,-1,67,66,68,-1,68,66,65,-1,69,70,71,-1,67,68,72,-1,67,72,73,-1,73,72,74,-1,73,74,71,-1,71,74,75,-1,71,75,69,-1,70,69,76,-1,70,76,77,-1,76,78,77,-1,77,78,79,-1,77,79,80,-1,80,79,81,-1,80,81,82,-1,82,81,83,-1,82,83,84,-1,84,83,85,-1,84,85,86,-1,86,85,87,-1,86,87,88,-1,88,87,89,-1,88,89,90,-1,90,89,91,-1,90,91,92,-1,92,91,93,-1,92,93,94,-1,94,93,95,-1,94,95,96,-1,96,95,97,-1,96,97,98,-1,98,97,99,-1,98,99,100,-1,13,12,101,-1,100,99,102,-1,100,102,103,-1,103,102,104,-1,103,104,105,-1,105,104,106,-1,105,106,101,-1,101,106,107,-1,101,107,13,-1,64,66,67,-1,54,56,77,-1,46,48,86,-1,77,56,70,-1,86,48,84,-1,64,67,62,-1,77,80,54,-1,54,80,82,-1,54,82,52,-1,52,82,84,-1,52,84,50,-1,50,84,48,-1,56,58,70,-1,70,58,60,-1,70,60,71,-1,71,60,62,-1,71,62,73,-1,73,62,67,-1,92,44,90,-1,90,44,46,-1,90,46,88,-1,88,46,86,-1,20,21,18,-1,18,21,24,-1,18,24,14,-1,14,24,26,-1,14,26,12,-1,12,26,28,-1,12,28,101,-1,101,28,30,-1,101,30,105,-1,105,30,32,-1,105,32,103,-1,103,32,34,-1,103,34,100,-1,100,34,36,-1,100,36,98,-1,98,36,38,-1,98,38,96,-1,96,38,94,-1,94,38,40,-1,94,40,92,-1,92,40,42,-1,92,42,44,-1,108,109,110,-1,110,109,111,-1,112,113,114,-1,114,113,108,-1,114,108,110,-1,115,113,116,-1,116,113,112,-1,115,116,117,-1,117,116,118,-1,117,118,119,-1,120,117,121,-1,121,117,119,-1,122,123,124,-1,124,123,120,-1,124,120,121,-1,125,123,126,-1,126,123,122,-1,125,126,127,-1,127,126,128,-1,127,128,129,-1,130,127,131,-1,131,127,129,-1,132,133,134,-1,134,133,130,-1,134,130,131,-1,135,133,136,-1,136,133,132,-1,135,136,109,-1,109,136,137,-1,109,137,111,-1,135,109,108,-1,108,113,135,-1,135,113,115,-1,135,115,133,-1,127,130,125,-1,125,130,133,-1,125,133,123,-1,123,133,115,-1,123,115,120,-1,120,115,117,-1,138,139,140,-1,140,139,141,-1,141,139,142,-1,141,142,143,-1,143,142,144,-1,143,144,145,-1,145,144,146,-1,145,146,147,-1,147,146,148,-1,147,148,149,-1,149,148,150,-1,149,150,151,-1,151,150,152,-1,151,152,153,-1,153,152,154,-1,153,154,155,-1,155,154,156,-1,155,156,157,-1,156,158,157,-1,157,158,159,-1,157,159,160,-1,160,159,161,-1,160,161,162,-1,162,161,163,-1,162,163,164,-1,164,163,165,-1,164,165,166,-1,166,165,167,-1,166,167,168,-1,168,167,169,-1,168,169,170,-1,170,169,171,-1,170,171,172,-1,172,171,138,-1,172,138,173,-1,173,138,140,-1,167,165,174,-1,174,165,175,-1,176,138,171,-1,167,174,177,-1,167,177,169,-1,169,177,178,-1,169,178,171,-1,171,178,179,-1,171,179,176,-1,138,176,180,-1,138,180,139,-1,139,180,181,-1,139,181,142,-1,142,181,182,-1,142,182,144,-1,144,182,183,-1,144,183,146,-1,146,183,184,-1,146,184,148,-1,148,184,185,-1,148,185,150,-1,150,185,186,-1,150,186,152,-1,152,186,187,-1,152,187,154,-1,154,187,188,-1,154,188,156,-1,156,188,189,-1,156,189,158,-1,189,190,158,-1,158,190,191,-1,158,191,159,-1,159,191,192,-1,159,192,161,-1,163,161,193,-1,193,161,192,-1,165,163,175,-1,175,163,193,-1,160,162,194,-1,194,162,195,-1,162,164,195,-1,195,164,196,-1,164,166,196,-1,196,166,197,-1,173,198,199,-1,173,199,172,-1,172,199,200,-1,172,200,170,-1,170,200,201,-1,170,201,168,-1,168,201,197,-1,168,197,166,-1,145,202,203,-1,145,203,143,-1,143,203,204,-1,143,204,141,-1,141,204,205,-1,141,205,140,-1,140,205,198,-1,140,198,173,-1,153,206,207,-1,153,207,151,-1,151,207,208,-1,151,208,149,-1,149,208,209,-1,149,209,147,-1,147,209,202,-1,147,202,145,-1,160,194,210,-1,160,210,157,-1,157,210,211,-1,157,211,155,-1,155,211,206,-1,155,206,153,-1,
        ]
    }
}
Shape{
    appearance Appearance {
        material  Material 	{
            diffuseColor 0.25098039215686274 0.25098039215686274 0.25098039215686274
            specularColor 0.12549019607843137 0.12549019607843137 0.12549019607843137
            ambientIntensity 0.251
            transparency 0.0
            shininess 0.5
        }
    }
    geometry IndexedFaceSet {
        ccw TRUE
        solid FALSE
        coord DEF co Coordinate {
            point [
                2.1011 -0.9412 0.9094, 2.1011 -1.0029 0.9094, 2.1132 -0.9412 0.9094, 2.1127 -1.0029 0.9094, 2.1237 -1.0016 0.9094, 2.1303 -0.9991 0.9094, 2.1355 -0.9955 0.9094, 2.1365 -0.9946 0.9094, 2.1448 -0.9759 0.9094, 2.1451 -0.9713 0.9094, 2.1442 -0.9624 0.9094, 2.1421 -0.9562 0.9094, 2.1391 -0.9516 0.9094, 2.1363 -0.9487 0.9094, 2.1235 -0.9423 0.9094, 2.1304 -0.9448 0.9094, 2.1407 -0.9893 0.9094, 2.1434 -0.9833 0.9094
            ]
        }
        coordIndex [
            0,1,2,-1,2,1,3,-1,2,3,4,-1,4,5,2,-1,2,5,6,-1,2,6,7,-1,8,9,2,-1,2,9,10,-1,2,10,11,-1,11,12,2,-1,2,12,13,-1,2,13,14,-1,14,13,15,-1,7,16,2,-1,2,16,17,-1,2,17,8,-1,
        ]
    }
}
Shape{
    appearance Appearance {
        material  Material 	{
            diffuseColor 1.0 1.0 1.0
            specularColor 0.5019607843137255 0.5019607843137255 0.5019607843137255
            ambientIntensity 1.0
            transparency 0.0
            shininess 0.5
        }
    }
    geometry IndexedFaceSet {
        ccw TRUE
        solid FALSE
        coord DEF co Coordinate {
            point [
                2.1828 -0.9811 0.9134, 2.1795 -0.9901 0.9134, 2.2096 -0.9811 0.9134, 2.2128 -0.9901 0.9134, 2.1947 -0.9478 0.9134, 2.1909 -0.932 0.9134, 2.1604 -1.012 0.9134, 2.1718 -1.012 0.9134, 2.1954 -0.9454 0.9134, 2.1961 -0.9422 0.9134, 2.2019 -0.932 0.9134, 2.1963 -0.9422 0.9134, 2.1969 -0.9456 0.9134, 2.1975 -0.9478 0.9134, 2.2324 -1.012 0.9134, 2.221 -1.012 0.9134, 2.2019 -0.932 0.9094, 2.2324 -1.012 0.9094, 2.1909 -0.932 0.9094, 2.1604 -1.012 0.9094, 2.1835 -0.9514 0.9094, 2.1718 -1.012 0.9094, 2.1795 -0.9901 0.9094, 2.2128 -0.9901 0.9094, 2.1835 -0.9901 0.9094, 2.221 -1.012 0.9094, 2.1828 -0.9811 0.9094, 2.2096 -0.9811 0.9094, 2.1975 -0.9478 0.9094, 2.1963 -0.9422 0.9094, 2.1969 -0.9456 0.9094, 2.1961 -0.9422 0.9094, 2.1947 -0.9478 0.9094, 2.1954 -0.9454 0.9094
            ]
        }
        coordIndex [
            0,1,2,-1,2,1,3,-1,4,5,0,-1,0,5,6,-1,0,6,1,-1,1,6,7,-1,4,8,5,-1,5,8,9,-1,5,9,10,-1,10,9,11,-1,10,11,12,-1,12,13,10,-1,10,13,2,-1,10,2,14,-1,14,2,3,-1,14,3,15,-1,10,14,16,-1,16,14,17,-1,5,10,18,-1,18,10,16,-1,19,6,20,-1,20,6,5,-1,20,5,18,-1,7,6,21,-1,21,6,19,-1,1,7,22,-1,22,7,21,-1,23,3,24,-1,24,3,1,-1,24,1,22,-1,15,3,25,-1,25,3,23,-1,14,15,17,-1,17,15,25,-1,0,2,26,-1,26,2,27,-1,2,13,27,-1,27,13,28,-1,11,29,30,-1,11,30,12,-1,12,30,28,-1,12,28,13,-1,11,9,29,-1,29,9,31,-1,4,32,33,-1,4,33,8,-1,8,33,31,-1,8,31,9,-1,4,0,32,-1,32,0,26,-1,
        ]
    }
}
Shape{
    appearance Appearance {
        material  Material 	{
            diffuseColor 0.25098039215686274 0.25098039215686274 0.25098039215686274
            specularColor 0.12549019607843137 0.12549019607843137 0.12549019607843137
            ambientIntensity 0.251
            transparency 0.0
            shininess 0.5
        }
    }
    geometry IndexedFaceSet {
        ccw TRUE
        solid FALSE
        coord DEF co Coordinate {
            point [
                2.1963 -0.9422 0.9094, 2.1961 -0.9422 0.9094, 2.1969 -0.9456 0.9094, 2.1954 -0.9454 0.9094, 2.1975 -0.9478 0.9094, 2.1947 -0.9478 0.9094, 2.2096 -0.9811 0.9094, 2.1828 -0.9811 0.9094
            ]
        }
        coordIndex [
            0,1,2,-1,2,1,3,-1,2,3,4,-1,4,3,5,-1,4,5,6,-1,6,5,7,-1,
        ]
    }
}
Shape{
    appearance Appearance {
        material  Material 	{
            diffuseColor 1.0 1.0 1.0
            specularColor 0.5019607843137255 0.5019607843137255 0.5019607843137255
            ambientIntensity 1.0
            transparency 0.0
            shininess 0.5
        }
    }
    geometry IndexedFaceSet {
        ccw TRUE
        solid FALSE
        coord DEF co Coordinate {
            point [
                1.9541 -1.1299 0.9134, 1.9541 -1.1391 0.9134, 1.9541 -1.1299 0.9094, 1.9541 -1.1391 0.9094, 1.9214 -1.1299 0.9094, 1.9214 -1.1299 0.9134, 1.9537 -1.1299 0.9094, 1.9214 -1.103 0.9134, 1.9214 -1.103 0.9094, 1.95 -1.103 0.9134, 1.95 -1.103 0.9094, 1.95 -1.0938 0.9134, 1.95 -1.0938 0.9094, 1.9214 -1.0938 0.9134, 1.9214 -1.0938 0.9094, 1.9214 -1.0682 0.9134, 1.9214 -1.0682 0.9094, 1.9523 -1.0682 0.9134, 1.9523 -1.0682 0.9094, 1.9523 -1.059 0.9134, 1.9523 -1.059 0.9094, 1.9111 -1.059 0.9134, 1.9111 -1.059 0.9094, 1.9111 -1.1391 0.9134, 1.9111 -1.1391 0.9094, 1.9537 -1.1391 0.9094, 1.9997 -1.1391 0.9134, 2.0097 -1.1391 0.9134, 1.9997 -1.1302 0.9134, 2.0097 -1.1023 0.9134, 1.9997 -1.1027 0.9134, 1.9779 -1.1147 0.9134, 1.9803 -1.1135 0.9134, 1.9994 -1.1302 0.9134, 1.9941 -1.1287 0.9134, 1.9978 -1.1326 0.9134, 1.9913 -1.1307 0.9134, 1.9863 -1.1122 0.9134, 1.9997 -1.1104 0.9134, 1.9997 -1.1158 0.9134, 1.9997 -1.1165 0.9134, 1.999 -1.121 0.9134, 1.9975 -1.1246 0.9134, 1.9954 -1.1275 0.9134, 1.9993 -1.0983 0.9134, 2.0088 -1.0941 0.9134, 1.9983 -1.0947 0.9134, 2.0072 -1.0897 0.9134, 1.9971 -1.0926 0.9134, 2.0051 -1.0866 0.9134, 1.9956 -1.091 0.9134, 2.0026 -1.0843 0.9134, 1.9938 -1.0899 0.9134, 1.9993 -1.0824 0.9134, 1.9915 -1.0891 0.9134, 1.9951 -1.0811 0.9134, 1.9881 -1.0887 0.9134, 1.989 -1.0806 0.9134, 1.9822 -1.0893 0.9134, 1.9802 -1.0815 0.9134, 1.9759 -1.0914 0.9134, 1.9726 -1.0841 0.9134, 1.9693 -1.0956 0.9134, 1.9693 -1.0859 0.9134, 1.976 -1.1287 0.9134, 1.9687 -1.1359 0.9134, 1.9768 -1.1296 0.9134, 1.972 -1.1383 0.9134, 1.9788 -1.131 0.9134, 1.9759 -1.1397 0.9134, 1.9811 -1.1318 0.9134, 1.9819 -1.1404 0.9134, 1.9845 -1.1322 0.9134, 1.987 -1.1398 0.9134, 1.9882 -1.1318 0.9134, 1.9911 -1.1384 0.9134, 1.9947 -1.136 0.9134, 1.9827 -1.1051 0.9134, 1.9748 -1.1071 0.9134, 1.9766 -1.1157 0.9134, 1.9706 -1.1093 0.9134, 1.9754 -1.1172 0.9134, 1.9676 -1.112 0.9134, 1.9745 -1.119 0.9134, 1.9655 -1.1152 0.9134, 1.974 -1.1213 0.9134, 1.9642 -1.1189 0.9134, 1.9739 -1.1229 0.9134, 1.9637 -1.1237 0.9134, 1.9742 -1.1252 0.9134, 1.9642 -1.1283 0.9134, 1.9748 -1.127 0.9134, 1.9654 -1.1317 0.9134, 1.9675 -1.1348 0.9134, 1.989 -1.0806 0.9094, 1.9802 -1.0815 0.9094, 1.9726 -1.0841 0.9094, 1.9693 -1.0859 0.9094, 1.9693 -1.0956 0.9094, 1.9759 -1.0914 0.9094, 1.9822 -1.0893 0.9094, 1.9881 -1.0887 0.9094, 1.9915 -1.0891 0.9094, 1.9938 -1.0899 0.9094, 1.9956 -1.091 0.9094, 1.9971 -1.0926 0.9094, 1.9983 -1.0947 0.9094, 1.9993 -1.0983 0.9094, 1.9997 -1.1027 0.9094, 1.9827 -1.1051 0.9094, 1.9748 -1.1071 0.9094, 1.9706 -1.1093 0.9094, 1.9676 -1.112 0.9094, 1.9655 -1.1152 0.9094, 1.9642 -1.1189 0.9094, 1.9637 -1.1237 0.9094, 1.9642 -1.1283 0.9094, 1.9654 -1.1317 0.9094, 1.9675 -1.1348 0.9094, 1.9687 -1.1359 0.9094, 1.9819 -1.1404 0.9094, 1.9761 -1.1397 0.9094, 1.9759 -1.1397 0.9094, 1.972 -1.1383 0.9094, 1.987 -1.1398 0.9094, 1.9873 -1.1397 0.9094, 1.9911 -1.1384 0.9094, 1.9947 -1.136 0.9094, 1.9978 -1.1326 0.9094, 1.9994 -1.1302 0.9094, 1.9997 -1.1302 0.9094, 1.9997 -1.1391 0.9094, 2.0097 -1.1391 0.9094, 2.0097 -1.1023 0.9094, 2.0088 -1.0941 0.9094, 2.0072 -1.0897 0.9094, 2.0051 -1.0866 0.9094, 2.0026 -1.0843 0.9094, 1.9993 -1.0824 0.9094, 1.9951 -1.0811 0.9094, 1.9766 -1.1157 0.9094, 1.9779 -1.1147 0.9094, 1.9803 -1.1135 0.9094, 1.9863 -1.1122 0.9094, 1.9739 -1.1229 0.9094, 1.974 -1.1213 0.9094, 1.9745 -1.119 0.9094, 1.9754 -1.1172 0.9094, 1.9768 -1.1296 0.9094, 1.976 -1.1287 0.9094, 1.9748 -1.127 0.9094, 1.9742 -1.1252 0.9094, 1.9845 -1.1322 0.9094, 1.9811 -1.1318 0.9094, 1.9788 -1.131 0.9094, 1.9954 -1.1275 0.9094, 1.9941 -1.1287 0.9094, 1.9913 -1.1307 0.9094, 1.9882 -1.1318 0.9094, 1.9997 -1.1158 0.9094, 1.9997 -1.1165 0.9094, 1.999 -1.121 0.9094, 1.9975 -1.1246 0.9094, 1.9997 -1.1104 0.9094
            ]
        }
        coordIndex [
            0,1,2,-1,2,1,3,-1,4,5,6,-1,6,5,0,-1,6,0,2,-1,7,5,8,-1,8,5,4,-1,9,7,10,-1,10,7,8,-1,11,9,12,-1,12,9,10,-1,13,11,14,-1,14,11,12,-1,15,13,16,-1,16,13,14,-1,17,15,18,-1,18,15,16,-1,19,17,20,-1,20,17,18,-1,21,19,22,-1,22,19,20,-1,23,21,24,-1,24,21,22,-1,3,1,25,-1,25,1,23,-1,25,23,24,-1,23,1,0,-1,0,5,23,-1,23,5,7,-1,23,7,21,-1,17,19,15,-1,15,19,21,-1,15,21,13,-1,13,21,7,-1,13,7,11,-1,11,7,9,-1,26,27,28,-1,28,27,29,-1,30,31,32,-1,33,34,35,-1,35,34,36,-1,37,38,29,-1,29,38,39,-1,39,40,29,-1,29,40,41,-1,29,41,28,-1,28,41,42,-1,28,42,33,-1,33,42,43,-1,33,43,34,-1,32,37,30,-1,30,37,29,-1,30,29,44,-1,44,29,45,-1,44,45,46,-1,46,45,47,-1,46,47,48,-1,48,47,49,-1,48,49,50,-1,50,49,51,-1,50,51,52,-1,52,51,53,-1,52,53,54,-1,54,53,55,-1,54,55,56,-1,56,55,57,-1,56,57,58,-1,58,57,59,-1,58,59,60,-1,60,59,61,-1,60,61,62,-1,62,61,63,-1,64,65,66,-1,66,65,67,-1,66,67,68,-1,68,67,69,-1,68,69,70,-1,70,69,71,-1,70,71,72,-1,72,71,73,-1,72,73,74,-1,74,73,75,-1,74,75,36,-1,36,75,76,-1,36,76,35,-1,30,77,31,-1,31,77,78,-1,31,78,79,-1,79,78,80,-1,79,80,81,-1,81,80,82,-1,81,82,83,-1,83,82,84,-1,83,84,85,-1,85,84,86,-1,85,86,87,-1,87,86,88,-1,87,88,89,-1,89,88,90,-1,89,90,91,-1,91,90,92,-1,91,92,64,-1,64,92,93,-1,64,93,65,-1,57,94,95,-1,57,95,59,-1,59,95,96,-1,59,96,61,-1,61,96,97,-1,61,97,63,-1,62,63,98,-1,98,63,97,-1,62,98,99,-1,62,99,60,-1,60,99,100,-1,60,100,58,-1,58,100,101,-1,58,101,56,-1,56,101,102,-1,56,102,54,-1,54,102,103,-1,54,103,52,-1,52,103,104,-1,52,104,50,-1,50,104,105,-1,50,105,48,-1,48,105,106,-1,48,106,46,-1,46,106,107,-1,46,107,44,-1,44,107,108,-1,44,108,30,-1,77,30,109,-1,109,30,108,-1,77,109,110,-1,77,110,78,-1,78,110,111,-1,78,111,80,-1,80,111,112,-1,80,112,82,-1,82,112,113,-1,82,113,84,-1,84,113,114,-1,84,114,86,-1,86,114,115,-1,86,115,88,-1,88,115,116,-1,88,116,90,-1,90,116,117,-1,90,117,92,-1,92,117,118,-1,92,118,93,-1,93,118,119,-1,93,119,65,-1,120,71,121,-1,121,71,69,-1,121,69,122,-1,122,69,67,-1,122,67,123,-1,123,67,65,-1,123,65,119,-1,71,120,124,-1,71,124,73,-1,73,124,125,-1,73,125,75,-1,125,126,75,-1,75,126,127,-1,75,127,76,-1,76,127,128,-1,76,128,35,-1,35,128,129,-1,35,129,33,-1,28,33,130,-1,130,33,129,-1,26,28,131,-1,131,28,130,-1,27,26,132,-1,132,26,131,-1,29,27,133,-1,133,27,132,-1,29,133,134,-1,29,134,45,-1,45,134,135,-1,45,135,47,-1,47,135,136,-1,47,136,49,-1,49,136,137,-1,49,137,51,-1,51,137,138,-1,51,138,53,-1,53,138,139,-1,53,139,55,-1,55,139,94,-1,55,94,57,-1,79,140,141,-1,79,141,31,-1,31,141,142,-1,31,142,32,-1,32,142,143,-1,32,143,37,-1,87,144,145,-1,87,145,85,-1,85,145,146,-1,85,146,83,-1,83,146,147,-1,83,147,81,-1,81,147,140,-1,81,140,79,-1,66,148,149,-1,66,149,64,-1,64,149,150,-1,64,150,91,-1,91,150,151,-1,91,151,89,-1,89,151,144,-1,89,144,87,-1,72,152,153,-1,72,153,70,-1,70,153,154,-1,70,154,68,-1,68,154,148,-1,68,148,66,-1,43,155,156,-1,43,156,34,-1,34,156,157,-1,34,157,36,-1,36,157,158,-1,36,158,74,-1,74,158,152,-1,74,152,72,-1,39,159,160,-1,39,160,40,-1,40,160,161,-1,40,161,41,-1,41,161,162,-1,41,162,42,-1,42,162,155,-1,42,155,43,-1,39,38,159,-1,159,38,163,-1,38,37,163,-1,163,37,143,-1,
        ]
    }
}
Shape{
    appearance Appearance {
        material  Material 	{
            diffuseColor 0.25098039215686274 0.25098039215686274 0.25098039215686274
            specularColor 0.12549019607843137 0.12549019607843137 0.12549019607843137
            ambientIntensity 0.251
            transparency 0.0
            shininess 0.5
        }
    }
    geometry IndexedFaceSet {
        ccw TRUE
        solid FALSE
        coord DEF co Coordinate {
            point [
                1.9997 -1.1104 0.9094, 1.9863 -1.1122 0.9094, 1.9997 -1.1158 0.9094, 1.9803 -1.1135 0.9094, 1.9779 -1.1147 0.9094, 1.9766 -1.1157 0.9094, 1.9997 -1.1165 0.9094, 1.999 -1.121 0.9094, 1.9754 -1.1172 0.9094, 1.9975 -1.1246 0.9094, 1.976 -1.1287 0.9094, 1.9768 -1.1296 0.9094, 1.9941 -1.1287 0.9094, 1.9748 -1.127 0.9094, 1.9913 -1.1307 0.9094, 1.9882 -1.1318 0.9094, 1.9845 -1.1322 0.9094, 1.9745 -1.119 0.9094, 1.974 -1.1213 0.9094, 1.9954 -1.1275 0.9094, 1.9739 -1.1229 0.9094, 1.9742 -1.1252 0.9094, 1.9788 -1.131 0.9094, 1.9811 -1.1318 0.9094
            ]
        }
        coordIndex [
            0,1,2,-1,2,1,3,-1,3,4,2,-1,2,4,5,-1,2,5,6,-1,6,5,7,-1,7,5,8,-1,7,8,9,-1,10,11,12,-1,10,12,13,-1,14,12,15,-1,15,12,16,-1,8,17,9,-1,9,17,18,-1,9,18,19,-1,19,18,20,-1,19,20,12,-1,12,20,21,-1,12,21,13,-1,11,22,12,-1,12,22,23,-1,12,23,16,-1,
        ]
    }
}
Shape{
    appearance Appearance {
        material  Material 	{
            diffuseColor 1.0 1.0 1.0
            specularColor 0.5019607843137255 0.5019607843137255 0.5019607843137255
            ambientIntensity 1.0
            transparency 0.0
            shininess 0.5
        }
    }
    geometry IndexedFaceSet {
        ccw TRUE
        solid FALSE
        coord DEF co Coordinate {
            point [
                2.0233 -1.1267 0.9094, 2.0233 -1.1267 0.9134, 2.0267 -1.1288 0.9134, 2.0398 -1.1322 0.9134, 2.0398 -1.1322 0.9094, 2.0329 -1.1313 0.9094, 2.0329 -1.1313 0.9134, 2.0279 -1.1293 0.9094, 2.0267 -1.1288 0.9094, 2.0233 -1.137 0.9134, 2.0233 -1.137 0.9094, 2.0301 -1.1395 0.9134, 2.0279 -1.1387 0.9094, 2.0388 -1.1404 0.9094, 2.0388 -1.1404 0.9134, 2.0325 -1.1397 0.9094, 2.0301 -1.1395 0.9094, 2.0451 -1.1397 0.9094, 2.0471 -1.1395 0.9134, 2.0471 -1.1395 0.9094, 2.0526 -1.1376 0.9094, 2.0526 -1.1376 0.9134, 2.0555 -1.1359 0.9094, 2.0555 -1.1359 0.9134, 2.0583 -1.1334 0.9094, 2.0583 -1.1334 0.9134, 2.0602 -1.1307 0.9094, 2.0602 -1.1307 0.9134, 2.0614 -1.1275 0.9094, 2.0614 -1.1275 0.9134, 2.0619 -1.1235 0.9094, 2.0619 -1.1235 0.9134, 2.0615 -1.1198 0.9094, 2.0615 -1.1198 0.9134, 2.0604 -1.1168 0.9094, 2.0604 -1.1168 0.9134, 2.0585 -1.114 0.9094, 2.0585 -1.114 0.9134, 2.0562 -1.1119 0.9094, 2.0562 -1.1119 0.9134, 2.0495 -1.1082 0.9094, 2.0495 -1.1082 0.9134, 2.0456 -1.1066 0.9094, 2.0456 -1.1066 0.9134, 2.0394 -1.1039 0.9094, 2.0394 -1.1039 0.9134, 2.0359 -1.1017 0.9094, 2.0359 -1.1017 0.9134, 2.0349 -1.1006 0.9094, 2.0349 -1.1006 0.9134, 2.0342 -1.0993 0.9094, 2.0342 -1.0993 0.9134, 2.0338 -1.0977 0.9094, 2.0338 -1.0977 0.9134, 2.0337 -1.0964 0.9094, 2.0337 -1.0964 0.9134, 2.0339 -1.0948 0.9094, 2.0339 -1.0948 0.9134, 2.0344 -1.0934 0.9094, 2.0344 -1.0934 0.9134, 2.0352 -1.0922 0.9094, 2.0352 -1.0922 0.9134, 2.0367 -1.0908 0.9094, 2.0367 -1.0908 0.9134, 2.039 -1.0896 0.9094, 2.039 -1.0896 0.9134, 2.0417 -1.0889 0.9094, 2.0417 -1.0889 0.9134, 2.0446 -1.0887 0.9094, 2.0446 -1.0887 0.9134, 2.0517 -1.0896 0.9094, 2.0517 -1.0896 0.9134, 2.0574 -1.0918 0.9094, 2.0574 -1.0918 0.9134, 2.0592 -1.0928 0.9094, 2.0592 -1.0928 0.9134, 2.0592 -1.0831 0.9134, 2.0592 -1.0831 0.9094, 2.0519 -1.0811 0.9094, 2.0519 -1.0811 0.9134, 2.0456 -1.0806 0.9094, 2.0456 -1.0806 0.9134, 2.0379 -1.0814 0.9094, 2.0379 -1.0814 0.9134, 2.0324 -1.0835 0.9094, 2.0324 -1.0835 0.9134, 2.0298 -1.0851 0.9094, 2.0298 -1.0851 0.9134, 2.0279 -1.0868 0.9094, 2.0268 -1.0878 0.9134, 2.0268 -1.0878 0.9094, 2.0249 -1.0905 0.9094, 2.0249 -1.0905 0.9134, 2.0237 -1.0937 0.9094, 2.0237 -1.0937 0.9134, 2.0233 -1.0973 0.9094, 2.0233 -1.0973 0.9134, 2.0238 -1.1012 0.9094, 2.0238 -1.1012 0.9134, 2.0249 -1.1043 0.9094, 2.0249 -1.1043 0.9134, 2.0262 -1.1063 0.9094, 2.0262 -1.1063 0.9134, 2.0385 -1.1139 0.9094, 2.0385 -1.1139 0.9134, 2.0326 -1.1112 0.9134, 2.0278 -1.1081 0.9094, 2.0278 -1.1081 0.9134, 2.0279 -1.1081 0.9094, 2.0326 -1.1112 0.9094, 2.0451 -1.1167 0.9094, 2.0451 -1.1167 0.9134, 2.049 -1.119 0.9094, 2.049 -1.119 0.9134, 2.0503 -1.1203 0.9094, 2.0503 -1.1203 0.9134, 2.0511 -1.1217 0.9094, 2.0511 -1.1217 0.9134, 2.0515 -1.1232 0.9094, 2.0515 -1.1232 0.9134, 2.0516 -1.1245 0.9094, 2.0516 -1.1245 0.9134, 2.0514 -1.1264 0.9094, 2.0514 -1.1264 0.9134, 2.0509 -1.1278 0.9094, 2.0509 -1.1278 0.9134, 2.05 -1.1291 0.9094, 2.05 -1.1291 0.9134, 2.0489 -1.1301 0.9094, 2.0489 -1.1301 0.9134, 2.048 -1.1307 0.9094, 2.048 -1.1307 0.9134, 2.0454 -1.1316 0.9094, 2.0454 -1.1316 0.9134, 2.0402 -1.1322 0.9094, 2.0402 -1.1322 0.9134, 2.1116 -1.0819 0.9134, 2.122 -1.0819 0.9134, 2.1116 -1.0819 0.9094, 2.122 -1.0819 0.9094, 2.096 -1.1249 0.9134, 2.096 -1.1249 0.9094, 2.0952 -1.1276 0.9094, 2.0952 -1.1276 0.9134, 2.0948 -1.1296 0.9094, 2.0948 -1.1296 0.9134, 2.0945 -1.1296 0.9134, 2.0945 -1.1296 0.9094, 2.0933 -1.1248 0.9134, 2.0933 -1.1248 0.9094, 2.0783 -1.0819 0.9094, 2.0783 -1.0819 0.9134, 2.0832 -1.0958 0.9094, 2.0671 -1.0819 0.9134, 2.0671 -1.0819 0.9094, 2.0896 -1.1389 0.9094, 2.0896 -1.1389 0.9134, 2.0832 -1.1227 0.9094, 2.0852 -1.1493 0.9094, 2.0852 -1.1493 0.9134, 2.0892 -1.1397 0.9094, 2.0832 -1.1529 0.9094, 2.0832 -1.1529 0.9134, 2.0832 -1.1529 0.9094, 2.0813 -1.155 0.9134, 2.0813 -1.155 0.9094, 2.0795 -1.1563 0.9094, 2.0795 -1.1563 0.9134, 2.0773 -1.1571 0.9094, 2.0773 -1.1571 0.9134, 2.0749 -1.1574 0.9094, 2.0749 -1.1574 0.9134, 2.0712 -1.1569 0.9094, 2.0712 -1.1569 0.9134, 2.0692 -1.1562 0.9094, 2.0692 -1.1562 0.9134, 2.0692 -1.1652 0.9134, 2.0692 -1.1652 0.9094, 2.0734 -1.1659 0.9094, 2.0734 -1.1659 0.9134, 2.0757 -1.166 0.9094, 2.0757 -1.166 0.9134, 2.0797 -1.1655 0.9094, 2.0797 -1.1655 0.9134, 2.0832 -1.1642 0.9094, 2.0837 -1.164 0.9134, 2.0837 -1.164 0.9094, 2.0872 -1.1616 0.9094, 2.0872 -1.1616 0.9134, 2.0879 -1.1609 0.9094, 2.0879 -1.1609 0.9134, 2.0915 -1.1565 0.9094, 2.0915 -1.1565 0.9134, 2.0961 -1.1477 0.9094, 2.0961 -1.1477 0.9134, 2.0992 -1.1397 0.9094, 2.1759 -1.1299 0.9134, 2.1759 -1.1391 0.9134, 2.1759 -1.1299 0.9094, 2.1759 -1.1391 0.9094, 2.1432 -1.1299 0.9094, 2.1432 -1.1299 0.9134, 2.1582 -1.1299 0.9094, 2.1432 -1.103 0.9134, 2.1432 -1.103 0.9094, 2.1718 -1.103 0.9094, 2.1718 -1.103 0.9134, 2.1582 -1.103 0.9094, 2.1718 -1.0938 0.9134, 2.1718 -1.0938 0.9094, 2.1432 -1.0938 0.9094, 2.1432 -1.0938 0.9134, 2.1582 -1.0938 0.9094, 2.1432 -1.0682 0.9134, 2.1432 -1.0682 0.9094, 2.1741 -1.0682 0.9094, 2.1741 -1.0682 0.9134, 2.1582 -1.0682 0.9094, 2.1741 -1.059 0.9134, 2.1741 -1.059 0.9094, 2.1328 -1.059 0.9094, 2.1328 -1.059 0.9134, 2.1582 -1.059 0.9094, 2.1328 -1.1391 0.9134, 2.1328 -1.1391 0.9094, 2.1582 -1.1391 0.9094, 2.2441 -1.1278 0.9134, 2.2495 -1.1216 0.9134, 2.2409 -1.1163 0.9134, 2.2436 -1.1103 0.9134, 2.2537 -1.1134 0.9134, 2.2451 -1.1029 0.9134, 2.2558 -1.1042 0.9134, 2.2453 -1.0983 0.9134, 2.2562 -1.098 0.9134, 2.2444 -1.0894 0.9134, 2.2549 -1.0871 0.9134, 2.2423 -1.0833 0.9134, 2.252 -1.0794 0.9134, 2.2394 -1.0786 0.9134, 2.247 -1.0724 0.9134, 2.2366 -1.0757 0.9134, 2.2441 -1.0696 0.9134, 2.2307 -1.0718 0.9134, 2.2371 -1.0646 0.9134, 2.2237 -1.0693 0.9134, 2.2276 -1.0607 0.9134, 2.2156 -1.059 0.9134, 2.2134 -1.0682 0.9134, 2.2139 -1.059 0.9134, 2.2014 -1.0682 0.9134, 2.191 -1.059 0.9134, 2.2014 -1.1299 0.9134, 2.191 -1.1391 0.9134, 2.213 -1.1299 0.9134, 2.213 -1.1391 0.9134, 2.2239 -1.1286 0.9134, 2.2265 -1.1374 0.9134, 2.2306 -1.1261 0.9134, 2.2357 -1.1339 0.9134, 2.2358 -1.1225 0.9134, 2.2368 -1.1216 0.9134, 2.213 -1.1391 0.9094, 2.191 -1.1391 0.9094, 2.2265 -1.1374 0.9094, 2.2357 -1.1339 0.9094, 2.2441 -1.1278 0.9094, 2.2495 -1.1216 0.9094, 2.2537 -1.1134 0.9094, 2.2558 -1.1042 0.9094, 2.2562 -1.098 0.9094, 2.2549 -1.0871 0.9094, 2.252 -1.0794 0.9094, 2.247 -1.0724 0.9094, 2.2441 -1.0696 0.9094, 2.2371 -1.0646 0.9094, 2.2276 -1.0607 0.9094, 2.2156 -1.059 0.9094, 2.2139 -1.059 0.9094, 2.191 -1.059 0.9094, 2.2134 -1.0682 0.9094, 2.2014 -1.0682 0.9094, 2.2014 -1.1299 0.9094, 2.213 -1.1299 0.9094, 2.2368 -1.1216 0.9094, 2.2358 -1.1225 0.9094, 2.2306 -1.1261 0.9094, 2.2239 -1.1286 0.9094, 2.2453 -1.0983 0.9094, 2.2451 -1.1029 0.9094, 2.2436 -1.1103 0.9094, 2.2409 -1.1163 0.9094, 2.2366 -1.0757 0.9094, 2.2394 -1.0786 0.9094, 2.2423 -1.0833 0.9094, 2.2444 -1.0894 0.9094, 2.2237 -1.0693 0.9094, 2.2307 -1.0718 0.9094
            ]
        }
        coordIndex [
            0,1,2,-1,3,4,5,-1,3,5,6,-1,6,5,7,-1,6,7,2,-1,2,7,8,-1,2,8,0,-1,9,1,10,-1,10,1,0,-1,9,10,11,-1,11,10,12,-1,13,14,15,-1,15,14,11,-1,15,11,16,-1,16,11,12,-1,13,17,14,-1,14,17,18,-1,17,19,18,-1,18,19,20,-1,18,20,21,-1,21,20,22,-1,21,22,23,-1,23,22,24,-1,23,24,25,-1,25,24,26,-1,25,26,27,-1,27,26,28,-1,27,28,29,-1,29,28,30,-1,29,30,31,-1,31,30,32,-1,31,32,33,-1,33,32,34,-1,33,34,35,-1,35,34,36,-1,35,36,37,-1,37,36,38,-1,37,38,39,-1,39,38,40,-1,39,40,41,-1,41,40,42,-1,41,42,43,-1,43,42,44,-1,43,44,45,-1,45,44,46,-1,45,46,47,-1,47,46,48,-1,47,48,49,-1,49,48,50,-1,49,50,51,-1,51,50,52,-1,51,52,53,-1,53,52,54,-1,53,54,55,-1,55,54,56,-1,55,56,57,-1,57,56,58,-1,57,58,59,-1,59,58,60,-1,59,60,61,-1,61,60,62,-1,61,62,63,-1,63,62,64,-1,63,64,65,-1,65,64,66,-1,65,66,67,-1,67,66,68,-1,67,68,69,-1,69,68,70,-1,69,70,71,-1,71,70,72,-1,71,72,73,-1,73,72,74,-1,73,74,75,-1,76,75,77,-1,77,75,74,-1,76,77,78,-1,76,78,79,-1,79,78,80,-1,79,80,81,-1,81,80,82,-1,81,82,83,-1,83,82,84,-1,83,84,85,-1,85,84,86,-1,85,86,87,-1,86,88,87,-1,87,88,89,-1,88,90,89,-1,89,90,91,-1,89,91,92,-1,92,91,93,-1,92,93,94,-1,94,93,95,-1,94,95,96,-1,96,95,97,-1,96,97,98,-1,98,97,99,-1,98,99,100,-1,100,99,101,-1,100,101,102,-1,103,104,105,-1,102,101,106,-1,102,106,107,-1,107,106,108,-1,107,108,105,-1,105,108,109,-1,105,109,103,-1,104,103,110,-1,104,110,111,-1,111,110,112,-1,111,112,113,-1,113,112,114,-1,113,114,115,-1,115,114,116,-1,115,116,117,-1,117,116,118,-1,117,118,119,-1,119,118,120,-1,119,120,121,-1,121,120,122,-1,121,122,123,-1,123,122,124,-1,123,124,125,-1,125,124,126,-1,125,126,127,-1,127,126,128,-1,127,128,129,-1,129,128,130,-1,129,130,131,-1,131,130,132,-1,131,132,133,-1,133,132,134,-1,133,134,135,-1,135,134,4,-1,135,4,3,-1,61,63,85,-1,85,63,83,-1,111,43,104,-1,104,43,45,-1,14,3,11,-1,11,3,6,-1,11,6,9,-1,9,6,2,-1,9,2,1,-1,63,65,83,-1,83,65,67,-1,83,67,81,-1,81,67,69,-1,81,69,79,-1,79,69,71,-1,79,71,76,-1,76,71,73,-1,76,73,75,-1,21,23,127,-1,127,23,25,-1,127,25,125,-1,125,25,27,-1,125,27,123,-1,123,27,29,-1,123,29,121,-1,121,29,31,-1,121,31,119,-1,119,31,33,-1,119,33,117,-1,117,33,35,-1,117,35,115,-1,115,35,37,-1,115,37,113,-1,113,37,39,-1,113,39,111,-1,111,39,41,-1,111,41,43,-1,127,129,21,-1,21,129,131,-1,21,131,18,-1,18,131,133,-1,18,133,14,-1,14,133,135,-1,14,135,3,-1,85,87,61,-1,61,87,89,-1,61,89,59,-1,59,89,92,-1,59,92,57,-1,57,92,94,-1,57,94,55,-1,55,94,96,-1,55,96,53,-1,53,96,98,-1,53,98,51,-1,51,98,100,-1,51,100,49,-1,49,100,102,-1,49,102,47,-1,47,102,107,-1,47,107,45,-1,45,107,105,-1,45,105,104,-1,136,137,138,-1,138,137,139,-1,140,136,141,-1,141,136,138,-1,140,141,142,-1,140,142,143,-1,143,142,144,-1,143,144,145,-1,146,145,147,-1,147,145,144,-1,148,146,149,-1,149,146,147,-1,150,151,152,-1,152,151,148,-1,152,148,149,-1,153,151,154,-1,154,151,150,-1,155,156,157,-1,157,156,153,-1,157,153,154,-1,158,159,160,-1,160,159,156,-1,160,156,155,-1,159,158,161,-1,159,161,162,-1,162,161,163,-1,162,163,164,-1,163,165,164,-1,164,165,166,-1,164,166,167,-1,167,166,168,-1,167,168,169,-1,169,168,170,-1,169,170,171,-1,171,170,172,-1,171,172,173,-1,173,172,174,-1,173,174,175,-1,176,175,177,-1,177,175,174,-1,176,177,178,-1,176,178,179,-1,179,178,180,-1,179,180,181,-1,181,180,182,-1,181,182,183,-1,183,182,184,-1,183,184,185,-1,184,186,185,-1,185,186,187,-1,185,187,188,-1,188,187,189,-1,188,189,190,-1,190,189,191,-1,190,191,192,-1,192,191,193,-1,192,193,194,-1,139,137,195,-1,195,137,194,-1,195,194,193,-1,143,145,194,-1,137,136,194,-1,194,136,140,-1,194,140,143,-1,151,153,148,-1,148,153,156,-1,148,156,146,-1,192,162,190,-1,190,162,164,-1,175,176,173,-1,173,176,179,-1,173,179,171,-1,171,179,181,-1,171,181,169,-1,169,181,183,-1,169,183,167,-1,167,183,185,-1,167,185,164,-1,164,185,188,-1,164,188,190,-1,145,146,194,-1,194,146,156,-1,194,156,192,-1,192,156,159,-1,192,159,162,-1,196,197,198,-1,198,197,199,-1,200,201,202,-1,202,201,196,-1,202,196,198,-1,203,201,204,-1,204,201,200,-1,205,206,207,-1,207,206,203,-1,207,203,204,-1,208,206,209,-1,209,206,205,-1,210,211,212,-1,212,211,208,-1,212,208,209,-1,213,211,214,-1,214,211,210,-1,215,216,217,-1,217,216,213,-1,217,213,214,-1,218,216,219,-1,219,216,215,-1,220,221,222,-1,222,221,218,-1,222,218,219,-1,223,221,224,-1,224,221,220,-1,199,197,225,-1,225,197,223,-1,225,223,224,-1,223,197,196,-1,196,201,223,-1,223,201,203,-1,223,203,221,-1,216,218,213,-1,213,218,221,-1,213,221,211,-1,211,221,203,-1,211,203,208,-1,208,203,206,-1,226,227,228,-1,228,227,229,-1,229,227,230,-1,229,230,231,-1,231,230,232,-1,231,232,233,-1,233,232,234,-1,233,234,235,-1,235,234,236,-1,235,236,237,-1,237,236,238,-1,237,238,239,-1,239,238,240,-1,239,240,241,-1,241,240,242,-1,241,242,243,-1,243,242,244,-1,243,244,245,-1,244,246,245,-1,245,246,247,-1,245,247,248,-1,248,247,249,-1,248,249,250,-1,250,249,251,-1,250,251,252,-1,252,251,253,-1,252,253,254,-1,254,253,255,-1,254,255,256,-1,256,255,257,-1,256,257,258,-1,258,257,259,-1,258,259,260,-1,260,259,226,-1,260,226,261,-1,261,226,228,-1,255,253,262,-1,262,253,263,-1,255,262,264,-1,255,264,257,-1,257,264,265,-1,257,265,259,-1,259,265,266,-1,259,266,226,-1,226,266,267,-1,226,267,227,-1,227,267,268,-1,227,268,230,-1,230,268,269,-1,230,269,232,-1,232,269,270,-1,232,270,234,-1,234,270,271,-1,234,271,236,-1,236,271,272,-1,236,272,238,-1,238,272,273,-1,238,273,240,-1,240,273,274,-1,240,274,242,-1,242,274,275,-1,242,275,244,-1,244,275,276,-1,244,276,246,-1,246,276,277,-1,246,277,247,-1,247,277,278,-1,247,278,249,-1,251,249,279,-1,279,249,278,-1,253,251,263,-1,263,251,279,-1,248,250,280,-1,280,250,281,-1,250,252,281,-1,281,252,282,-1,252,254,282,-1,282,254,283,-1,261,284,285,-1,261,285,260,-1,260,285,286,-1,260,286,258,-1,258,286,287,-1,258,287,256,-1,256,287,283,-1,256,283,254,-1,233,288,289,-1,233,289,231,-1,231,289,290,-1,231,290,229,-1,229,290,291,-1,229,291,228,-1,228,291,284,-1,228,284,261,-1,241,292,293,-1,241,293,239,-1,239,293,294,-1,239,294,237,-1,237,294,295,-1,237,295,235,-1,235,295,288,-1,235,288,233,-1,248,280,296,-1,248,296,245,-1,245,296,297,-1,245,297,243,-1,243,297,292,-1,243,292,241,-1,
        ]
    }
}
Shape{
    appearance Appearance {
        material  Material 	{
            diffuseColor 0.25098039215686274 0.25098039215686274 0.25098039215686274
            specularColor 0.12549019607843137 0.12549019607843137 0.12549019607843137
            ambientIntensity 0.251
            transparency 0.0
            shininess 0.5
        }
    }
    geometry IndexedFaceSet {
        ccw TRUE
        solid FALSE
        coord DEF co Coordinate {
            point [
                2.2014 -1.0682 0.9094, 2.2014 -1.1299 0.9094, 2.2134 -1.0682 0.9094, 2.213 -1.1299 0.9094, 2.2239 -1.1286 0.9094, 2.2306 -1.1261 0.9094, 2.2358 -1.1225 0.9094, 2.2368 -1.1216 0.9094, 2.2451 -1.1029 0.9094, 2.2453 -1.0983 0.9094, 2.2444 -1.0894 0.9094, 2.2423 -1.0833 0.9094, 2.2394 -1.0786 0.9094, 2.2366 -1.0757 0.9094, 2.2237 -1.0693 0.9094, 2.2307 -1.0718 0.9094, 2.2409 -1.1163 0.9094, 2.2436 -1.1103 0.9094
            ]
        }
        coordIndex [
            0,1,2,-1,2,1,3,-1,2,3,4,-1,4,5,2,-1,2,5,6,-1,2,6,7,-1,8,9,2,-1,2,9,10,-1,2,10,11,-1,11,12,2,-1,2,12,13,-1,2,13,14,-1,14,13,15,-1,7,16,2,-1,2,16,17,-1,2,17,8,-1,
        ]
    }
}
Shape{
    appearance Appearance {
        material  Material 	{
            diffuseColor 1.0 1.0 1.0
            specularColor 0.5019607843137255 0.5019607843137255 0.5019607843137255
            ambientIntensity 1.0
            transparency 0.0
            shininess 0.5
        }
    }
    geometry IndexedFaceSet {
        ccw TRUE
        solid FALSE
        coord DEF co Coordinate {
            point [
                2.283 -1.1081 0.9134, 2.2798 -1.1172 0.9134, 2.3099 -1.1081 0.9134, 2.3131 -1.1172 0.9134, 2.295 -1.0748 0.9134, 2.2911 -1.059 0.9134, 2.2606 -1.1391 0.9134, 2.2721 -1.1391 0.9134, 2.2957 -1.0724 0.9134, 2.2963 -1.0692 0.9134, 2.3022 -1.059 0.9134, 2.2966 -1.0692 0.9134, 2.2972 -1.0726 0.9134, 2.2978 -1.0748 0.9134, 2.3327 -1.1391 0.9134, 2.3213 -1.1391 0.9134, 2.3022 -1.059 0.9094, 2.3327 -1.1391 0.9094, 2.2911 -1.059 0.9094, 2.2606 -1.1391 0.9094, 2.2721 -1.1391 0.9094, 2.2798 -1.1172 0.9094, 2.3131 -1.1172 0.9094, 2.3213 -1.1391 0.9094, 2.283 -1.1081 0.9094, 2.3099 -1.1081 0.9094, 2.2978 -1.0748 0.9094, 2.2966 -1.0692 0.9094, 2.2972 -1.0726 0.9094, 2.2963 -1.0692 0.9094, 2.295 -1.0748 0.9094, 2.2957 -1.0724 0.9094
            ]
        }
        coordIndex [
            0,1,2,-1,2,1,3,-1,4,5,0,-1,0,5,6,-1,0,6,1,-1,1,6,7,-1,4,8,5,-1,5,8,9,-1,5,9,10,-1,10,9,11,-1,10,11,12,-1,12,13,10,-1,10,13,2,-1,10,2,14,-1,14,2,3,-1,14,3,15,-1,10,14,16,-1,16,14,17,-1,5,10,18,-1,18,10,16,-1,6,5,19,-1,19,5,18,-1,7,6,20,-1,20,6,19,-1,1,7,21,-1,21,7,20,-1,3,1,22,-1,22,1,21,-1,15,3,23,-1,23,3,22,-1,14,15,17,-1,17,15,23,-1,0,2,24,-1,24,2,25,-1,2,13,25,-1,25,13,26,-1,11,27,28,-1,11,28,12,-1,12,28,26,-1,12,26,13,-1,11,9,27,-1,27,9,29,-1,4,30,31,-1,4,31,8,-1,8,31,29,-1,8,29,9,-1,4,0,30,-1,30,0,24,-1,
        ]
    }
}
Shape{
    appearance Appearance {
        material  Material 	{
            diffuseColor 0.25098039215686274 0.25098039215686274 0.25098039215686274
            specularColor 0.12549019607843137 0.12549019607843137 0.12549019607843137
            ambientIntensity 0.251
            transparency 0.0
            shininess 0.5
        }
    }
    geometry IndexedFaceSet {
        ccw TRUE
        solid FALSE
        coord DEF co Coordinate {
            point [
                2.2966 -1.0692 0.9094, 2.2963 -1.0692 0.9094, 2.2972 -1.0726 0.9094, 2.2957 -1.0724 0.9094, 2.2978 -1.0748 0.9094, 2.295 -1.0748 0.9094, 2.3099 -1.1081 0.9094, 2.283 -1.1081 0.9094
            ]
        }
        coordIndex [
            0,1,2,-1,2,1,3,-1,2,3,4,-1,4,3,5,-1,4,5,6,-1,6,5,7,-1,
        ]
    }
}
Shape{
    appearance Appearance {
        material  Material 	{
            diffuseColor 1.0 1.0 1.0
            specularColor 0.5019607843137255 0.5019607843137255 0.5019607843137255
            ambientIntensity 1.0
            transparency 0.0
            shininess 0.5
        }
    }
    geometry IndexedFaceSet {
        ccw TRUE
        solid FALSE
        coord DEF co Coordinate {
            point [
                1.5575 -1.1504 0.9134, 1.5659 -1.1609 0.9134, 1.5523 -1.1001 0.9134, 1.5424 -1.0012 0.9134, 1.555 -0.9944 0.9134, 1.5521 -0.9594 0.9134, 1.5876 -0.9577 0.9134, 1.6053 -0.9993 0.9134, 1.614 -0.9813 0.9134, 1.5399 -1.0924 0.9134, 1.5445 -1.136 0.9134, 1.5518 -1.1382 0.9134, 1.5745 -0.9566 0.9134, 1.61 -1.0989 0.9134, 1.6153 -1.1008 0.9134, 1.6628 -1.1143 0.9134, 1.6199 -1.1038 0.9134, 1.6235 -1.1079 0.9134, 1.7425 -1.0722 0.9134, 1.7248 -1.042 0.9134, 1.6485 -1.0818 0.9134, 1.6053 -1.0983 0.9134, 1.5997 -1.0991 0.9134, 1.5922 -1.0642 0.9134, 1.5947 -1.101 0.9134, 1.5796 -1.069 0.9134, 1.5903 -1.1042 0.9134, 1.568 -1.0771 0.9134, 1.588 -1.1066 0.9134, 1.5586 -1.0878 0.9134, 1.5851 -1.1113 0.9134, 1.5834 -1.1166 0.9134, 1.5831 -1.1222 0.9134, 1.6265 -1.0663 0.9134, 1.6127 -1.0629 0.9134, 1.6058 -1.0625 0.9134, 1.626 -1.1126 0.9134, 1.6273 -1.1179 0.9134, 1.6628 -1.12 0.9134, 1.6273 -1.1231 0.9134, 1.6624 -1.126 0.9134, 1.7612 -1.0158 0.9134, 1.7658 -1.0158 0.9134, 1.7891 -0.9851 0.9134, 1.7767 -1.0171 0.9134, 1.7919 -0.986 0.9134, 1.7866 -1.021 0.9134, 1.8089 -0.9944 0.9134, 1.8243 -1.0074 0.9134, 1.5993 -0.9441 0.9134, 1.6267 -0.966 0.9134, 1.6127 -0.9327 0.9134, 1.642 -0.9549 0.9134, 1.6266 -0.9241 0.9134, 1.5691 -0.9911 0.9134, 1.5751 -0.9907 0.9134, 1.5811 -0.9569 0.9134, 1.5885 -0.9924 0.9134, 1.6013 -0.9971 0.9134, 1.6386 -1.0728 0.9134, 1.8244 -1.1137 0.9134, 1.7979 -1.0911 0.9134, 1.809 -1.1268 0.9134, 1.7895 -1.098 0.9134, 1.7916 -1.1353 0.9134, 1.7795 -1.1026 0.9134, 1.7726 -1.1393 0.9134, 1.7692 -1.1046 0.9134, 1.739 -1.1393 0.9134, 1.7436 -1.1046 0.9134, 1.7358 -1.1388 0.9134, 1.5842 -1.1275 0.9134, 1.5864 -1.1323 0.9134, 1.7954 -1.0271 0.9134, 1.8019 -1.0344 0.9134, 1.8359 -1.0236 0.9134, 1.8072 -1.0442 0.9134, 1.8429 -1.041 0.9134, 1.8099 -1.0551 0.9134, 1.8455 -1.0596 0.9134, 1.8102 -1.0602 0.9134, 1.8429 -1.0799 0.9134, 1.8088 -1.0713 0.9134, 1.8357 -1.098 0.9134, 1.8049 -1.0814 0.9134, 1.7986 -1.0903 0.9134, 1.7584 -0.9401 0.9134, 1.7361 -0.9662 0.9134, 1.7773 -0.962 0.9134, 1.7489 -0.9815 0.9134, 1.7577 -0.9999 0.9134, 1.5199 -1.0339 0.9134, 1.4825 -1.0434 0.9134, 1.5182 -1.0477 0.9134, 1.4823 -1.0488 0.9134, 1.5189 -1.0565 0.9134, 1.4851 -1.0711 0.9134, 1.523 -1.0704 0.9134, 1.4932 -1.0923 0.9134, 1.5297 -1.0819 0.9134, 1.5062 -1.1109 0.9134, 1.524 -1.126 0.9134, 1.6591 -1.14 0.9134, 1.626 -1.1286 0.9134, 1.6523 -1.1527 0.9134, 1.6233 -1.1334 0.9134, 1.6437 -1.1624 0.9134, 1.6202 -1.1369 0.9134, 1.6323 -1.1703 0.9134, 1.6159 -1.14 0.9134, 1.6196 -1.1752 0.9134, 1.611 -1.142 0.9134, 1.6058 -1.1769 0.9134, 1.6053 -1.1427 0.9134, 1.6037 -1.1769 0.9134, 1.6043 -1.1427 0.9134, 1.5902 -1.1748 0.9134, 1.5992 -1.1419 0.9134, 1.5771 -1.1693 0.9134, 1.594 -1.1397 0.9134, 1.5897 -1.1363 0.9134, 1.6528 -0.9139 0.9134, 1.6606 -0.9473 0.9134, 1.681 -0.9105 0.9134, 1.6815 -0.9446 0.9134, 1.7049 -0.913 0.9134, 1.7009 -0.947 0.9134, 1.7334 -0.9232 0.9134, 1.7187 -0.9539 0.9134, 1.7347 -0.965 0.9134, 1.531 -0.9676 0.9134, 1.5129 -0.9803 0.9134, 1.5326 -1.0098 0.9134, 1.5091 -0.9839 0.9134, 1.5247 -1.0212 0.9134, 1.4954 -1.0015 0.9134, 1.4863 -1.022 0.9134, 1.7407 -1.1041 0.9134, 1.7271 -1.1334 0.9134, 1.7284 -1.1347 0.9134, 1.7424 -1.1045 0.9134, 1.7321 -1.1373 0.9134, 1.7225 -1.1217 0.9134, 1.7231 -1.1259 0.9134, 1.7246 -1.1298 0.9134, 1.7358 -1.1046 0.9134, 1.7319 -1.1061 0.9134, 1.7227 -1.1194 0.9134, 1.7284 -1.1086 0.9134, 1.726 -1.1112 0.9134, 1.7238 -1.1151 0.9134, 1.7402 -1.104 0.9134, 1.8281 -1.0127 0.9094, 1.8359 -1.0236 0.9094, 1.841 -1.0362 0.9094, 1.8429 -1.041 0.9094, 1.8455 -1.0596 0.9094, 1.8243 -1.0074 0.9094, 1.8089 -0.9944 0.9094, 1.7919 -0.986 0.9094, 1.7891 -0.9851 0.9094, 1.7773 -0.962 0.9094, 1.7584 -0.9401 0.9094, 1.7454 -0.9313 0.9094, 1.7334 -0.9232 0.9094, 1.7049 -0.913 0.9094, 1.681 -0.9105 0.9094, 1.6528 -0.9139 0.9094, 1.6266 -0.9241 0.9094, 1.6149 -0.9313 0.9094, 1.6127 -0.9327 0.9094, 1.5993 -0.9441 0.9094, 1.5876 -0.9577 0.9094, 1.5811 -0.9569 0.9094, 1.5745 -0.9566 0.9094, 1.5521 -0.9594 0.9094, 1.531 -0.9676 0.9094, 1.5129 -0.9803 0.9094, 1.5091 -0.9839 0.9094, 1.4954 -1.0015 0.9094, 1.4904 -1.0127 0.9094, 1.4863 -1.022 0.9094, 1.4837 -1.0362 0.9094, 1.4825 -1.0434 0.9094, 1.4823 -1.0488 0.9094, 1.4851 -1.0711 0.9094, 1.4932 -1.0923 0.9094, 1.5062 -1.1109 0.9094, 1.524 -1.126 0.9094, 1.5445 -1.136 0.9094, 1.5518 -1.1382 0.9094, 1.5525 -1.1397 0.9094, 1.5575 -1.1504 0.9094, 1.5659 -1.1609 0.9094, 1.5771 -1.1693 0.9094, 1.5823 -1.1714 0.9094, 1.5902 -1.1748 0.9094, 1.6037 -1.1769 0.9094, 1.6058 -1.1769 0.9094, 1.6628 -1.12 0.9094, 1.6196 -1.1752 0.9094, 1.6294 -1.1714 0.9094, 1.6323 -1.1703 0.9094, 1.6437 -1.1624 0.9094, 1.6523 -1.1527 0.9094, 1.6591 -1.14 0.9094, 1.6592 -1.1397 0.9094, 1.6624 -1.126 0.9094, 1.6628 -1.1143 0.9094, 1.7425 -1.0722 0.9094, 1.7248 -1.042 0.9094, 1.6485 -1.0818 0.9094, 1.6386 -1.0728 0.9094, 1.6265 -1.0663 0.9094, 1.6127 -1.0629 0.9094, 1.6058 -1.0625 0.9094, 1.5922 -1.0642 0.9094, 1.5796 -1.069 0.9094, 1.568 -1.0771 0.9094, 1.5586 -1.0878 0.9094, 1.5523 -1.1001 0.9094, 1.5399 -1.0924 0.9094, 1.5297 -1.0819 0.9094, 1.523 -1.0704 0.9094, 1.5189 -1.0565 0.9094, 1.5182 -1.0477 0.9094, 1.5196 -1.0362 0.9094, 1.5199 -1.0339 0.9094, 1.5247 -1.0212 0.9094, 1.5307 -1.0127 0.9094, 1.5326 -1.0098 0.9094, 1.5424 -1.0012 0.9094, 1.555 -0.9944 0.9094, 1.5691 -0.9911 0.9094, 1.5751 -0.9907 0.9094, 1.5885 -0.9924 0.9094, 1.6013 -0.9971 0.9094, 1.6053 -0.9993 0.9094, 1.614 -0.9813 0.9094, 1.6267 -0.966 0.9094, 1.642 -0.9549 0.9094, 1.6606 -0.9473 0.9094, 1.6815 -0.9446 0.9094, 1.7009 -0.947 0.9094, 1.7187 -0.9539 0.9094, 1.7347 -0.965 0.9094, 1.7361 -0.9662 0.9094, 1.7489 -0.9815 0.9094, 1.7577 -0.9999 0.9094, 1.7606 -1.0127 0.9094, 1.7612 -1.0158 0.9094, 1.7658 -1.0158 0.9094, 1.7767 -1.0171 0.9094, 1.7866 -1.021 0.9094, 1.7954 -1.0271 0.9094, 1.8019 -1.0344 0.9094, 1.8029 -1.0362 0.9094, 1.8072 -1.0442 0.9094, 1.8099 -1.0551 0.9094, 1.8102 -1.0602 0.9094, 1.8088 -1.0713 0.9094, 1.8049 -1.0814 0.9094, 1.7986 -1.0903 0.9094, 1.7979 -1.0911 0.9094, 1.7895 -1.098 0.9094, 1.7795 -1.1026 0.9094, 1.7692 -1.1046 0.9094, 1.7436 -1.1046 0.9094, 1.7424 -1.1045 0.9094, 1.7407 -1.1041 0.9094, 1.7402 -1.104 0.9094, 1.7358 -1.1046 0.9094, 1.7319 -1.1061 0.9094, 1.7284 -1.1086 0.9094, 1.726 -1.1112 0.9094, 1.7238 -1.1151 0.9094, 1.7227 -1.1194 0.9094, 1.7225 -1.1217 0.9094, 1.7231 -1.1259 0.9094, 1.7246 -1.1298 0.9094, 1.7271 -1.1334 0.9094, 1.7284 -1.1347 0.9094, 1.7321 -1.1373 0.9094, 1.7358 -1.1388 0.9094, 1.739 -1.1393 0.9094, 1.7726 -1.1393 0.9094, 1.7916 -1.1353 0.9094, 1.809 -1.1268 0.9094, 1.8244 -1.1137 0.9094, 1.8357 -1.098 0.9094, 1.8429 -1.0799 0.9094, 1.6053 -1.0983 0.9094, 1.61 -1.0989 0.9094, 1.6153 -1.1008 0.9094, 1.6199 -1.1038 0.9094, 1.6235 -1.1079 0.9094, 1.626 -1.1126 0.9094, 1.6273 -1.1179 0.9094, 1.6273 -1.1231 0.9094, 1.626 -1.1286 0.9094, 1.6233 -1.1334 0.9094, 1.6202 -1.1369 0.9094, 1.6159 -1.14 0.9094, 1.611 -1.142 0.9094, 1.6053 -1.1427 0.9094, 1.6043 -1.1427 0.9094, 1.5992 -1.1419 0.9094, 1.594 -1.1397 0.9094, 1.5897 -1.1363 0.9094, 1.5864 -1.1323 0.9094, 1.5842 -1.1275 0.9094, 1.5831 -1.1222 0.9094, 1.5834 -1.1166 0.9094, 1.5851 -1.1113 0.9094, 1.588 -1.1066 0.9094, 1.5903 -1.1042 0.9094, 1.5947 -1.101 0.9094, 1.5997 -1.0991 0.9094
            ]
        }
        coordIndex [
            0,1,2,-1,3,4,5,-1,6,7,8,-1,9,10,2,-1,2,10,11,-1,2,11,0,-1,5,4,12,-1,13,14,15,-1,15,14,16,-1,15,16,17,-1,18,19,15,-1,15,19,20,-1,15,20,13,-1,13,20,21,-1,22,23,24,-1,24,23,25,-1,24,25,26,-1,26,25,27,-1,26,27,28,-1,28,27,29,-1,28,29,30,-1,30,29,2,-1,30,2,31,-1,31,2,32,-1,33,34,22,-1,22,34,35,-1,22,35,23,-1,17,36,15,-1,15,36,37,-1,15,37,38,-1,38,37,39,-1,38,39,40,-1,41,42,43,-1,43,42,44,-1,43,44,45,-1,45,44,46,-1,45,46,47,-1,47,46,48,-1,6,8,49,-1,49,8,50,-1,49,50,51,-1,51,50,52,-1,51,52,53,-1,4,54,12,-1,12,54,55,-1,12,55,56,-1,56,55,57,-1,56,57,6,-1,6,57,58,-1,6,58,7,-1,21,20,22,-1,22,20,59,-1,22,59,33,-1,60,61,62,-1,62,61,63,-1,62,63,64,-1,64,63,65,-1,64,65,66,-1,66,65,67,-1,66,67,68,-1,68,67,69,-1,68,69,70,-1,32,2,71,-1,71,2,1,-1,71,1,72,-1,46,73,48,-1,48,73,74,-1,48,74,75,-1,75,74,76,-1,75,76,77,-1,77,76,78,-1,77,78,79,-1,79,78,80,-1,79,80,81,-1,81,80,82,-1,81,82,83,-1,83,82,84,-1,83,84,60,-1,60,84,85,-1,60,85,61,-1,86,87,88,-1,88,87,89,-1,88,89,43,-1,43,89,90,-1,43,90,41,-1,91,92,93,-1,93,92,94,-1,93,94,95,-1,95,94,96,-1,95,96,97,-1,97,96,98,-1,97,98,99,-1,99,98,100,-1,99,100,9,-1,9,100,101,-1,9,101,10,-1,40,39,102,-1,102,39,103,-1,102,103,104,-1,104,103,105,-1,104,105,106,-1,106,105,107,-1,106,107,108,-1,108,107,109,-1,108,109,110,-1,110,109,111,-1,110,111,112,-1,112,111,113,-1,112,113,114,-1,114,113,115,-1,114,115,116,-1,116,115,117,-1,116,117,118,-1,118,117,119,-1,118,119,1,-1,1,119,120,-1,1,120,72,-1,53,52,121,-1,121,52,122,-1,121,122,123,-1,123,122,124,-1,123,124,125,-1,125,124,126,-1,125,126,127,-1,127,126,128,-1,127,128,86,-1,86,128,129,-1,86,129,87,-1,5,130,3,-1,3,130,131,-1,3,131,132,-1,132,131,133,-1,132,133,134,-1,134,133,135,-1,134,135,91,-1,91,135,136,-1,91,136,92,-1,137,138,139,-1,69,140,70,-1,70,140,137,-1,70,137,141,-1,141,137,139,-1,142,143,137,-1,137,143,144,-1,137,144,138,-1,145,146,147,-1,146,148,147,-1,147,148,149,-1,147,149,150,-1,142,137,147,-1,147,137,151,-1,147,151,145,-1,152,48,153,-1,153,48,75,-1,153,75,154,-1,154,75,77,-1,154,77,155,-1,155,77,79,-1,155,79,156,-1,152,157,48,-1,48,157,158,-1,48,158,47,-1,47,158,159,-1,47,159,45,-1,45,159,160,-1,45,160,43,-1,43,160,161,-1,43,161,88,-1,88,161,162,-1,88,162,86,-1,127,86,163,-1,163,86,162,-1,163,164,127,-1,127,164,165,-1,127,165,125,-1,125,165,166,-1,125,166,123,-1,123,166,167,-1,123,167,121,-1,121,167,168,-1,121,168,53,-1,53,168,51,-1,51,168,169,-1,51,169,170,-1,51,170,171,-1,51,171,49,-1,49,171,172,-1,49,172,6,-1,6,172,173,-1,6,173,56,-1,56,173,174,-1,56,174,12,-1,12,174,175,-1,12,175,5,-1,5,175,176,-1,5,176,130,-1,130,176,177,-1,130,177,131,-1,131,177,178,-1,131,178,133,-1,136,135,179,-1,179,135,133,-1,179,133,178,-1,179,180,136,-1,136,180,181,-1,136,181,92,-1,92,181,182,-1,182,183,92,-1,92,183,184,-1,92,184,94,-1,94,184,185,-1,94,185,96,-1,96,185,186,-1,96,186,98,-1,98,186,187,-1,98,187,100,-1,100,187,188,-1,100,188,101,-1,101,188,189,-1,101,189,10,-1,10,189,190,-1,10,190,11,-1,11,190,191,-1,11,191,0,-1,191,192,0,-1,0,192,193,-1,0,193,1,-1,1,193,194,-1,1,194,118,-1,118,194,195,-1,118,195,116,-1,195,196,116,-1,116,196,197,-1,116,197,114,-1,114,197,198,-1,114,198,112,-1,199,38,40,-1,112,198,200,-1,201,108,200,-1,200,108,110,-1,200,110,112,-1,201,202,108,-1,108,202,203,-1,108,203,106,-1,106,203,204,-1,106,204,104,-1,104,204,205,-1,104,205,102,-1,102,205,206,-1,102,206,40,-1,40,206,207,-1,40,207,199,-1,15,38,208,-1,208,38,199,-1,18,15,209,-1,209,15,208,-1,19,18,210,-1,210,18,209,-1,20,19,211,-1,211,19,210,-1,20,211,212,-1,20,212,59,-1,59,212,213,-1,59,213,33,-1,33,213,214,-1,33,214,34,-1,34,214,215,-1,34,215,35,-1,35,215,216,-1,35,216,23,-1,23,216,217,-1,23,217,25,-1,25,217,218,-1,25,218,27,-1,27,218,219,-1,27,219,29,-1,29,219,220,-1,29,220,2,-1,2,220,221,-1,2,221,9,-1,9,221,222,-1,9,222,99,-1,99,222,223,-1,99,223,97,-1,97,223,224,-1,97,224,95,-1,95,224,225,-1,95,225,93,-1,91,93,225,-1,225,226,91,-1,91,226,227,-1,91,227,228,-1,229,132,228,-1,228,132,134,-1,228,134,91,-1,229,230,132,-1,132,230,231,-1,132,231,3,-1,3,231,232,-1,3,232,4,-1,4,232,233,-1,4,233,54,-1,54,233,234,-1,54,234,55,-1,55,234,235,-1,55,235,57,-1,57,235,236,-1,57,236,58,-1,58,236,237,-1,58,237,7,-1,7,237,238,-1,7,238,8,-1,8,238,239,-1,8,239,50,-1,50,239,240,-1,50,240,52,-1,52,240,241,-1,52,241,122,-1,122,241,242,-1,122,242,124,-1,124,242,243,-1,124,243,126,-1,126,243,244,-1,126,244,128,-1,128,244,245,-1,128,245,129,-1,129,245,246,-1,129,246,87,-1,87,246,247,-1,87,247,89,-1,89,247,248,-1,89,248,90,-1,90,248,41,-1,41,248,249,-1,41,249,250,-1,42,41,251,-1,251,41,250,-1,42,251,252,-1,42,252,44,-1,44,252,253,-1,44,253,46,-1,46,253,254,-1,46,254,73,-1,73,254,255,-1,73,255,74,-1,74,255,256,-1,74,256,76,-1,256,257,76,-1,76,257,258,-1,76,258,78,-1,78,258,259,-1,78,259,80,-1,80,259,260,-1,80,260,82,-1,82,260,261,-1,82,261,84,-1,84,261,262,-1,84,262,85,-1,85,262,263,-1,85,263,61,-1,61,263,264,-1,61,264,63,-1,63,264,265,-1,63,265,65,-1,65,265,266,-1,65,266,67,-1,69,67,267,-1,267,67,266,-1,69,267,268,-1,69,268,140,-1,140,268,269,-1,140,269,137,-1,137,269,270,-1,137,270,151,-1,151,270,271,-1,151,271,145,-1,145,271,272,-1,145,272,146,-1,146,272,273,-1,146,273,148,-1,148,273,274,-1,148,274,149,-1,149,274,275,-1,149,275,150,-1,150,275,276,-1,150,276,147,-1,147,276,277,-1,147,277,142,-1,142,277,278,-1,142,278,143,-1,143,278,279,-1,143,279,144,-1,144,279,280,-1,144,280,138,-1,138,280,281,-1,138,281,139,-1,139,281,282,-1,139,282,141,-1,141,282,283,-1,141,283,70,-1,70,283,284,-1,70,284,68,-1,66,68,285,-1,285,68,284,-1,66,285,286,-1,66,286,64,-1,64,286,287,-1,64,287,62,-1,62,287,288,-1,62,288,60,-1,60,288,289,-1,60,289,83,-1,83,289,290,-1,83,290,81,-1,81,290,156,-1,81,156,79,-1,21,291,292,-1,21,292,13,-1,13,292,293,-1,13,293,14,-1,14,293,294,-1,14,294,16,-1,16,294,295,-1,16,295,17,-1,17,295,296,-1,17,296,36,-1,36,296,297,-1,36,297,37,-1,37,297,298,-1,37,298,39,-1,39,298,299,-1,39,299,103,-1,103,299,300,-1,103,300,105,-1,105,300,301,-1,105,301,107,-1,107,301,302,-1,107,302,109,-1,109,302,303,-1,109,303,111,-1,111,303,304,-1,111,304,113,-1,113,304,305,-1,113,305,115,-1,115,305,306,-1,115,306,117,-1,117,306,307,-1,117,307,119,-1,119,307,308,-1,119,308,120,-1,120,308,309,-1,120,309,72,-1,72,309,310,-1,72,310,71,-1,71,310,311,-1,71,311,32,-1,32,311,312,-1,32,312,31,-1,31,312,313,-1,31,313,30,-1,30,313,314,-1,30,314,28,-1,28,314,315,-1,28,315,26,-1,26,315,316,-1,26,316,24,-1,24,316,317,-1,24,317,22,-1,22,317,291,-1,22,291,21,-1,
        ]
    }
}
Shape{
    appearance Appearance {
        material  Material 	{
            diffuseColor 0.25098039215686274 0.25098039215686274 0.25098039215686274
            specularColor 0.12549019607843137 0.12549019607843137 0.12549019607843137
            ambientIntensity 0.251
            transparency 0.0
            shininess 0.5
        }
    }
    geometry IndexedFaceSet {
        ccw TRUE
        solid FALSE
        coord DEF co Coordinate {
            point [
                1.6043 -1.1427 0.9094, 1.5903 -1.1042 0.9094, 1.588 -1.1066 0.9094, 1.611 -1.142 0.9094, 1.6159 -1.14 0.9094, 1.61 -1.0989 0.9094, 1.6053 -1.0983 0.9094, 1.5997 -1.0991 0.9094, 1.5947 -1.101 0.9094, 1.5842 -1.1275 0.9094, 1.5864 -1.1323 0.9094, 1.5897 -1.1363 0.9094, 1.6053 -1.1427 0.9094, 1.5851 -1.1113 0.9094, 1.5834 -1.1166 0.9094, 1.5831 -1.1222 0.9094, 1.594 -1.1397 0.9094, 1.5992 -1.1419 0.9094, 1.6202 -1.1369 0.9094, 1.6233 -1.1334 0.9094, 1.626 -1.1286 0.9094, 1.6273 -1.1231 0.9094, 1.6273 -1.1179 0.9094, 1.626 -1.1126 0.9094, 1.6235 -1.1079 0.9094, 1.6199 -1.1038 0.9094, 1.6153 -1.1008 0.9094
            ]
        }
        coordIndex [
            0,1,2,-1,3,4,5,-1,6,7,0,-1,0,7,8,-1,0,8,1,-1,9,10,2,-1,2,10,11,-1,6,0,5,-1,5,0,12,-1,5,12,3,-1,13,14,2,-1,2,14,15,-1,2,15,9,-1,11,16,2,-1,2,16,17,-1,2,17,0,-1,4,18,5,-1,5,18,19,-1,5,19,20,-1,20,21,5,-1,5,21,22,-1,5,22,23,-1,23,24,5,-1,5,24,25,-1,5,25,26,-1,
        ]
    }
}